foil_type,sequence_length,episode_index,trial_index_within_episode,study_length,target_name,foil_name,old_loss_raw,foil_loss_raw,old_grad_raw,foil_grad_raw,old_loss_ratio,foil_loss_ratio,old_grad_ratio,foil_grad_ratio,loss_accuracy_raw,grad_accuracy_raw,loss_accuracy_ratio,grad_accuracy_ratio
novel,1,1,1,1,Adecorativem2.jpg,tuba1.jpg,18.112863540649414,17.78534698486328,15.93413931131363,16.441055431962013,0.3165388813977941,0.32575357620486656,0.27723966232350394,0.28904804566709924,0.0,1.0,1.0,1.0
novel,1,2,1,1,26372390.thl.jpg,Astool76.jpg,25.321216583251953,24.950790405273438,23.314389526844025,24.24387964606285,0.36703198420167027,0.3473919603986514,0.351394505095831,0.3339460565246811,0.0,1.0,0.0,0.0
novel,1,3,1,1,Ametalstool2.jpg,Abells3.jpg,18.841489791870117,22.165889739990234,16.273016273975372,20.648933798074722,0.3125972122339475,0.33986890137794895,0.26580489487331443,0.3066160533642791,1.0,1.0,1.0,1.0
novel,1,4,1,1,ABACCAMEL.jpg,APOTPBAG2.jpg,26.15395736694336,27.106489181518555,25.564544141292572,25.63973470032215,0.3163081433162001,0.3438290130178964,0.3087787887201316,0.3242057253346151,1.0,1.0,1.0,1.0
novel,1,5,1,1,AMIXER.jpg,AHARPSIC5.jpg,24.189546585083008,29.204002380371094,21.59226782619953,27.023885384202003,0.3270931965413685,0.38575692441234977,0.2943711914387603,0.3837949664497039,1.0,1.0,1.0,1.0
novel,1,6,1,1,ABPIECE2.jpg,26392231.thl.jpg,20.137662887573242,22.291675567626953,17.939987614750862,19.94966658949852,0.3232264195202701,0.36552142270681465,0.28857140653715124,0.3365312318938672,1.0,1.0,1.0,1.0
novel,1,7,1,1,ASTEAMER4.jpg,26420979.thl.jpg,17.906543731689453,18.404701232910156,15.238342300057411,16.147383987903595,0.32199036031516026,0.3352542408545406,0.27886427624135685,0.2957821588660979,1.0,1.0,1.0,1.0
novel,1,8,1,1,Adiamondring3.jpg,Abeesonahoney.jpg,22.454627990722656,34.405731201171875,20.63591031730175,33.34595240652561,0.3091895004445574,0.39294097796569133,0.28692716612466235,0.392166218392463,1.0,1.0,1.0,1.0
novel,1,9,1,1,Arecyclingbox.jpg,AMIXER1.jpg,20.92189598083496,19.992794036865234,18.701067373156548,18.123366802930832,0.3072852532308205,0.34840176310385657,0.2763039621923118,0.31497095125360774,0.0,0.0,1.0,1.0
novel,1,10,1,1,ACLSIGN2.jpg,Aspeakers4.jpg,25.120590209960938,21.16092300415039,23.525903314352036,19.570726737380028,0.3235371310482112,0.32383736137609875,0.302541199533048,0.2958247921622016,0.0,0.0,1.0,0.0
novel,1,11,1,1,moistureproduct.jpg,hockeypuck.jpg,20.124210357666016,24.453510284423828,17.707170605659485,22.298190623521805,0.30246212826825947,0.368253746253154,0.271192395296121,0.3565188345258609,1.0,1.0,1.0,1.0
novel,1,12,1,1,ATURKEY11.jpg,26373844.thl.jpg,23.302404403686523,20.623079299926758,20.62325093150139,19.237993344664574,0.3127859696874545,0.3171340128604045,0.28632075353100495,0.3016677351946516,0.0,0.0,1.0,1.0
novel,1,13,1,1,Astaircase2.jpg,Astrawfan.jpg,23.4151668548584,23.33492660522461,21.53496089577675,22.312087014317513,0.30802515986982615,0.3641656869066185,0.2824249723247824,0.3513875009192765,0.0,1.0,1.0,1.0
novel,1,14,1,1,Afeatherhat.jpg,26377601.thl.jpg,29.95206642150879,16.73578643798828,28.88963431119919,15.137690320611,0.31315638962224546,0.32842439399876877,0.30298258634745123,0.3061539981214145,0.0,0.0,1.0,1.0
novel,1,15,1,1,ABORKEHOR.jpg,APEPPSHA4.jpg,19.345247268676758,17.7392578125,16.973629251122475,15.42140606045723,0.3135673560129085,0.31056960061113337,0.27441715883814366,0.2714045445531789,0.0,0.0,0.0,0.0
novel,1,16,1,1,ADOORHAN8.jpg,AGOLDCUP6.jpg,22.95487403869629,27.01845359802246,21.038727939128876,25.657609567046165,0.3130390086588578,0.33526031461829187,0.298562526050143,0.321259293237461,1.0,1.0,1.0,1.0
novel,1,17,1,1,26434250.thl.jpg,AMETDETE2.jpg,21.019912719726562,18.998403549194336,18.923654541373253,17.92030557990074,0.31477586147224,0.3241069291498855,0.2929290792202843,0.3065207303843387,0.0,0.0,1.0,1.0
novel,1,18,1,1,22875816.thl.jpg,Aornamentalt5.jpg,16.91533660888672,23.398420333862305,14.968371361494064,21.6584153175354,0.31697974063400014,0.36677899291763694,0.27428273717573515,0.33453092780354937,1.0,1.0,1.0,1.0
novel,1,19,1,1,Apig5.jpg,Acdrominterf2.jpg,20.779035568237305,21.274137496948242,19.180255368351936,19.825164198875427,0.3318642803538496,0.33248172292132544,0.31313874160798383,0.3124886994760052,1.0,1.0,1.0,0.0
novel,1,20,1,1,Aseat3.jpg,ABARBCHA3.jpg,25.94354248046875,26.435483932495117,23.7857658714056,23.83069407939911,0.32016302694159043,0.3453062165897781,0.27831287030748414,0.32126125516581944,1.0,1.0,1.0,1.0
novel,1,21,1,1,ASCSIPORT.jpg,schoolbus.jpg,24.520450592041016,31.862470626831055,22.999063834547997,31.132630541920662,0.31784061052394963,0.3863139038959748,0.3020622626675607,0.38172534491900584,1.0,1.0,1.0,1.0
novel,1,22,1,1,AARTICHO1.jpg,leek.jpg,44.5518798828125,19.070199966430664,46.428521409630775,17.592339009046555,0.4611295933490927,0.3260206792171492,0.46960653168576233,0.29234862466987294,0.0,0.0,0.0,0.0
novel,1,23,1,1,for28524.jpg,gingerroot.jpg,17.29538917541504,38.40159606933594,14.733494952321053,39.33346977829933,0.29202055373236835,0.4409355794312798,0.24244661061476994,0.42962137497688574,1.0,1.0,1.0,1.0
novel,1,24,1,1,ADECKCARD.jpg,APROSTAR2.jpg,18.198633193969727,26.512834548950195,16.618710085749626,24.96625816822052,0.31894058100790856,0.3605820347989855,0.2813782515094417,0.3340316769506804,1.0,1.0,1.0,1.0
novel,1,25,1,1,Apartyha3.jpg,ALARGECA2.jpg,24.483816146850586,21.211950302124023,24.005448266863823,19.338595151901245,0.3249615738715041,0.3383586368182822,0.3210862288970968,0.3207534033313048,0.0,0.0,1.0,0.0
novel,1,26,1,1,26432760.thl.jpg,Atoytractor17.jpg,19.231597900390625,31.52779197692871,16.711098834872246,31.634642630815506,0.3152459950354013,0.3831211974571732,0.2767832745977109,0.37950473230560816,1.0,1.0,1.0,1.0
novel,1,27,1,1,ALAB19.jpg,AASCDESC.jpg,18.943571090698242,26.3488712310791,17.142081946134567,24.782047644257545,0.33813229955414553,0.38615888552994654,0.3023108976979221,0.3661687541575185,1.0,1.0,1.0,1.0
novel,1,28,1,1,ASCREW7.jpg,22806086.thl.jpg,18.764375686645508,20.679786682128906,16.66074176132679,18.34072995185852,0.3200308243355273,0.34445156078464895,0.2843715649403843,0.3050488030058212,1.0,1.0,1.0,1.0
novel,1,29,1,1,AELEMENT3.jpg,orientalvase.jpg,18.19765281677246,28.913984298706055,15.965351775288582,26.71998281776905,0.31499208454370586,0.3650033174096342,0.2761923584526675,0.35182522794876286,1.0,1.0,1.0,1.0
novel,1,30,1,1,Acompactdisc2.jpg,Acreamer35.jpg,16.93950080871582,25.794700622558594,14.039718985557556,23.51094150543213,0.302761879149816,0.3644485544700045,0.2537436869151092,0.3410971209181104,1.0,1.0,1.0,1.0
novel,1,31,1,1,AGRILL1.jpg,Aim4ribbo.jpg,18.967451095581055,32.271671295166016,16.844321623444557,31.827204912900925,0.3068420823477884,0.39954914239454314,0.264502473329423,0.3980643008548161,1.0,1.0,1.0,1.0
novel,1,32,1,1,promdress.jpg,26388148.thl.jpg,18.925256729125977,24.240493774414062,16.25914679467678,21.78232702612877,0.31051798928984653,0.34321959146256703,0.2610063870473163,0.3131083553773356,1.0,1.0,1.0,1.0
novel,1,33,1,1,Aappleonsca14.jpg,26687972.thl.jpg,21.589115142822266,15.942726135253906,18.72129938006401,13.794780507683754,0.3400093096457091,0.32945950311087374,0.309206975010859,0.2814453583586308,0.0,0.0,0.0,0.0
novel,1,34,1,1,securitycamera.jpg,Ametalpress.jpg,20.570398330688477,20.570226669311523,18.415058463811874,17.936060175299644,0.3232102293572356,0.3159191176588493,0.2936626792892349,0.2837267516200902,0.0,0.0,0.0,0.0
novel,1,35,1,1,AANTICAN2.jpg,Agolfplaque.jpg,29.1187686920166,17.790035247802734,28.330222114920616,15.847692012786865,0.355250418276913,0.31518674579537687,0.3423125575991715,0.2879818081208178,0.0,0.0,0.0,0.0
novel,1,36,1,1,mechanicalspring.jpg,Acamelsculpt2.jpg,18.333112716674805,38.96993637084961,15.938963010907173,39.58362606167793,0.2883170220325948,0.4311284412407597,0.2505403028413416,0.43328312519469575,1.0,1.0,1.0,1.0
novel,1,37,1,1,ACEDAR.jpg,AHUMIDIFI.jpg,21.162872314453125,23.490840911865234,19.463789507746696,21.279122322797775,0.3065324883481631,0.366495166871177,0.26702987086451774,0.33591206629016945,1.0,1.0,1.0,1.0
novel,1,38,1,1,cd2-a.jpg,10053712.thm.jpg,21.49040985107422,24.670461654663086,19.313598543405533,22.8088289052248,0.3138488590952095,0.33770168349800483,0.2874544728692608,0.31066552432288,1.0,1.0,1.0,1.0
novel,1,39,1,1,ACOLOGNE.jpg,Aantiquemeta2.jpg,20.848697662353516,29.37424659729004,19.27280041575432,29.31987765431404,0.31396847397025435,0.3528119546941524,0.2846720805003755,0.3516358424190098,1.0,1.0,1.0,1.0
novel,1,40,1,1,Acinnamonrol2.jpg,Agarlicclove2.jpg,32.8683967590332,17.466751098632812,31.57590016722679,17.12557129561901,0.321968278952808,0.3513061875408613,0.32329061994584923,0.3507734128531777,0.0,0.0,1.0,1.0
novel,1,41,1,1,largemacscreen.jpg,AANGLEME2.jpg,19.88180923461914,18.072772979736328,16.677481815218925,15.894803702831268,0.3230694559843627,0.33315073684876206,0.27421815436478386,0.29347984962971235,0.0,0.0,1.0,1.0
novel,1,42,1,1,AANTHAT2.jpg,rollerblades.jpg,24.1707706451416,41.556427001953125,22.625141084194183,40.954753398895264,0.3348186425251823,0.41620789468932545,0.3116622295098353,0.4252893730558331,1.0,1.0,1.0,1.0
novel,1,43,1,1,Abridge9.jpg,chunkysoup.jpg,25.10782241821289,27.453794479370117,23.91686999052763,26.31303781270981,0.33046952333355967,0.3351540870208941,0.3091783410767734,0.3250973518048753,1.0,1.0,1.0,1.0
novel,1,44,1,1,26467443.thl.jpg,26374166.thl.jpg,22.71412467956543,15.944655418395996,20.516087278723717,14.539014756679535,0.29932490204760537,0.30684009723897493,0.26686424421656585,0.26931210890635676,0.0,0.0,1.0,1.0
novel,1,45,1,1,weepwalker.jpg,Achowchowdog.jpg,21.031898498535156,26.505937576293945,18.73140813410282,24.55119776725769,0.34314462400103185,0.3667321713507294,0.3021280265352453,0.354729888591402,1.0,1.0,1.0,1.0
novel,1,46,1,1,taz.jpg,AALIEN.jpg,25.42749786376953,22.734498977661133,23.353955626487732,22.41053657233715,0.3125779783820159,0.32813340671211744,0.29412283887946716,0.31692948019712636,0.0,0.0,1.0,1.0
novel,1,47,1,1,AFRAME15.jpg,Aspraybottle4.jpg,21.525386810302734,25.779356002807617,18.69130876660347,23.759929686784744,0.317660436530033,0.3644338688170689,0.26673806429290864,0.3338160111266923,1.0,1.0,1.0,1.0
novel,1,48,1,1,ASLED7.jpg,Aantiquecigar.jpg,21.945175170898438,21.831571578979492,20.609259620308876,19.406641095876694,0.31231184209181834,0.3398678384528779,0.29704979989614316,0.3090323208622546,0.0,0.0,1.0,1.0
novel,1,49,1,1,ACOMPAS20.jpg,AMAGGLASS.jpg,27.05682373046875,20.4588680267334,25.899932458996773,20.323473170399666,0.3566641607257719,0.323339691351626,0.3550829972103196,0.3181381468469723,0.0,0.0,0.0,0.0
novel,1,50,1,1,26377133.thl.jpg,26374899.thl.jpg,17.738718032836914,18.075847625732422,15.400132238864899,15.955880388617516,0.33094329717249116,0.32657241807554344,0.28731902449110774,0.2926156274467542,1.0,1.0,0.0,1.0
novel,1,51,1,1,ASPACEHE8.jpg,moneyslotmachine.jpg,22.46280288696289,28.27155876159668,20.072896271944046,28.32441033422947,0.3385662037514292,0.34953487907110314,0.3153372517671666,0.340580383352394,1.0,1.0,1.0,1.0
novel,1,52,1,1,ADOGTOY5.jpg,8020347.thl.jpg,17.788204193115234,17.91933250427246,15.440288737416267,14.770693644881248,0.3248766594652175,0.3367167758019663,0.27776382338728894,0.2904088813698131,1.0,0.0,1.0,1.0
novel,1,53,1,1,Ashoeshines15.jpg,22826832.thl.jpg,20.6746883392334,40.646217346191406,18.502855271100998,42.63219112157822,0.3256758360825547,0.4476421276313346,0.2999831477727938,0.46000924160868323,1.0,1.0,1.0,1.0
novel,1,54,1,1,ACLAM.jpg,Aheadlightan2.jpg,26.291301727294922,29.763208389282227,24.642387807369232,28.925885394215584,0.32320931357132243,0.3675021242589247,0.30733875414335704,0.3611171417718769,1.0,1.0,1.0,1.0
novel,1,55,1,1,Aspokesfaste2.jpg,Abloodorange.jpg,20.96461296081543,32.565120697021484,19.64233599603176,31.79441110789776,0.31492410583027436,0.3577565191183068,0.29283093736097954,0.35238502340393274,1.0,1.0,1.0,1.0
novel,1,56,1,1,Abowloffruit4.jpg,Adeer16.jpg,27.47686767578125,29.15144920349121,25.60411411523819,28.75850212574005,0.3572006096482166,0.3694050336874381,0.3555433599227207,0.36793954555242786,1.0,1.0,1.0,1.0
novel,1,57,1,1,Acomputerkey2.jpg,Ajacket12.jpg,17.83782958984375,23.440080642700195,15.587434560060501,21.02879959344864,0.30308466983038707,0.3719543461188618,0.2626286296302648,0.34300706271877623,1.0,1.0,1.0,1.0
novel,1,58,1,1,AANTICOT.jpg,Asandal7.jpg,17.686450958251953,22.43475341796875,14.500650733709335,20.1267481893301,0.3115813178225723,0.3549439359716428,0.2505351538224549,0.32705066167532837,1.0,1.0,1.0,1.0
novel,1,59,1,1,9816397.thl.jpg,Atennisball2.jpg,21.040300369262695,32.816688537597656,19.152759179472923,37.97698448598385,0.31353823940817566,0.4374745860628706,0.2890845296484189,0.48186236750588984,1.0,1.0,1.0,1.0
novel,1,60,1,1,chocolatepowder.jpg,asparagus.jpg,22.823421478271484,22.84119987487793,20.75352370738983,22.204358592629433,0.3163696972809261,0.34409015748404553,0.2917747172898315,0.3243935838529541,1.0,1.0,1.0,1.0
novel,1,61,1,1,ACEREAL.jpg,Achair618.jpg,23.22652816772461,27.27379608154297,20.766311556100845,26.604323253035545,0.3195186167704827,0.4050382798496006,0.28993206398335636,0.39807325195903764,1.0,1.0,1.0,1.0
novel,1,62,1,1,Afoodproces13.jpg,8059226.thl.jpg,20.530132293701172,34.07118225097656,17.684980109333992,34.614100843667984,0.309008756018141,0.39831291018774023,0.27019150540888703,0.40653864293545516,1.0,1.0,1.0,1.0
novel,1,63,1,1,railroadblock.jpg,Aglass43.jpg,25.008708953857422,18.454349517822266,22.347897723317146,17.820640802383423,0.3312592207837454,0.3182829408057734,0.3055458095630863,0.2991199120695444,0.0,0.0,0.0,0.0
novel,1,64,1,1,Abedspringsam.jpg,A4DOMINO.jpg,16.413515090942383,18.5848445892334,13.858496010303497,16.14679142832756,0.3172727695101894,0.340343804145653,0.2742109343581734,0.29467831920041976,1.0,1.0,1.0,1.0
novel,1,65,1,1,AASCENDER.jpg,Aeastcho6.jpg,23.26027488708496,43.1133918762207,21.179378479719162,42.53347955644131,0.3251000538469602,0.42036729849049886,0.30142404151769664,0.43213062516509787,1.0,1.0,1.0,1.0
novel,1,66,1,1,AFRUIT2.jpg,26432175.thl.jpg,28.920366287231445,22.761131286621094,27.86810539662838,20.820076256990433,0.38788724890441556,0.3867448915546044,0.3520046151724657,0.35599185676015277,0.0,0.0,0.0,1.0
novel,1,67,1,1,AMAILBO28.jpg,ABLUBLOTT.jpg,20.93453025817871,22.18073081970215,18.366892710328102,19.767565801739693,0.31824109709461684,0.3580275590741744,0.2752262784393633,0.3189890202604143,1.0,1.0,1.0,1.0
novel,1,68,1,1,ASALAMI.jpg,Aclimbersicep.jpg,19.583999633789062,19.392518997192383,17.1614378541708,17.84043452143669,0.30419857871591915,0.33890634796088676,0.26804914288368403,0.30385998060630853,0.0,1.0,1.0,1.0
novel,1,69,1,1,ABUSINEST.jpg,26427867.thl.jpg,18.93303108215332,26.15268898010254,15.883023962378502,27.25011757016182,0.31837072086089563,0.3929850563788387,0.259609868430336,0.4042346829082678,1.0,1.0,1.0,1.0
novel,1,70,1,1,AANTLION2.jpg,AEASEL22.jpg,23.098148345947266,16.061859130859375,21.612669602036476,14.250883027911186,0.31526846003691056,0.3003081093939939,0.28853596272350485,0.2571088191562696,0.0,0.0,0.0,0.0
novel,1,71,1,1,ACANE2.jpg,AWEDCOU19.jpg,14.709031105041504,33.4616584777832,12.384332910180092,31.604397475719452,0.2924972542841769,0.4280307994417861,0.2399735986987127,0.41792606867243576,1.0,1.0,1.0,1.0
novel,1,72,1,1,AMUSIHORN.jpg,Aantelope2.jpg,25.52974510192871,26.293407440185547,23.460933223366737,24.226555854082108,0.35687940237155974,0.3703065234029003,0.32415152583489554,0.3496509615573252,1.0,1.0,1.0,1.0
novel,1,73,1,1,AKETTLE35.jpg,batslcshi.jpg,24.16775894165039,36.541969299316406,21.104095578193665,37.85825711488724,0.284513840585156,0.3838070712432303,0.24526730349998777,0.3945550070966262,1.0,1.0,1.0,1.0
novel,1,74,1,1,10049816.thl.jpg,Atoothbrush3.jpg,14.727142333984375,18.91752052307129,11.676192626357079,18.43731200695038,0.34447817370591066,0.3483476556538123,0.271500909633769,0.32685172110523375,1.0,1.0,1.0,1.0
novel,1,75,1,1,ABABYSPOO.jpg,wok.jpg,21.058080673217773,19.631301879882812,18.876759603619576,17.611903339624405,0.3156015310083168,0.33535064805439413,0.2802593658048715,0.30519763463257193,0.0,0.0,1.0,1.0
novel,1,76,1,1,Aammonitefo14.jpg,Acoffeebeans2.jpg,20.152667999267578,30.785114288330078,18.89297540485859,31.034589856863022,0.30629273780960886,0.3584675024608277,0.28564309020268097,0.34423274341307153,1.0,1.0,1.0,1.0
novel,1,77,1,1,ACUTPIN.jpg,ANECTARI3.jpg,14.995451927185059,43.746124267578125,12.997451484203339,44.41081464290619,0.28118999130406036,0.45900945905495805,0.2384135333002328,0.4559168298751249,1.0,1.0,1.0,1.0
novel,1,78,1,1,26384871.thl.jpg,toblerone.jpg,21.92360496520996,17.359081268310547,20.07795649766922,16.416705191135406,0.3157097696761056,0.29186359603026846,0.2880388168253466,0.2673650624104134,0.0,0.0,0.0,0.0
novel,1,79,1,1,underwear.jpg,26378596.thl.jpg,16.555110931396484,22.221508026123047,13.775472328066826,21.07148167490959,0.3452995925612765,0.3556392896553688,0.2923133448024842,0.33954535702071803,1.0,1.0,1.0,1.0
novel,1,80,1,1,Aleaf75.jpg,AWALLEYE2.jpg,23.875118255615234,21.65424346923828,22.051402673125267,19.552073791623116,0.31622187470296564,0.3360518470303546,0.2913112126615906,0.30646837578945724,0.0,0.0,1.0,1.0
novel,1,81,1,1,ATEALANT8.jpg,Ahandba18.jpg,20.36696434020996,29.815113067626953,18.6987916380167,28.64075791835785,0.30826132393238925,0.3390119627631253,0.2858463016571489,0.3256565697549104,1.0,1.0,1.0,1.0
novel,1,82,1,1,Awildberries.jpg,Aberries5.jpg,21.616008758544922,32.43806838989258,19.647558867931366,31.8034186065197,0.3151008437771251,0.39693311805056636,0.28411669358129077,0.3987012820618535,1.0,1.0,1.0,1.0
novel,1,83,1,1,ALITTERB2.jpg,26442719.thl.jpg,21.50070571899414,23.609006881713867,19.681159779429436,22.078916251659393,0.32663606310876797,0.34979394289493354,0.30821425766267657,0.33224848086845227,1.0,1.0,1.0,1.0
novel,1,84,1,1,AWASHMAC5.jpg,26432755.thl.jpg,19.83298110961914,21.712966918945312,17.43341799080372,20.6118992716074,0.35033154189036203,0.3538284506534482,0.3183506489896579,0.3287739066929015,1.0,1.0,1.0,1.0
novel,1,85,1,1,ATIE16.jpg,Agiftbag20.jpg,22.066238403320312,23.574193954467773,20.274961411952972,21.27285161614418,0.3322137655901336,0.34363725136503154,0.3030666266054875,0.31038645443088836,1.0,1.0,1.0,1.0
novel,1,86,1,1,Abicyclekick2.jpg,Astaircase.jpg,19.35280418395996,25.33678436279297,17.04143412411213,23.863702416419983,0.3196416477190017,0.3549164574235406,0.2807515636043209,0.3292902006769166,1.0,1.0,1.0,1.0
novel,1,87,1,1,AWHISBARR.jpg,AREDROSE8.jpg,22.958681106567383,29.244163513183594,21.241765812039375,29.279496088624,0.31295267393432025,0.38116955710903067,0.29129876566474333,0.3757240495968406,1.0,1.0,1.0,1.0
novel,1,88,1,1,AMECHHAN4.jpg,AMEAT2.jpg,24.15567398071289,39.72813034057617,21.665801346302032,38.65339058637619,0.33807669103153776,0.4042675582754154,0.3017530772919036,0.4030241521788494,1.0,1.0,1.0,1.0
novel,1,89,1,1,ABROOCH53.jpg,butterflycross-stitch.jpg,20.641809463500977,26.493379592895508,18.401001304388046,24.955466106534004,0.3301535265951041,0.40032872682706083,0.29334482979823423,0.4040861866512942,1.0,1.0,1.0,1.0
novel,1,90,1,1,Lanyard.jpg,Ateacherscert.jpg,14.959675788879395,21.069583892822266,12.318276569247246,18.13878457248211,0.28797433259034433,0.3670396406412291,0.23544790537346313,0.3325535876452442,1.0,1.0,1.0,1.0
novel,1,91,1,1,Aacarthatsbe2.jpg,ALACES4.jpg,21.75736427307129,19.99618911743164,20.322660848498344,18.75033737719059,0.3072319071663251,0.3170894399541504,0.2915380995160003,0.2999194654895671,0.0,0.0,1.0,1.0
novel,1,92,1,1,Acandycanesin.jpg,26422507.thl.jpg,23.493167877197266,24.448137283325195,22.09210531413555,22.5873202085495,0.3108592183186115,0.37482916400562305,0.29553821863726243,0.35700256489147186,1.0,1.0,1.0,1.0
novel,1,93,1,1,E_helicopter.jpg,Awomensshoe61.jpg,19.621183395385742,23.44226837158203,16.962456420063972,20.682819351553917,0.33704916357639764,0.36742003537592804,0.2884085051089304,0.34605594148054514,1.0,1.0,1.0,1.0
novel,1,94,1,1,ALOAFBR4.jpg,keys-a.jpg,25.255311965942383,18.60945701599121,23.13878472149372,16.349976003170013,0.32003031146813254,0.3272167797951685,0.293801916916034,0.28354786649312097,0.0,0.0,1.0,0.0
novel,1,95,1,1,Acabinetdraw8.jpg,ABALLYAR4.jpg,22.057720184326172,20.22179412841797,19.98750777542591,19.564629048109055,0.32584060778054,0.36039894856237287,0.3069073719668262,0.3475438304299848,0.0,0.0,1.0,1.0
novel,1,96,1,1,Afrenchsigns2.jpg,AFIGHTP16.jpg,24.49970054626465,22.46526336669922,23.08125515282154,21.475432455539703,0.3007292430905787,0.33908456959701333,0.28022910408463636,0.3163157180298203,0.0,0.0,1.0,1.0
novel,1,97,1,1,Adolphin3.jpg,AOVEN.jpg,15.535446166992188,18.92793846130371,12.782468855381012,16.897252947092056,0.2892865925132469,0.33154453844421894,0.23600667620069624,0.2955723426347411,1.0,1.0,1.0,1.0
novel,1,98,1,1,26384637.thl.jpg,ACOMB5.jpg,21.60224151611328,20.27762794494629,18.968405544757843,18.18170690536499,0.32960430817620606,0.3504277028048592,0.2932547922812523,0.31180307865419915,0.0,0.0,1.0,1.0
novel,1,99,1,1,Ascrewmount.jpg,AHIBACHI.jpg,23.160526275634766,32.08910369873047,20.105373218655586,31.98832592368126,0.3674552330406715,0.4087535618570003,0.3440743510564187,0.4172523192457223,1.0,1.0,1.0,1.0
novel,1,100,1,1,ADIRECSI3.jpg,AGUINEAP2.jpg,22.26470947265625,27.061227798461914,19.936683997511864,24.569908663630486,0.31950415256219494,0.36715215804622087,0.2898117604861527,0.34995311078803026,1.0,1.0,1.0,1.0
novel,10,1,1,10,AARTIVE6.jpg,Astamp23.jpg,1.8513214588165283,1.924515724182129,0.9515514671802521,1.0385760515928268,0.02809723531350863,0.030098404726938626,0.014826340949688207,0.01651706680629414,1.0,1.0,1.0,1.0
novel,10,1,2,10,ACOCKSPA4.jpg,ACOLOGNE.jpg,2.064554214477539,1.8854949474334717,0.9847631603479385,0.9103822559118271,0.029766617085308998,0.0283943861104217,0.01409906367097908,0.01344695141600686,0.0,0.0,0.0,0.0
novel,10,1,3,10,dustpan02.jpg,26425112.thl.jpg,1.8716158866882324,1.880323886871338,0.8189473897218704,0.9104767814278603,0.03353123649201338,0.02935466944932937,0.014999554449427197,0.013675572142454429,1.0,1.0,0.0,0.0
novel,10,1,4,10,Agardeningpai.jpg,Atoypersonwi2.jpg,1.9644482135772705,2.0472702980041504,1.455685093998909,1.6832528859376907,0.027010868501070623,0.02604627925096663,0.019402303169297436,0.021876131217115014,1.0,1.0,0.0,1.0
novel,10,1,5,10,AMEATHER3.jpg,AGERMANH4.jpg,1.8414669036865234,1.9834734201431274,0.8716213330626488,1.4372519254684448,0.03259467390299528,0.022797855318883557,0.015430364294919422,0.01725111444104133,1.0,1.0,0.0,1.0
novel,10,1,6,10,26451219.thl.jpg,Achair485.jpg,1.7560582160949707,1.7573105096817017,0.7359483912587166,0.743242971599102,0.02665589897710741,0.02990810085801934,0.011256677252465583,0.012406464641513815,1.0,1.0,1.0,1.0
novel,10,1,7,10,35310232.thl.jpg,22920212.thl.jpg,1.8828425407409668,1.954153299331665,1.2006043270230293,1.9080070182681084,0.0316395278375466,0.030340008477729805,0.019690977163457076,0.02998010050380917,1.0,1.0,0.0,1.0
novel,10,1,8,10,Araisins4.jpg,ABROOCH53.jpg,1.923720359802246,1.933785080909729,1.2294708713889122,0.8275595381855965,0.02350463691376151,0.030929747959753787,0.015380101378505455,0.013192777276694644,1.0,0.0,1.0,0.0
novel,10,1,9,10,Alanter59.jpg,ATELEBO13.jpg,1.7942445278167725,1.8295608758926392,0.7575048208236694,1.0096017569303513,0.028926620573383733,0.02072748238781184,0.012097594829930494,0.01124102465679651,1.0,1.0,0.0,0.0
novel,10,1,10,10,10049257.thl.jpg,Aknife76.jpg,1.7534464597702026,1.9978309869766235,0.9375010281801224,0.8501274213194847,0.023570564383729824,0.03485409248940654,0.012414766259844917,0.014698745077340838,1.0,0.0,1.0,1.0
novel,10,2,1,10,pinballmachine.jpg,Astereo30.jpg,1.7844725847244263,1.9078633785247803,0.9545595943927765,0.8108600676059723,0.024335691034512535,0.032283553437998325,0.012831906081212643,0.013634484011044338,1.0,0.0,1.0,1.0
novel,10,2,2,10,beanbagchair.jpg,trapezebars.jpg,1.850820779800415,1.8947694301605225,0.7005127519369125,0.7450372353196144,0.03392577471709784,0.02871612978451749,0.013272401201269188,0.010930822958021459,1.0,1.0,0.0,0.0
novel,10,2,3,10,26466347.thl.jpg,Ablackboardw3.jpg,1.9181568622589111,2.0295698642730713,0.9604858458042145,0.9371351599693298,0.028382966314879444,0.03499467603543905,0.013985618451186137,0.016320797543810835,1.0,0.0,1.0,1.0
novel,10,2,4,10,ABEERBOT5.jpg,woodvase.jpg,1.8905400037765503,1.9870686531066895,1.9066374748945236,2.240399219095707,0.030021763550857564,0.02068392791253023,0.029594503654993658,0.022967206229852693,1.0,1.0,0.0,0.0
novel,10,2,5,10,26687972.thl.jpg,JU3VU.jpg,1.8796064853668213,2.2931571006774902,0.7824602946639061,2.8257645070552826,0.03884242967352875,0.025257236159331686,0.01596399579612155,0.031024318937233,1.0,1.0,0.0,1.0
novel,10,2,6,10,8068401.thl.jpg,AANTIBIK4.jpg,1.7812159061431885,2.313192367553711,0.7288064956665039,2.3608508706092834,0.03707575506325615,0.03312738892070467,0.01473785371027769,0.03412426789673191,1.0,1.0,0.0,1.0
novel,10,2,7,10,carbattery.jpg,23007415.thl.jpg,1.9358237981796265,2.0531136989593506,1.0334069579839706,1.9301372170448303,0.024756834030562138,0.024106589775511864,0.013518933377358343,0.02273878195674901,1.0,1.0,0.0,1.0
novel,10,2,8,10,Astackingtoy2.jpg,26466344.thl.jpg,1.8255202770233154,1.8171641826629639,0.9125425294041634,1.0782521665096283,0.024387010638985657,0.023887149777063084,0.012452122657771016,0.013556767491068357,0.0,1.0,0.0,1.0
novel,10,2,9,10,26429130.thl.jpg,A25thdec3.jpg,1.7304699420928955,1.8835134506225586,0.6484735459089279,0.7379190772771835,0.026280833601053523,0.036296263045922456,0.009886307953278191,0.013682038708190254,1.0,1.0,1.0,1.0
novel,10,2,10,10,Afrenchsigns2.jpg,26545643.thl.jpg,1.7957744598388672,1.8430293798446655,0.6514365822076797,1.2679235488176346,0.022042795708826446,0.03194745288553552,0.007909079839520767,0.02140013009409724,1.0,1.0,1.0,1.0
novel,10,3,1,10,ASMOKMEAT.jpg,ADAQUIRI.jpg,1.8735876083374023,1.8696203231811523,1.001096136868,1.0229804813861847,0.024422098708190353,0.028310428966716237,0.013245051822506433,0.01568998274001439,0.0,1.0,1.0,1.0
novel,10,3,2,10,Afeatherhat.jpg,ABALLYAR4.jpg,1.9443604946136475,1.826104998588562,1.0150650218129158,1.2893843203783035,0.02032877812330457,0.03254539717279274,0.010645583890291311,0.022904475443859717,0.0,1.0,1.0,1.0
novel,10,3,3,10,AGLASSBA4.jpg,Ametalstool2.jpg,1.7562730312347412,1.8731728792190552,1.2003111243247986,0.7958537712693214,0.02499509146865306,0.031077617881828588,0.017281980103273177,0.012999546270047133,1.0,0.0,1.0,0.0
novel,10,3,4,10,toy2A.JPG,Arubbergloves.jpg,1.8595962524414062,1.8848581314086914,0.9075044840574265,0.7357882484793663,0.022531111411374868,0.0320852103333288,0.01123465409431912,0.01270301851067434,1.0,0.0,1.0,1.0
novel,10,3,5,10,AARTDUCK3.jpg,8255336.thl.jpg,1.8800238370895386,2.059908390045166,0.726108193397522,0.9379585683345795,0.026511737163186926,0.027153695886159807,0.010277946792378225,0.01280801578071935,1.0,1.0,1.0,1.0
novel,10,3,6,10,AFILEFOL4.jpg,26387690.thl.jpg,1.829866647720337,1.863086223602295,0.7852560877799988,0.8264978379011154,0.032755908472615204,0.028701299883652113,0.014914944766480101,0.012192537049304378,1.0,1.0,0.0,0.0
novel,10,3,7,10,AAFRICI10.jpg,AAFRIMAS5.jpg,1.8254995346069336,1.8879261016845703,0.7724786773324013,0.9398969039320946,0.02812747121040432,0.029435487127999684,0.011633262403766435,0.015015949176010807,1.0,1.0,1.0,1.0
novel,10,3,8,10,Abeetle10.jpg,Arockingchai5.jpg,1.8090847730636597,2.011353015899658,0.7828225716948509,2.9605810940265656,0.025189763162405024,0.02664771322148777,0.010949484210426725,0.03730442856785713,1.0,1.0,1.0,1.0
novel,10,3,9,10,22896812.thl.jpg,Abicyclegear2.jpg,1.8259260654449463,1.9666492938995361,0.8337554484605789,0.9792675748467445,0.028258578749389664,0.02700343772151936,0.013358938377666532,0.013692502917139908,1.0,1.0,0.0,1.0
novel,10,3,10,10,8052266.thl.jpg,Atoy63.jpg,1.788541316986084,1.9128530025482178,0.7654824554920197,0.988889679312706,0.023082847144587786,0.027346449930249782,0.009984815865611755,0.01408483798430523,1.0,1.0,1.0,1.0
novel,10,4,1,10,ADEEPFRY5.jpg,ASTEAMER.jpg,1.8724193572998047,2.024784803390503,0.7729645743966103,0.9140511155128479,0.027257619985847387,0.03380239094341865,0.011600490687126503,0.015601549179654567,1.0,1.0,1.0,1.0
novel,10,4,2,10,ACUSTMACH.jpg,ASPARKER2.jpg,1.9378271102905273,1.9990427494049072,1.0003727599978447,0.7878257930278778,0.02603321135733833,0.03686165094354365,0.013163970855347169,0.014644009954027058,1.0,0.0,1.0,1.0
novel,10,4,3,10,26391079.thl.jpg,surfboard.JPG,1.8436189889907837,1.8987574577331543,0.9166536331176758,2.7171490639448166,0.031244234152141382,0.02834175161972614,0.015832490399507935,0.03956735447020229,1.0,1.0,0.0,1.0
novel,10,4,4,10,Acrackersandc.jpg,ATOILROL2.jpg,1.790293574333191,2.1021251678466797,0.8166861906647682,2.0886803418397903,0.023121521223707836,0.0328113439441257,0.010624629709889418,0.03280509294475455,1.0,1.0,1.0,1.0
novel,10,4,5,10,10049816.thl.jpg,AMECHSOCK.jpg,1.775351881980896,2.012275457382202,0.7886519730091095,1.0094761401414871,0.04152672393060741,0.028755686880021763,0.018338146252666294,0.014799762462077828,1.0,1.0,0.0,0.0
novel,10,4,6,10,AALMOND1.jpg,AARTIHAN5.jpg,1.7828606367111206,1.775313377380371,0.7715990543365479,0.6638839170336723,0.02611575349068025,0.02820430282243561,0.01112449620203272,0.010514778878802082,0.0,0.0,1.0,0.0
novel,10,4,7,10,8023286.thl.jpg,patioheater.jpg,1.9839838743209839,1.8519333600997925,1.040910080075264,0.8434286415576935,0.031148149592262826,0.03104043949476224,0.017001134301604125,0.014225086436590985,0.0,0.0,0.0,0.0
novel,10,4,8,10,supersmilefloss.jpg,26370445.thl.jpg,1.9376542568206787,2.004185914993286,0.7661281526088715,1.1362317949533463,0.03609768087576385,0.026539866096238617,0.015230860888609562,0.015157299669433294,1.0,1.0,0.0,0.0
novel,10,4,9,10,22887144.thl.jpg,Ascientifict3.jpg,1.8091057538986206,1.8587149381637573,0.7313316464424133,0.807744175195694,0.0338352562443617,0.02852642854480316,0.01378943860705497,0.012120275544005877,1.0,1.0,0.0,0.0
novel,10,4,10,10,elecmap.jpg,26421357.thl.jpg,1.8254289627075195,1.8422657251358032,0.750365749001503,0.7615483477711678,0.02919388616031277,0.029572356340688343,0.012097314755954209,0.012462387540758211,1.0,1.0,1.0,1.0
novel,10,5,1,10,Abasket108.jpg,ANUTS2.jpg,1.833022117614746,1.8767739534378052,1.328648865222931,1.0047567337751389,0.021173551331267963,0.026151764111429294,0.014437933249597457,0.014267328303975256,1.0,0.0,1.0,0.0
novel,10,5,2,10,Agreenplastic.jpg,Ablackcamera4.jpg,1.8430453538894653,1.9455769062042236,1.0593384355306625,1.1419395506381989,0.02672685198832163,0.027781226451065753,0.01504701498112254,0.01699456160716458,1.0,1.0,1.0,1.0
novel,10,5,3,10,26419670.thl.jpg,celery.jpg,1.68135404586792,1.7220091819763184,0.6918229460716248,1.0784877017140388,0.029415868685798777,0.026965566828111118,0.01151405050235819,0.016013464072229224,1.0,1.0,0.0,1.0
novel,10,5,4,10,cd2-a.jpg,Atoywheels.jpg,1.9128954410552979,2.1656816005706787,0.9310815185308456,1.6278194338083267,0.027936184368006513,0.02196235398258375,0.01385777728091898,0.016390817695353745,1.0,1.0,0.0,1.0
novel,10,5,5,10,razorscooter.jpg,Adecorativem2.jpg,1.862884759902954,1.9617881774902344,0.7797655016183853,0.9727798849344254,0.03389006400162164,0.034284045360831523,0.01368690110398156,0.016925493215866914,1.0,1.0,1.0,1.0
novel,10,5,6,10,26422507.thl.jpg,Afloppydisk6.jpg,2.035413980484009,1.8466962575912476,1.2886457294225693,0.8931332230567932,0.03120616151114855,0.03000765245245512,0.020367614501970267,0.014415517791244472,0.0,0.0,0.0,0.0
novel,10,5,7,10,26423465.thl.jpg,tricycle.jpg,1.7208937406539917,1.9716438055038452,0.7581912726163864,1.4679416790604591,0.024945001393700664,0.02194163994619438,0.011221343461942262,0.016224992627745172,1.0,1.0,0.0,1.0
novel,10,5,8,10,Atoyhorse2.jpg,ARASPBER2.jpg,1.9100356101989746,1.9821455478668213,1.050381138920784,1.4273128658533096,0.021705623807462614,0.019651335410906818,0.012288163378628904,0.014181843922684572,1.0,1.0,0.0,1.0
novel,10,5,9,10,Aseat3.jpg,Astaircase.jpg,1.7881274223327637,1.9185924530029297,1.0430447980761528,1.2255767807364464,0.022066851067941644,0.02687555085558924,0.012204475280774707,0.016911475722894857,1.0,1.0,1.0,1.0
novel,10,5,10,10,Achickendinne.jpg,26376346.thl.jpg,1.9545422792434692,1.8604587316513062,1.19400142878294,1.1105386018753052,0.02049225955057869,0.021527416287397017,0.01296196431949402,0.01293176980397201,0.0,0.0,1.0,0.0
novel,10,6,1,10,AHIGCHAIR.jpg,orientalvase.jpg,1.8873448371887207,2.047680616378784,0.8284699991345406,1.0060574561357498,0.027451904687946952,0.025849437083878768,0.011798080636749498,0.013246879545114386,1.0,1.0,0.0,1.0
novel,10,6,2,10,Abagofpaperfl.jpg,AROCKCH27.jpg,2.0268664360046387,2.0023252964019775,1.4122121632099152,1.003418691456318,0.023623852708571938,0.02786926616929038,0.016815252972973635,0.014062109242803739,0.0,0.0,1.0,0.0
novel,10,6,3,10,AFUNNEL4.jpg,barbwirecoil.jpg,1.8482027053833008,2.0739426612854004,0.7783600389957428,1.3584479540586472,0.03326560334562533,0.028378302088547847,0.013881402559798486,0.018750096273681044,1.0,1.0,0.0,1.0
novel,10,6,4,10,APYRITE7.jpg,Alobster10.jpg,1.886649489402771,1.7479419708251953,0.9526011273264885,0.9035919308662415,0.02696775474421513,0.02166259318009127,0.012978434073880505,0.011197271378377444,0.0,0.0,0.0,0.0
novel,10,6,5,10,ATVLAMP.jpg,26387568.thl.jpg,1.8536990880966187,1.7562485933303833,0.8064037635922432,0.6837616711854935,0.028297179825430067,0.0339832636302791,0.012657425954794363,0.013336703615316428,0.0,0.0,1.0,1.0
novel,10,6,6,10,Arose10.jpg,ASUSHI8.jpg,1.8391804695129395,1.7813642024993896,0.9778619408607483,0.8672707825899124,0.020436708908925388,0.023044675383053482,0.010655238105313054,0.011206649071085905,0.0,0.0,1.0,1.0
novel,10,6,7,10,ABABYDOLL.jpg,baseball.JPG,1.827250361442566,6.851340293884277,0.7193267419934273,40.7964172065258,0.02718146279467577,0.0806855281951129,0.010614241643270824,0.4924511027334627,1.0,1.0,1.0,1.0
novel,10,6,8,10,AAPPCOVE2.jpg,ASNOWTOY2.jpg,1.9170598983764648,1.8916038274765015,0.8190863728523254,0.7917167246341705,0.030756372640236996,0.025841720779666674,0.013208649612098496,0.01118346726199228,0.0,0.0,0.0,0.0
novel,10,6,9,10,Asaturn.jpg,APERSRUG.jpg,1.8136231899261475,1.7954494953155518,0.7661613300442696,0.9448161944746971,0.02612674327043187,0.027782357750414183,0.011164267175688067,0.014910240662153058,0.0,1.0,1.0,1.0
novel,10,6,10,10,948_01.jpg,Adeer20.jpg,1.775254726409912,2.039384365081787,0.6929045915603638,1.1689307391643524,0.028151609768559478,0.030646917896001984,0.010880806702047859,0.017775290482023375,1.0,1.0,1.0,1.0
novel,10,7,1,10,Abeaver.jpg,26425322.thl.jpg,1.9401942491531372,1.8745826482772827,1.2166815847158432,0.705731138586998,0.027160928676650785,0.028571821911213713,0.017177407709013322,0.010967805528939384,0.0,0.0,1.0,0.0
novel,10,7,2,10,Adolphin3.jpg,AMOUSETOY.jpg,1.974538803100586,1.8426953554153442,0.7654899433255196,0.7514235526323318,0.036768020434957666,0.025574083880132874,0.014133477596017205,0.010268303951349412,0.0,0.0,0.0,0.0
novel,10,7,3,10,26421370.thl.jpg,Abathroomcup3.jpg,1.9226305484771729,2.083343267440796,0.8500749915838242,1.0684631913900375,0.030414848254982304,0.035739410771501084,0.013286206975036643,0.01875664508112772,1.0,1.0,1.0,1.0
novel,10,7,4,10,Acementfinish.jpg,APUMPKI35.jpg,1.859574794769287,2.0081801414489746,0.7052832320332527,3.2619051039218903,0.031939906750364296,0.02540591340964612,0.012280839134431332,0.03848298264987828,1.0,1.0,0.0,1.0
novel,10,7,5,10,champagnbottles.jpg,23019499.thl.jpg,2.005178213119507,2.013986587524414,0.9484738856554031,1.3621919453144073,0.02872061472455075,0.025998394851354505,0.013860120946452817,0.01812917335826775,1.0,1.0,0.0,1.0
novel,10,7,6,10,promdress.jpg,26391173.thl.jpg,1.704686164855957,1.9581904411315918,0.6967146769165993,1.6209826543927193,0.027969803942825448,0.033208249567627,0.011184288014693136,0.026725701815381635,1.0,1.0,1.0,1.0
novel,10,7,7,10,Achair618.jpg,ABOWCASE.jpg,1.9353309869766235,1.9968668222427368,0.8467288613319397,0.8573580980300903,0.02874125521658203,0.030510597274680383,0.012669373625939529,0.013951070160821265,1.0,1.0,1.0,1.0
novel,10,7,8,10,hulk.jpg,ACHEESESL.jpg,1.7766358852386475,1.8977195024490356,0.9960960298776627,0.862036868929863,0.023520244976187734,0.03327388429828112,0.012813976534803203,0.014971656882354231,1.0,0.0,1.0,1.0
novel,10,7,9,10,AHYPBOTT.jpg,weddingdress.jpg,1.8474866151809692,1.8587952852249146,0.8161494433879852,1.3418434858322144,0.028750664506668227,0.03319314602661681,0.012463433778792438,0.023908937644985858,1.0,1.0,1.0,1.0
novel,10,7,10,10,26687325.thl.jpg,Acamerabag.jpg,1.780867338180542,1.9972177743911743,0.7425017133355141,1.160131573677063,0.03679435804886349,0.025040797635550577,0.014790860659745475,0.014893030595770598,1.0,1.0,0.0,1.0
novel,10,8,1,10,ABOAT16.jpg,Atrumpetwith2.jpg,1.8729379177093506,2.025838851928711,0.7564971670508385,1.3583209067583084,0.03407323494366154,0.02678626010520896,0.01342114023732158,0.018182443811522366,1.0,1.0,0.0,1.0
novel,10,8,2,10,Atoymoose.jpg,DSCN6303-sm.jpg,1.8251972198486328,2.0329599380493164,1.0599926263093948,1.9830073863267899,0.020706778909012312,0.03193805663399455,0.012002110816781703,0.030913058809311857,1.0,1.0,1.0,1.0
novel,10,8,3,10,AWATEHOSE.jpg,ASPOTLIG2.jpg,1.9624778032302856,1.9172841310501099,1.1267826557159424,0.7528112530708313,0.026003765171514707,0.03004338505267456,0.01499306912094426,0.011670181638073766,0.0,0.0,1.0,0.0
novel,10,8,4,10,Acartonofegg3.jpg,BattleStar.jpg,1.9576072692871094,1.8497141599655151,0.9592091292142868,0.7145034670829773,0.023302389107959717,0.029882279291491287,0.01186057230454498,0.011337203612759968,0.0,0.0,1.0,0.0
novel,10,8,5,10,matchbook.jpg,311-863-217.jpg,1.827038288116455,1.882100224494934,0.7691768109798431,0.8816143572330475,0.03382715543459868,0.02821754765543714,0.015564005208170122,0.01323897693744347,1.0,1.0,0.0,0.0
novel,10,8,6,10,ACOFFTRA2.jpg,ARELSCU49.jpg,1.9511222839355469,1.9146732091903687,1.185714066028595,0.9601767212152481,0.020653908453440385,0.022331348064082653,0.012522704383971376,0.010898922742120043,0.0,0.0,1.0,0.0
novel,10,8,7,10,Abrickhomeand.jpg,BeautyNBeast.jpg,1.8027647733688354,1.8512647151947021,0.7011199370026588,0.9863082990050316,0.026021970682264868,0.021092647116501922,0.009965752114738049,0.011148077869577003,1.0,1.0,0.0,1.0
novel,10,8,8,10,8079080.thl.jpg,Aropeandclamp.jpg,1.9786221981048584,1.9519798755645752,0.9206792116165161,1.1296684369444847,0.029266520998534405,0.027963422301533983,0.01348352608254762,0.01639602244691318,0.0,1.0,0.0,1.0
novel,10,8,9,10,APARSLEY.jpg,ASTRAINE8.jpg,1.7190771102905273,2.0014989376068115,0.7884606570005417,1.0074780136346817,0.02430699727387325,0.03539420283060133,0.010677312678685963,0.01782702208036664,1.0,1.0,1.0,1.0
novel,10,8,10,10,8056402.thl.jpg,ASKIPROP2.jpg,1.7894299030303955,1.8696708679199219,0.6429656445980072,0.8208476081490517,0.03039427117019714,0.02346837381322824,0.011058864949628598,0.010059507518918084,1.0,1.0,0.0,0.0
novel,10,9,1,10,medievalknight.jpg,Atoy33.jpg,1.9165384769439697,2.024733304977417,0.9716653227806091,1.2852239608764648,0.03152784035160386,0.027469071706381545,0.015889927698759177,0.01744786384721557,1.0,1.0,0.0,1.0
novel,10,9,2,10,Aroadsignind3.jpg,Acandle120.jpg,1.947524905204773,2.448556900024414,0.9220084026455879,3.2802604734897614,0.03258619985627081,0.035261773165090625,0.01502251895746081,0.04972357956299946,1.0,1.0,1.0,1.0
novel,10,9,3,10,A1991CHE7.jpg,fireking-file-cabinet.jpg,2.0507850646972656,1.8944101333618164,1.3477128893136978,0.9724661260843277,0.02783972715083086,0.03298221626009128,0.018854333869630185,0.01678277265534494,0.0,0.0,1.0,0.0
novel,10,9,4,10,Abottleopener.jpg,26370659.thm.jpg,1.9259835481643677,2.0311524868011475,1.2982052341103554,1.526648759841919,0.028462176720089737,0.028438579185571706,0.019300226865010876,0.021787219078129815,1.0,1.0,0.0,1.0
novel,10,9,5,10,10053712.thm.jpg,Abeermug11.jpg,1.967437744140625,2.1856279373168945,1.5772826075553894,1.878146842122078,0.026931277074347858,0.02604547761053004,0.0214832304770066,0.02271550570975543,1.0,1.0,0.0,1.0
novel,10,9,6,10,AGLASSBO7.jpg,Arake3.jpg,1.9999613761901855,2.0020956993103027,1.0900946035981178,1.1600265875458717,0.03005432219347766,0.034035457577692205,0.017039530883193564,0.01968604646346012,1.0,1.0,1.0,1.0
novel,10,9,7,10,AANGLEME2.jpg,22875384.thl.jpg,1.899353265762329,2.1037771701812744,0.9137985929846764,1.1717169433832169,0.03501238801230459,0.03591171150465651,0.01687227339669603,0.020218848161950635,1.0,1.0,1.0,1.0
novel,10,9,8,10,Atoyworm.jpg,Adiamondring3.jpg,2.0263993740081787,2.031538486480713,1.923121616244316,1.3912526220083237,0.025840975519871575,0.027973314455638363,0.024277583790458947,0.01934434517587835,1.0,0.0,1.0,0.0
novel,10,9,9,10,AWALKTA25.jpg,26427903.thl.jpg,1.8582502603530884,2.107816696166992,0.866578608751297,1.6708112806081772,0.034361629756866206,0.027138410573537025,0.015718255207587156,0.021712302550021115,1.0,1.0,0.0,1.0
novel,10,9,10,10,22857084.thl.jpg,ACANDEXT.jpg,1.88716459274292,2.404402494430542,2.1096517592668533,2.5338385105133057,0.029796316882445113,0.031681690256809725,0.032123953555261514,0.03469755190518004,1.0,1.0,1.0,1.0
novel,10,10,1,10,Acanoe19.jpg,26379011.thl.jpg,1.9361414909362793,1.9507339000701904,1.1361500099301338,1.4766893833875656,0.023793460689439303,0.02457468464449461,0.014423808301060055,0.018079142693433872,1.0,1.0,1.0,1.0
novel,10,10,2,10,26392231.thl.jpg,ATEALANT8.jpg,1.9858027696609497,1.9558627605438232,1.105350211262703,1.200406864285469,0.03256163725241555,0.02960268569847563,0.01864616967915625,0.018350483244180954,0.0,1.0,0.0,0.0
novel,10,10,3,10,ACEDAR.jpg,Achampagnebo2.jpg,1.8173277378082275,1.7839988470077515,1.370798334479332,1.0918043404817581,0.026322986092679145,0.03058259804549714,0.018806414963110057,0.01842384422833918,0.0,0.0,1.0,0.0
novel,10,10,4,10,Adustpanbrush.jpg,Achildsplaype.jpg,1.9464993476867676,2.0527031421661377,2.0602274909615517,1.7648863568902016,0.029864738305100235,0.02520546512226908,0.03204625645057669,0.022084015666972632,1.0,0.0,0.0,0.0
novel,10,10,5,10,Ashovel8.jpg,Atool12.jpg,1.825271487236023,1.9347220659255981,0.6922426819801331,0.8173162117600441,0.029417807836495388,0.03222535476050203,0.011043810976696985,0.013487497585740705,1.0,1.0,1.0,1.0
novel,10,10,6,10,Apaintroller3.jpg,D_podium.jpg,1.7691338062286377,1.8181805610656738,0.7302747666835785,1.2404122650623322,0.027941230202358055,0.02652209519797728,0.011571817500236887,0.017817784180654696,1.0,1.0,0.0,1.0
novel,10,10,7,10,26443034.thl.jpg,Acanister10.jpg,1.7358752489089966,1.8423795700073242,0.8014644756913185,1.0476798340678215,0.027149646617232744,0.025928231697860977,0.012396264672832712,0.014987556612668994,1.0,1.0,0.0,1.0
novel,10,10,8,10,Arubberworksh.jpg,voguemagazine.jpg,1.8676726818084717,1.9786053895950317,0.7986583262681961,1.0982299819588661,0.029191610893275266,0.026540186261456506,0.012603244760164634,0.014907034895685354,1.0,1.0,0.0,1.0
novel,10,10,9,10,26425788.thl.jpg,Abowloffruit4.jpg,1.8737804889678955,2.187445878982544,1.4473769217729568,1.4234705120325089,0.029557215646017758,0.028436902297773552,0.022635630291959054,0.01976656901000715,1.0,0.0,0.0,0.0
novel,10,10,10,10,AFIREPANT.jpg,Ametalhousin4.jpg,1.8152010440826416,1.9765591621398926,0.748517245054245,1.5658138245344162,0.026660203880135434,0.03600201506300265,0.010882743305662844,0.028099350270324393,1.0,1.0,1.0,1.0
novel,100,1,1,100,Apig5.jpg,Ahandbag55.jpg,1.2056385278701782,1.3104207515716553,0.4071982353925705,0.46276912093162537,0.019255386570015513,0.01691290386160443,0.006647958568175068,0.00619974521756962,1.0,1.0,0.0,0.0
novel,100,1,2,100,blueflatbox.jpg,AALMOND1.jpg,0.9005571603775024,1.113081693649292,0.2654465064406395,0.8069679215550423,0.015216901965980871,0.016304677173173722,0.004389804237396385,0.01163442532497683,1.0,1.0,1.0,1.0
novel,100,1,3,100,26437107.thl.jpg,26433387.thl.jpg,1.0811160802841187,0.9806467890739441,0.3604803755879402,0.29597582668066025,0.015318119375108005,0.016755629929808395,0.005361195868909379,0.005113665821255323,0.0,0.0,1.0,0.0
novel,100,1,4,100,Aclimbingtool.jpg,AGLASSBAL.jpg,0.9268895387649536,1.1816959381103516,0.2520454190671444,0.6267678886651993,0.016005071698388513,0.017146055902905077,0.004359920843794136,0.008868423890004567,1.0,1.0,1.0,1.0
novel,100,1,5,100,ADENSYRIN.jpg,airhocckytable.jpg,1.2999114990234375,1.1903355121612549,0.4445050358772278,0.3770100697875023,0.017639504237901667,0.017059754017053827,0.006206948852649517,0.005523836676092921,0.0,0.0,0.0,0.0
novel,100,1,6,100,AABSTRACT.jpg,AKNIFE13.jpg,1.036190390586853,1.0476973056793213,0.33573217689991,0.2383125275373459,0.015462644098048447,0.018018063782790868,0.004977366464941596,0.0040488898105535956,1.0,0.0,1.0,0.0
novel,100,1,7,100,APIPE8.jpg,ACROQUET2.jpg,1.1576553583145142,1.2597111463546753,0.3338068351149559,0.7935729473829269,0.014144554467215485,0.015607664586551299,0.004081633795987883,0.009878859306734466,1.0,1.0,1.0,1.0
novel,100,1,8,100,AFLOURBA2.jpg,AWINDSU21.jpg,1.0069347620010376,0.9880164861679077,0.340447835624218,0.27052318677306175,0.01971994578610269,0.013819767582317892,0.006883578115026299,0.0038392200001945154,0.0,0.0,0.0,0.0
novel,100,1,9,100,ARECEIPT.jpg,AHEDGEHOG.jpg,1.1083580255508423,1.6303914785385132,0.4163346067070961,3.823592573404312,0.01680909287327347,0.01805620812129972,0.00655020144298766,0.04352954792217571,1.0,1.0,1.0,1.0
novel,100,1,10,100,22875384.thl.jpg,ABEARIN28.jpg,1.0695490837097168,1.1479653120040894,0.31017185002565384,0.39836640655994415,0.018257322438261597,0.017053336758291616,0.005352246184707554,0.006125680694582511,1.0,1.0,0.0,1.0
novel,100,1,11,100,sandbox.jpg,Aglasscontai3.jpg,1.0547432899475098,1.2289069890975952,0.3566443771123886,0.6043630540370941,0.013347753288801162,0.014837508678929634,0.004585756976890363,0.007486505325910273,1.0,1.0,1.0,1.0
novel,100,1,12,100,tricycle.jpg,22854888.thl.jpg,1.2171077728271484,1.2306292057037354,0.3474825695157051,0.4447059780359268,0.01354470845724763,0.023450716949731488,0.003840685368556839,0.008775803329059863,1.0,1.0,1.0,1.0
novel,100,1,13,100,APIRAFLAG.jpg,ACURLRIB2.jpg,0.9200142621994019,1.3080217838287354,0.1911916881799698,0.45967039465904236,0.015160411251634079,0.01437973577181849,0.0030696163965115986,0.005002719040473914,1.0,1.0,0.0,1.0
novel,100,1,14,100,26429123.thl.jpg,AKNIFECOL.jpg,0.9000244140625,1.2639175653457642,0.2400285005569458,0.453395813703537,0.01641083169124716,0.015625100210840116,0.00433893675308941,0.005785350286222777,1.0,1.0,0.0,1.0
novel,100,1,15,100,Aboxofstaples.jpg,ADRIARRA2.jpg,0.9004122018814087,1.1609179973602295,0.22975625470280647,0.3552444726228714,0.01680126099014795,0.015202319187295317,0.0042734935338135755,0.004639234361301501,1.0,1.0,0.0,1.0
novel,100,1,16,100,ABLACKB12.jpg,26374158.thl.jpg,1.0851569175720215,1.1508917808532715,0.3194524869322777,0.30179764330387115,0.016986010935556593,0.019950503534539633,0.0050532192871127575,0.005024102695915128,1.0,0.0,1.0,0.0
novel,100,1,17,100,ADINROO16.jpg,AOLIVE.jpg,1.1844874620437622,1.1908142566680908,0.4303397983312607,0.5128945708274841,0.0141139937263772,0.020067653515561598,0.005088475407300209,0.008610573409454961,1.0,1.0,1.0,1.0
novel,100,1,18,100,retainertheeth.jpg,Aroadsignin12.jpg,1.1574814319610596,1.1051642894744873,0.3599392846226692,0.3919551149010658,0.01504266566096444,0.015042219634611857,0.0045812370874803235,0.005257588463496204,0.0,1.0,0.0,1.0
novel,100,1,19,100,26428682.thl.jpg,Astereo30.jpg,1.119667410850525,1.143768548965454,0.456746444106102,0.3327567055821419,0.020300421695715762,0.01935406564582184,0.008695706910357828,0.005595251465795681,1.0,0.0,0.0,0.0
novel,100,1,20,100,Aicecrusher2.jpg,26441176.thl.jpg,1.2197117805480957,1.397253394126892,0.4292100518941879,2.864326663315296,0.018047921913201377,0.016914974485674816,0.006423379331570059,0.03440453334052216,1.0,1.0,0.0,1.0
novel,100,1,21,100,AAIRPORTC.jpg,lightsaber.jpg,0.9461169242858887,0.8066443204879761,0.252469927072525,0.24444550275802612,0.015820171694389304,0.01514432714208714,0.004122693759186023,0.004381465245950404,0.0,0.0,0.0,1.0
novel,100,1,22,100,Aelectricgri3.jpg,catsl60.jpg,1.121316909790039,1.281627893447876,0.5985797494649887,0.3864308223128319,0.017163452193480103,0.014510799360034216,0.00954691153218509,0.004359378824817048,1.0,0.0,0.0,0.0
novel,100,1,23,100,AMETDETE2.jpg,Athermos7.jpg,0.9581489562988281,1.2599077224731445,0.2437058798968792,0.4642099291086197,0.01634572689700289,0.019522532726807866,0.0041685061659179085,0.0074198862962805414,1.0,1.0,1.0,1.0
novel,100,1,24,100,Acarnivalgame.jpg,AWODSPOON.jpg,1.1826735734939575,0.943632960319519,0.339951328933239,0.3214956521987915,0.013997527163040117,0.015879760703554426,0.004128785072915815,0.005311647493611635,0.0,0.0,1.0,1.0
novel,100,1,25,100,AALFALFA.jpg,AEARING49.jpg,1.2281173467636108,1.1002217531204224,0.532883808016777,0.36962464451789856,0.01688673590946979,0.01704506620336278,0.007015106099388522,0.005787866556787052,0.0,0.0,1.0,0.0
novel,100,1,26,100,AHOSPCAR3.jpg,8056402.thl.jpg,1.2344340085983276,1.0969367027282715,0.35645411163568497,0.31970271468162537,0.016416798892816206,0.018631962918917805,0.004699921336027671,0.005498815022852773,0.0,0.0,1.0,1.0
novel,100,1,27,100,Agroundhog.jpg,Acatstatue3.jpg,1.0851109027862549,1.0550981760025024,0.35341963171958923,0.26044318825006485,0.01627758625714005,0.016528998913296525,0.0054093364464983295,0.00416504422021139,0.0,0.0,1.0,0.0
novel,100,1,28,100,Awaffle3.jpg,thumb-mermaidfamilly.jpg,1.1791871786117554,1.205428123474121,0.5647015199065208,0.36530260741710663,0.011627475959576328,0.013908821954628588,0.00561243184009617,0.00424678693737832,1.0,0.0,1.0,0.0
novel,100,1,29,100,ATRACTWH6.jpg,AMAILBO28.jpg,1.090158224105835,1.0364940166473389,0.44505397975444794,0.2661632224917412,0.014401753853855753,0.01575650319934871,0.005893214401771848,0.003988432574805494,0.0,0.0,1.0,0.0
novel,100,1,30,100,Aalligator4.jpg,8258007.thl.jpg,0.9286477565765381,1.14359712600708,0.3099129647016525,0.34509817510843277,0.015421571489865936,0.021066362449948608,0.005103967982046459,0.00657907899209641,1.0,1.0,1.0,1.0
novel,100,1,31,100,ARICE2.jpg,23007415.thl.jpg,1.1620391607284546,1.2357836961746216,0.4104357808828354,0.648765817284584,0.018391768564500272,0.01450992735085599,0.006656876200265597,0.007643054768309555,1.0,1.0,0.0,1.0
novel,100,1,32,100,22857192.thl.jpg,23014831.thl.jpg,1.1651740074157715,1.0184388160705566,0.4583314508199692,0.30997131764888763,0.012914099397645202,0.017040607977851292,0.0051818040906220905,0.005343335186814319,0.0,0.0,1.0,1.0
novel,100,1,33,100,ABUDDHA18.jpg,26422507.thl.jpg,1.1922106742858887,1.2977278232574463,0.33824242651462555,0.561088040471077,0.01993984280838874,0.01989624933226269,0.00583422107240114,0.008868244117878375,1.0,1.0,0.0,1.0
novel,100,1,34,100,Aceramicjug10.jpg,Asoundmixer2.jpg,1.0867223739624023,1.1047604084014893,0.3272462263703346,0.4405615031719208,0.017129997428501464,0.01705745483202454,0.0053282207906748995,0.007085806244672675,1.0,1.0,0.0,1.0
novel,100,1,35,100,Atool12.jpg,Achampagnebo2.jpg,0.8721951842308044,0.9891641139984131,0.2693350575864315,0.4972674697637558,0.014527564308722766,0.016956966396129255,0.0044446150543491734,0.008391227313407875,1.0,1.0,1.0,1.0
novel,100,1,36,100,Acardinal2.jpg,APIESERVE.jpg,1.01833176612854,0.9193086624145508,0.3908936232328415,0.2532228082418442,0.013307895120010748,0.016849212250159815,0.005250441530331957,0.004551160553954782,0.0,0.0,1.0,0.0
novel,100,1,37,100,Ababycup2.jpg,ACRICKET2.jpg,1.2326788902282715,1.1361945867538452,0.4155506268143654,0.5005785822868347,0.02050442577320369,0.01411842939045464,0.006947245967113324,0.0063511497496092,0.0,1.0,0.0,0.0
novel,100,1,38,100,26441591.thl.jpg,ABREAD.jpg,1.086371898651123,1.217760443687439,0.2966884970664978,1.4282204657793045,0.014268847384833222,0.011705024089924814,0.0038872799585056433,0.013559006227758044,1.0,1.0,0.0,1.0
novel,100,1,39,100,AEASEL22.jpg,A_flower.jpg,0.9560129046440125,0.9029911756515503,0.24607647955417633,0.24238228797912598,0.017874545257236547,0.015256790922278229,0.004439614931677657,0.004006894257755808,0.0,0.0,0.0,0.0
novel,100,1,40,100,8081398.thl.jpg,Abrownbagwith.jpg,1.0967934131622314,1.2408536672592163,0.33352332562208176,0.532202310860157,0.018034632406253213,0.014020013533441525,0.005504220210950443,0.006384701232973207,1.0,1.0,0.0,1.0
novel,100,1,41,100,8077486.thl.jpg,APOTGOLD2.jpg,1.1530749797821045,1.2021300792694092,0.465971902012825,0.4239269495010376,0.01349125791116277,0.014465347718882061,0.0056656327392546335,0.005362687569370471,1.0,0.0,1.0,0.0
novel,100,1,42,100,ADOGTOY.jpg,ASHAKER2.jpg,0.9911623001098633,1.101733684539795,0.2832093611359596,0.48300953209400177,0.014018261859740797,0.012071254465427594,0.003975672577828696,0.005200659841197395,1.0,1.0,0.0,1.0
novel,100,1,43,100,Aradio24.jpg,swingset.jpg,1.2201436758041382,1.1652847528457642,0.46821513772010803,0.33128834515810013,0.017625154853085207,0.017831321949944287,0.007089764297331363,0.004934366247366019,0.0,0.0,1.0,0.0
novel,100,1,44,100,Astampandseal.jpg,Abutterdish.jpg,1.0403388738632202,1.1029623746871948,0.29061079025268555,0.27918678522109985,0.01459052187448683,0.014074568996579013,0.004182417976681653,0.0036566609339551887,1.0,0.0,0.0,0.0
novel,100,1,45,100,ABUGLE2.jpg,Aspecimenbot5.jpg,1.0470168590545654,1.2110247611999512,0.29030851274728775,0.5415667593479156,0.014859552395252303,0.014677076494935652,0.004110016037925324,0.006746268127642944,1.0,1.0,0.0,1.0
novel,100,1,46,100,ALOAFBR4.jpg,Aglassbottle6.jpg,0.9617831707000732,1.0886231660842896,0.3041071146726608,0.28200867027044296,0.012187525859867843,0.013509159885700568,0.0038613632614696858,0.0035101590141989355,1.0,0.0,1.0,0.0
novel,100,1,47,100,launmower.jpg,Atrowel42.jpg,0.9850240349769592,0.9835768938064575,0.24925268068909645,0.2505059912800789,0.015704218779054934,0.017305933297516302,0.004003601714376078,0.004480393980326389,0.0,1.0,1.0,1.0
novel,100,1,48,100,catslmifru.jpg,railroadblock.jpg,1.0455931425094604,1.1901322603225708,0.36164364218711853,0.3754650577902794,0.013377025200369553,0.015764199819808904,0.004599942846463717,0.005133448186738591,1.0,1.0,1.0,1.0
novel,100,1,49,100,AWOODMAS9.jpg,8258244.thl.jpg,1.0889078378677368,1.2459758520126343,0.2999097853899002,0.4098842591047287,0.012714697551544148,0.02250894025500092,0.0035132151339705995,0.007594501231960788,1.0,1.0,1.0,1.0
novel,100,1,50,100,APANTRAC2.jpg,AEAREXAM2.jpg,0.9468671083450317,0.973743200302124,0.27138132601976395,0.34681595861911774,0.01463513226169251,0.017861498078715357,0.00405558214242914,0.006184873092955959,1.0,1.0,1.0,1.0
novel,100,1,51,100,ABATHSALT.jpg,26439504.thl.jpg,1.188409447669983,1.0521501302719116,0.3466000035405159,0.27387046813964844,0.014170997079179768,0.016751308068648208,0.004058376844130498,0.004419868658422819,0.0,0.0,1.0,1.0
novel,100,1,52,100,Arecyclingbox.jpg,Adustpanbrus4.jpg,1.2377513647079468,0.9613326787948608,0.5169947594404221,0.9332428276538849,0.018179171805914707,0.016290206830090196,0.007638478468405116,0.015473252101929411,0.0,1.0,0.0,1.0
novel,100,1,53,100,8250565.thl.jpg,22855536.thl.jpg,1.0737875699996948,1.2122853994369507,0.36917801946401596,0.5086151137948036,0.020360869811535346,0.021354806295755858,0.007198586237714803,0.009545787527255852,1.0,1.0,1.0,1.0
novel,100,1,54,100,Arefrigerat10.jpg,26372669.thl.jpg,1.394049048423767,0.9356594681739807,0.6509544104337692,0.3313642591238022,0.02250228129496244,0.01744781416604014,0.010310009371002666,0.0062302198341508816,0.0,0.0,0.0,0.0
novel,100,1,55,100,Aroadsignind3.jpg,ATOMATOSA.jpg,1.1329139471054077,1.108105182647705,0.33282018452882767,0.37987737357616425,0.01895604015212927,0.014469421321129895,0.005422724475355782,0.004922520078389795,0.0,1.0,0.0,0.0
novel,100,1,56,100,8079080.thl.jpg,Abottleofwin4.jpg,1.1635093688964844,1.0457018613815308,0.4620816558599472,0.40698276460170746,0.017209890503308643,0.016054265761112456,0.006767275703026879,0.006122491962985047,0.0,0.0,0.0,0.0
novel,100,1,57,100,26428057.thl.jpg,26421357.thl.jpg,1.1883410215377808,0.990750253200531,0.31288717687129974,0.28767499327659607,0.02287260373976603,0.015903688123011423,0.006455473857308774,0.004707668610260342,0.0,0.0,0.0,0.0
novel,100,1,58,100,AFIRSTA15.jpg,26461413.thl.jpg,1.1942219734191895,0.9893502593040466,0.35556089133024216,0.2697790563106537,0.013952129148101466,0.015297201048310742,0.003956874639813179,0.004161684861753543,0.0,0.0,1.0,1.0
novel,100,1,59,100,APITCHE15.jpg,ACANTELOP.jpg,1.3280082941055298,1.2532968521118164,0.5645759999752045,1.0426853001117706,0.014548189060663491,0.012117434768047287,0.006393844156919974,0.010195159481883233,0.0,1.0,0.0,1.0
novel,100,1,60,100,AMUSISTA2.jpg,26387690.thl.jpg,1.0598355531692505,1.0293290615081787,0.24887153506278992,0.2550309896469116,0.015566730765263456,0.015857066462647444,0.0035326545593033893,0.0037622297934707455,0.0,1.0,1.0,1.0
novel,100,1,61,100,Acucumber2.jpg,Acookiecutte3.jpg,0.9626277685165405,1.3471124172210693,1.018495924770832,1.241111382842064,0.015981139170258462,0.02121171191508687,0.016233650312182827,0.019300638745037183,1.0,1.0,1.0,1.0
novel,100,1,62,100,26431414.thl.jpg,AONETOAST.jpg,0.9965476989746094,1.094285249710083,0.2647581361234188,0.42450056225061417,0.020123378252960535,0.019880277176466274,0.005585195285453288,0.007566334051648939,1.0,1.0,0.0,1.0
novel,100,1,63,100,Asoapdish3.jpg,AGLASSBA4.jpg,0.9204740524291992,1.2518256902694702,0.2675199657678604,0.9907437935471535,0.01647349025779726,0.01781585042565802,0.004662668804302839,0.014264647040703553,1.0,1.0,1.0,1.0
novel,100,1,64,100,peanutbutter.jpg,Ahandbag50.jpg,1.1711699962615967,1.2932078838348389,0.4902059733867645,0.588995099067688,0.014483531834173195,0.017234037653790266,0.006254830372965365,0.008310165647725675,1.0,1.0,1.0,1.0
novel,100,1,65,100,AINCENSE4.jpg,ASEWINGT4.jpg,0.9051626920700073,1.2149072885513306,0.22412240877747536,0.33004235476255417,0.016961764074702294,0.015352105473189565,0.004010075836291174,0.004203027380154013,1.0,1.0,0.0,1.0
novel,100,1,66,100,Aflatwoodenba.jpg,26437080.thl.jpg,0.9816458225250244,1.031876802444458,0.298160657286644,0.41138458251953125,0.016097539524861842,0.016336326740239555,0.004825750331217176,0.006541213907134994,1.0,1.0,1.0,1.0
novel,100,1,67,100,ALITERBOX.jpg,Abandage3.jpg,1.1142635345458984,0.9050790667533875,0.3260898068547249,0.8139393478631973,0.018260948876790743,0.014451500302697859,0.0052890709222726895,0.012778190757256544,0.0,1.0,0.0,1.0
novel,100,1,68,100,22866972.thl.jpg,AHOSPLIF2.jpg,1.2757022380828857,1.0550861358642578,0.33482903987169266,0.25276463851332664,0.024311752615721036,0.017181995983620555,0.006613631057811512,0.003937108088529473,0.0,0.0,0.0,0.0
novel,100,1,69,100,Ahappbirt.jpg,superman.jpg,0.8728399872779846,1.1525936126708984,0.23838301748037338,0.34732819348573685,0.01479043058524217,0.014814526618992973,0.003988702160093657,0.004360681588364416,1.0,1.0,1.0,1.0
novel,100,1,70,100,Apizzadoughin.jpg,Atoyboxwithb2.jpg,0.9669584035873413,1.2392874956130981,0.2589258998632431,0.3652840256690979,0.01706391515521691,0.013380655896695636,0.004735089035277437,0.003959609184894825,1.0,1.0,0.0,0.0
novel,100,1,71,100,Afish57.jpg,ATEETH7.jpg,1.038262128829956,1.3326442241668701,0.36664827167987823,0.5048438310623169,0.012065526163944778,0.014579246093645021,0.004164822362707577,0.005580011929599874,1.0,1.0,1.0,1.0
novel,100,1,72,100,Brusselssprouts.jpg,ACEDAR.jpg,1.107367992401123,1.2660045623779297,0.42089009284973145,0.9017220735549927,0.016047077951161316,0.018337375144526186,0.005543254775954704,0.012371009702978981,1.0,1.0,1.0,1.0
novel,100,1,73,100,Afrenchsigns2.jpg,keys-a.jpg,1.1010715961456299,1.0262771844863892,0.30602820962667465,0.2717052921652794,0.013515447957093318,0.018045401066582464,0.0037154829943390204,0.004712022567703946,0.0,0.0,1.0,1.0
novel,100,1,74,100,22849260.thl.jpg,Ahousboa2.jpg,1.0723901987075806,1.2366957664489746,0.3235519677400589,0.4585660547018051,0.014836361636268032,0.018286181004964003,0.004465912387528109,0.006751713085892975,1.0,1.0,1.0,1.0
novel,100,1,75,100,Alighter12.jpg,AWALKER11.jpg,1.048109531402588,1.0840351581573486,0.35424619913101196,0.2843569964170456,0.014608140077137144,0.017924385322738764,0.004861459760909156,0.004490383932706406,1.0,0.0,1.0,0.0
novel,100,1,76,100,Atoyslide.jpg,Aantiquemeta2.jpg,1.1540155410766602,1.1296061277389526,0.3162195235490799,0.3416856825351715,0.01647363723355515,0.013567617628662515,0.004354466805790808,0.004097866104263604,0.0,1.0,0.0,0.0
novel,100,1,77,100,Acheque.jpg,ASPARKER2.jpg,0.8571639060974121,1.1482843160629272,0.22049695253372192,0.2949213311076164,0.01663846142074328,0.021173962215294218,0.004308765775571724,0.00548196180756679,1.0,1.0,1.0,1.0
novel,100,1,78,100,AMUSICSTA.jpg,Aeiffeltower2.jpg,0.9868906736373901,0.9343425631523132,0.25318191945552826,0.24260812625288963,0.018035570297808435,0.016155641010594298,0.004482835325068247,0.00402895872642976,0.0,0.0,0.0,0.0
novel,100,1,79,100,Awildberries.jpg,22910996.thl.jpg,0.9950525760650635,1.0248141288757324,0.2909812927246094,0.35754120349884033,0.014505078612015214,0.01595855350317798,0.004207781910141699,0.005600318904612969,1.0,1.0,1.0,1.0
novel,100,1,80,100,APOKCHIP4.jpg,Aleaf74.jpg,0.9167548418045044,1.0521341562271118,0.2703370824456215,0.5802366882562637,0.014067034566362765,0.013784824514861592,0.004047476681775551,0.007573510146754782,1.0,1.0,0.0,1.0
novel,100,1,81,100,ACREAME11.jpg,26428041.thl.jpg,1.4394137859344482,1.1216700077056885,1.2558915615081787,0.8364955931901932,0.01923402148500605,0.020491349509658585,0.017812186933169823,0.01506306446963125,0.0,0.0,1.0,0.0
novel,100,1,82,100,Aruler12.jpg,batslcshi.jpg,0.9950907230377197,1.293534755706787,0.3346208855509758,0.4419547766447067,0.015274727580835479,0.013586235106065749,0.005020083057693606,0.004606008921812446,1.0,1.0,0.0,0.0
novel,100,1,83,100,26433592.thl.jpg,Aflyingeagle9.jpg,0.8689835071563721,1.1871808767318726,0.231392040848732,1.1056286320090294,0.016887453539298863,0.01795243437947142,0.004280520992570908,0.01647828779792544,1.0,1.0,1.0,1.0
novel,100,1,84,100,Acork6.jpg,26464872.thl.jpg,1.1421040296554565,1.1389089822769165,0.32054243981838226,0.9496920928359032,0.018037026478523673,0.014765113574339472,0.005358612137975907,0.01248865277581092,0.0,1.0,0.0,1.0
novel,100,1,85,100,B_brush.jpg,Aboot9.jpg,0.9182302951812744,1.1430389881134033,0.3230057954788208,0.34466657787561417,0.01445285881500937,0.014089912454268765,0.005239356078536901,0.004360938714707692,1.0,1.0,0.0,0.0
novel,100,1,86,100,ABOWARRO8.jpg,Afaucet9.jpg,1.1564080715179443,1.2688755989074707,0.302435465157032,0.4735126793384552,0.01873974174255917,0.016541616698232186,0.004797148115045845,0.0062040234245927025,1.0,1.0,0.0,1.0
novel,100,1,87,100,APALLETT2.jpg,pinballmachine.jpg,1.1909466981887817,1.0862691402435303,0.43911195546388626,0.30856987088918686,0.012988706266163658,0.01481396262603522,0.004709944066621182,0.004148027662181466,0.0,0.0,1.0,0.0
novel,100,1,88,100,ASKIHOLD.jpg,26554952.thl.jpg,0.9941035509109497,0.9713194370269775,0.25792909413576126,0.25596463680267334,0.01530088701165069,0.01789427977119064,0.00394624301645707,0.00452916670374949,0.0,0.0,1.0,1.0
novel,100,1,89,100,ALAB2.jpg,35311992.thl.jpg,0.9360978603363037,1.0677050352096558,0.21065456792712212,0.4196372330188751,0.016763387296120685,0.012745359030650378,0.003697338154796082,0.005080642679417507,1.0,1.0,0.0,1.0
novel,100,1,90,100,34935544.thl.jpg,26423296.thl.jpg,1.0286176204681396,1.0188841819763184,0.34750474244356155,0.3407101631164551,0.01727216697794542,0.01795920833610724,0.005799700003019562,0.006124676376897212,0.0,0.0,1.0,1.0
novel,100,1,91,100,APERSRUG.jpg,driverlicencepitt.jpg,1.0255721807479858,1.150895118713379,0.3015361651778221,0.348498597741127,0.015869459597027173,0.01567373686300429,0.004758572955709926,0.004701925716158242,1.0,1.0,0.0,0.0
novel,100,1,92,100,E_helicopter.jpg,ACHEESEB3.jpg,1.0380414724349976,1.268315076828003,0.255739014595747,1.3887124359607697,0.017831289937593992,0.013239501336142103,0.00434826802622448,0.01501693309051523,1.0,1.0,0.0,1.0
novel,100,1,93,100,carseat.jpg,ASOPRASAX.jpg,1.04462468624115,0.9509334564208984,0.25419332832098007,0.34531690925359726,0.016926577249332806,0.015271049697017033,0.004116313648887894,0.005432739176697814,0.0,1.0,0.0,1.0
novel,100,1,94,100,Asafetyrope.jpg,26688546.thl.jpg,1.1277141571044922,1.175549864768982,0.3734988048672676,0.618051752448082,0.015889150913776476,0.017942297862141892,0.0052525097128483895,0.009626998105621941,1.0,1.0,1.0,1.0
novel,100,1,95,100,AARMHEL12.jpg,Ametalhousin4.jpg,1.1109294891357422,0.9876804351806641,0.3121909648180008,0.4516821652650833,0.01616187990770006,0.01799009439530786,0.0047763467282158694,0.008105673339814838,0.0,1.0,1.0,1.0
novel,100,1,96,100,AFIGHTP16.jpg,Aspraybottle4.jpg,1.137416124343872,1.2190293073654175,0.276737816631794,0.5547332763671875,0.01716784934502694,0.017232997078599918,0.004076123791924392,0.007793745688529199,1.0,1.0,1.0,1.0
novel,100,1,97,100,ACHILDISH.jpg,Asantaclaus2.jpg,1.2213300466537476,1.107629656791687,0.38598134368658066,0.3960195630788803,0.017400561385733815,0.013053375203427621,0.005628458071053478,0.004727469365126175,0.0,1.0,0.0,0.0
novel,100,1,98,100,ASHARK3.jpg,Ashark7.jpg,0.9778796434402466,0.9649691581726074,0.2211633250117302,0.27514859288930893,0.013995851954591278,0.014712277844351238,0.003244207220983723,0.004004197461561053,0.0,1.0,1.0,1.0
novel,100,1,99,100,ignitionkey01.jpg,26375899.thl.jpg,1.050317645072937,1.2533732652664185,0.2434065267443657,0.7804032862186432,0.017522250803855385,0.018259828212363712,0.004014442122247891,0.01161857457697119,1.0,1.0,1.0,1.0
novel,100,1,100,100,AFRYINGP2.jpg,Apeanut3.jpg,0.9767006039619446,0.9797167778015137,0.24060877412557602,0.3497235104441643,0.017003836484769635,0.013876885514362133,0.0042754385543618,0.004786352772182112,1.0,1.0,0.0,1.0
novel,1000,1,1,1000,ACHINCHI4.jpg,Aknife92.jpg,0.445112019777298,0.365100622177124,0.18739374354481697,0.12117007002234459,0.007702550215593627,0.00503685282021084,0.00329414060099533,0.001700429771236932,0.0,0.0,0.0,0.0
novel,1000,1,2,1000,ACHAIR.jpg,Lanyard.jpg,0.6943693161010742,0.36338329315185547,0.30310598760843277,0.1457604430615902,0.009321660274118071,0.006995142327728602,0.003954622302238659,0.002786022120240197,0.0,0.0,0.0,0.0
novel,1000,1,3,1000,Astapler12.jpg,Asandgarden.jpg,0.4579508900642395,0.44536375999450684,0.15465405210852623,0.16804438084363937,0.008030736994116406,0.007064002804648441,0.0026441108501487434,0.0026108577282181787,0.0,1.0,0.0,0.0
novel,1000,1,4,1000,AMETALPER.jpg,APIPEST18.jpg,0.5414324998855591,0.7494146823883057,0.18892204016447067,0.2815036326646805,0.008258792633997024,0.008298435760204228,0.003020470420860716,0.003270516734745788,1.0,1.0,1.0,1.0
novel,1000,1,5,1000,Abowlofpasta.jpg,ADOMINO.jpg,0.5552058219909668,0.4580535888671875,0.21821614354848862,0.1735767237842083,0.005970548715670816,0.007687490291393482,0.0023494916804808062,0.002884175254558375,0.0,0.0,1.0,1.0
novel,1000,1,6,1000,Agardeningrak.jpg,A_computerkey.jpg,0.36975473165512085,0.41438382863998413,0.11597291752696037,0.12661996111273766,0.006651931407290599,0.007392965927804046,0.0021033494868119775,0.0022343623471320472,1.0,1.0,1.0,1.0
novel,1000,1,7,1000,AOVEN.jpg,Asandal7.jpg,0.6648831367492676,0.475747287273407,0.2599312290549278,0.1399107724428177,0.011646190267553161,0.007526876338984245,0.004546803112686689,0.0022734875138542103,0.0,0.0,0.0,0.0
novel,1000,1,8,1000,DSCN3767-sm.jpg,ARCMPPOL2.jpg,0.47440701723098755,0.5135137438774109,0.19502627477049828,0.19593127071857452,0.007164079040002782,0.007152003218810831,0.002934260298498967,0.002757203247131558,1.0,1.0,0.0,0.0
novel,1000,1,9,1000,ATURKEY11.jpg,AANTRAD24.jpg,0.569722056388855,0.5909620523452759,0.206262044608593,0.1573917604982853,0.007647325261925615,0.008531642567820139,0.0028636175854782507,0.0023163575074969557,1.0,0.0,1.0,0.0
novel,1000,1,10,1000,AHOUSBOA3.jpg,Asign7.jpg,0.5619782209396362,0.6322308778762817,0.25422292947769165,0.2882315218448639,0.006943754289520709,0.0073648223259003345,0.003036670141842257,0.0033293184981987006,1.0,1.0,1.0,1.0
novel,1000,1,11,1000,ACARMON.jpg,Abeesonahoney.jpg,0.46426862478256226,0.7546670436859131,0.16355518624186516,0.34185099601745605,0.007431537045993903,0.008618901439720586,0.002644699766723075,0.004020350377985528,1.0,1.0,1.0,1.0
novel,1000,1,12,1000,26376346.thl.jpg,23060574.thl.jpg,0.5974042415618896,0.47596246004104614,0.28361301124095917,0.14691274240612984,0.006912579989637663,0.008095715848384167,0.0033025580277768873,0.002461328827837611,0.0,0.0,1.0,0.0
novel,1000,1,13,1000,Avacuum20.jpg,AMECHHAN4.jpg,0.4083836078643799,0.5151376128196716,0.14130184799432755,0.16755549982190132,0.007844777149363035,0.007209735472792645,0.0026661742024443164,0.0023336495558273678,1.0,1.0,0.0,0.0
novel,1000,1,14,1000,26431734.thl.jpg,AXMASTIN3.jpg,0.7191336154937744,0.5595865249633789,0.26447105407714844,0.19137517362833023,0.010140427060771565,0.007584477027081466,0.0036541461133259424,0.0026254628306981633,0.0,0.0,0.0,0.0
novel,1000,1,15,1000,Adrinkinggl21.jpg,patioheater.jpg,0.6852590441703796,0.7463264465332031,0.2381054013967514,0.2945272997021675,0.011645173409032707,0.012509251901864584,0.0040684075170542055,0.004967434219996764,1.0,1.0,1.0,1.0
novel,1000,1,16,1000,26433347.thl.jpg,ADIAMCRYS.jpg,0.43064215779304504,0.6542913913726807,0.20835713669657707,0.25096406787633896,0.007440212195039219,0.012623730447159776,0.003532090505203895,0.005292488846841317,1.0,1.0,1.0,1.0
novel,1000,1,17,1000,makeupfoundation.jpg,AFOODBLEN.jpg,0.5436438918113708,0.5681723356246948,0.18823688849806786,0.19069099053740501,0.008105938452680978,0.00889632775622701,0.0028442631931830447,0.0029271738667150083,1.0,1.0,1.0,1.0
novel,1000,1,18,1000,asparagus.jpg,Aangel37.jpg,0.4668520987033844,0.5380018353462219,0.13148315995931625,0.16398552805185318,0.007032870998221289,0.007880634839863898,0.0019208973453379524,0.00243135169421372,1.0,1.0,1.0,1.0
novel,1000,1,19,1000,Awoodenegg.jpg,Aantiquecigar.jpg,0.38428959250450134,0.5155081152915955,0.1743067391216755,0.1586189605295658,0.0056241116118971235,0.008025287058022296,0.002595886737658806,0.0025258562397809767,1.0,0.0,1.0,0.0
novel,1000,1,20,1000,ALEMUR3.jpg,Atoy17.jpg,0.46389785408973694,0.47338414192199707,0.1727011725306511,0.1890200898051262,0.0075982310439686495,0.005753523959811995,0.002794395450511485,0.002303487728926927,1.0,1.0,0.0,0.0
novel,1000,1,21,1000,26419670.thl.jpg,26369999.thl.jpg,0.43295514583587646,0.6245380640029907,0.1526792272925377,0.21198704838752747,0.007574699539367254,0.010475070944737184,0.002541049474709533,0.00352242935252369,1.0,1.0,1.0,1.0
novel,1000,1,22,1000,Agreenplastic.jpg,Aflyingeagle9.jpg,0.6910041570663452,0.604103684425354,0.24841371178627014,0.23436423763632774,0.010020570459784127,0.009135197479678133,0.0035285086591725677,0.003492964315056973,0.0,0.0,0.0,0.0
novel,1000,1,23,1000,26455183.thl.jpg,Aextensionco8.jpg,0.5924910306930542,0.7755133509635925,0.2233869433403015,0.3082030415534973,0.010564725620468438,0.009141933225263498,0.003940327302849267,0.0034815383215024637,1.0,1.0,0.0,0.0
novel,1000,1,24,1000,26441176.thl.jpg,D_exercisebike.jpg,0.5812395215034485,0.5434136390686035,0.26692135632038116,0.1667645014822483,0.007036412806454635,0.008885813997092117,0.003206095457070805,0.0026913031172085588,0.0,0.0,1.0,0.0
novel,1000,1,25,1000,ADENTRAY3.jpg,Aropeandclamp.jpg,0.7134273648262024,0.47110509872436523,0.25255236774683,0.15491123870015144,0.012413605763394621,0.006748896845171124,0.004565084386233412,0.0022483837415841943,0.0,0.0,0.0,0.0
novel,1000,1,26,1000,26372404.thl.jpg,8256530.thl.jpg,0.4226800203323364,0.4877510070800781,0.15470057725906372,0.16037122905254364,0.006770303112002744,0.008772959623705839,0.00252451154494058,0.00300180535885367,1.0,1.0,1.0,1.0
novel,1000,1,27,1000,Abeverageingl.jpg,Atray26.jpg,0.6797027587890625,0.5933624505996704,0.2038051038980484,0.2252751737833023,0.007634270048013347,0.009958010617123198,0.0022995422203326518,0.003945865764569713,0.0,1.0,1.0,1.0
novel,1000,1,28,1000,26455774.thl.jpg,gumballmachine.jpg,0.7396305203437805,0.5472857356071472,0.33963678777217865,0.16500289738178253,0.014465864758623864,0.006401565415324914,0.006895126517986692,0.00192319292013973,0.0,0.0,0.0,0.0
novel,1000,1,29,1000,Ajoystick10.jpg,Adicecupandb5.jpg,0.554240345954895,0.7205742597579956,0.20620867609977722,0.2610192075371742,0.007605842894988513,0.009181903733077253,0.0029016604898901696,0.0033973054871030066,1.0,1.0,1.0,1.0
novel,1000,1,30,1000,ACAMPSTO7.jpg,Aglassjarwit2.jpg,0.7708153128623962,0.44422706961631775,0.27860135585069656,0.1446186527609825,0.012868362276909831,0.008517070526908085,0.004928852002511095,0.0026977996684212453,0.0,0.0,0.0,0.0
novel,1000,1,31,1000,8020414.thl.jpg,ABAROMET2.jpg,0.5774288773536682,0.9327392578125,0.17589064314961433,0.5548690408468246,0.01161330075081656,0.009971559814467953,0.0035788146601093075,0.006154374194169479,1.0,1.0,0.0,1.0
novel,1000,1,32,1000,Abells3.jpg,et060.jpg,0.42600786685943604,0.48804813623428345,0.14997073262929916,0.17394550889730453,0.006531965438168957,0.008561443552104852,0.0022269156658942194,0.0029796470365971153,1.0,1.0,1.0,1.0
novel,1000,1,33,1000,AWOODPYRA.jpg,22869912.thl.jpg,0.43858933448791504,0.42401835322380066,0.15224194899201393,0.16312429681420326,0.0059262602917434124,0.008279718194403046,0.001987412298530849,0.003197594511350892,0.0,1.0,1.0,1.0
novel,1000,1,34,1000,Acampingcoffe.jpg,AASCENDER.jpg,0.7314937114715576,0.480678528547287,0.24991118535399437,0.151288740336895,0.010990671607846145,0.006718261769149049,0.0038270133736708653,0.0021531351164122046,0.0,0.0,0.0,0.0
novel,1000,1,35,1000,Acandle109.jpg,ACOMB11.jpg,0.6231326460838318,0.36628979444503784,0.19953317195177078,0.18187826871871948,0.008388748949445673,0.005596730246619779,0.002745748086356542,0.0028442260207892623,0.0,0.0,0.0,1.0
novel,1000,1,36,1000,Aspraybottle4.jpg,tires.jpg,0.651962399482727,0.5314806699752808,0.26337780803442,0.2998460754752159,0.009216567688536247,0.009472447987354193,0.003700336257570773,0.005263836329384249,0.0,1.0,1.0,1.0
novel,1000,1,37,1000,ABONGO3.jpg,22856172.thl.jpg,0.6081334948539734,0.5958994626998901,0.3943423256278038,0.2197636514902115,0.008184784297677501,0.007652823490049493,0.005356246362672583,0.0027988832981010563,0.0,0.0,0.0,0.0
novel,1000,1,38,1000,Awindmill3.jpg,26370659.thm.jpg,0.3519865572452545,0.5738903880119324,0.1123323142528534,0.23621705174446106,0.006841999995444466,0.008035156074874069,0.0021048178165705496,0.0033711177002360452,1.0,1.0,1.0,1.0
novel,1000,1,39,1000,ACUSHIO60.jpg,seasponge.jpg,0.4163837432861328,0.6855874061584473,0.16777105256915092,0.4380117133259773,0.005647188700107273,0.008612190786155395,0.00234402417526375,0.005445020513520323,1.0,1.0,1.0,1.0
novel,1000,1,40,1000,8244991.thl.jpg,AFIREPLAC.jpg,0.5280574560165405,0.487882137298584,0.15321776643395424,0.1701856181025505,0.010079411067195428,0.008300308289286214,0.0029615276391541288,0.002797303488329856,0.0,1.0,0.0,0.0
novel,1000,1,41,1000,Ababtoy13.jpg,ARUSSDO13.jpg,0.4500296711921692,0.5429359078407288,0.15458102524280548,0.20825952664017677,0.005905400037158574,0.006670086702290233,0.002081628283153535,0.00256110635728218,1.0,1.0,1.0,1.0
novel,1000,1,42,1000,26282515.thl.jpg,AARMHEL12.jpg,0.2982161045074463,0.593147873878479,0.09923267923295498,0.2173432670533657,0.0054988632354512285,0.008629156754664434,0.0018458994665035196,0.0033252301298831006,1.0,1.0,1.0,1.0
novel,1000,1,43,1000,ABULDOZER.jpg,Achair611.jpg,0.5751842856407166,0.6800623536109924,0.19143074750900269,0.2089148685336113,0.0072063870236334536,0.007892273186104925,0.002450334875406821,0.0023705959074370613,1.0,1.0,1.0,0.0
novel,1000,1,44,1000,Acomputerbag.jpg,Amouthpiece4.jpg,0.4976460933685303,0.5360280275344849,0.13505789265036583,0.1439027525484562,0.007260013596829574,0.00823292000315087,0.002002818318742279,0.0021993350676407634,1.0,1.0,1.0,1.0
novel,1000,1,45,1000,Ahourglass4.jpg,AFRUIT3.jpg,0.7476232647895813,0.45879897475242615,0.4463265985250473,0.17380894348025322,0.008998260314561626,0.005974779857820943,0.005319069113575017,0.0021836449727108548,0.0,0.0,0.0,0.0
novel,1000,1,46,1000,ABEARIN12.jpg,Acablelatch.jpg,0.7501286268234253,0.4036111831665039,0.29999205470085144,0.13576577231287956,0.013204805093863788,0.007122280674126364,0.005223687501259567,0.002359800056476532,0.0,0.0,0.0,0.0
novel,1000,1,47,1000,23070748.thl.jpg,ACAESALAD.jpg,0.3987099230289459,0.769495964050293,0.20719555765390396,0.3966573402285576,0.006806878427288114,0.009846346352904203,0.003387328213020297,0.00532161595756385,1.0,1.0,1.0,1.0
novel,1000,1,48,1000,Apartyha3.jpg,Atoycoil.jpg,0.5283177495002747,0.8161928653717041,0.17366605252027512,0.2556145042181015,0.0070121000072917265,0.008028477389687224,0.0023228800925226487,0.0025682349825680365,1.0,1.0,1.0,1.0
novel,1000,1,49,1000,26465344.thl.jpg,8079958.thl.jpg,0.47035014629364014,0.5663699507713318,0.2553215026855469,0.17387967184185982,0.008182006616806735,0.008718685876417656,0.004475739078442872,0.0028059278262025085,1.0,0.0,1.0,0.0
novel,1000,1,50,1000,Aswitch17.jpg,ATOASTOV2.jpg,0.6074320077896118,0.6162533760070801,0.20388775318861008,0.20775507763028145,0.0109601829443718,0.009934536357542252,0.0037840952202834845,0.003392399377192909,1.0,1.0,0.0,0.0
novel,1000,1,51,1000,Anailpolish.jpg,AMINCOLLE.jpg,0.4481484293937683,0.4849587380886078,0.15824125334620476,0.23645154759287834,0.007221279068653867,0.006695209347893761,0.002526956999403577,0.003157470604254047,1.0,1.0,0.0,1.0
novel,1000,1,52,1000,ACAT6.jpg,Hammock.jpg,0.8210407495498657,0.37171196937561035,0.4990696310997009,0.11394570395350456,0.010755722163111119,0.006058530638711172,0.0067919978302955,0.0018161007502059243,0.0,0.0,0.0,0.0
novel,1000,1,53,1000,babyswig.jpg,Atoyseasaw.jpg,0.6938918828964233,0.4583738148212433,0.24144088476896286,0.1788359321653843,0.0075712094328636405,0.006233988059549865,0.002585458931827835,0.0024242965912796123,0.0,0.0,0.0,0.0
novel,1000,1,54,1000,APEPPSHA4.jpg,ANAPKHOL7.jpg,0.4602486491203308,0.8237488269805908,0.16235089302062988,0.3412707895040512,0.008057791405364908,0.013073277306193915,0.0028572472578262107,0.005430317513559476,1.0,1.0,1.0,1.0
novel,1000,1,55,1000,AKNIFE13.jpg,Acamcorde.jpg,0.48073527216911316,0.5843905210494995,0.15412989631295204,0.21316111832857132,0.00826757761962943,0.00899591450509807,0.002618641047250016,0.0034004891957892373,1.0,1.0,1.0,1.0
novel,1000,1,56,1000,footballpads.jpg,22857084.thl.jpg,0.418353796005249,0.6991440653800964,0.13724026083946228,0.31534671783447266,0.007041320791836945,0.011038739386408208,0.002251784997025016,0.004801827255622133,1.0,1.0,1.0,1.0
novel,1000,1,57,1000,AABSTRACT.jpg,changepurse03.jpg,0.4715072512626648,0.5897158980369568,0.16370142251253128,0.2690007910132408,0.00703610927311778,0.0076684359234911684,0.002426940361215425,0.0033300102942977416,1.0,1.0,1.0,1.0
novel,1000,1,58,1000,Aroadsignind3.jpg,Aindustrialve.jpg,0.560967206954956,0.5402714014053345,0.22076664492487907,0.1807570606470108,0.009386164700536239,0.009557151928169888,0.0035970074665727728,0.003297405362764647,0.0,0.0,1.0,0.0
novel,1000,1,59,1000,26373195.thl.jpg,donaldduck.jpg,0.608819842338562,0.48522669076919556,0.22855142503976822,0.15651635825634003,0.008830558803058901,0.0063925139615041,0.003298642701810901,0.0020692071850658606,0.0,0.0,0.0,0.0
novel,1000,1,60,1000,Aplantinpot4.jpg,26432173.thl.jpg,0.5532732605934143,0.41410890221595764,0.21356883272528648,0.1531141847372055,0.007393745560718291,0.006928385245894416,0.002824489441349946,0.0025990234233655724,0.0,0.0,0.0,0.0
novel,1000,1,61,1000,8081398.thl.jpg,26432148.thl.jpg,0.5615843534469604,0.6436740159988403,0.2240961194038391,0.23932594805955887,0.009234161381694257,0.008788961477966106,0.0036983152147380413,0.0032642274583486184,1.0,1.0,0.0,0.0
novel,1000,1,62,1000,APAGODAMO.jpg,bountytowel.jpg,0.5389006733894348,0.5339012145996094,0.18138321861624718,0.21578658372163773,0.008089707670396216,0.007237873190946779,0.002778845602295855,0.0029931828348816096,0.0,1.0,0.0,1.0
novel,1000,1,63,1000,AWOODFLUT.jpg,26440756.thl.jpg,0.37144583463668823,0.645584225654602,0.11965572088956833,0.21832436695694923,0.005993965354951841,0.00877493603111375,0.0019221439633515373,0.0030543069693145415,1.0,1.0,1.0,1.0
novel,1000,1,64,1000,gameboy.jpg,ABROOCH41.jpg,0.5660644173622131,0.4004761576652527,0.19590305164456367,0.16047188267111778,0.00651595641543681,0.007132381491693385,0.002314017633027864,0.00284069202097124,0.0,0.0,1.0,1.0
novel,1000,1,65,1000,AKNIFECOL.jpg,ASCSIPORT.jpg,0.621405303478241,0.49708324670791626,0.18924043700098991,0.19884392246603966,0.007682083392629202,0.006443325420216931,0.002414716200014309,0.0026115517383608054,0.0,1.0,0.0,1.0
novel,1000,1,66,1000,Acocktailumb4.jpg,ABROOCH53.jpg,0.4990495443344116,0.4581729471683502,0.1585172489285469,0.16668801009655,0.0059976154808962364,0.00732820514430072,0.0019264454049898448,0.002657304629369187,0.0,1.0,1.0,1.0
novel,1000,1,67,1000,26424087.thl.jpg,marshmallows.jpg,0.7242802977561951,0.4626079201698303,0.2852940857410431,0.15482260286808014,0.009877661081968497,0.009503182287695368,0.003987602715479647,0.00325831347052565,0.0,0.0,0.0,0.0
novel,1000,1,68,1000,Adress6.jpg,ABAPITCHS.jpg,0.5111209154129028,0.43235403299331665,0.17711658403277397,0.12485741451382637,0.007045214337947864,0.005892010865513162,0.0024341431826224134,0.0017334019539185055,0.0,0.0,0.0,0.0
novel,1000,1,69,1000,Ashoeshines15.jpg,Avacuum13.jpg,0.5037593841552734,0.6771942377090454,0.13773217797279358,0.24468397721648216,0.007935416289099178,0.009154015157239083,0.0022330246706525046,0.0033093063406662826,1.0,1.0,1.0,1.0
novel,1000,1,70,1000,APROSTAR2.jpg,Apotboilinge2.jpg,0.5861605405807495,0.5146175622940063,0.16676027700304985,0.19410522654652596,0.00797194883297942,0.008900371847076392,0.0022311399089429106,0.003467410735418728,0.0,1.0,1.0,1.0
novel,1000,1,71,1000,Agarbagebin.jpg,Azebratoy2.jpg,0.6166939735412598,0.6322271227836609,0.23300550132989883,0.22444096580147743,0.007406878772933109,0.008951510364656919,0.002735024186497776,0.003423080810382806,1.0,0.0,1.0,1.0
novel,1000,1,72,1000,AHEARTSPO.jpg,Aembossedsta2.jpg,0.40531420707702637,0.4748076796531677,0.2153717651963234,0.12721525877714157,0.0064600557113463535,0.008163834509868417,0.0034212036074532104,0.0021361151343610297,1.0,0.0,1.0,0.0
novel,1000,1,73,1000,Agardeningpai.jpg,ACHIPPER.jpg,0.6041996479034424,0.627173662185669,0.226980522274971,0.21821533143520355,0.00830765459996236,0.007643761197858496,0.00302534176166247,0.0026433204662941086,1.0,0.0,0.0,0.0
novel,1000,1,74,1000,ASOPRASAX.jpg,AGHOST.jpg,0.4316037893295288,0.487142413854599,0.17446467652916908,0.1886231191456318,0.006931129483107389,0.007958076368406635,0.0027447861883701102,0.0031993880977475245,1.0,1.0,1.0,1.0
novel,1000,1,75,1000,03015528000.jpg,ASHAKER2.jpg,0.739793598651886,0.656622052192688,0.3468444272875786,0.3627248629927635,0.009261145090586563,0.007194344686792516,0.004369085750680128,0.003905530849861501,0.0,1.0,0.0,0.0
novel,1000,1,76,1000,26420893.thl.jpg,Ajar33.jpg,0.7027882933616638,0.53468257188797,0.2480042278766632,0.16513971239328384,0.010117047272765547,0.009826213280858271,0.0036609236268603557,0.0032001267986108963,0.0,0.0,0.0,0.0
novel,1000,1,77,1000,8022302.thl.jpg,rollerblades.jpg,0.7836073637008667,0.8185604810714722,0.24024060368537903,0.39824166893959045,0.011632730571217088,0.008198282650397893,0.0036834161055529706,0.004135489428013396,1.0,1.0,0.0,1.0
novel,1000,1,78,1000,Aintercom6.jpg,DSCN3757-sm.jpg,0.5633166432380676,0.5133483409881592,0.23035688698291779,0.19611231237649918,0.007894443329736467,0.00821910620121749,0.003384642004591354,0.003194023454323158,0.0,0.0,1.0,0.0
novel,1000,1,79,1000,AHEATER.jpg,4555.jpg,0.7297351956367493,0.5940967202186584,0.33890121430158615,0.2067679613828659,0.011629096976051669,0.010005596505145712,0.005752080337366476,0.003465627403077034,0.0,0.0,0.0,0.0
novel,1000,1,80,1000,AGERMANH4.jpg,Afitting3.jpg,0.6442546844482422,0.39096349477767944,0.2226640209555626,0.16921421885490417,0.007405002222567796,0.007641136254867228,0.0026726020952484502,0.0032401884370587028,0.0,0.0,1.0,1.0
novel,1000,1,81,1000,Adiamondring3.jpg,Asandwichiro2.jpg,0.5091142654418945,0.4641847610473633,0.18173503875732422,0.1550622284412384,0.007010260221911214,0.007741519672891744,0.0025268921435695063,0.002559978662712847,0.0,0.0,1.0,1.0
novel,1000,1,82,1000,Abicyclegear2.jpg,Ahat47.jpg,0.49323078989982605,0.5657609701156616,0.14125123992562294,0.1668158546090126,0.006772395545413464,0.008788739699583424,0.0019750301801158944,0.002640286473739728,1.0,1.0,1.0,1.0
novel,1000,1,83,1000,Abowl74.jpg,monkeypuppet.jpg,0.6531806588172913,0.5605119466781616,0.20013561472296715,0.20471394434571266,0.008536548661243665,0.009244543990968667,0.0026687128517287953,0.0032769929342436597,0.0,1.0,1.0,1.0
novel,1000,1,84,1000,26391514.thl.jpg,ABROOM11.jpg,0.5907738208770752,0.5745282173156738,0.19566841423511505,0.5350081771612167,0.009391069212337995,0.008012138824131688,0.003163061313764444,0.007605784552464809,0.0,1.0,0.0,1.0
novel,1000,1,85,1000,Astatueofwo29.jpg,26425112.thl.jpg,0.5560945272445679,0.47561025619506836,0.14825676754117012,0.16713547334074974,0.007943456044305191,0.007424987766627464,0.002102870831562829,0.002510413521638819,0.0,1.0,0.0,1.0
novel,1000,1,86,1000,8079436.thl.jpg,snowflake.jpg,0.7266456484794617,0.676603376865387,0.4923555850982666,0.3774208053946495,0.009523840317238718,0.009638980459052319,0.0064182409627822345,0.0051110231442291435,0.0,0.0,1.0,0.0
novel,1000,1,87,1000,26387690.thl.jpg,A_flower.jpg,0.42756590247154236,0.3157650828361511,0.14702242985367775,0.10315405018627644,0.006586757516317547,0.005335115092249852,0.002168882168672036,0.0017052705245163844,0.0,0.0,0.0,0.0
novel,1000,1,88,1000,Abottleofwin4.jpg,948_01.jpg,0.4897395968437195,0.5408055782318115,0.14277099817991257,0.20306554064154625,0.007518787076731133,0.0085759791947326,0.0021477919089751057,0.0031887750817062117,1.0,1.0,1.0,1.0
novel,1000,1,89,1000,ABAGFLOU3.jpg,ABAGGROCE.jpg,0.4291704595088959,0.4782695770263672,0.12352751195430756,0.1342725083231926,0.005688082615926316,0.007328205625256643,0.001631597457316347,0.002050276670553395,1.0,1.0,1.0,1.0
novel,1000,1,90,1000,gun.jpg,8258007.thl.jpg,0.7034866809844971,0.5872697830200195,0.24987294524908066,0.18383873254060745,0.0071860730314921946,0.010818178730650125,0.002585176826839341,0.003504769455276051,0.0,0.0,1.0,1.0
novel,1000,1,91,1000,Atable132.jpg,ADAQUIRI.jpg,0.6140016913414001,0.5626731514930725,0.19009795784950256,0.3432408943772316,0.008338656100768156,0.008520188879696694,0.0024989893917373696,0.005264463796169744,0.0,1.0,1.0,1.0
novel,1000,1,92,1000,Asoundmixer2.jpg,Afloweredsan3.jpg,0.5658363699913025,0.447731077671051,0.24453771114349365,0.153894305229187,0.008736490057069245,0.005532435216285667,0.003933041875432222,0.0019098343333431983,0.0,0.0,0.0,0.0
novel,1000,1,93,1000,Acampingstov9.jpg,Acompass20.jpg,0.8183531165122986,0.48281991481781006,0.3057938665151596,0.15377076342701912,0.009728148630635352,0.008231379096837516,0.0038262041918418485,0.002626057567563161,0.0,0.0,0.0,0.0
novel,1000,1,94,1000,APBREAD2.jpg,ASMOKMEAT.jpg,0.643546462059021,0.6837482452392578,0.262900672852993,0.28418275713920593,0.00902997134775525,0.008912616128798586,0.003791710962356284,0.003759893986952672,1.0,1.0,0.0,0.0
novel,1000,1,95,1000,Acarvedpumpk2.jpg,AHOSPLIF2.jpg,0.7780170440673828,0.5319069027900696,0.3737398535013199,0.19931382685899734,0.00878324122033212,0.00866206270439974,0.004174515517419041,0.003104548502107616,0.0,0.0,0.0,0.0
novel,1000,1,96,1000,26432109.thl.jpg,Atoyball.jpg,0.5049755573272705,0.8385067582130432,0.18228409066796303,0.47928810119628906,0.008868297390656386,0.008473589281812556,0.0031324066887078316,0.004675416423290077,1.0,1.0,0.0,1.0
novel,1000,1,97,1000,Abeaver.jpg,855874.jpg,0.5617965459823608,0.7688596248626709,0.22022558003664017,0.40158500522375107,0.007864633102008177,0.009398491922614174,0.003109198514849564,0.005029749973218099,1.0,1.0,1.0,1.0
novel,1000,1,98,1000,ABOWARRO8.jpg,Abicyclerepa3.jpg,0.6201345920562744,0.43994569778442383,0.21327297389507294,0.16620763391256332,0.010049360936669612,0.007816851599305445,0.003382877217061004,0.002960341651076249,0.0,0.0,0.0,0.0
novel,1000,1,99,1000,ACOFGRIN2.jpg,ACOUNTING.jpg,0.5375247001647949,0.5704319477081299,0.1789459027349949,0.42319508641958237,0.008342489856617124,0.008850735164183996,0.0027155317297017953,0.006401020868241653,1.0,1.0,1.0,1.0
novel,1000,1,100,1000,AARCHERY.jpg,Asafetyrope.jpg,0.46166640520095825,0.5766317248344421,0.12276257947087288,0.2589389979839325,0.0076998123070445325,0.008124566353844866,0.0020217358161820553,0.0036414563693963472,1.0,1.0,1.0,1.0
exemplar,1,1,1,1,suitcase1.jpg,suitcase2.jpg,22.75820541381836,23.54819107055664,20.59270590543747,20.89968617260456,0.3228485635094443,0.3345923285352044,0.3090429647460092,0.31573245563065955,1.0,1.0,1.0,1.0
exemplar,1,2,1,1,metalpin1.jpg,metalpin2.jpg,20.064634323120117,19.061988830566406,17.691903859376907,16.669194042682648,0.3057685284330934,0.2991817353149502,0.27503481397014584,0.266362788943673,0.0,0.0,0.0,0.0
exemplar,1,3,1,1,chocolatebar1.jpg,chocolatebar2.jpg,20.182315826416016,16.805423736572266,17.98321560025215,14.732961863279343,0.308504665711023,0.28871097126497086,0.26919937213968953,0.2482704301519609,0.0,0.0,0.0,0.0
exemplar,1,4,1,1,toywrench1.jpg,toywrench2.jpg,18.67986297607422,23.16405487060547,16.17858526110649,20.565190315246582,0.30463006130478504,0.3555344957001425,0.2690893947938746,0.3219882060645696,1.0,1.0,1.0,1.0
exemplar,1,5,1,1,holepunch1.jpg,holepunch2.jpg,18.407915115356445,18.87342071533203,15.66458086669445,17.66488842666149,0.3115305351431091,0.3281204477152058,0.2687282933769515,0.30030887991647437,1.0,1.0,1.0,1.0
exemplar,1,6,1,1,pictureframe1.jpg,pictureframe2.jpg,23.529329299926758,18.668560028076172,21.898929968476295,16.744746893644333,0.32783736498077937,0.28971903024409007,0.3155520521930636,0.25309933284379665,0.0,0.0,0.0,0.0
exemplar,1,7,1,1,sunglasses1.jpg,sunglasses2.jpg,22.21797752380371,21.981243133544922,19.725377529859543,19.88975591957569,0.32446213672084717,0.3270450006772563,0.2876384732678037,0.29552893810236786,0.0,1.0,1.0,1.0
exemplar,1,8,1,1,wheelchair1.jpg,wheelchair2.jpg,23.819351196289062,27.44378089904785,23.59247924387455,25.552117362618446,0.3422590775916303,0.35201085235745666,0.3353995003679083,0.34043560554477226,1.0,1.0,1.0,1.0
exemplar,1,9,1,1,microscope1.jpg,microscope2.jpg,20.753948211669922,21.274396896362305,18.290650621056557,18.922814548015594,0.3352301385760678,0.3399513847420188,0.2912317413239651,0.30177757739576394,1.0,1.0,1.0,1.0
exemplar,1,10,1,1,train1.jpg,train2.jpg,19.966110229492188,19.570472717285156,17.313730463385582,17.217299818992615,0.325646052281869,0.3139349918088912,0.27860666239848647,0.2727326555186651,0.0,0.0,0.0,0.0
exemplar,1,11,1,1,tractor1.jpg,tractor2.jpg,24.37451934814453,26.199256896972656,22.324944883584976,24.59665621817112,0.3335349621103281,0.34433732245976667,0.3122420064338875,0.32641474243145857,1.0,1.0,1.0,1.0
exemplar,1,12,1,1,hotair1.jpg,hotair2.jpg,31.349000930786133,34.4957160949707,31.600423023104668,35.779663383960724,0.3417532525218531,0.3822311097326849,0.34407620658488747,0.4001336056721952,1.0,1.0,1.0,1.0
exemplar,1,13,1,1,fan1.jpg,fan2.jpg,22.0244083404541,23.11227798461914,20.043033808469772,20.684197261929512,0.3290197676935484,0.36410072914227876,0.3046843670650876,0.34274745848041854,1.0,1.0,1.0,1.0
exemplar,1,14,1,1,wineglass1.jpg,wineglass2.jpg,19.474239349365234,19.38435173034668,17.420441180467606,17.21237848699093,0.3320381059299794,0.32205866269888606,0.2981614886358836,0.2888706928014528,0.0,0.0,0.0,0.0
exemplar,1,15,1,1,guitar1.jpg,guitar2.jpg,20.45908546447754,24.931354522705078,17.427344098687172,23.113552510738373,0.3009363646184208,0.364824352305177,0.2598795259031488,0.3381933548303256,1.0,1.0,1.0,1.0
exemplar,1,16,1,1,breadloaf1.jpg,breadloaf2.jpg,22.12523651123047,23.69935417175293,19.982472866773605,21.666741520166397,0.32183480076123555,0.3263584075414221,0.2963437545783739,0.3050366594558663,1.0,1.0,1.0,1.0
exemplar,1,17,1,1,cheesecrackers1.jpg,cheesecrackers2.jpg,27.827733993530273,27.143272399902344,25.67305189371109,25.470431610941887,0.34819916569590287,0.3344600066428682,0.3309663656316238,0.3160244792536583,0.0,0.0,0.0,0.0
exemplar,1,18,1,1,toyairplane1.jpg,toyairplane2.jpg,24.168731689453125,30.74298858642578,22.998171225190163,29.218942999839783,0.31586044498492966,0.3693723141988044,0.30232471454769605,0.3622128381295208,1.0,1.0,1.0,1.0
exemplar,1,19,1,1,bikehelmet1.jpg,bikehelmet2.jpg,23.99842071533203,28.38373374938965,22.54996034502983,27.374564096331596,0.3156338085840276,0.36237909045088856,0.30554474297870227,0.36062949320039184,1.0,1.0,1.0,1.0
exemplar,1,20,1,1,soother1.jpg,soother2.jpg,24.20256996154785,26.95599937438965,23.05362567305565,25.821142703294754,0.32897707812028376,0.36214306523807865,0.30554288167540816,0.3477051617785039,1.0,1.0,1.0,1.0
exemplar,1,21,1,1,bell1.jpg,bell2.jpg,22.49776268005371,19.918964385986328,20.129368528723717,17.691307455301285,0.34845283870959187,0.3323210900029594,0.3155607836191572,0.29013662778414656,0.0,0.0,0.0,0.0
exemplar,1,22,1,1,chocolatecake.jpg,chocolatecake2.jpg,22.621118545532227,27.981985092163086,20.24891159683466,25.89143169671297,0.2530240043505142,0.33114329765496914,0.21164172483668447,0.30726853526529657,1.0,1.0,1.0,1.0
exemplar,1,23,1,1,bracelet1.jpg,bracelet2.jpg,18.184661865234375,28.869741439819336,15.244899027049541,28.610684424638748,0.2589947569356243,0.3899495581487738,0.20726800049608055,0.3782504648617717,1.0,1.0,1.0,1.0
exemplar,1,24,1,1,soapbottle1.jpg,soapbottle2.jpg,20.047414779663086,20.554502487182617,17.156711891293526,17.736481592059135,0.3455865085642253,0.344351923980681,0.2958675966183621,0.3067525565365502,1.0,1.0,0.0,1.0
exemplar,1,25,1,1,rabbit1.jpg,rabbit2.jpg,27.001224517822266,24.219104766845703,25.00897915661335,23.22815264761448,0.36580175035160856,0.3411972683930984,0.3496953836453067,0.3343398379796624,0.0,0.0,0.0,0.0
exemplar,1,26,1,1,toyhandorn1.jpg,toyhandorn2.jpg,24.074228286743164,30.4704647064209,21.652747318148613,30.379706740379333,0.31808964690946584,0.32630537473799487,0.29180584733208537,0.3218361635696417,1.0,1.0,1.0,1.0
exemplar,1,27,1,1,peppers1.jpg,peppers2.jpg,18.923938751220703,25.54938507080078,16.55383250117302,23.199274376034737,0.3040228818419835,0.3825844349398614,0.25937338534436155,0.35104953981058035,1.0,1.0,1.0,1.0
exemplar,1,28,1,1,toykeys1.jpg,toykeys2.JPG,25.09890365600586,26.88245391845703,24.295468851923943,25.156943276524544,0.3374589890722807,0.3529119360541937,0.32227870882436116,0.33847712145981756,1.0,1.0,1.0,1.0
exemplar,1,29,1,1,backgammon1.jpg,backgammon2.jpg,22.249835968017578,21.570941925048828,20.66255059838295,19.663215190172195,0.316365354454511,0.32542384795987717,0.30017305753195184,0.3054080226936864,0.0,0.0,1.0,1.0
exemplar,1,30,1,1,woodenbarrel1.jpg,woodenbarrel2.jpg,21.581998825073242,19.640779495239258,18.800176084041595,18.899023324251175,0.3225241462585879,0.3149170383162994,0.29290524459576966,0.2977762920075058,0.0,1.0,0.0,1.0
exemplar,1,31,1,1,cone1.jpg,cone2.jpg,20.530824661254883,19.219148635864258,18.107560500502586,17.30796541273594,0.30231405911453985,0.27109797326921925,0.26833318363009434,0.2401207925953727,0.0,0.0,0.0,0.0
exemplar,1,32,1,1,skull1.jpg,skull2.jpg,20.084720611572266,21.44863510131836,17.588677674531937,19.22400152683258,0.31900485492121033,0.333955970698121,0.28705067414628543,0.3074972363132947,1.0,1.0,1.0,1.0
exemplar,1,33,1,1,starfish1.jpg,starfish2.jpg,18.682252883911133,16.080965042114258,16.25300106406212,14.488580986857414,0.3187301726217034,0.32354148852576026,0.2755411337097471,0.2852937378063781,0.0,0.0,1.0,1.0
exemplar,1,34,1,1,stapleremover1.jpg,stapleremover2.jpg,17.535085678100586,27.533655166625977,14.707038164138794,26.93042428791523,0.2986129268442498,0.35740779433245856,0.2570280837732467,0.3549050459529678,1.0,1.0,1.0,1.0
exemplar,1,35,1,1,anchor1.jpg,anchor2.jpg,25.248918533325195,20.1990909576416,23.43681588768959,18.597087264060974,0.3244277586923987,0.32269324172059566,0.3015087427471272,0.29398168811856545,0.0,0.0,0.0,0.0
exemplar,1,36,1,1,turtle1.jpg,turtle2.jpg,23.153743743896484,21.99341583251953,21.03195631504059,20.36008830368519,0.31453678070801594,0.3357543060388537,0.2933461912613254,0.31449026448359035,0.0,0.0,1.0,1.0
exemplar,1,37,1,1,muffin1.jpg,muffin2.jpg,32.38111877441406,23.838802337646484,30.367956459522247,21.825918823480606,0.36932177270252553,0.335050530976882,0.35919682792199137,0.30290837609599963,0.0,0.0,0.0,0.0
exemplar,1,38,1,1,bicycle1.jpg,bicycle2.jpg,32.307193756103516,28.95174789428711,32.82798534631729,27.665040358901024,0.35889285143361094,0.3721366613654465,0.3745388099181482,0.36901873996303763,0.0,0.0,1.0,0.0
exemplar,1,39,1,1,plate1.jpg,plate2.jpg,28.619510650634766,24.901168823242188,26.324582248926163,25.526822239160538,0.29165847369162395,0.3224100577300679,0.262929688492161,0.326276528905675,0.0,0.0,1.0,1.0
exemplar,1,40,1,1,rake1.jpg,rake2.jpg,19.535507202148438,22.87861442565918,17.532703280448914,20.82817678153515,0.3339561692700477,0.35342458442416425,0.29439169366414947,0.32601504130225273,1.0,1.0,1.0,1.0
exemplar,1,41,1,1,santahat1.jpg,santahat2.jpg,18.889781951904297,24.11500358581543,16.38453547656536,22.20647744834423,0.31464205784305677,0.3348563401159959,0.2724440564219999,0.3156399409907341,1.0,1.0,1.0,1.0
exemplar,1,42,1,1,horn1.jpg,horn2.jpg,19.970497131347656,18.999671936035156,18.753295123577118,16.411913692951202,0.321519968852257,0.3160527698106378,0.30525828253321213,0.28028300749753804,0.0,0.0,0.0,0.0
exemplar,1,43,1,1,scroll1.jpg,scroll2.jpg,19.710920333862305,24.669958114624023,17.065703690052032,21.78900283575058,0.36323129022639206,0.36476315562030476,0.3204668823663141,0.33442854268580413,1.0,1.0,1.0,1.0
exemplar,1,44,1,1,lei1.jpg,lei2.jpg,22.934911727905273,29.015972137451172,21.314957827329636,29.52687606215477,0.2877464120892552,0.3656121331215312,0.26584878311495513,0.3671743171517087,1.0,1.0,1.0,1.0
exemplar,1,45,1,1,razor1.jpg,razor2.jpg,16.67083168029785,20.333208084106445,14.724746704101562,17.751815021038055,0.2989076177240475,0.32884227858915555,0.2573227987635403,0.28685945437885224,1.0,1.0,1.0,1.0
exemplar,1,46,1,1,balloon1.jpg,balloon2.jpg,19.833799362182617,24.014423370361328,17.708236783742905,22.42599280178547,0.3302505758163124,0.3561986126637984,0.29185139892806805,0.3320744302585235,1.0,1.0,1.0,1.0
exemplar,1,47,1,1,potatochips1.jpg,potatochips2.jpg,30.623538970947266,28.879837036132812,28.29217864573002,27.783018991351128,0.3499474497146957,0.38112295877045255,0.3275215408622526,0.3757736788729912,0.0,0.0,1.0,1.0
exemplar,1,48,1,1,lighter1.jpg,lighter2.jpg,21.41044044494629,28.2390079498291,18.17510634660721,25.722338646650314,0.32950703261103886,0.37750045355060796,0.29460431029456985,0.36378751812157295,1.0,1.0,1.0,1.0
exemplar,1,49,1,1,soapdish1.jpg,soapdish2.jpg,18.839120864868164,23.51017189025879,17.1962061971426,21.553726330399513,0.32886671368507026,0.35031798921746,0.2924963749117303,0.32870896980133163,1.0,1.0,1.0,1.0
exemplar,1,50,1,1,chisel1.jpg,chisel2.jpg,19.58785057067871,15.327213287353516,17.103533014655113,13.60580837726593,0.3367417463276119,0.2973600921564672,0.2964329844007974,0.2549313241340291,0.0,0.0,0.0,0.0
exemplar,1,51,1,1,fishbowl1.jpg,fishbowl2.jpg,22.224172592163086,32.6849250793457,21.11598528921604,31.93644005060196,0.3389721207149825,0.42011803879169274,0.3181222548333635,0.4266700385218886,1.0,1.0,1.0,1.0
exemplar,1,52,1,1,trophy1.jpg,trophy2.jpg,22.93724250793457,21.621490478515625,20.55808135867119,19.33994023501873,0.32648758640442943,0.34200199489679844,0.29764987478958216,0.30445566917579026,0.0,0.0,1.0,1.0
exemplar,1,53,1,1,citroen1.jpg,citroen2.jpg,27.29497528076172,34.182891845703125,25.21669213473797,32.621346578001976,0.33914573659449615,0.3685962103072771,0.3285856581215138,0.3689356566650692,1.0,1.0,1.0,1.0
exemplar,1,54,1,1,money1.jpg,money2.jpg,19.888824462890625,17.993295669555664,17.792092368006706,15.936648100614548,0.31601667415864826,0.3161659858729902,0.28711923268020634,0.28689786567481307,0.0,0.0,1.0,0.0
exemplar,1,55,1,1,soccerball1.jpg,soccerball2.jpg,24.237409591674805,17.42839813232422,20.828416407108307,15.528827741742134,0.39475595851451295,0.386272172254131,0.36317825922767005,0.3554066892654752,0.0,0.0,0.0,0.0
exemplar,1,56,1,1,key1.jpg,key2.jpg,19.49744987487793,17.87200927734375,16.828491047024727,15.328913316130638,0.3204206780583549,0.30619949666051394,0.2697403845594999,0.2554749386049133,0.0,0.0,0.0,0.0
exemplar,1,57,1,1,stapler1.jpg,stapler2.jpg,17.25041389465332,20.49665641784668,15.358505353331566,19.32745459675789,0.29732757156595147,0.3221505455650753,0.2646519721613336,0.30533832945226086,1.0,1.0,1.0,1.0
exemplar,1,58,1,1,globe1.jpg,globe2.jpg,27.400718688964844,31.810169219970703,25.499611631035805,30.387160927057266,0.37107448095988915,0.3917584865736026,0.35726746154687744,0.386068279639164,1.0,1.0,1.0,1.0
exemplar,1,59,1,1,spraybottle1.jpg,spraybottle2.jpg,20.843740463256836,21.542192459106445,18.93188227713108,19.09635402262211,0.32690418041025054,0.31368226101694124,0.2908652363040884,0.2779954512607597,1.0,1.0,0.0,0.0
exemplar,1,60,1,1,flask1.jpg,flask2.jpg,18.250703811645508,18.31114387512207,15.938653141260147,16.446090415120125,0.32931931645764967,0.33611328462782786,0.29140798535324053,0.3007712074251208,1.0,1.0,1.0,1.0
exemplar,1,61,1,1,toydinosaur1.jpg,toydinosaur2.jpg,20.164581298828125,27.878610610961914,17.84593638777733,25.004016861319542,0.3130362482710478,0.35223941271392584,0.2721361609956952,0.32247865816234317,1.0,1.0,1.0,1.0
exemplar,1,62,1,1,oritable1.jpg,oritable2.jpg,18.507795333862305,21.715049743652344,15.742488399147987,19.208299040794373,0.30737961448485296,0.32156396426240663,0.2658334770638503,0.2832390556711107,1.0,1.0,1.0,1.0
exemplar,1,63,1,1,remote1.jpg,remote2.jpg,19.968482971191406,20.476825714111328,17.68079300224781,18.29575514793396,0.3314967431871657,0.340246081842091,0.3025735703865086,0.3139478472641805,1.0,1.0,1.0,1.0
exemplar,1,64,1,1,headphone1.jpg,headphone2.jpg,19.006916046142578,16.9433650970459,16.869293436408043,15.551558509469032,0.32487741005309506,0.3026815135574258,0.2862731496621987,0.2791670699584378,0.0,0.0,0.0,0.0
exemplar,1,65,1,1,goggles1.jpg,goggles2.jpg,21.876144409179688,20.269254684448242,20.88191147148609,18.33690531551838,0.33742703452170675,0.3288706533976521,0.3159644476099691,0.3007046184875601,0.0,0.0,0.0,0.0
exemplar,1,66,1,1,graduatedcylinder1.jpg,graduatedcylinder2.jpg,16.848711013793945,16.20452117919922,14.166332140564919,13.468812376260757,0.29646429425854914,0.2925748133840844,0.24369232010785596,0.23761086447079982,0.0,0.0,0.0,0.0
exemplar,1,67,1,1,spraynozzle1.jpg,spraynozzle2.jpg,21.509349822998047,21.460678100585938,19.601199716329575,20.1226649582386,0.3260963506282476,0.34034023443270833,0.2950885872809583,0.31244119502117507,0.0,1.0,1.0,1.0
exemplar,1,68,1,1,block1.jpg,block2.jpg,20.1752986907959,17.147869110107422,16.392134241759777,14.232055634260178,0.3059000662138098,0.36339966695295634,0.26099161851436625,0.3282025704485022,0.0,0.0,1.0,1.0
exemplar,1,69,1,1,doorway1.jpg,doorway2.jpg,20.398494720458984,15.511131286621094,18.3420692384243,13.350616805255413,0.31136603531700663,0.2801690294875331,0.26994013290931496,0.23317228986012126,0.0,0.0,0.0,0.0
exemplar,1,70,1,1,coathanger1.jpg,coathanger2.jpg,17.44960594177246,21.49176025390625,14.603305399417877,19.90801563858986,0.3090964149464779,0.34227421987308665,0.255308781301039,0.3111579115352028,1.0,1.0,1.0,1.0
exemplar,1,71,1,1,stool1.jpg,stool2.jpg,18.002138137817383,24.011821746826172,15.542442493140697,23.445047080516815,0.29138819787108516,0.3680555806746088,0.24056352513779422,0.3410393098590381,1.0,1.0,1.0,1.0
exemplar,1,72,1,1,grapes1.jpg,grapes2.jpg,23.457189559936523,28.24850845336914,21.641635820269585,27.603506162762642,0.3281960270557749,0.35980947895083626,0.30479133639671113,0.35128267588849593,1.0,1.0,1.0,1.0
exemplar,1,73,1,1,rabbitstuffed1.jpg,rabbitstuffed2.jpg,21.508617401123047,26.753446578979492,18.65106798708439,24.73295783996582,0.33128894657050845,0.3599266387667296,0.277859409607614,0.3350258712417193,1.0,1.0,1.0,1.0
exemplar,1,74,1,1,grandpiano1.jpg,grandpiano2.jpg,25.60779571533203,23.093339920043945,23.527865454554558,21.25579145550728,0.35512593898377903,0.3356765652399495,0.33992630878415053,0.3150796301953424,0.0,0.0,0.0,0.0
exemplar,1,75,1,1,baseballglove1.jpg,baseballglove2.jpg,31.71444320678711,25.866607666015625,29.42221564054489,24.689535945653915,0.3202796648050187,0.3400337386747936,0.30195666728873943,0.3243521695144794,0.0,0.0,1.0,1.0
exemplar,1,76,1,1,cabinet1.jpg,cabinet2.jpg,22.1481876373291,28.890823364257812,21.628840789198875,27.461282819509506,0.2798804672973222,0.3170007144515429,0.2572987982352576,0.29697947922549345,1.0,1.0,1.0,1.0
exemplar,1,77,1,1,bassguitar1.jpg,bassguitar2.jpg,21.772459030151367,27.478172302246094,19.677049323916435,26.7448261231184,0.3273128711048307,0.3690321410089929,0.2987211093618511,0.35549780344912746,1.0,1.0,1.0,1.0
exemplar,1,78,1,1,candy1.jpg,candy2.jpg,25.906288146972656,35.804378509521484,21.94563762843609,34.304440289735794,0.2758718434514355,0.34650065421194504,0.23136897616396926,0.3277336763237049,1.0,1.0,1.0,1.0
exemplar,1,79,1,1,feather1.jpg,feather2.jpg,21.50815200805664,18.228256225585938,18.770750001072884,15.561291754245758,0.34335388311530035,0.31394132012110176,0.3092372569673776,0.27079424202553165,0.0,0.0,0.0,0.0
exemplar,1,80,1,1,parkmet1.jpg,parkmet2.jpg,19.77531623840332,22.049528121948242,18.110315680503845,20.627667099237442,0.3346681913874578,0.3246783998216942,0.304356302875097,0.30459043434979516,1.0,1.0,0.0,1.0
exemplar,1,81,1,1,pliers1.jpg,pliers2.jpg,16.414459228515625,20.250152587890625,13.722523897886276,18.344759956002235,0.2983044774468077,0.3278285753984564,0.24514049460721093,0.29166055057747425,1.0,1.0,1.0,1.0
exemplar,1,82,1,1,camera1.jpg,camera2.jpg,23.787639617919922,22.386219024658203,21.958492070436478,20.03274431824684,0.32603427655120293,0.3324132191868797,0.3170036961359574,0.30869756835862416,0.0,0.0,1.0,0.0
exemplar,1,83,1,1,basket1.jpg,basket2.jpg,30.277952194213867,26.32349395751953,28.26193991303444,24.904279232025146,0.36358496931549783,0.3693424821165028,0.3481907474358339,0.3486360721618014,0.0,0.0,1.0,1.0
exemplar,1,84,1,1,pizza1.jpg,pizza2.jpg,22.20021629333496,30.235462188720703,18.947458386421204,28.558964729309082,0.30869847938332406,0.3521269081574591,0.2722122371047599,0.3467220593988838,1.0,1.0,1.0,1.0
exemplar,1,85,1,1,dogpresent1.JPG,dogpresent2.JPG,27.087404251098633,25.872318267822266,25.584613859653473,24.119952246546745,0.3197514838021258,0.3474243531640647,0.31080247663578253,0.33590791782804774,0.0,0.0,1.0,1.0
exemplar,1,86,1,1,teapot1.JPG,teapot2.JPG,23.872831344604492,30.656774520874023,20.446475759148598,27.75224520266056,0.32597163523509437,0.33685165242233245,0.2740623211807192,0.30849944773591775,1.0,1.0,1.0,1.0
exemplar,1,87,1,1,ship1.jpg,ship2.jpg,26.964813232421875,25.636070251464844,25.480101838707924,24.74642001092434,0.36399959870320575,0.3633738059450898,0.3560147942513566,0.3463276035417682,0.0,0.0,0.0,0.0
exemplar,1,88,1,1,reportfile1.jpg,reportfile2.jpg,19.4494571685791,25.603246688842773,15.289528742432594,23.462819650769234,0.36058205480082467,0.38215232708087926,0.29041823493179886,0.36282671404843153,1.0,1.0,1.0,1.0
exemplar,1,89,1,1,log1.jpg,log2.jpg,25.716888427734375,21.0609073638916,23.48879972100258,17.83934336900711,0.31854176091199865,0.3219326546256731,0.29684067368532024,0.28045260288281976,0.0,0.0,1.0,0.0
exemplar,1,90,1,1,icecream1.jpg,icecream2.jpg,19.287216186523438,31.451595306396484,16.651776179671288,29.256790816783905,0.3336024263058758,0.3914388619060614,0.29023552271092995,0.3714618046874045,1.0,1.0,1.0,1.0
exemplar,1,91,1,1,kayak1.jpg,kayak2.jpg,22.024761199951172,26.530067443847656,20.409186497330666,25.569444000720978,0.31998422259144343,0.34583161565789794,0.3011811562175587,0.33520742629248595,1.0,1.0,1.0,1.0
exemplar,1,92,1,1,gardeningshovel1.jpg,gardeningshovel2.jpg,18.23966407775879,17.075679779052734,16.453784584999084,14.701635345816612,0.3086826620481388,0.3080475920351867,0.27401615925336004,0.26035609266016924,0.0,0.0,0.0,0.0
exemplar,1,93,1,1,binoculars1.jpg,binoculars2.jpg,20.12965965270996,28.98915672302246,18.107507079839706,28.82609649002552,0.33353284483030354,0.3730659619334303,0.30594773445262125,0.37658214693375275,1.0,1.0,1.0,1.0
exemplar,1,94,1,1,bathingsuit1.jpg,bathingsuit2.jpg,20.289287567138672,29.472190856933594,18.148942202329636,29.062978729605675,0.3374723658908724,0.39659904455148387,0.3008526057691115,0.38638490924237434,1.0,1.0,1.0,1.0
exemplar,1,95,1,1,spool1.jpg,spool2.jpg,23.66484260559082,17.937400817871094,21.525525629520416,15.77936440706253,0.3711608913027963,0.3237723206554442,0.35781088224659524,0.2936016132526776,0.0,0.0,0.0,0.0
exemplar,1,96,1,1,bonzai1.jpg,bonzai2.jpg,21.435157775878906,19.87221908569336,19.15913113951683,18.163256749510765,0.32876437414442683,0.3243467436492885,0.28028535488712986,0.28181026836195466,0.0,0.0,0.0,1.0
exemplar,1,97,1,1,cow1.jpg,cow2.jpg,22.906875610351562,22.680604934692383,21.493065759539604,20.849589839577675,0.3114906535781066,0.3438916786452121,0.28793027402705257,0.3216744049851866,0.0,0.0,1.0,1.0
exemplar,1,98,1,1,tongs1.jpg,tongs2.jpg,20.57179069519043,20.708881378173828,18.210464164614677,18.602716207504272,0.29943901525393757,0.3297258536440209,0.26504463993160315,0.2957715825600933,1.0,1.0,1.0,1.0
exemplar,1,99,1,1,sharpener1.jpg,sharpener2.jpg,20.57241439819336,24.294193267822266,18.95922853052616,23.00064741075039,0.3443169178289164,0.3564349768861906,0.33519698428411987,0.34703741240453373,1.0,1.0,1.0,1.0
exemplar,1,100,1,1,calculator1.jpg,calculator2.jpg,24.048019409179688,24.278453826904297,21.47316062450409,22.92060150206089,0.3636880339422074,0.348538994504839,0.33884749606985415,0.32749790232951664,1.0,1.0,0.0,0.0
exemplar,10,1,1,10,tractor1.jpg,tractor2.jpg,1.8383119106292725,1.9216084480285645,0.7821705788373947,1.2476807907223701,0.025155010636358402,0.025255735703201616,0.010939624361147583,0.01655759223237226,1.0,1.0,1.0,1.0
exemplar,10,1,2,10,lei1.jpg,lei2.jpg,1.8906773328781128,1.8393893241882324,1.4122645854949951,1.3022838234901428,0.023720850788896766,0.023176995458629685,0.017614335647842455,0.0161942351307724,0.0,0.0,0.0,0.0
exemplar,10,1,3,10,balloon1.jpg,balloon2.jpg,1.7632567882537842,1.7778708934783936,0.9947351962327957,1.4482957422733307,0.02935980943435099,0.02637061635774863,0.016394340223079243,0.02144573877786008,1.0,1.0,0.0,1.0
exemplar,10,1,4,10,flask1.jpg,flask2.jpg,1.8216493129730225,1.8294613361358643,1.0465466231107712,1.0998228341341019,0.032870201213338016,0.03358098559990375,0.019134116309330457,0.020113901445665622,1.0,1.0,1.0,1.0
exemplar,10,1,5,10,bikehelmet1.jpg,bikehelmet2.jpg,1.9430791139602661,1.8959012031555176,1.3437509536743164,1.369035728275776,0.0255559092156232,0.02420523528195143,0.01820739520095426,0.01803552594020973,0.0,1.0,0.0,0.0
exemplar,10,1,6,10,block1.jpg,block2.jpg,1.769051432609558,1.8030521869659424,0.7589544281363487,0.8057328015565872,0.02682254962687498,0.03821049484545071,0.012083889849640836,0.01858084196417571,1.0,1.0,1.0,1.0
exemplar,10,1,7,10,santahat1.jpg,santahat2.jpg,1.6417878866195679,1.7980507612228394,0.6211633905768394,0.875092163681984,0.027346822769211878,0.024967389911565767,0.01032878070126849,0.012438444573145501,1.0,1.0,0.0,1.0
exemplar,10,1,8,10,icecream1.jpg,icecream2.jpg,1.6331019401550293,1.7474664449691772,0.5723685398697853,0.7960639968514442,0.02824704013123594,0.021748539931729684,0.009976213982217853,0.010107307078514765,1.0,1.0,0.0,1.0
exemplar,10,1,9,10,toydinosaur1.jpg,toydinosaur2.jpg,1.7733875513076782,1.8332064151763916,0.703762874007225,1.1660918220877647,0.027530181637056745,0.023162113782357302,0.010731817183591152,0.015039172632404766,1.0,1.0,0.0,1.0
exemplar,10,1,10,10,log1.jpg,log2.jpg,1.6803433895111084,1.798468828201294,0.6801857501268387,0.7849166542291641,0.020813542187882044,0.027491020881513534,0.008595875425608494,0.012339687295166137,1.0,1.0,1.0,1.0
exemplar,10,2,1,10,cheesecrackers1.jpg,cheesecrackers2.jpg,1.8789197206497192,1.9085404872894287,1.0979309156537056,1.0795567706227303,0.023510296572905157,0.02351707836300909,0.014154071217279839,0.013394604829320879,1.0,0.0,1.0,0.0
exemplar,10,2,2,10,ship1.jpg,ship2.jpg,1.8822065591812134,2.217088222503662,1.5045741274952888,2.358634576201439,0.025408016970602555,0.03142571297491104,0.021022311913307175,0.03300922961971851,1.0,1.0,1.0,1.0
exemplar,10,2,3,10,toyairplane1.jpg,toyairplane2.jpg,1.8446394205093384,1.9932525157928467,1.1316231936216354,1.4153062999248505,0.02410753843790163,0.02394862465863441,0.014875863634430535,0.01754485477866814,1.0,1.0,0.0,1.0
exemplar,10,2,4,10,doorway1.jpg,doorway2.jpg,1.8846383094787598,1.8983418941497803,0.8833494931459427,0.8847290053963661,0.02876743438526347,0.03428870507841131,0.013000249671158488,0.015452041737332422,1.0,1.0,1.0,1.0
exemplar,10,2,5,10,guitar1.jpg,guitar2.jpg,1.8594218492507935,1.876776933670044,0.9046983793377876,0.977437898516655,0.027350570120895906,0.027463166055575385,0.013491016449566899,0.014301696023753767,1.0,1.0,1.0,1.0
exemplar,10,2,6,10,starfish1.jpg,starfish2.jpg,1.9613844156265259,1.9264204502105713,0.9000556394457817,0.9719111770391464,0.03346236651729155,0.03875867762633029,0.01525886513618173,0.019137841915976127,0.0,1.0,1.0,1.0
exemplar,10,2,7,10,bonzai1.jpg,bonzai2.jpg,1.7461744546890259,1.7780215740203857,0.9565622881054878,0.940366342663765,0.026782165904504725,0.029020186682969688,0.013993870517452548,0.01459016381474448,1.0,0.0,1.0,1.0
exemplar,10,2,8,10,remote1.jpg,remote2.jpg,2.043914794921875,2.0101194381713867,3.082263305783272,2.616217225790024,0.03393102514828845,0.033400453391616985,0.05274714845559257,0.04489324214119665,0.0,0.0,0.0,0.0
exemplar,10,2,9,10,potatochips1.jpg,potatochips2.jpg,1.8121230602264404,2.0346667766571045,0.9962650090456009,1.7339330464601517,0.020707856270206153,0.026851197984991602,0.011533160982602788,0.023451965389024762,1.0,1.0,1.0,1.0
exemplar,10,2,10,10,toykeys1.jpg,toykeys2.JPG,1.8351794481277466,1.8954440355300903,1.1530055329203606,1.2286544293165207,0.02467429692624144,0.024883324501935658,0.015294585862149037,0.016531078912595292,1.0,1.0,1.0,1.0
exemplar,10,3,1,10,toyhandorn1.jpg,toyhandorn2.jpg,1.8347090482711792,1.905811071395874,0.8680282682180405,1.3367325812578201,0.02424177200594009,0.020409153645123277,0.011698087110787271,0.014161061176365699,1.0,1.0,0.0,1.0
exemplar,10,3,2,10,cone1.jpg,cone2.jpg,1.8065052032470703,1.6945629119873047,1.1071557477116585,0.9580010026693344,0.026600583747412806,0.023902857494930155,0.01640677254948733,0.01329075686151141,0.0,0.0,0.0,0.0
exemplar,10,3,3,10,gardeningshovel1.jpg,gardeningshovel2.jpg,1.9350495338439941,1.8755779266357422,0.8508526608347893,0.7375905737280846,0.03274820406535524,0.033835681592205395,0.014169832904279738,0.013062233910832307,0.0,0.0,1.0,0.0
exemplar,10,3,4,10,cabinet1.jpg,cabinet2.jpg,1.7518548965454102,1.8873785734176636,0.9499040767550468,0.9237628057599068,0.022137701518107556,0.02070901021651458,0.011300151486153607,0.009990013896494213,1.0,0.0,0.0,0.0
exemplar,10,3,5,10,binoculars1.jpg,binoculars2.jpg,1.8519201278686523,1.8813395500183105,0.7657173871994019,1.001706287264824,0.030684879888834896,0.02421125097418185,0.012937700303619674,0.013086222214851537,1.0,1.0,0.0,1.0
exemplar,10,3,6,10,bassguitar1.jpg,bassguitar2.jpg,1.8928272724151611,1.9576478004455566,0.9282387495040894,1.6103646159172058,0.02845552393423999,0.026291230406212895,0.014091772828332245,0.021405302134901827,1.0,1.0,0.0,1.0
exemplar,10,3,7,10,goggles1.jpg,goggles2.jpg,1.9057384729385376,1.9001879692077637,0.9538282603025436,0.8230394124984741,0.029394927619317616,0.030830736933370666,0.014432386603726137,0.013496920460516797,0.0,0.0,1.0,0.0
exemplar,10,3,8,10,spool1.jpg,spool2.jpg,1.7868763208389282,1.940065860748291,1.0365912020206451,1.1387095674872398,0.028025481468182362,0.03501843061526832,0.01723087365705965,0.021187606637113613,1.0,1.0,1.0,1.0
exemplar,10,3,9,10,grandpiano1.jpg,grandpiano2.jpg,2.025179147720337,1.9291713237762451,0.9932679384946823,0.8085478842258453,0.028084949381799177,0.0280417473594865,0.014350554010873076,0.011985296755021536,0.0,0.0,0.0,0.0
exemplar,10,3,10,10,sunglasses1.jpg,sunglasses2.jpg,1.8471758365631104,1.89747154712677,0.6357123404741287,0.8590894639492035,0.026975390455241516,0.02823127789656869,0.009270054617442985,0.012764651212535177,1.0,1.0,1.0,1.0
exemplar,10,4,1,10,chocolatecake.jpg,chocolatecake2.jpg,2.0266849994659424,1.8118599653244019,1.6689805090427399,0.8467537090182304,0.02266908035912631,0.021441841307197975,0.017444192590965232,0.010048914055746089,0.0,0.0,0.0,0.0
exemplar,10,4,2,10,toywrench1.jpg,toywrench2.jpg,1.9095693826675415,1.8980523347854614,0.919384591281414,0.8537949174642563,0.03114114053474749,0.02913233816056784,0.01529161167419712,0.013367826390478357,0.0,0.0,0.0,0.0
exemplar,10,4,3,10,candy1.jpg,candy2.jpg,1.670466661453247,1.82065749168396,1.313084289431572,1.756418600678444,0.017788527430284307,0.01761960514959382,0.0138436154285678,0.016780262855240927,1.0,1.0,0.0,1.0
exemplar,10,4,4,10,stapler1.jpg,stapler2.jpg,1.743537425994873,1.8599404096603394,0.7056187987327576,0.9517830908298492,0.030051554239291702,0.029233100534821577,0.01215895703277058,0.015036426938684695,1.0,1.0,0.0,1.0
exemplar,10,4,5,10,spraynozzle1.jpg,spraynozzle2.jpg,1.8909989595413208,1.9912607669830322,0.8233226910233498,1.234848976135254,0.028668828431481035,0.03157897215899979,0.012394809158953432,0.01917328994817916,1.0,1.0,1.0,1.0
exemplar,10,4,6,10,muffin1.jpg,muffin2.jpg,1.817767858505249,1.7633610963821411,1.280969962477684,0.8392629995942116,0.02073249082410619,0.024783756468914203,0.015151508393349925,0.01164761009057943,0.0,0.0,1.0,0.0
exemplar,10,4,7,10,lighter1.jpg,lighter2.jpg,2.0183346271514893,1.9920281171798706,0.9215167760848999,1.3121467381715775,0.03106220329838073,0.02662953029571691,0.01493706881632887,0.01855751189065841,0.0,1.0,0.0,1.0
exemplar,10,4,8,10,teapot1.JPG,teapot2.JPG,1.8549518585205078,1.9090126752853394,0.9881213456392288,1.0841050446033478,0.025328444786293317,0.02097592079451125,0.01324467026905273,0.01205112613792388,1.0,1.0,0.0,0.0
exemplar,10,4,9,10,spraybottle1.jpg,spraybottle2.jpg,1.7083537578582764,1.7527486085891724,0.7012010291218758,0.6935186684131622,0.02679307900843872,0.02552229294117795,0.010773096940211457,0.010095908096115493,1.0,0.0,0.0,0.0
exemplar,10,4,10,10,backgammon1.jpg,backgammon2.jpg,1.794054627418518,1.868190050125122,0.7465930134057999,1.4220872968435287,0.02550925449202695,0.028183915053153007,0.010846052451218247,0.02208778499478895,1.0,1.0,1.0,1.0
exemplar,10,5,1,10,pliers1.jpg,pliers2.jpg,1.8998794555664062,1.8451167345046997,0.7941136583685875,0.8213007375597954,0.0345270313395462,0.02987049050080939,0.01418612322597615,0.013057735608472763,0.0,1.0,0.0,0.0
exemplar,10,5,2,10,hotair1.jpg,hotair2.jpg,2.053860664367676,2.2556352615356445,2.9504760950803757,3.0756709277629852,0.0223903008527789,0.02499365332191625,0.032125792166528645,0.03439605579796027,1.0,1.0,1.0,1.0
exemplar,10,5,3,10,soapbottle1.jpg,soapbottle2.jpg,1.9569920301437378,1.809885859489441,1.0995352417230606,0.8478234261274338,0.033735524027340716,0.030321224183813555,0.01896149165568721,0.014663111288802912,0.0,0.0,0.0,0.0
exemplar,10,5,4,10,globe1.jpg,globe2.jpg,1.901503324508667,2.0353896617889404,1.3672295585274696,1.7893418669700623,0.02575112599034583,0.02506686361760658,0.019155846010315305,0.022733553092561337,1.0,1.0,0.0,1.0
exemplar,10,5,5,10,tongs1.jpg,tongs2.jpg,1.7873437404632568,1.8959821462631226,0.7388247698545456,0.7951770573854446,0.02601623055059246,0.030187740238316964,0.01075324293376083,0.01264281914828631,1.0,1.0,1.0,1.0
exemplar,10,5,6,10,baseballglove1.jpg,baseballglove2.jpg,1.9984192848205566,1.8688571453094482,1.7531180679798126,1.0683375895023346,0.020181752979514307,0.024567368491987464,0.01799204028813427,0.014034999106167845,0.0,0.0,1.0,0.0
exemplar,10,5,7,10,bell1.jpg,bell2.jpg,1.8308624029159546,1.9086103439331055,0.8873821496963501,1.5948705673217773,0.02835700645683964,0.03184259269688762,0.013911166966229073,0.026155803878490043,1.0,1.0,1.0,1.0
exemplar,10,5,8,10,holepunch1.jpg,holepunch2.jpg,1.8960411548614502,1.7402191162109375,0.7688898146152496,0.7988125830888748,0.03208808341008631,0.030254265198986066,0.013190422995344286,0.013580075135291574,0.0,1.0,0.0,1.0
exemplar,10,5,9,10,bracelet1.jpg,bracelet2.jpg,1.8193656206130981,2.0455965995788574,0.673370935022831,2.103749692440033,0.02591228586925652,0.027630295609651342,0.009155078498500887,0.02781283688666246,1.0,1.0,1.0,1.0
exemplar,10,5,10,10,coathanger1.jpg,coathanger2.jpg,1.8088228702545166,1.8369760513305664,0.6873139292001724,0.8997564539313316,0.032040876242966775,0.029255376826587947,0.012016271442376297,0.014062995738907501,1.0,1.0,0.0,1.0
exemplar,10,6,1,10,sharpener1.jpg,sharpener2.jpg,1.9809666872024536,1.95554780960083,1.1319178640842438,1.278233140707016,0.03315509452887588,0.028691038662235598,0.020012177915755686,0.019286184152944717,0.0,1.0,0.0,0.0
exemplar,10,6,2,10,microscope1.jpg,microscope2.jpg,1.743678331375122,1.7480090856552124,0.6787610650062561,0.6254510805010796,0.028164931448093636,0.02793207779778368,0.010807530634099569,0.009974579171308971,1.0,0.0,0.0,0.0
exemplar,10,6,3,10,chisel1.jpg,chisel2.jpg,1.9044649600982666,1.7903413772583008,0.9498556703329086,0.7583538517355919,0.032740338413813755,0.03473404244803771,0.016462595819562127,0.014209236689539842,0.0,0.0,1.0,0.0
exemplar,10,6,4,10,calculator1.jpg,calculator2.jpg,1.9177734851837158,2.06314754486084,1.407742016017437,2.364349067211151,0.02900327284777222,0.0296183346735229,0.022214235974908018,0.03378268060795782,1.0,1.0,1.0,1.0
exemplar,10,6,5,10,oritable1.jpg,oritable2.jpg,1.8045291900634766,1.8610570430755615,0.708618275821209,1.0924586951732635,0.029969830374854418,0.027559176126906462,0.011965990089771174,0.01610902498567996,1.0,1.0,0.0,1.0
exemplar,10,6,6,10,skull1.jpg,skull2.jpg,1.8095581531524658,1.9006187915802002,0.7768108695745468,0.7519934773445129,0.028741143443404213,0.029592698578299822,0.012677705960716563,0.012028500709714686,1.0,0.0,1.0,0.0
exemplar,10,6,7,10,rabbitstuffed1.jpg,rabbitstuffed2.jpg,1.753226637840271,1.8316779136657715,0.678200826048851,0.9615612104535103,0.027004274385350805,0.02464242028864323,0.01010368313770692,0.013025044734595911,1.0,1.0,0.0,1.0
exemplar,10,6,8,10,graduatedcylinder1.jpg,graduatedcylinder2.jpg,1.7847387790679932,1.7529958486557007,0.6698295548558235,0.7805242240428925,0.031403667742836636,0.031650576256574185,0.011522553380787717,0.013769665092529861,0.0,1.0,1.0,1.0
exemplar,10,6,9,10,trophy1.jpg,trophy2.jpg,1.7534300088882446,1.8327678442001343,0.702870562672615,0.9859919920563698,0.02495823686447869,0.028990150310034633,0.010176500974131258,0.015521808655847784,1.0,1.0,1.0,1.0
exemplar,10,6,10,10,fan1.jpg,fan2.jpg,1.7939273118972778,1.8633438348770142,0.7089690193533897,0.9314679130911827,0.026799246467629947,0.02935430464158423,0.010777399219830746,0.015434887601641469,1.0,1.0,1.0,1.0
exemplar,10,7,1,10,citroen1.jpg,citroen2.jpg,2.071859121322632,2.1158974170684814,1.1886236071586609,1.5897265747189522,0.025743279874528627,0.022815851065229147,0.015488338761092412,0.017979233823454593,1.0,1.0,0.0,1.0
exemplar,10,7,2,10,stool1.jpg,stool2.jpg,1.762672781944275,1.8998520374298096,0.9261177480220795,1.9635923355817795,0.028531168988653655,0.02912112009679118,0.01433430751023787,0.028563055244525654,1.0,1.0,1.0,1.0
exemplar,10,7,3,10,bicycle1.jpg,bicycle2.jpg,2.0232656002044678,2.0662975311279297,2.250344544649124,2.1369417905807495,0.022475971325356454,0.02655953856151615,0.02567447739382008,0.028504262300154154,1.0,0.0,1.0,1.0
exemplar,10,7,4,10,bathingsuit1.jpg,bathingsuit2.jpg,1.8873484134674072,1.9030520915985107,1.0354813262820244,1.5872365087270737,0.031392326233515656,0.025608840717795196,0.01716503649437014,0.02110190562627902,1.0,1.0,0.0,1.0
exemplar,10,7,5,10,stapleremover1.jpg,stapleremover2.jpg,1.959897756576538,2.0362181663513184,0.7433904409408569,0.9217541515827179,0.03337598778531853,0.026431661151093327,0.012991889896381871,0.012147420925395598,1.0,1.0,0.0,0.0
exemplar,10,7,6,10,headphone1.jpg,headphone2.jpg,1.9580371379852295,1.935913324356079,0.8262958526611328,0.7816930636763573,0.033467924656063075,0.03458375427643058,0.014022301359912918,0.014032224619834189,0.0,0.0,1.0,1.0
exemplar,10,7,7,10,soother1.jpg,soother2.jpg,1.8152990341186523,1.8800032138824463,0.9114805907011032,1.1440437585115433,0.02467472558111489,0.025257090901243725,0.01208037339651594,0.01540558931515398,1.0,1.0,1.0,1.0
exemplar,10,7,8,10,rake1.jpg,rake2.jpg,1.9274150133132935,1.8990600109100342,0.8016384467482567,1.0935892015695572,0.032948831467702916,0.029336326171906707,0.013460314491700839,0.017117510210181673,0.0,1.0,0.0,1.0
exemplar,10,7,9,10,peppers1.jpg,peppers2.jpg,1.7547250986099243,1.7502398490905762,0.7959895357489586,0.931318461894989,0.02819056795380061,0.026208635621481867,0.012471945730468413,0.014092635492214668,0.0,1.0,0.0,1.0
exemplar,10,7,10,10,fishbowl1.jpg,fishbowl2.jpg,1.8410407304763794,2.02255916595459,0.6879768520593643,1.2680577039718628,0.028080302118977503,0.025997109923863837,0.010364695014352786,0.01694121913852619,1.0,1.0,0.0,1.0
exemplar,10,8,1,10,wineglass1.jpg,wineglass2.jpg,1.8833452463150024,1.8392635583877563,1.3344959765672684,1.2707638591527939,0.032111261301666555,0.03055819303143451,0.022840713551963758,0.021326886151031267,0.0,0.0,0.0,0.0
exemplar,10,8,2,10,suitcase1.jpg,suitcase2.jpg,1.955897569656372,1.9005329608917236,0.7900732755661011,0.9198120832443237,0.02774641977489855,0.027004356595261677,0.011856945297464127,0.013895640602592404,0.0,1.0,0.0,1.0
exemplar,10,8,3,10,parkmet1.jpg,parkmet2.jpg,1.7177808284759521,1.9064161777496338,0.7398461848497391,0.8875488191843033,0.029070918317335222,0.028071900249412265,0.012433623659002259,0.013105644910858028,1.0,1.0,0.0,1.0
exemplar,10,8,4,10,chocolatebar1.jpg,chocolatebar2.jpg,1.825596809387207,1.7995250225067139,0.7772600576281548,0.7147699519991875,0.02790587255928026,0.030915175077251632,0.011635178277005383,0.01204484509559679,0.0,0.0,1.0,1.0
exemplar,10,8,5,10,pictureframe1.jpg,pictureframe2.jpg,1.9527193307876587,1.8042232990264893,1.1044510900974274,0.6753383651375771,0.02720750565356955,0.027999900568207583,0.015914558771994578,0.010207839553849496,0.0,0.0,1.0,0.0
exemplar,10,8,6,10,money1.jpg,money2.jpg,1.8204065561294556,1.916716456413269,0.8037433177232742,1.2265766635537148,0.028924727379338468,0.033679241380234065,0.012970378069277276,0.0220813200265446,1.0,1.0,1.0,1.0
exemplar,10,8,7,10,soapdish1.jpg,soapdish2.jpg,1.734674096107483,1.9170515537261963,0.7114193290472031,0.8881180286407471,0.030281485712283517,0.02856540771638638,0.01210078388237861,0.013544403310194499,1.0,1.0,0.0,1.0
exemplar,10,8,8,10,horn1.jpg,horn2.jpg,1.856504201889038,1.9120478630065918,0.8199546635150909,0.7455595582723618,0.02988924958850873,0.031806234610167225,0.013346878545362068,0.012732681829228947,1.0,0.0,1.0,0.0
exemplar,10,8,9,10,soccerball1.jpg,soccerball2.jpg,1.8512234687805176,1.8790977001190186,0.9690519496798515,0.8665811643004417,0.030150973522105575,0.04164715225069958,0.016897040721050634,0.01983335430761166,1.0,0.0,1.0,1.0
exemplar,10,8,10,10,train1.jpg,train2.jpg,1.8651149272918701,1.8878588676452637,0.6710847392678261,0.7383147105574608,0.03041991184779862,0.030283630176551696,0.010798867395409776,0.011695360697425121,1.0,1.0,0.0,1.0
exemplar,10,9,1,10,kayak1.jpg,kayak2.jpg,1.8621007204055786,1.9616951942443848,1.1835182905197144,1.0327161103487015,0.02705331721858881,0.025571597957290335,0.01746534126629579,0.013538585720949353,1.0,0.0,0.0,0.0
exemplar,10,9,2,10,scroll1.jpg,scroll2.jpg,1.8550605773925781,1.9821290969848633,0.7405758127570152,0.8331814706325531,0.03418491047406052,0.029307210855556116,0.013906840654246485,0.012788087050926366,1.0,1.0,0.0,0.0
exemplar,10,9,3,10,anchor1.jpg,anchor2.jpg,1.8618996143341064,1.8447632789611816,1.0105640962719917,0.7353127598762512,0.02392387293702849,0.029471259075146233,0.013000652972334796,0.011623781905959495,0.0,0.0,1.0,0.0
exemplar,10,9,4,10,wheelchair1.jpg,wheelchair2.jpg,1.9336992502212524,2.2050766944885254,1.737435705959797,2.8264262974262238,0.02778522875230381,0.02828367306952954,0.02470003519666458,0.03765700252690771,1.0,1.0,1.0,1.0
exemplar,10,9,5,10,key1.jpg,key2.jpg,1.9454976320266724,1.8884706497192383,0.7844521626830101,0.7183912470936775,0.03197226685619639,0.03235499452964292,0.01257382063783176,0.011972861739157629,0.0,0.0,1.0,0.0
exemplar,10,9,6,10,pizza1.jpg,pizza2.jpg,1.723996639251709,1.834775686264038,0.834292858839035,0.9860161989927292,0.023972520536150878,0.021368083792932823,0.01198602582327639,0.011970796923341048,1.0,1.0,0.0,0.0
exemplar,10,9,7,10,feather1.jpg,feather2.jpg,1.8447819948196411,1.8821783065795898,0.7815670147538185,0.7927514612674713,0.029449906304607032,0.03241635047029312,0.012875864830379098,0.013795289906442765,1.0,1.0,1.0,1.0
exemplar,10,9,8,10,razor1.jpg,razor2.jpg,1.8011529445648193,1.8882405757904053,0.6985196471214294,0.7635260224342346,0.03229462969461788,0.030537893031880772,0.012207003230727155,0.012338155728863162,1.0,1.0,0.0,1.0
exemplar,10,9,9,10,woodenbarrel1.jpg,woodenbarrel2.jpg,1.8416839838027954,1.7994143962860107,0.879243478178978,0.8058740794658661,0.027522360619538017,0.028851515415641068,0.013698543294701142,0.012697491880460226,0.0,0.0,1.0,0.0
exemplar,10,9,10,10,dogpresent1.JPG,dogpresent2.JPG,1.8175733089447021,1.9520061016082764,0.6378266587853432,1.0392529591917992,0.021455424708354494,0.02621235755541154,0.007748332896570668,0.014473216781294998,1.0,1.0,1.0,1.0
exemplar,10,10,1,10,turtle1.jpg,turtle2.jpg,1.8949373960494995,1.8950588703155518,0.886792778968811,0.7870375216007233,0.025742165707165948,0.0289302116938459,0.012368667957079915,0.012156903969906674,1.0,0.0,1.0,0.0
exemplar,10,10,2,10,rabbit1.jpg,rabbit2.jpg,1.9826287031173706,2.0877339839935303,1.3197263330221176,1.1515867859125137,0.02685985776011641,0.029411868825356537,0.018453460392882294,0.016575633252567397,1.0,0.0,1.0,0.0
exemplar,10,10,3,10,grapes1.jpg,grapes2.jpg,1.8019742965698242,1.8820011615753174,0.8604441657662392,0.9302023500204086,0.025211920783592856,0.02397159688799498,0.012118119413737478,0.011837770488509309,1.0,1.0,0.0,0.0
exemplar,10,10,4,10,breadloaf1.jpg,breadloaf2.jpg,1.8502007722854614,1.8549504280090332,0.7740946710109711,0.8899263292551041,0.026913113295513418,0.025544099782890007,0.011479966605531602,0.012528886929542949,1.0,1.0,0.0,1.0
exemplar,10,10,5,10,plate1.jpg,plate2.jpg,1.777589201927185,2.633512496948242,1.1690587103366852,6.923918187618256,0.01811522774842748,0.034097633014777785,0.011676547784548826,0.0884995387015806,1.0,1.0,1.0,1.0
exemplar,10,10,6,10,reportfile1.jpg,reportfile2.jpg,2.05496883392334,2.0900988578796387,0.9532022625207901,1.3895939588546753,0.03809797251744409,0.031196674081020365,0.018105680252002408,0.021488543042023658,1.0,1.0,0.0,1.0
exemplar,10,10,7,10,camera1.jpg,camera2.jpg,1.991163730621338,1.9351685047149658,1.0921364277601242,0.9861233681440353,0.027290964418305308,0.028735338987472624,0.015766623827088627,0.015195815461509407,0.0,0.0,1.0,0.0
exemplar,10,10,8,10,cow1.jpg,cow2.jpg,1.881558895111084,2.020673990249634,0.7846458852291107,1.0088071674108505,0.02558568090879229,0.030638202662696762,0.010511450868657117,0.01556421242904652,1.0,1.0,1.0,1.0
exemplar,10,10,9,10,metalpin1.jpg,metalpin2.jpg,1.7603650093078613,1.7626938819885254,0.834121897816658,0.8289143443107605,0.026826515237356772,0.027665833776836964,0.012967092904070825,0.013245507610066619,1.0,0.0,1.0,1.0
exemplar,10,10,10,10,basket1.jpg,basket2.jpg,1.900153636932373,1.9803321361541748,1.225377470254898,1.6667497083544731,0.022817504213868647,0.027785855014635034,0.015096808590351075,0.023332900590445193,1.0,1.0,1.0,1.0
exemplar,100,1,1,100,coathanger1.jpg,coathanger2.jpg,0.9714798927307129,1.066701054573059,0.2626103460788727,0.2920590192079544,0.017208466084429577,0.016988104602806225,0.004591202168319626,0.004564818317984997,1.0,1.0,0.0,0.0
exemplar,100,1,2,100,kayak1.jpg,kayak2.jpg,1.0170493125915527,1.156397819519043,0.6609368100762367,0.3678160682320595,0.014776084547399834,0.015074176766191464,0.009753534893296282,0.004821953796790166,1.0,0.0,1.0,0.0
exemplar,100,1,3,100,skull1.jpg,skull2.jpg,1.2297775745391846,1.097205638885498,0.41244228929281235,0.2929949462413788,0.019532510525697586,0.01708352874010786,0.006731139166838457,0.004686596393432077,0.0,0.0,0.0,0.0
exemplar,100,1,4,100,stapleremover1.jpg,stapleremover2.jpg,1.1576592922210693,1.263169527053833,0.3727891147136688,0.5858312845230103,0.019714305129989066,0.016396901602788862,0.0065150624304502955,0.007720430867761141,1.0,1.0,0.0,1.0
exemplar,100,1,5,100,santahat1.jpg,santahat2.jpg,0.8932139873504639,1.0341739654541016,0.23083854094147682,0.3505191206932068,0.014878027061917454,0.014360342426774595,0.003838411443680148,0.004982232541342446,1.0,1.0,0.0,1.0
exemplar,100,1,6,100,metalpin1.jpg,metalpin2.jpg,1.0274869203567505,1.0203454494476318,0.31312817335128784,0.31754007190465927,0.015658055789221064,0.01601452633824592,0.004867828221937678,0.005074082102429441,0.0,1.0,1.0,1.0
exemplar,100,1,7,100,toyhandorn1.jpg,toyhandorn2.jpg,1.1552391052246094,1.1882853507995605,0.32522300630807877,0.4795067608356476,0.015264024030180685,0.012725237387226748,0.004382906867807642,0.005079792824594052,1.0,1.0,0.0,1.0
exemplar,100,1,8,100,feather1.jpg,feather2.jpg,1.0623966455459595,0.9952284693717957,0.9365455880761147,0.9380504265427589,0.016959988636877497,0.017140604983274625,0.015429047249843699,0.01632375115440313,0.0,1.0,1.0,1.0
exemplar,100,1,9,100,citroen1.jpg,citroen2.jpg,1.3240842819213867,1.305840015411377,0.4622306674718857,0.461607426404953,0.016452022194060452,0.014080952633290268,0.0060230884869299055,0.0052206133972724205,0.0,0.0,0.0,0.0
exemplar,100,1,10,100,spraynozzle1.jpg,spraynozzle2.jpg,1.0851209163665771,1.1408936977386475,0.3292429745197296,0.5312164574861526,0.01645117001347832,0.018093185440425076,0.004956627432466184,0.008248107551178796,1.0,1.0,1.0,1.0
exemplar,100,1,11,100,parkmet1.jpg,parkmet2.jpg,1.025316596031189,1.1444226503372192,0.5295257717370987,0.3487245738506317,0.01735197792321162,0.016851576722012845,0.008899044555942393,0.005149305973700622,1.0,0.0,0.0,0.0
exemplar,100,1,12,100,hotair1.jpg,hotair2.jpg,1.1337831020355225,1.183340072631836,0.7701864838600159,0.4587535113096237,0.012360013119092381,0.013112045214772827,0.008386053678324177,0.0051303639898799954,1.0,0.0,1.0,0.0
exemplar,100,1,13,100,graduatedcylinder1.jpg,graduatedcylinder2.jpg,1.0543076992034912,0.95940101146698,0.4064788520336151,0.3122299090027809,0.018551246307199575,0.017322114537439526,0.00699233743385177,0.0055082227385208045,0.0,0.0,0.0,0.0
exemplar,100,1,14,100,spool1.jpg,spool2.jpg,1.1812424659729004,1.3160749673843384,0.42690179497003555,0.9593454748392105,0.018526681703415825,0.023755317209728167,0.0070962312614285174,0.017850236030633806,1.0,1.0,1.0,1.0
exemplar,100,1,15,100,toyairplane1.jpg,toyairplane2.jpg,1.179599404335022,1.1331292390823364,0.38473405689001083,0.32125506550073624,0.01541614998853292,0.013614374807756244,0.005057559263610006,0.00398244074192365,0.0,0.0,0.0,0.0
exemplar,100,1,16,100,horn1.jpg,horn2.jpg,1.2422277927398682,1.2342125177383423,0.46405813097953796,0.35659822821617126,0.01999955427259701,0.020530685270746047,0.007553743868739668,0.0060899920474020664,0.0,0.0,1.0,0.0
exemplar,100,1,17,100,toydinosaur1.jpg,toydinosaur2.jpg,1.038536548614502,1.0985941886901855,0.26716766506433487,0.345193013548851,0.01612230772624769,0.01388046833592942,0.004074091778259845,0.004451979873220036,1.0,1.0,0.0,1.0
exemplar,100,1,18,100,block1.jpg,block2.jpg,1.1370429992675781,1.0455245971679688,0.3296719342470169,0.3768537864089012,0.017239969236370188,0.022156880715751132,0.005248957239423735,0.008690549317760705,0.0,1.0,1.0,1.0
exemplar,100,1,19,100,wheelchair1.jpg,wheelchair2.jpg,1.2008373737335205,1.2111130952835083,0.5217214375734329,0.4945511817932129,0.017254772746942912,0.015534483187293502,0.007416986900127872,0.006588997250496435,1.0,0.0,0.0,0.0
exemplar,100,1,20,100,sharpener1.jpg,sharpener2.jpg,1.3385285139083862,1.1979306936264038,0.4759209603071213,0.3625546023249626,0.022402718680191912,0.017575574310571062,0.00841422795213926,0.005470281283795608,0.0,0.0,0.0,0.0
exemplar,100,1,21,100,icecream1.jpg,icecream2.jpg,0.9931278228759766,1.054242730140686,0.3008468225598335,0.3733815476298332,0.017177691593190835,0.013120847144280847,0.005243670936928203,0.004740676596695864,1.0,1.0,0.0,0.0
exemplar,100,1,22,100,globe1.jpg,globe2.jpg,1.1312698125839233,1.3064745664596558,0.32556959986686707,0.4314378798007965,0.015320231680610318,0.01608990179724702,0.004561458667852795,0.005481409744914668,1.0,1.0,1.0,1.0
exemplar,100,1,23,100,bassguitar1.jpg,bassguitar2.jpg,1.0493789911270142,1.0774738788604736,0.39755548536777496,0.5637441128492355,0.015775675590304957,0.014470485446539063,0.006035367074961104,0.007493404253320037,1.0,1.0,0.0,1.0
exemplar,100,1,24,100,rabbit1.jpg,rabbit2.jpg,1.2979421615600586,1.2259855270385742,0.8114041239023209,0.4839502200484276,0.01758399935678595,0.017271609208597282,0.011345696064702147,0.006965850475320964,0.0,0.0,0.0,0.0
exemplar,100,1,25,100,calculator1.jpg,calculator2.jpg,1.1817429065704346,1.2670882940292358,0.9873090982437134,0.7924076467752457,0.017871981347108018,0.018190189667696522,0.01557978453367966,0.011322209065299953,1.0,0.0,1.0,0.0
exemplar,100,1,26,100,gardeningshovel1.jpg,gardeningshovel2.jpg,1.0135362148284912,0.9888027906417847,0.3152526989579201,0.3116145730018616,0.01715278612268697,0.017838137198410972,0.005250119406659888,0.005518484898744119,0.0,0.0,1.0,1.0
exemplar,100,1,27,100,rabbitstuffed1.jpg,rabbitstuffed2.jpg,1.023988127708435,1.1315466165542603,0.2757159546017647,0.3423519730567932,0.015772094589005144,0.015223226252435088,0.004107554184998822,0.004637406038809317,1.0,1.0,0.0,1.0
exemplar,100,1,28,100,sunglasses1.jpg,sunglasses2.jpg,1.0088838338851929,1.110953688621521,0.23710396140813828,0.28156283497810364,0.014733321432826286,0.016529176609359084,0.0034574862438980533,0.004183558911764983,1.0,1.0,1.0,1.0
exemplar,100,1,29,100,basket1.jpg,basket2.jpg,1.2986170053482056,1.1899316310882568,0.564001590013504,0.5556064322590828,0.015594106926833069,0.0166958194411548,0.006948572383427578,0.007777958253919204,0.0,0.0,1.0,1.0
exemplar,100,1,30,100,cone1.jpg,cone2.jpg,1.0197488069534302,0.9952692985534668,0.33660244941711426,0.34440402686595917,0.015015685253456246,0.014038888756572079,0.004988060477129161,0.004778064083906651,0.0,1.0,0.0,0.0
exemplar,100,1,31,100,potatochips1.jpg,potatochips2.jpg,1.190687894821167,1.1970107555389404,0.3933292627334595,0.34436745941638947,0.013606467645497548,0.015796774762277015,0.004553336376451839,0.004657673348937557,1.0,0.0,1.0,1.0
exemplar,100,1,32,100,oritable1.jpg,oritable2.jpg,1.0845067501068115,1.083755373954773,0.3071059286594391,0.43429695069789886,0.01801161406535211,0.01604862426996995,0.005185904208567173,0.006403995373836529,0.0,1.0,0.0,1.0
exemplar,100,1,33,100,toywrench1.jpg,toywrench2.jpg,1.0566825866699219,0.9903978109359741,0.3332775682210922,0.2709170952439308,0.017232314903447298,0.015201163536375392,0.005543220107544462,0.004241736067239089,0.0,0.0,0.0,0.0
exemplar,100,1,34,100,holepunch1.jpg,holepunch2.jpg,1.0473333597183228,1.0039852857589722,0.27016130089759827,0.31879042088985443,0.017724784147558882,0.017454604887554816,0.00463465865729408,0.005419541404011392,0.0,1.0,0.0,1.0
exemplar,100,1,35,100,suitcase1.jpg,suitcase2.jpg,1.2377967834472656,1.179369568824768,0.34060655534267426,0.4815673530101776,0.017559421148818616,0.016757465957970556,0.005111618655576071,0.007275058661730696,0.0,1.0,0.0,1.0
exemplar,100,1,36,100,toykeys1.jpg,toykeys2.JPG,1.1796272993087769,1.1558016538619995,0.3517560064792633,0.31619957089424133,0.01586028781825097,0.015173324600364059,0.004666033501155234,0.004254345187596181,0.0,0.0,0.0,0.0
exemplar,100,1,37,100,bathingsuit1.jpg,bathingsuit2.jpg,1.1656213998794556,1.1335041522979736,0.3365088552236557,0.4253195598721504,0.019387817844696526,0.015253248934860103,0.0055782626243320215,0.005654515356775928,0.0,1.0,0.0,1.0
exemplar,100,1,38,100,microscope1.jpg,microscope2.jpg,1.117631196975708,1.1654422283172607,0.3097260817885399,0.3220733180642128,0.018052645078319614,0.018623028482702683,0.0049315941789890684,0.0051363662325500156,1.0,1.0,1.0,1.0
exemplar,100,1,39,100,woodenbarrel1.jpg,woodenbarrel2.jpg,1.2344417572021484,1.2911616563796997,0.6041100174188614,0.6483251452445984,0.018447655246141125,0.020702274312138207,0.009411985910335516,0.010215123525374743,1.0,1.0,1.0,1.0
exemplar,100,1,40,100,plate1.jpg,plate2.jpg,1.2926506996154785,1.496164321899414,0.4969840496778488,0.6548921912908554,0.013173269615562012,0.019371718204127707,0.004963872175889889,0.00837064437476329,1.0,1.0,1.0,1.0
exemplar,100,1,41,100,wineglass1.jpg,wineglass2.jpg,1.0083824396133423,0.947609543800354,0.3770366311073303,0.4387340694665909,0.017193040985869344,0.015743929262244428,0.006453212179681579,0.007363155225653598,0.0,1.0,0.0,1.0
exemplar,100,1,42,100,bicycle1.jpg,bicycle2.jpg,1.174272894859314,1.2108182907104492,0.7327405959367752,0.6043005287647247,0.013044715389978473,0.01556347747536568,0.008359933997949761,0.008060650437909376,1.0,0.0,1.0,0.0
exemplar,100,1,43,100,ship1.jpg,ship2.jpg,1.1632598638534546,1.342639684677124,0.3851436376571655,1.318201906979084,0.015702913273698677,0.019031001532154264,0.005381329862247046,0.01844831321971903,1.0,1.0,1.0,1.0
exemplar,100,1,44,100,chisel1.jpg,chisel2.jpg,1.0215239524841309,0.9663519859313965,0.2571438327431679,0.2982543036341667,0.017561383697194066,0.018747994837994546,0.004456734973704134,0.005588375379531097,0.0,1.0,1.0,1.0
exemplar,100,1,45,100,baseballglove1.jpg,baseballglove2.jpg,1.2302513122558594,1.1383330821990967,0.46599137783050537,0.2998979091644287,0.012424133551583748,0.014964144459727784,0.0047824135732689255,0.003939828504045317,0.0,0.0,1.0,0.0
exemplar,100,1,46,100,grandpiano1.jpg,grandpiano2.jpg,1.306351661682129,1.2243528366088867,0.4671354591846466,0.3659251928329468,0.018116333231295103,0.01779675682502482,0.00674908791235403,0.005424195785807434,0.0,0.0,0.0,0.0
exemplar,100,1,47,100,pizza1.jpg,pizza2.jpg,1.150815486907959,1.2168786525726318,0.4016735181212425,0.3785412386059761,0.01600232115602958,0.014171958571649204,0.005770718411071014,0.004595705728862517,1.0,0.0,0.0,0.0
exemplar,100,1,48,100,reportfile1.jpg,reportfile2.jpg,0.9512331485748291,1.0332626104354858,0.2543375715613365,0.3475724682211876,0.017635330402016976,0.015422407785324202,0.004831036316030463,0.005374826146876251,1.0,1.0,0.0,1.0
exemplar,100,1,49,100,camera1.jpg,camera2.jpg,1.2920081615447998,1.2429146766662598,0.4615030437707901,0.3587711453437805,0.017708312090375582,0.0184560540746143,0.006662487122706462,0.005528537598514909,0.0,0.0,1.0,0.0
exemplar,100,1,50,100,guitar1.jpg,guitar2.jpg,0.9590755701065063,1.0009496212005615,0.3270067721605301,0.27799058705568314,0.014107214907690494,0.014647050039421032,0.004876380728753694,0.004067508411090625,1.0,0.0,1.0,0.0
exemplar,100,1,51,100,tongs1.jpg,tongs2.jpg,1.0161865949630737,0.9995955228805542,0.2619168274104595,0.3114190101623535,0.014791415964636226,0.015915513786655174,0.0038120747821422684,0.004951367985598827,0.0,1.0,1.0,1.0
exemplar,100,1,52,100,soother1.jpg,soother2.jpg,1.2305009365081787,1.1567007303237915,0.4208209961652756,0.3424084931612015,0.016725769344324806,0.01553981146180624,0.00557738126147043,0.004610841660921448,0.0,0.0,0.0,0.0
exemplar,100,1,53,100,backgammon1.jpg,backgammon2.jpg,1.179840326309204,1.1180174350738525,0.4380541294813156,0.4729531556367874,0.016775881115216787,0.01686665037957732,0.0063637858639385295,0.007345883503424428,0.0,1.0,1.0,1.0
exemplar,100,1,54,100,bracelet1.jpg,bracelet2.jpg,1.09806489944458,1.2717078924179077,0.2795006036758423,0.6496861726045609,0.015639171838267466,0.01717722106297377,0.003800060017357243,0.008589242157042291,1.0,1.0,1.0,1.0
exemplar,100,1,55,100,candy1.jpg,candy2.jpg,1.0755932331085205,1.125295639038086,0.5229094475507736,0.6462400108575821,0.011453817171265108,0.010890167385669185,0.005512941822639173,0.006173970854997371,1.0,1.0,0.0,1.0
exemplar,100,1,56,100,stapler1.jpg,stapler2.jpg,1.021956205368042,1.2330734729766846,0.2807687446475029,0.4452843964099884,0.017614403842392053,0.019380492307778725,0.004838101122652868,0.007034676659066702,1.0,1.0,1.0,1.0
exemplar,100,1,57,100,tractor1.jpg,tractor2.jpg,1.0762906074523926,1.0403268337249756,0.2665646821260452,0.45851877331733704,0.014727697471649327,0.013673034995481033,0.0037282372532371575,0.006084863160456669,0.0,1.0,0.0,1.0
exemplar,100,1,58,100,flask1.jpg,flask2.jpg,1.1287801265716553,1.0633352994918823,0.34930339455604553,0.3058091774582863,0.020367932302772996,0.01951823013408271,0.006386348807674571,0.005592733179993282,0.0,0.0,0.0,0.0
exemplar,100,1,59,100,teapot1.JPG,teapot2.JPG,1.186320185661316,1.2575420141220093,0.38153126090765,0.49290166795253754,0.016198611938831448,0.013817667124735403,0.0051140032247646,0.005479192448793037,1.0,1.0,0.0,1.0
exemplar,100,1,60,100,razor1.jpg,razor2.jpg,0.9868426322937012,1.004470944404602,0.29313526302576065,0.35593952238559723,0.017694065055917366,0.016244977810107634,0.005122694998689806,0.005751784652014192,1.0,1.0,0.0,1.0
exemplar,100,1,61,100,headphone1.jpg,headphone2.jpg,1.0714168548583984,1.0076849460601807,0.33534035086631775,0.2594914734363556,0.018313288281413303,0.018001595486820204,0.005690750404764347,0.004658148845616794,0.0,0.0,0.0,0.0
exemplar,100,1,62,100,soapdish1.jpg,soapdish2.jpg,1.066159963607788,1.0544238090515137,0.2832288220524788,0.27718694508075714,0.018611511970717483,0.015711651547855834,0.004817539564897473,0.0042272892289333015,0.0,0.0,0.0,0.0
exemplar,100,1,63,100,goggles1.jpg,goggles2.jpg,1.1374313831329346,1.1465508937835693,0.3260933682322502,0.3370683491230011,0.01754422952252129,0.018602901165456875,0.004934122582765869,0.005527541729818786,1.0,1.0,1.0,1.0
exemplar,100,1,64,100,remote1.jpg,remote2.jpg,1.0675698518753052,1.1101264953613281,1.2105322033166885,1.0857075452804565,0.01772272483252911,0.018446032391411432,0.020715985463933197,0.01863030762290061,1.0,0.0,1.0,0.0
exemplar,100,1,65,100,bikehelmet1.jpg,bikehelmet2.jpg,1.1162776947021484,1.087592363357544,0.3775316998362541,0.3450368568301201,0.014681590276110915,0.01388544350418007,0.005115433660538805,0.0045454775599797406,0.0,0.0,0.0,0.0
exemplar,100,1,66,100,binoculars1.jpg,binoculars2.jpg,1.1071882247924805,1.1598117351531982,0.36549442261457443,0.3242203965783119,0.018345249981806557,0.014925797420418932,0.0061754602696523055,0.004235593017785855,1.0,0.0,0.0,0.0
exemplar,100,1,67,100,cheesecrackers1.jpg,cheesecrackers2.jpg,1.133237361907959,1.0447354316711426,0.31415579468011856,0.2755250334739685,0.014179821614060163,0.012873253241861407,0.004049966557846725,0.0034185779241978757,0.0,0.0,0.0,0.0
exemplar,100,1,68,100,spraybottle1.jpg,spraybottle2.jpg,0.9882041215896606,0.990013599395752,0.2969548627734184,0.2961428090929985,0.015498564617793333,0.01441588198998298,0.004562348585728028,0.004311103247976597,1.0,0.0,0.0,0.0
exemplar,100,1,69,100,fan1.jpg,fan2.jpg,1.1501514911651611,1.1715753078460693,0.2963433414697647,0.518268346786499,0.01718196332840727,0.018456485514570225,0.004504866094249324,0.00858796483240221,1.0,1.0,1.0,1.0
exemplar,100,1,70,100,peppers1.jpg,peppers2.jpg,1.089888334274292,1.0542757511138916,0.34520164877176285,0.3865191340446472,0.017509620836764505,0.01578705285442176,0.00540878496034334,0.0058487762132131554,0.0,1.0,0.0,1.0
exemplar,100,1,71,100,chocolatecake.jpg,chocolatecake2.jpg,1.2250616550445557,1.173939824104309,0.4429762661457062,0.31938689947128296,0.013702682513763772,0.01389259208458625,0.004629990139492088,0.0037903483257715957,0.0,0.0,1.0,0.0
exemplar,100,1,72,100,fishbowl1.jpg,fishbowl2.jpg,1.2239930629730225,1.3243892192840576,0.32011351734399796,0.44941282272338867,0.0186688400918331,0.017023132225384242,0.004822660773121442,0.006004144046105248,1.0,1.0,0.0,1.0
exemplar,100,1,73,100,dogpresent1.JPG,dogpresent2.JPG,1.1794302463531494,1.1308907270431519,0.3078332915902138,0.7646901905536652,0.013922506852875377,0.015186075529646657,0.0037395658946434967,0.010649502414715194,0.0,1.0,1.0,1.0
exemplar,100,1,74,100,lei1.jpg,lei2.jpg,1.0886380672454834,1.2350411415100098,0.32797957211732864,0.4499484896659851,0.013658290977092834,0.015561981659663611,0.004090694001850584,0.0055952254853774835,1.0,1.0,1.0,1.0
exemplar,100,1,75,100,rake1.jpg,rake2.jpg,1.025392770767212,1.0233880281448364,0.27518280595541,0.3267996460199356,0.017528914820545763,0.01580910809642847,0.004620595638711562,0.00511526290621863,0.0,1.0,0.0,1.0
exemplar,100,1,76,100,balloon1.jpg,balloon2.jpg,0.9966322183609009,0.9994125962257385,0.30073415488004684,0.4915466159582138,0.01659482169706471,0.014823982019643082,0.004956432697340548,0.007278610310926051,1.0,1.0,0.0,1.0
exemplar,100,1,77,100,starfish1.jpg,starfish2.jpg,1.2183375358581543,1.095670223236084,0.3876156881451607,0.3711181581020355,0.020785551695962013,0.022044371965909526,0.006571344315688352,0.007307664331571857,0.0,0.0,1.0,1.0
exemplar,100,1,78,100,turtle1.jpg,turtle2.jpg,1.0912708044052124,1.1798075437545776,0.3603435158729553,0.33001910150051117,0.014824592061434756,0.01801109323486761,0.005025942253952537,0.005097610234664206,1.0,0.0,1.0,1.0
exemplar,100,1,79,100,bell1.jpg,bell2.jpg,1.0264118909835815,1.0185757875442505,0.28668124228715897,0.6608682721853256,0.01589740909728786,0.016993564997057297,0.004494197487415429,0.010838209238398004,0.0,1.0,1.0,1.0
exemplar,100,1,80,100,key1.jpg,key2.jpg,0.9660544395446777,0.9833965301513672,0.25751930847764015,0.26368366181850433,0.01587611818707792,0.01684844260526247,0.00412772346053785,0.004394608145074008,1.0,1.0,1.0,1.0
exemplar,100,1,81,100,soccerball1.jpg,soccerball2.jpg,1.2003958225250244,1.0798213481903076,0.5509970188140869,0.3035506308078766,0.019550909585669927,0.02393248849636132,0.009607554132835679,0.006947332182060176,0.0,0.0,1.0,0.0
exemplar,100,1,82,100,pictureframe1.jpg,pictureframe2.jpg,1.2367048263549805,1.1124454736709595,0.3902613967657089,0.2509598210453987,0.0172311775811005,0.01726413945942627,0.005623461274976595,0.003793294916944844,0.0,0.0,1.0,0.0
exemplar,100,1,83,100,cabinet1.jpg,cabinet2.jpg,1.183599591255188,1.2250945568084717,0.3088463991880417,0.30941013246774673,0.014956817782015581,0.013442186983823901,0.003674066868625424,0.003346109524864637,1.0,1.0,0.0,0.0
exemplar,100,1,84,100,train1.jpg,train2.jpg,1.0056829452514648,1.0258837938308716,0.2650437690317631,0.3148563429713249,0.016402628113541772,0.016456466078548847,0.004264994192650459,0.0049875187995935925,1.0,1.0,1.0,1.0
exemplar,100,1,85,100,grapes1.jpg,grapes2.jpg,1.1350131034851074,1.0489833354949951,0.35112718492746353,0.36698582768440247,0.015880282259230095,0.01336120623839694,0.004945121747175007,0.004670267711716992,0.0,1.0,0.0,0.0
exemplar,100,1,86,100,log1.jpg,log2.jpg,1.1233534812927246,1.1137633323669434,0.25892095267772675,0.34407568722963333,0.013914397033806833,0.01702475491765196,0.003272124201194422,0.005409219390882569,0.0,1.0,1.0,1.0
exemplar,100,1,87,100,pliers1.jpg,pliers2.jpg,0.9940053224563599,1.0103213787078857,0.26152995228767395,0.3084321543574333,0.01806433182882896,0.01635603568115689,0.004671996371474782,0.004903715947847673,1.0,1.0,0.0,1.0
exemplar,100,1,88,100,muffin1.jpg,muffin2.jpg,1.1595306396484375,1.143810510635376,0.36075154691934586,0.4783937931060791,0.013224988127223943,0.016076072677531857,0.004267024404296022,0.0066393304298498785,0.0,1.0,1.0,1.0
exemplar,100,1,89,100,money1.jpg,money2.jpg,1.027029275894165,1.052159309387207,0.2895989492535591,0.5562989935278893,0.01631863042671089,0.018487829659282515,0.004673392334911273,0.010014715322354614,1.0,1.0,1.0,1.0
exemplar,100,1,90,100,cow1.jpg,cow2.jpg,1.2092552185058594,1.2339060306549072,0.4457998126745224,0.5633253455162048,0.016443608668521743,0.018708937323065354,0.005972124389356239,0.008691170748501897,1.0,1.0,1.0,1.0
exemplar,100,1,91,100,soapbottle1.jpg,soapbottle2.jpg,1.0841143131256104,1.021944284439087,0.43550117313861847,0.3171301707625389,0.018688458560634388,0.01712074912866916,0.007510220270492959,0.005484768223695242,0.0,0.0,0.0,0.0
exemplar,100,1,92,100,chocolatebar1.jpg,chocolatebar2.jpg,0.9973964691162109,0.8976730108261108,0.2698884978890419,0.2565538287162781,0.015246093011948125,0.015421690693222509,0.004040090259410297,0.004323280682024744,0.0,0.0,1.0,1.0
exemplar,100,1,93,100,stool1.jpg,stool2.jpg,1.1162679195404053,1.132864236831665,0.29920942336320877,0.5561777800321579,0.018068259165998173,0.017364655164812243,0.004631117256535864,0.008090343585563736,1.0,1.0,0.0,1.0
exemplar,100,1,94,100,breadloaf1.jpg,breadloaf2.jpg,1.0908429622650146,1.0998265743255615,0.29683659225702286,0.34461695700883865,0.015867456478675743,0.015145461212459648,0.004402141358188121,0.004851712716468254,1.0,1.0,0.0,1.0
exemplar,100,1,95,100,doorway1.jpg,doorway2.jpg,1.1071066856384277,1.046268105506897,0.2966233119368553,0.47688228636980057,0.016899061627054825,0.01889816508461017,0.0043654036634262795,0.008328883700924198,0.0,1.0,1.0,1.0
exemplar,100,1,96,100,scroll1.jpg,scroll2.jpg,1.0162458419799805,1.1951842308044434,0.21154175698757172,0.33120496571063995,0.01872729847806472,0.017671662414271577,0.0039724191034452945,0.0050834999126794815,1.0,1.0,0.0,1.0
exemplar,100,1,97,100,lighter1.jpg,lighter2.jpg,1.23334801197052,1.282362937927246,0.3920481950044632,0.6433113515377045,0.01898124630579731,0.017142691115215155,0.006354795723827024,0.009098264476267307,1.0,1.0,0.0,1.0
exemplar,100,1,98,100,bonzai1.jpg,bonzai2.jpg,1.0764398574829102,1.0828003883361816,0.33997122198343277,0.3239188492298126,0.01651002897901339,0.017673052942128016,0.004973553023419658,0.0050257318435697265,1.0,0.0,1.0,1.0
exemplar,100,1,99,100,trophy1.jpg,trophy2.jpg,1.0698034763336182,1.200274109840393,0.2548229247331619,0.4501711055636406,0.01522753028374737,0.018985561628893546,0.003689449920789853,0.007086740885569793,1.0,1.0,1.0,1.0
exemplar,100,1,100,100,anchor1.jpg,anchor2.jpg,1.1948058605194092,1.0993434190750122,0.25705329328775406,0.2940487712621689,0.015352268925468524,0.017562705787574656,0.0033069259770440443,0.004648306099627651,0.0,1.0,1.0,1.0
exemplar,1000,1,1,1000,balloon1.jpg,balloon2.jpg,0.38485997915267944,0.3840655982494354,0.14439373090863228,0.20435596629977226,0.006408264367449948,0.005696727802225061,0.002379768967219564,0.0030260150209949254,0.0,1.0,0.0,1.0
exemplar,1000,1,2,1000,spraynozzle1.jpg,spraynozzle2.jpg,0.5161185264587402,0.5007632374763489,0.16513652727007866,0.1692367009818554,0.007824707364695462,0.007941495456908667,0.002486067447188681,0.002627709461244273,0.0,1.0,1.0,1.0
exemplar,1000,1,3,1000,candy1.jpg,candy2.jpg,0.5772567987442017,0.6690279245376587,0.5074867829680443,0.5434314459562302,0.006147113639398265,0.006474588393615346,0.0053503433976290595,0.005191770631116564,1.0,1.0,1.0,0.0
exemplar,1000,1,4,1000,cabinet1.jpg,cabinet2.jpg,0.6119766235351562,0.5997613668441772,0.23455125838518143,0.20789746940135956,0.007733377835456699,0.006580801778922312,0.0027902446319366474,0.0022483029143580443,0.0,0.0,0.0,0.0
exemplar,1000,1,5,1000,bassguitar1.jpg,bassguitar2.jpg,0.46163517236709595,0.5258140563964844,0.20249173790216446,0.2238275520503521,0.006939920450014373,0.007061688269155979,0.003074066420579789,0.0029751624758747046,1.0,1.0,1.0,0.0
exemplar,1000,1,6,1000,grandpiano1.jpg,grandpiano2.jpg,0.7462338209152222,0.6144375801086426,0.2748459279537201,0.22398216277360916,0.01034868402184672,0.008931245855269209,0.00397092383727385,0.003320140638601195,0.0,0.0,0.0,0.0
exemplar,1000,1,7,1000,globe1.jpg,globe2.jpg,0.49673157930374146,0.5406445264816284,0.15746475383639336,0.18692366778850555,0.006726991910644857,0.006658313572748101,0.002206191753044633,0.002374861508785893,1.0,1.0,0.0,1.0
exemplar,1000,1,8,1000,potatochips1.jpg,potatochips2.jpg,0.5571795701980591,0.5179895758628845,0.19674858078360558,0.15951329469680786,0.006367114193069689,0.006835832193863023,0.0022776400201485847,0.00215746523428684,0.0,0.0,1.0,0.0
exemplar,1000,1,9,1000,headphone1.jpg,headphone2.jpg,0.5126986503601074,0.4798395335674286,0.23982297629117966,0.15957583487033844,0.00876334747111765,0.008572001810325214,0.004069813536829282,0.002864556515657213,0.0,0.0,0.0,0.0
exemplar,1000,1,10,1000,lighter1.jpg,lighter2.jpg,0.8037354946136475,0.6717309951782227,0.36139459908008575,0.28676651418209076,0.012369502557189126,0.008979733133483356,0.00585792482177393,0.004055699596671898,0.0,0.0,0.0,0.0
exemplar,1000,1,11,1000,train1.jpg,train2.jpg,0.44482898712158203,0.42820924520492554,0.16295527666807175,0.1598542034626007,0.007255133921013606,0.006869014756458477,0.00262222089276049,0.0025321892436398876,0.0,0.0,0.0,0.0
exemplar,1000,1,12,1000,toykeys1.jpg,toykeys2.JPG,0.5341036319732666,0.5035051107406616,0.17735368013381958,0.1637829728424549,0.007181113333705445,0.006609997881282227,0.0023525915629428107,0.0022036377226949113,0.0,0.0,0.0,0.0
exemplar,1000,1,13,1000,chocolatecake.jpg,chocolatecake2.jpg,0.8372470140457153,0.6994926929473877,0.428289033472538,0.25019335001707077,0.0093648592883661,0.008277908671069444,0.0044764791104591525,0.002969188613954585,0.0,0.0,0.0,0.0
exemplar,1000,1,14,1000,turtle1.jpg,turtle2.jpg,0.5800517201423645,0.5746827125549316,0.23887625336647034,0.18924174457788467,0.00787983156053634,0.008773179974213346,0.003331760396331643,0.002923105509953157,0.0,0.0,1.0,0.0
exemplar,1000,1,15,1000,bikehelmet1.jpg,bikehelmet2.jpg,0.5981618165969849,0.579674243927002,0.20487604662775993,0.21612612158060074,0.007867188202156443,0.007400781980509896,0.002776004837772087,0.0028472217281232644,0.0,1.0,0.0,1.0
exemplar,1000,1,16,1000,fishbowl1.jpg,fishbowl2.jpg,0.6524950265884399,0.6547842025756836,0.20564644038677216,0.23343680053949356,0.00995211956717148,0.008416315911695687,0.0030981603945189925,0.0031187098036224237,1.0,1.0,0.0,1.0
exemplar,1000,1,17,1000,calculator1.jpg,calculator2.jpg,0.591153085231781,0.7075748443603516,0.3450932577252388,0.35615118592977524,0.008940249908678461,0.010157871936514526,0.005445588021976925,0.005088817860808913,1.0,1.0,1.0,0.0
exemplar,1000,1,18,1000,coathanger1.jpg,coathanger2.jpg,0.44698381423950195,0.47136351466178894,0.1398845985531807,0.189079899340868,0.007917720032278197,0.0075068573886671935,0.0024455947063067845,0.0029552772943450536,1.0,1.0,0.0,1.0
exemplar,1000,1,19,1000,graduatedcylinder1.jpg,graduatedcylinder2.jpg,0.44167178869247437,0.3556027412414551,0.16619259491562843,0.11780901625752449,0.007771509347001423,0.006420455409144583,0.002858881087770368,0.00207833485339383,0.0,0.0,0.0,0.0
exemplar,1000,1,20,1000,pliers1.jpg,pliers2.jpg,0.437552809715271,0.4184374511241913,0.1380690336227417,0.1465645469725132,0.007951767428971817,0.006774060239794662,0.0024664785752300266,0.0023302074580242647,0.0,1.0,0.0,0.0
exemplar,1000,1,21,1000,microscope1.jpg,microscope2.jpg,0.5165169835090637,0.5660855770111084,0.2069958858191967,0.19295970350503922,0.008343090104719099,0.009045688896605876,0.003295879054440056,0.0030772859772523753,1.0,0.0,1.0,0.0
exemplar,1000,1,22,1000,pizza1.jpg,pizza2.jpg,0.7036892771720886,0.7688485383987427,0.2977786958217621,0.3081817105412483,0.009784941144316293,0.00895412998742672,0.004278093837106461,0.0037415010789334513,1.0,1.0,0.0,0.0
exemplar,1000,1,23,1000,chocolatebar1.jpg,chocolatebar2.jpg,0.4346562325954437,0.3556717038154602,0.1680191121995449,0.18740066140890121,0.006644107489417005,0.006110308473600742,0.0025151586077270483,0.0031579558306406874,0.0,1.0,0.0,1.0
exemplar,1000,1,24,1000,bicycle1.jpg,bicycle2.jpg,0.7350547313690186,0.7213759422302246,0.40190762281417847,0.3662985935807228,0.008165546363832836,0.009272339470180344,0.004585417020199235,0.0048859876472184816,0.0,0.0,1.0,1.0
exemplar,1000,1,25,1000,guitar1.jpg,guitar2.jpg,0.39437323808670044,0.412759006023407,0.15361984446644783,0.18446923419833183,0.005800906828346216,0.006039966135553534,0.0022908053070612947,0.0026991207495053265,1.0,1.0,1.0,1.0
exemplar,1000,1,26,1000,sunglasses1.jpg,sunglasses2.jpg,0.5010524392127991,0.4952728748321533,0.19807056710124016,0.19929398223757744,0.0073171621882325505,0.007368851556794833,0.0028882953157193365,0.0029611795729929643,0.0,1.0,1.0,1.0
exemplar,1000,1,27,1000,peppers1.jpg,peppers2.jpg,0.5417834520339966,0.4830438494682312,0.20951832085847855,0.20626655966043472,0.008704031892464704,0.007233248772440473,0.0032828335171857584,0.003121208865131912,0.0,0.0,0.0,0.0
exemplar,1000,1,28,1000,basket1.jpg,basket2.jpg,0.8152080774307251,0.6721689701080322,0.5094213411211967,0.2956864982843399,0.009789215661521451,0.009431139962728095,0.006276136672520079,0.0041393279601750895,0.0,0.0,0.0,0.0
exemplar,1000,1,29,1000,tractor1.jpg,tractor2.jpg,0.456783652305603,0.48332762718200684,0.11745594441890717,0.1681048981845379,0.006250515794313058,0.006352384026354405,0.0016427668665785957,0.002230868966727075,1.0,1.0,1.0,1.0
exemplar,1000,1,30,1000,sharpener1.jpg,sharpener2.jpg,0.7209958434104919,0.6371389627456665,0.36294756829738617,0.2390199676156044,0.01206718189540075,0.00934785563595297,0.006416871348465261,0.003606371142212497,0.0,0.0,0.0,0.0
exemplar,1000,1,31,1000,bracelet1.jpg,bracelet2.jpg,0.5732194185256958,0.7759912014007568,0.2357424572110176,0.3980701267719269,0.008164068437020071,0.010481473370461018,0.003205128984551697,0.005262726618640369,1.0,1.0,1.0,1.0
exemplar,1000,1,32,1000,starfish1.jpg,starfish2.jpg,0.6475769281387329,0.44516655802726746,0.24115075170993805,0.22192125394940376,0.011048041549059709,0.008956542747828453,0.004088288141938197,0.004369837466853021,0.0,0.0,0.0,1.0
exemplar,1000,1,33,1000,cow1.jpg,cow2.jpg,0.632949709892273,0.6264854669570923,0.270488940179348,0.2606525123119354,0.008606931917302676,0.009499003201151877,0.003623585185029229,0.004021433632554097,0.0,0.0,1.0,1.0
exemplar,1000,1,34,1000,teapot1.JPG,teapot2.JPG,0.6019620895385742,0.6795042753219604,0.273382805287838,0.3242342844605446,0.008219492855453514,0.007466282462768239,0.0036643931732126215,0.003604252447421412,1.0,1.0,0.0,0.0
exemplar,1000,1,35,1000,camera1.jpg,camera2.jpg,0.7080928683280945,0.6171751022338867,0.2565874755382538,0.2150697410106659,0.009705147285084183,0.00916444006509448,0.003704224218443985,0.0033141493258634002,0.0,0.0,0.0,0.0
exemplar,1000,1,36,1000,cheesecrackers1.jpg,cheesecrackers2.jpg,0.48801836371421814,0.42165857553482056,0.1534787192940712,0.1372927613556385,0.0061064112201545855,0.005195686352648688,0.0019785841643158155,0.0017034604703782628,0.0,0.0,0.0,0.0
exemplar,1000,1,37,1000,log1.jpg,log2.jpg,0.5349521636962891,0.5922271013259888,0.15238897874951363,0.22031807899475098,0.006626175040823634,0.009052660437508981,0.0019258219939512853,0.003463624049277975,1.0,1.0,1.0,1.0
exemplar,1000,1,38,1000,wheelchair1.jpg,wheelchair2.jpg,0.7039961814880371,0.7441791296005249,0.21893730014562607,0.49098673462867737,0.010115686263598324,0.009545300287920588,0.0031124944657864727,0.006541507458880723,1.0,1.0,0.0,1.0
exemplar,1000,1,39,1000,toyairplane1.jpg,toyairplane2.jpg,0.4789317548274994,0.513014554977417,0.13750765100121498,0.16142478585243225,0.006259145044969059,0.006163791553868219,0.0018076203072847931,0.0020011035248051314,1.0,1.0,0.0,1.0
exemplar,1000,1,40,1000,soccerball1.jpg,soccerball2.jpg,0.5544583797454834,0.5328085422515869,0.19389816001057625,0.1799515187740326,0.009030492649181978,0.01180883701694684,0.0033809385621874047,0.004118531970308139,0.0,0.0,1.0,1.0
exemplar,1000,1,41,1000,grapes1.jpg,grapes2.jpg,0.4736090898513794,0.4625445008277893,0.23894476145505905,0.19430476427078247,0.006626395769602369,0.005891564013340747,0.003365193545151043,0.0024727256432011398,0.0,0.0,0.0,0.0
exemplar,1000,1,42,1000,icecream1.jpg,icecream2.jpg,0.4538384675979614,0.3654845058917999,0.1395300291478634,0.13432099670171738,0.007849842739223787,0.0045487307602959486,0.0024319670470373113,0.001705420124670927,0.0,0.0,0.0,0.0
exemplar,1000,1,43,1000,key1.jpg,key2.jpg,0.37074559926986694,0.395724356174469,0.10263357311487198,0.13995133712887764,0.006092825321647128,0.006779909119146199,0.0016450922072193583,0.002332458832750492,1.0,1.0,1.0,1.0
exemplar,1000,1,44,1000,scroll1.jpg,scroll2.jpg,0.44513803720474243,0.48281732201576233,0.14567087590694427,0.1341787949204445,0.008202968752552406,0.007138802958170257,0.002735468299539327,0.0020594434349678146,1.0,0.0,0.0,0.0
exemplar,1000,1,45,1000,stool1.jpg,stool2.jpg,0.58645099401474,0.5122835040092468,0.19519810006022453,0.23290593922138214,0.009492477892205536,0.007852332260590289,0.0030212460539204913,0.0033879258378687075,0.0,1.0,0.0,1.0
exemplar,1000,1,46,1000,gardeningshovel1.jpg,gardeningshovel2.jpg,0.37922781705856323,0.4271899461746216,0.12954376265406609,0.14676501601934433,0.006417939036228448,0.007706564890152407,0.0021573811249515655,0.002599109909284801,1.0,1.0,1.0,1.0
exemplar,1000,1,47,1000,woodenbarrel1.jpg,woodenbarrel2.jpg,0.6445192098617554,0.6906142234802246,0.2938721477985382,0.25738466531038284,0.009631777371168345,0.01107319523291934,0.004578504634532686,0.004055397463707586,1.0,0.0,1.0,0.0
exemplar,1000,1,48,1000,rabbit1.jpg,rabbit2.jpg,0.6912702918052673,0.665360689163208,0.4139667898416519,0.2790459915995598,0.009365052408698263,0.009373560741576616,0.0057884120132833065,0.00401651362618596,0.0,0.0,1.0,0.0
exemplar,1000,1,49,1000,block1.jpg,block2.jpg,0.5871026515960693,0.5334755182266235,0.20244280993938446,0.18952373042702675,0.008901714058859173,0.011305476173528848,0.0032232457252621906,0.004370568601306106,0.0,0.0,1.0,1.0
exemplar,1000,1,50,1000,ship1.jpg,ship2.jpg,0.6435925364494324,0.7351547479629517,0.2573688253760338,0.807003803551197,0.008687893477203614,0.010420317002783874,0.0035960260281914297,0.011294065695546982,1.0,1.0,1.0,1.0
exemplar,1000,1,51,1000,wineglass1.jpg,wineglass2.jpg,0.4181656241416931,0.41402897238731384,0.1707977056503296,0.2053256444633007,0.007129773816278025,0.006878827779259841,0.002923307030214305,0.0034459247576299075,0.0,1.0,0.0,1.0
exemplar,1000,1,52,1000,suitcase1.jpg,suitcase2.jpg,0.5874775648117065,0.551483154296875,0.18042298778891563,0.22332600504159927,0.008333973810532708,0.00783593237337228,0.002707679860561529,0.0033737955391117693,0.0,1.0,0.0,1.0
exemplar,1000,1,53,1000,cone1.jpg,cone2.jpg,0.45628929138183594,0.48520728945732117,0.16774139180779457,0.1871737316250801,0.006718807942890908,0.00684414878512729,0.0024857341599979327,0.002596741079559581,1.0,1.0,1.0,1.0
exemplar,1000,1,54,1000,fan1.jpg,fan2.jpg,0.6096525192260742,0.5097438097000122,0.20154546946287155,0.266803540289402,0.009107519582313272,0.008030281260507945,0.0030637953507907227,0.004421067648396618,0.0,1.0,0.0,1.0
exemplar,1000,1,55,1000,reportfile1.jpg,reportfile2.jpg,0.4282535910606384,0.4901026487350464,0.151019636541605,0.21113765984773636,0.007939581989462713,0.007315238961636006,0.0028685551414501403,0.003265011813357142,1.0,1.0,0.0,1.0
exemplar,1000,1,56,1000,flask1.jpg,flask2.jpg,0.4962541162967682,0.41510722041130066,0.18541967123746872,0.13138284906744957,0.008954507620898812,0.007619570479959426,0.00339004634590467,0.002402770333345549,0.0,0.0,0.0,0.0
exemplar,1000,1,57,1000,stapler1.jpg,stapler2.jpg,0.4519597887992859,0.5338165163993835,0.13900361582636833,0.1836613453924656,0.0077899641869348096,0.00839011390364985,0.002395257886082306,0.002901512359340746,1.0,1.0,1.0,1.0
exemplar,1000,1,58,1000,bathingsuit1.jpg,bathingsuit2.jpg,0.5297296047210693,0.45219171047210693,0.22701343148946762,0.16526691615581512,0.00881100937606096,0.00608501760856193,0.003763171519683785,0.0021971816101073864,0.0,0.0,0.0,0.0
exemplar,1000,1,59,1000,santahat1.jpg,santahat2.jpg,0.3066476285457611,0.46834641695022583,0.09081834927201271,0.1453460343182087,0.005107747729645174,0.006503369013747123,0.001510138600426401,0.0020659293578710884,1.0,1.0,1.0,1.0
exemplar,1000,1,60,1000,skull1.jpg,skull2.jpg,0.5861501097679138,0.5161274075508118,0.239853385835886,0.2000994049012661,0.009309799939204999,0.008036121113456845,0.003914454365159796,0.0032006871154890183,0.0,0.0,0.0,0.0
exemplar,1000,1,61,1000,soapbottle1.jpg,soapbottle2.jpg,0.5793183445930481,0.48838675022125244,0.33284570276737213,0.20114929229021072,0.009986554688249077,0.008181998916793649,0.005739926085283662,0.0034788782282031195,0.0,0.0,0.0,0.0
exemplar,1000,1,62,1000,remote1.jpg,remote2.jpg,0.4928012788295746,0.5269753336906433,0.259699322283268,0.22005454450845718,0.008180992978092388,0.008756303101808732,0.004444266224949023,0.0037760480488793265,1.0,0.0,1.0,0.0
exemplar,1000,1,63,1000,stapleremover1.jpg,stapleremover2.jpg,0.5369053483009338,0.5948790907859802,0.1649828515946865,0.18220039829611778,0.00914320468332265,0.0077219832399887545,0.0028833287659664783,0.0024011445211039617,1.0,1.0,0.0,0.0
exemplar,1000,1,64,1000,horn1.jpg,horn2.jpg,0.638348400592804,0.6164923906326294,0.24883510544896126,0.20977342128753662,0.010277248309122898,0.010255131156084804,0.004050433613014659,0.003582514904204697,0.0,0.0,0.0,0.0
exemplar,1000,1,65,1000,backgammon1.jpg,backgammon2.jpg,0.6274359226226807,0.5916273593902588,0.34087469428777695,0.2623507156968117,0.008921368604395309,0.008925417004045982,0.004952021713507094,0.004074817498477219,0.0,0.0,1.0,0.0
exemplar,1000,1,66,1000,tongs1.jpg,tongs2.jpg,0.496428519487381,0.4216415286064148,0.15199752151966095,0.13959474116563797,0.007225917724995377,0.006713356960847091,0.0022122515932326355,0.002219469299594639,0.0,0.0,0.0,1.0
exemplar,1000,1,67,1000,trophy1.jpg,trophy2.jpg,0.42733025550842285,0.5670769214630127,0.1410525217652321,0.222642220556736,0.0060825979265062185,0.00896984593143553,0.002042226835748347,0.0035049067071907265,1.0,1.0,1.0,1.0
exemplar,1000,1,68,1000,soapdish1.jpg,soapdish2.jpg,0.4008299708366394,0.42492973804473877,0.11790306493639946,0.14582664147019386,0.006997122434802672,0.006331750022304763,0.0020054550805868776,0.0022239553547475643,1.0,1.0,0.0,1.0
exemplar,1000,1,69,1000,binoculars1.jpg,binoculars2.jpg,0.49856215715408325,0.5629817247390747,0.18614362552762032,0.17864735424518585,0.008260788183666476,0.007245099286517864,0.0031451165675024932,0.0023338367797723,1.0,0.0,0.0,0.0
exemplar,1000,1,70,1000,metalpin1.jpg,metalpin2.jpg,0.44880151748657227,0.4515998363494873,0.20171409100294113,0.1945948414504528,0.006839366088136551,0.007087949946247684,0.0031358070864005295,0.0031094979487354254,1.0,0.0,1.0,0.0
exemplar,1000,1,71,1000,toydinosaur1.jpg,toydinosaur2.jpg,0.4346266984939575,0.5152670741081238,0.1356028877198696,0.1745760478079319,0.006747172632981334,0.00651027320218402,0.0020678348550704283,0.0022515202239955607,1.0,1.0,0.0,1.0
exemplar,1000,1,72,1000,bonzai1.jpg,bonzai2.jpg,0.5141744613647461,0.48284846544265747,0.25882937014102936,0.20882173627614975,0.007886214170154261,0.00788086759546299,0.0037865016600653755,0.003239953624582011,0.0,0.0,0.0,0.0
exemplar,1000,1,73,1000,plate1.jpg,plate2.jpg,0.7183465361595154,0.6772809624671936,0.27126266062259674,0.296781525015831,0.007320595270670791,0.00876915440229093,0.0027093689914096763,0.0037933764304178617,0.0,1.0,1.0,1.0
exemplar,1000,1,74,1000,pictureframe1.jpg,pictureframe2.jpg,0.7212601900100708,0.5806090831756592,0.26039063185453415,0.19393904134631157,0.010049416927458867,0.009010523590227698,0.0037520919228394537,0.002931417374588568,0.0,0.0,0.0,0.0
exemplar,1000,1,75,1000,spool1.jpg,spool2.jpg,0.5351553559303284,0.6666502952575684,0.23037336021661758,0.3342055082321167,0.008393410520534788,0.01203312092720451,0.0038294114942389514,0.006218455562821178,1.0,1.0,1.0,1.0
exemplar,1000,1,76,1000,doorway1.jpg,doorway2.jpg,0.6076599359512329,0.4879772663116455,0.2857479974627495,0.20138679444789886,0.009275422901100434,0.008814064853698695,0.004205351719645539,0.003517277193554188,0.0,0.0,0.0,0.0
exemplar,1000,1,77,1000,goggles1.jpg,goggles2.jpg,0.5196961164474487,0.6093935966491699,0.1614433266222477,0.18208197131752968,0.008016015809062117,0.009887471119504228,0.0024428008703210966,0.0029859394906818697,1.0,1.0,1.0,1.0
exemplar,1000,1,78,1000,citroen1.jpg,citroen2.jpg,0.7247765064239502,0.6887112855911255,0.2737959921360016,0.2344941645860672,0.009005498616838333,0.0074264158518423315,0.00356769380322911,0.002652044371890744,0.0,0.0,0.0,0.0
exemplar,1000,1,79,1000,rake1.jpg,rake2.jpg,0.41463345289230347,0.46296602487564087,0.12531418725848198,0.19165658950805664,0.00708808827670971,0.007151813125565463,0.0021041510391788427,0.00299992320977951,1.0,1.0,1.0,1.0
exemplar,1000,1,80,1000,rabbitstuffed1.jpg,rabbitstuffed2.jpg,0.4321923553943634,0.4639993906021118,0.17303363233804703,0.18241914361715317,0.006656892326651802,0.006242400976495021,0.002577816077717628,0.0024709997452366786,1.0,1.0,0.0,0.0
exemplar,1000,1,81,1000,parkmet1.jpg,parkmet2.jpg,0.47292792797088623,0.5876243114471436,0.34684890508651733,0.23239943385124207,0.008003610784401474,0.00865274395360284,0.0058290342515703135,0.003431635975064438,1.0,0.0,1.0,0.0
exemplar,1000,1,82,1000,hotair1.jpg,hotair2.jpg,0.5443191528320312,0.6484551429748535,0.6178228780627251,0.2780725061893463,0.005933932035059003,0.007185232167053978,0.006727066662042888,0.0031097596795649353,1.0,0.0,1.0,0.0
exemplar,1000,1,83,1000,dogpresent1.JPG,dogpresent2.JPG,0.5163912177085876,0.5889605283737183,0.2927919775247574,0.6111590564250946,0.006095706201822958,0.007908809272182323,0.0035568436660007308,0.008511342145584045,1.0,1.0,1.0,1.0
exemplar,1000,1,84,1000,breadloaf1.jpg,breadloaf2.jpg,0.4967811703681946,0.6043335199356079,0.15717178955674171,0.2927117869257927,0.007226203837695821,0.008322139234712282,0.002330886599550642,0.004120962332249921,1.0,1.0,1.0,1.0
exemplar,1000,1,85,1000,razor1.jpg,razor2.jpg,0.40191248059272766,0.3798958659172058,0.14362133294343948,0.13095573335886002,0.0072062812708686835,0.006143930739215873,0.0025098593611027455,0.0021161717928327274,0.0,0.0,0.0,0.0
exemplar,1000,1,86,1000,money1.jpg,money2.jpg,0.45480427145957947,0.46822285652160645,0.16646669805049896,0.15818845853209496,0.007226456924489057,0.008227294418937154,0.0026863501842544417,0.002847771428516177,1.0,0.0,1.0,1.0
exemplar,1000,1,87,1000,toywrench1.jpg,toywrench2.jpg,0.4623674750328064,0.37230557203292847,0.15275612846016884,0.11646262556314468,0.007540260463633438,0.0057143481371670765,0.0025407075770227717,0.001823449785964065,0.0,0.0,0.0,0.0
exemplar,1000,1,88,1000,spraybottle1.jpg,spraybottle2.jpg,0.4220428466796875,0.4298625588417053,0.1732032187283039,0.17603467777371407,0.006619136864376157,0.006259356360312972,0.002661055800293682,0.0025626273804556635,1.0,1.0,0.0,0.0
exemplar,1000,1,89,1000,chisel1.jpg,chisel2.jpg,0.3852735161781311,0.35744529962539673,0.12144160270690918,0.13565482571721077,0.006623374840617233,0.0069347222645621985,0.0021047871623938253,0.002541757416122659,0.0,1.0,1.0,1.0
exemplar,1000,1,90,1000,anchor1.jpg,anchor2.jpg,0.5942889451980591,0.553189218044281,0.21242696046829224,0.16563227772712708,0.007636122325469141,0.008837547314873467,0.002732819427490174,0.00261830554009623,0.0,0.0,1.0,0.0
exemplar,1000,1,91,1000,feather1.jpg,feather2.jpg,0.4665069580078125,0.40541496872901917,0.17279886826872826,0.16762004792690277,0.007447268155455142,0.006982374446821351,0.0028467614787600123,0.002916887912872948,0.0,0.0,0.0,1.0
exemplar,1000,1,92,1000,soother1.jpg,soother2.jpg,0.5126507878303528,0.4820129871368408,0.18293480202555656,0.149275254458189,0.006968283060205443,0.0064756516062298855,0.002424539521995297,0.0020101270148005137,0.0,0.0,0.0,0.0
exemplar,1000,1,93,1000,bell1.jpg,bell2.jpg,0.45235466957092285,0.434259831905365,0.16367319971323013,0.2107149139046669,0.007006219727585428,0.007245040348825687,0.0025658451771729007,0.0034557148870196755,0.0,1.0,1.0,1.0
exemplar,1000,1,94,1000,lei1.jpg,lei2.jpg,0.4993121027946472,0.4213070273399353,0.21423128247261047,0.2084125429391861,0.006264478703752286,0.0053086265810832756,0.0026719792838377325,0.002591663709308853,0.0,0.0,0.0,0.0
exemplar,1000,1,95,1000,holepunch1.jpg,holepunch2.jpg,0.46971625089645386,0.38656842708587646,0.13064761832356453,0.11744100600481033,0.007949349727558957,0.006720615583212216,0.0022412799809091535,0.0019965355069176613,0.0,0.0,0.0,0.0
exemplar,1000,1,96,1000,muffin1.jpg,muffin2.jpg,0.682908296585083,0.690183162689209,0.2693760320544243,0.39169546961784363,0.007788887852983972,0.009700413294888422,0.0031862208562216865,0.005436098227326773,1.0,1.0,1.0,1.0
exemplar,1000,1,97,1000,baseballglove1.jpg,baseballglove2.jpg,0.6039562225341797,0.4236376881599426,0.20663047209382057,0.16096701472997665,0.0060992682497656445,0.005568998795997148,0.0021206237312654482,0.002114661067865376,0.0,0.0,0.0,0.0
exemplar,1000,1,98,1000,oritable1.jpg,oritable2.jpg,0.5048981308937073,0.4886520206928253,0.17630885541439056,0.20892081037163734,0.008385406799062738,0.007236128066653539,0.0029772164910403694,0.0030806753327835817,0.0,1.0,0.0,1.0
exemplar,1000,1,99,1000,kayak1.jpg,kayak2.jpg,0.34166330099105835,0.5815805196762085,0.09852952510118484,0.19940394163131714,0.004963816168680754,0.007581169221694725,0.0014540136764110158,0.0026141234070215288,1.0,1.0,1.0,1.0
exemplar,1000,1,100,1000,toyhandorn1.jpg,toyhandorn2.jpg,0.4993511736392975,0.6441080570220947,0.139435026794672,0.2638135328888893,0.006597862104440468,0.006897693321824101,0.0018791128693164954,0.002794784559584378,1.0,1.0,1.0,1.0
state,1,1,1,1,containero1.jpg,containero2.jpg,25.25680160522461,20.163843154907227,24.80995997786522,17.9640504270792,0.3269519556540327,0.3079517186128657,0.31505561060137566,0.2731598264264835,0.0,0.0,0.0,0.0
state,1,2,1,1,waffleiron1.jpg,waffleiron2.jpg,18.79082679748535,17.45677375793457,17.150261476635933,15.320152059197426,0.3006563483148841,0.29891235260697,0.27240351748942937,0.2629852161392317,0.0,0.0,0.0,0.0
state,1,3,1,1,alligatorsk1.jpg,alligatorsk2.jpg,20.32576560974121,19.72126007080078,17.13826371729374,16.9212763607502,0.3165350848612161,0.32185830001622223,0.27721545397923025,0.28128589707479806,0.0,0.0,1.0,1.0
state,1,4,1,1,dishwash1.jpg,dishwash2.jpg,20.92652130126953,18.10767936706543,18.138148099184036,16.664901107549667,0.2900635851214728,0.29426911572696013,0.2608816251873056,0.2745954462590368,0.0,0.0,1.0,1.0
state,1,5,1,1,groomingset1.jpg,groomingset2.jpg,19.855653762817383,22.32341957092285,17.395952939987183,19.89120002090931,0.30412639331473756,0.33350710760982416,0.27136652347070134,0.3021855138092135,1.0,1.0,1.0,1.0
state,1,6,1,1,metronome1.jpg,metronome2.JPG,22.365407943725586,21.78831672668457,19.81444424390793,19.575008541345596,0.3243530373644201,0.3139063037284263,0.29264979062196766,0.2825509984498838,0.0,0.0,0.0,0.0
state,1,7,1,1,toast1.jpg,toast2.jpg,21.193452835083008,22.578487396240234,17.97902064025402,18.782747238874435,0.32058294964610207,0.379952918709551,0.27916235549063945,0.34069494541869094,1.0,1.0,1.0,1.0
state,1,8,1,1,dough1.jpg,dough2.jpg,21.342073440551758,19.594051361083984,18.768382608890533,17.289345771074295,0.30878115832665143,0.3092877184216392,0.27470613453216464,0.27558592919820046,0.0,0.0,1.0,1.0
state,1,9,1,1,garbagecans1.jpg,garbagecans2.jpg,22.019582748413086,20.037649154663086,21.49501894414425,18.678331896662712,0.3265018242389769,0.3095647334197281,0.3094599584919589,0.28068725202144146,0.0,0.0,0.0,0.0
state,1,10,1,1,basketofapples1.jpg,basketofapples2.jpg,28.568477630615234,23.93144989013672,27.667526572942734,22.954433649778366,0.35581751902924375,0.33746486420608174,0.34550800573238327,0.3155258273781164,0.0,0.0,0.0,0.0
state,1,11,1,1,toilet1.JPG,toilet2.JPG,23.975217819213867,20.518537521362305,22.156577557325363,18.619305059313774,0.35745271237337845,0.3346672687314739,0.33484656567284937,0.30582586269813966,0.0,0.0,0.0,0.0
state,1,12,1,1,present1.jpg,present2.jpg,25.19315528869629,22.41728401184082,24.046636387705803,20.7705020904541,0.3358206347801448,0.3221320898886826,0.3315217685939109,0.3069270246230492,0.0,0.0,0.0,0.0
state,1,13,1,1,boxcookies1.JPG,boxcookies2.JPG,23.23867416381836,19.923799514770508,20.58049249649048,17.853274196386337,0.33166645664684635,0.3115420227758091,0.3060097221057331,0.28447007739573954,0.0,0.0,0.0,0.0
state,1,14,1,1,coffeemaker1.JPG,coffeemaker2.JPG,21.721769332885742,18.025297164916992,20.12731310725212,16.080248042941093,0.32732436256211894,0.31049200431777446,0.30954377000487293,0.2811085731391393,0.0,0.0,0.0,0.0
state,1,15,1,1,schoolbag1.JPG,schoolbag2.JPG,21.658485412597656,21.25659942626953,19.88409285247326,19.454772427678108,0.3216000992818511,0.3193775144461955,0.299508500550025,0.2991142732217899,0.0,0.0,0.0,0.0
state,1,16,1,1,babytoy1.JPG,babytoy2.JPG,29.986007690429688,30.537471771240234,28.739648297429085,28.933362528681755,0.33677584521442927,0.3347028394883803,0.3288734190704857,0.32282735275339575,1.0,1.0,0.0,0.0
state,1,17,1,1,ballofyarn1.jpg,ballofyarn2.jpg,18.552091598510742,21.644725799560547,16.19144795835018,19.747065901756287,0.3242866977607085,0.35202169883837253,0.2800995422217801,0.3181042115218867,1.0,1.0,1.0,1.0
state,1,18,1,1,notebook1.jpg,notebook2.jpg,21.397974014282227,24.47199058532715,16.809819668531418,20.580670401453972,0.3406976168756611,0.3467830169288427,0.28721912283215795,0.31445140953831213,1.0,1.0,1.0,1.0
state,1,19,1,1,cookingpot1.JPG,cookingpot2.JPG,19.976823806762695,20.206571578979492,18.036480024456978,17.97132696211338,0.3111344359590713,0.3141710961449425,0.2760360323688714,0.2775947063467438,1.0,0.0,1.0,1.0
state,1,20,1,1,tomato1.jpg,tomato2.jpg,25.872337341308594,41.74105453491211,22.292565420269966,41.741113036870956,0.3367459696465018,0.3630816982755576,0.2789298267199815,0.35994426294103515,1.0,1.0,1.0,1.0
state,1,21,1,1,tiger1.jpg,tiger2.jpg,20.460250854492188,21.705759048461914,17.087118327617645,18.660072430968285,0.31649780781774844,0.3400774953084835,0.274186099254932,0.3013766361261955,1.0,1.0,1.0,1.0
state,1,22,1,1,cabinet1.jpg,cabinet2.jpg,19.954957962036133,19.233654022216797,17.8040749207139,16.915071211755276,0.3093365293046082,0.31015311153126973,0.2723852890312181,0.2697063526022305,0.0,0.0,1.0,0.0
state,1,23,1,1,redumbrella1.jpg,redumbrella2.jpg,19.23105812072754,18.18391990661621,17.838623479008675,16.695085793733597,0.30212707055229987,0.2941744357865022,0.2767432624825276,0.26096083443481527,0.0,0.0,0.0,0.0
state,1,24,1,1,drum1.jpg,drum2.jpg,25.02454948425293,27.855905532836914,23.07582150399685,26.772035017609596,0.2935071425753604,0.313267982356146,0.2729665881870093,0.30442522359751734,1.0,1.0,1.0,1.0
state,1,25,1,1,dryer1.jpg,dryer2.jpg,17.64784049987793,20.970170974731445,15.67057079076767,18.971341907978058,0.32647491036194537,0.3331985212964874,0.2883689571085627,0.29927858345347014,1.0,1.0,1.0,1.0
state,1,26,1,1,donut1.jpg,donut2.jpg,25.710987091064453,23.25879669189453,23.81809501349926,21.50157982110977,0.3199601178159729,0.32198675114522,0.29984812572047254,0.30366852043585324,0.0,0.0,1.0,1.0
state,1,27,1,1,deepfryer1.jpg,deepfryer2.jpg,23.779829025268555,20.17005157470703,22.70786713063717,18.410144239664078,0.3430489942807765,0.35686703680328924,0.33534884461253606,0.3414170782853223,0.0,0.0,1.0,1.0
state,1,28,1,1,glassjuice1.JPG,glassjuice2.JPG,19.898897171020508,22.678728103637695,17.316451519727707,21.621136993169785,0.3422366727170159,0.32904632397255434,0.3019523759503067,0.3108668782372161,1.0,1.0,0.0,1.0
state,1,29,1,1,whitebox1.jpg,whitebox2.jpg,16.819482803344727,17.725419998168945,14.640720590949059,15.055406019091606,0.33345601544319636,0.3460679506453289,0.2891936576842062,0.2973214771065099,1.0,1.0,1.0,1.0
state,1,30,1,1,scales1.jpg,scales2.jpg,22.22372055053711,22.256057739257812,20.212085634469986,20.648960322141647,0.3530791833438802,0.359886583974818,0.30470860387999865,0.31571737517199805,1.0,1.0,1.0,1.0
state,1,31,1,1,books1.JPG,books2.JPG,18.334653854370117,20.25819206237793,16.11031311750412,17.79214535653591,0.31185224475429113,0.3334820027447992,0.27705375928781134,0.3050425121537156,1.0,1.0,1.0,1.0
state,1,32,1,1,bottle1.jpg,bottle2.jpg,18.52869987487793,16.831180572509766,16.28080542385578,14.448471873998642,0.312564692774708,0.3159574595475945,0.2709380736000913,0.2752635991555484,0.0,0.0,1.0,1.0
state,1,33,1,1,briefcasece1.jpg,briefcasece2.jpg,22.792694091796875,22.117816925048828,20.589901313185692,19.6382098197937,0.30233420456013754,0.31095118439166214,0.2651624015063317,0.27870399338315577,0.0,0.0,1.0,1.0
state,1,34,1,1,redbox1.jpg,redbox2.jpg,19.725887298583984,21.669048309326172,18.05416713654995,19.940059021115303,0.2909802925026688,0.2896514612644542,0.2601109056327968,0.25815647745119125,1.0,1.0,0.0,0.0
state,1,35,1,1,dresser1.JPG,dresser2.JPG,21.91408348083496,24.759618759155273,20.027645841240883,22.400255382061005,0.3072294069360271,0.3278175140956718,0.2822199040713491,0.30901595032533724,1.0,1.0,1.0,1.0
state,1,36,1,1,typewriter1.jpg,typewriter2.jpg,23.51614761352539,24.028297424316406,21.28148750960827,22.0590168684721,0.32084232766854515,0.3247928816984948,0.30810831707443753,0.31301585921045727,1.0,1.0,1.0,1.0
state,1,37,1,1,crayon1.jpg,crayon2.jpg,26.098716735839844,24.01859474182129,24.79110038280487,21.772121414542198,0.33517163720654664,0.31828230093314314,0.3198472206925659,0.292441172137897,0.0,0.0,0.0,0.0
state,1,38,1,1,sweater1.jpg,sweater2.jpg,21.421348571777344,21.276954650878906,19.111762553453445,19.06821820139885,0.3394697262674246,0.336402959791731,0.31196509862366134,0.3091090480121507,0.0,0.0,0.0,0.0
state,1,39,1,1,pie1.JPG,pie2.JPG,23.07558822631836,22.96734619140625,20.933851927518845,20.62911146879196,0.3110258908159394,0.321462113222184,0.2851521762827221,0.29267384496582816,0.0,0.0,1.0,1.0
state,1,40,1,1,eggplant1.jpg,eggplant2.jpg,19.891128540039062,24.279762268066406,17.825042322278023,25.068298786878586,0.32361617175684443,0.3866744922833832,0.29331661607667087,0.3826371215020466,1.0,1.0,1.0,1.0
state,1,41,1,1,belt1.jpg,belt2.jpg,24.766334533691406,24.23232078552246,23.28271210193634,22.054529830813408,0.34068863920124975,0.360646541715497,0.32318425949378216,0.3365818822480494,0.0,0.0,1.0,1.0
state,1,42,1,1,egg1.jpg,egg2.jpg,28.424108505249023,29.141374588012695,25.926920533180237,26.495559871196747,0.3477766907529438,0.357786110154155,0.3162315594033891,0.32823621389266633,1.0,1.0,1.0,1.0
state,1,43,1,1,clipboard1.jpg,clipboard2.jpg,17.066646575927734,17.39971160888672,14.386655271053314,14.704698070883751,0.3095035069297564,0.3166378737537275,0.25997333362987973,0.26815386098620075,1.0,1.0,1.0,1.0
state,1,44,1,1,iron1.jpg,iron2.jpg,18.215112686157227,26.484359741210938,17.07852979004383,25.293628692626953,0.30297047294186363,0.35195340860148766,0.2685120350453808,0.3383123253624041,1.0,1.0,1.0,1.0
state,1,45,1,1,redcabbage1.jpg,redcabbage2.jpg,24.93047332763672,32.37784194946289,21.681889042258263,33.26473917067051,0.2954675742657384,0.32130516491509103,0.259717841338471,0.32504119156293854,1.0,1.0,1.0,1.0
state,1,46,1,1,handshake1.JPG,handshake2.JPG,21.588544845581055,23.66628074645996,18.75287926197052,20.43782937526703,0.30971011303110507,0.3280994530139854,0.27245835859815787,0.290362604754512,1.0,1.0,1.0,1.0
state,1,47,1,1,teacupplate1.jpg,teacupplate2.jpg,24.07111358642578,23.485952377319336,22.129812449216843,21.81541183590889,0.30495990488107894,0.31814040625383755,0.2880928818510834,0.2992453638034272,0.0,0.0,1.0,1.0
state,1,48,1,1,giftbag1.jpg,giftbag2.jpg,26.26192855834961,27.97994613647461,25.631548777222633,27.651966959238052,0.33567336753709953,0.34033839439742775,0.33225373838249334,0.3372713861808993,1.0,1.0,1.0,1.0
state,1,49,1,1,racketball1.jpg,racketball2.jpg,24.221845626831055,23.223731994628906,21.949801117181778,20.7930588722229,0.3330666276365744,0.3219246092677055,0.30791149933372364,0.2958325074043245,0.0,0.0,0.0,0.0
state,1,50,1,1,pumpkinpie1.jpg,pumpkinpie2.jpg,28.41770362854004,28.20057487487793,27.203752979636192,27.134700790047646,0.2993335129935935,0.30260932696471143,0.2961257512475227,0.2973520353996127,0.0,0.0,1.0,1.0
state,1,51,1,1,diapers1.jpg,diapers2.jpg,18.235637664794922,21.078231811523438,15.569528266787529,19.47320146858692,0.32180493001081784,0.3552069155289898,0.27947750633788293,0.33033042314535915,1.0,1.0,1.0,1.0
state,1,52,1,1,piggybank1.jpg,piggybank2.jpg,19.499439239501953,27.4009952545166,15.899875223636627,24.45438414812088,0.37125069661524945,0.37107136357765885,0.3119506358979396,0.33874746209232504,1.0,1.0,0.0,1.0
state,1,53,1,1,dice1.jpg,dice2.jpg,20.7960262298584,23.66190528869629,18.535234585404396,22.134862571954727,0.3567689127430762,0.3628150284755413,0.33338345082707077,0.351035752035232,1.0,1.0,1.0,1.0
state,1,54,1,1,bulletandca1.jpg,bulletandca2.jpg,17.254745483398438,14.959661483764648,14.849557250738144,12.420313209295273,0.2972234954941564,0.2772038764629547,0.24672034773790208,0.22635084917464557,0.0,0.0,0.0,0.0
state,1,55,1,1,briefcase1.JPG,briefcase2.JPG,18.6787109375,18.583667755126953,16.694362431764603,17.03736436367035,0.2823443012812946,0.31677055865468046,0.24417376779056038,0.2853991184562027,0.0,1.0,1.0,1.0
state,1,56,1,1,accordion1.JPG,accordion2.JPG,28.848533630371094,28.18494987487793,27.858720123767853,26.54768070578575,0.35444534574368824,0.310459776968036,0.35154202096852094,0.30118724029450245,0.0,0.0,0.0,0.0
state,1,57,1,1,accord1.jpg,accord2.jpg,24.318504333496094,26.81662940979004,22.07901296019554,26.004018753767014,0.3509571929656499,0.35689575425566883,0.33005080827731853,0.3514193039775852,1.0,1.0,1.0,1.0
state,1,58,1,1,padlock1.jpg,padlock2.jpg,20.841337203979492,18.647703170776367,18.69160668551922,16.521308541297913,0.32212987141857413,0.3082110100749001,0.2950573926799057,0.27530041665639754,0.0,0.0,0.0,0.0
state,1,59,1,1,biscuit1.jpg,biscuit2.jpg,23.092628479003906,20.702966690063477,20.42572019994259,17.8633022159338,0.33164097796771325,0.32632216136839454,0.29753767457428193,0.28695340717063206,0.0,0.0,0.0,0.0
state,1,60,1,1,patiota1.jpg,patiota2.jpg,20.03533363342285,20.361352920532227,18.36411625146866,18.738455787301064,0.3309368888676071,0.32377172854083813,0.30344490287270465,0.294677421422105,1.0,1.0,0.0,0.0
state,1,61,1,1,apples1.JPG,apples2.JPG,25.118724822998047,31.05115509033203,22.981559827923775,29.00729128718376,0.31098526444894403,0.3395366045776385,0.2819752859113196,0.3184080367347916,1.0,1.0,1.0,1.0
state,1,62,1,1,antiquephone1.jpg,antiquephone2.jpg,19.33860206604004,21.593570709228516,17.263248428702354,19.857439309358597,0.30978306130455047,0.33787199712794486,0.27377561987584076,0.31338649068720076,1.0,1.0,1.0,1.0
state,1,63,1,1,mirror1.jpg,mirror2.jpg,17.665184020996094,18.397884368896484,15.024573802947998,15.85942530632019,0.3172862710597867,0.3163709214728796,0.26970955463049007,0.27025853542977724,1.0,1.0,0.0,1.0
state,1,64,1,1,tent1.jpg,tent2.jpg,23.682954788208008,26.766252517700195,22.03956201672554,24.5837040245533,0.3188163786915657,0.32278657247576736,0.2969733695545474,0.30130013356197605,1.0,1.0,1.0,1.0
state,1,65,1,1,servdis1.jpg,servdis2.jpg,22.19907569885254,17.956375122070312,20.496691688895226,16.461209699511528,0.3155550827883236,0.3091892979244265,0.29410712829746566,0.2841179657004908,0.0,0.0,0.0,0.0
state,1,66,1,1,cerobj1.jpg,cerobj2.jpg,19.545141220092773,19.876537322998047,17.50568027794361,17.931229919195175,0.3119533432232364,0.31559954286639724,0.2780498568767498,0.28470661939313074,1.0,1.0,1.0,1.0
state,1,67,1,1,bandagetape1.jpg,bandagetape2.jpg,18.979522705078125,25.596694946289062,16.169203907251358,23.522130370140076,0.3532594309439155,0.4070603342260475,0.3145192026553826,0.3933601048378718,1.0,1.0,1.0,1.0
state,1,68,1,1,bagel1.JPG,bagel2.jpg,26.468494415283203,28.981698989868164,24.951974496245384,27.11621356010437,0.3229808844531274,0.32923279014017226,0.3103541284963983,0.3154917001795216,1.0,1.0,1.0,1.0
state,1,69,1,1,bread1.jpg,bread2.jpg,26.690662384033203,27.58866310119629,24.244303598999977,25.048563465476036,0.3654726120052715,0.36691204063021887,0.3374372086029151,0.33800891037243697,1.0,1.0,1.0,1.0
state,1,70,1,1,coffeegrind1.jpg,coffeegrind2.jpg,18.01934051513672,20.724777221679688,15.236829817295074,17.84164845943451,0.30323383114605623,0.33459444996096804,0.26531684450154436,0.2986632779881479,1.0,1.0,1.0,1.0
state,1,71,1,1,container1.JPG,container2.JPG,25.891498565673828,24.747079849243164,24.96156120300293,22.773636147379875,0.33159689528904807,0.32636475764617545,0.31781853857386944,0.2920183354736214,0.0,0.0,0.0,0.0
state,1,72,1,1,cheese1.JPG,cheese2.JPG,16.24565887451172,17.88194465637207,13.467063322663307,15.563659325242043,0.346077048942878,0.3542324541942551,0.2840767383735574,0.3047808217722202,1.0,1.0,1.0,1.0
state,1,73,1,1,waterbottle1.JPG,waterbottle2.JPG,23.98157501220703,25.99326515197754,22.56198899447918,25.325624376535416,0.3230977496500304,0.3390417903966395,0.30547154588814956,0.329949189724673,1.0,1.0,1.0,1.0
state,1,74,1,1,abacus1.jpg,abacus2.jpg,39.237266540527344,38.22710037231445,38.71682544052601,37.01406775414944,0.35473420075001416,0.34419434654276393,0.35671816382940275,0.3426717541410937,0.0,0.0,0.0,0.0
state,1,75,1,1,telephone1.JPG,telephone2.JPG,20.640295028686523,19.191484451293945,18.08031092584133,16.66163370013237,0.3355917181623159,0.3233110385918423,0.3058093443624115,0.28926177923177326,0.0,0.0,0.0,0.0
state,1,76,1,1,napdisp1.jpg,napdisp2.jpg,17.641693115234375,16.311975479125977,15.1213418841362,14.584605917334557,0.34769081185188916,0.3410006827137433,0.3053294663174179,0.3000632118953836,0.0,0.0,0.0,0.0
state,1,77,1,1,firetrucktoy1.jpg,firetrucktoy2.jpg,25.337900161743164,26.36008644104004,23.567428588867188,24.326981261372566,0.3236256292503535,0.3293460776019434,0.30314352552580504,0.3101797930127876,1.0,1.0,1.0,1.0
state,1,78,1,1,lunchbox1.jpg,lunchbox2.jpg,29.066028594970703,29.694852828979492,27.59065969288349,28.334966734051704,0.31860081299564413,0.33038046986639796,0.3113090342900113,0.3329299944677751,1.0,1.0,1.0,1.0
state,1,79,1,1,laptop1.JPG,laptop2.JPG,18.681739807128906,17.731353759765625,15.625401869416237,14.228798061609268,0.29511450590459537,0.2995536115988752,0.25410131835752725,0.252253891670243,0.0,0.0,1.0,0.0
state,1,80,1,1,twofingers1.JPG,twofingers2.JPG,21.45352554321289,22.659761428833008,19.166040778160095,20.43836636841297,0.3161853891063869,0.3313333901049921,0.2788249096772469,0.2975266912227562,1.0,1.0,1.0,1.0
state,1,81,1,1,dishes1.JPG,dishes2.JPG,21.91037368774414,29.817869186401367,20.321839079260826,28.86707705259323,0.28981566892246646,0.320430485648469,0.26748989713752747,0.31512894178059364,1.0,1.0,1.0,1.0
state,1,82,1,1,filebox1.jpg,filebox2.jpg,20.316869735717773,21.05910301208496,18.16624690592289,19.304865047335625,0.3169816974328774,0.3197855910683511,0.28638389926118496,0.2946391124447259,1.0,1.0,1.0,1.0
state,1,83,1,1,barnmail1.jpg,barnmail2.jpg,24.03819465637207,24.607254028320312,21.994113743305206,22.297284960746765,0.32636942993359686,0.32476813110968283,0.31175005359297925,0.30624037853301145,1.0,1.0,0.0,0.0
state,1,84,1,1,antiquechest1.jpg,antiquechest2.jpg,20.423389434814453,22.65983009338379,18.067054256796837,21.183976769447327,0.31221018961323244,0.3393444166754317,0.27136663313506487,0.3080589525651436,1.0,1.0,1.0,1.0
state,1,85,1,1,theasea1.jpg,theasea2.jpg,25.250337600708008,26.9265079498291,23.61502407491207,25.650437638163567,0.33116340021242346,0.3375379433268955,0.31282680576943883,0.32295701732784865,1.0,1.0,1.0,1.0
state,1,86,1,1,polarbear1.jpg,polarbear2.jpg,25.68434715270996,21.797683715820312,23.047378838062286,19.474066972732544,0.34326640353645327,0.34398632894207626,0.31812665572261434,0.31319899658293016,0.0,0.0,1.0,0.0
state,1,87,1,1,scissors1.JPG,scissors2.JPG,20.18473243713379,19.297266006469727,18.4773021787405,17.51960179209709,0.3235138118609843,0.317306587926742,0.2883009372688971,0.2794295952573206,0.0,0.0,0.0,0.0
state,1,88,1,1,rhinoceros1.jpg,rhinoceros2.jpg,22.941797256469727,24.369853973388672,21.043785393238068,22.80367837846279,0.3285502498761379,0.35126160669958106,0.306935082764557,0.3345681947967214,1.0,1.0,1.0,1.0
state,1,89,1,1,purplecoffee1.jpg,purplecoffee2.jpg,19.197357177734375,20.011960983276367,16.616216480731964,17.385803431272507,0.3501840589541371,0.36589816183383905,0.3149606313827951,0.33061207869149184,1.0,1.0,1.0,1.0
state,1,90,1,1,banana1.jpg,banana2.jpg,23.352548599243164,24.28837013244629,21.05614386498928,22.86795949935913,0.3486260101650482,0.3672350757089632,0.31247286016118064,0.3402048649025415,1.0,1.0,1.0,1.0
state,1,91,1,1,apple1.jpg,apple2.jpg,34.00368881225586,29.397445678710938,29.87129406630993,22.71281759440899,0.39180537491800954,0.36737596207753864,0.3176266506082513,0.25258696457275176,0.0,0.0,0.0,0.0
state,1,92,1,1,player1.jpg,player2.jpg,20.198957443237305,20.955869674682617,19.065436094999313,19.0204668790102,0.3575501904971902,0.35713385773181366,0.34303218840594113,0.33089865751864456,1.0,0.0,0.0,0.0
state,1,93,1,1,breadbox1.JPG,breadbox2.JPG,20.817052841186523,19.56560707092285,17.32132178544998,15.837266027927399,0.31508056076010793,0.31013569820545384,0.27188895353347636,0.25870642488982676,0.0,0.0,0.0,0.0
state,1,94,1,1,cantaloupe1.jpg,cantaloupe2.jpg,26.88408851623535,31.217689514160156,24.897486239671707,30.78059972822666,0.3385740672539949,0.36690688248334974,0.3131796846116794,0.3556530980620543,1.0,1.0,1.0,1.0
state,1,95,1,1,seatbelt1.jpg,seatbelt2.jpg,20.159337997436523,18.84980010986328,17.644061222672462,16.424626857042313,0.32171542977436923,0.3162537865061854,0.2851139817401838,0.27736341532058423,0.0,0.0,0.0,0.0
state,1,96,1,1,basketofpeppers1.jpg,basketofpeppers2.jpg,28.635622024536133,28.529712677001953,27.23909828066826,26.77849267423153,0.36011539278820837,0.3565862114719145,0.3520465583921492,0.34419894472004775,0.0,0.0,0.0,0.0
state,1,97,1,1,oldbook1.JPG,oldbook2.JPG,20.420461654663086,22.073667526245117,17.886399656534195,19.475420340895653,0.3068802649172931,0.31836381705871775,0.2742496009150871,0.28542207348936094,1.0,1.0,1.0,1.0
state,1,98,1,1,traffic1.jpg,traffic2.jpg,22.3593692779541,22.168909072875977,20.49886667728424,20.422411918640137,0.3320248710521597,0.3381649498513621,0.30467624504664587,0.31084178894482944,0.0,0.0,1.0,1.0
state,1,99,1,1,scanner1.JPG,scanner2.JPG,17.0787296295166,16.475881576538086,14.639914125204086,14.49490250647068,0.30767939033193664,0.3207472954898677,0.25891905742349736,0.2794254696174515,0.0,0.0,1.0,1.0
state,1,100,1,1,carton1.jpg,carton2.jpg,17.820241928100586,16.91559410095215,14.768459603190422,14.008298724889755,0.29912538146280476,0.2982602410538927,0.2518576471031577,0.24611185216417036,0.0,0.0,0.0,0.0
state,10,1,1,10,scanner1.JPG,scanner2.JPG,1.907381296157837,1.8177168369293213,1.110695093870163,0.7290191501379013,0.034362152634475125,0.035386741322644445,0.019643566507993877,0.014053665990265314,0.0,0.0,1.0,0.0
state,10,1,2,10,eggplant1.jpg,eggplant2.jpg,1.9108948707580566,2.0117363929748535,0.841945506632328,1.5958441197872162,0.031089059701149457,0.032038499379570144,0.013854475207483933,0.02435862144267114,1.0,1.0,1.0,1.0
state,10,1,3,10,firetrucktoy1.jpg,firetrucktoy2.jpg,1.9475311040878296,1.957181453704834,0.9598574042320251,0.9898979812860489,0.02487463345509129,0.02445325952836763,0.01234647031702028,0.012621637992816823,1.0,1.0,0.0,1.0
state,10,1,4,10,toast1.jpg,toast2.jpg,1.9975049495697021,2.1703951358795166,1.0210605263710022,1.3919551819562912,0.0302152760877973,0.03652361436611361,0.015854126169811987,0.025248281772133417,1.0,1.0,1.0,1.0
state,10,1,5,10,deepfryer1.jpg,deepfryer2.jpg,1.987337589263916,2.0955557823181152,1.4244543761014938,1.5163456499576569,0.028669430741866737,0.037076493320901516,0.021036283437840565,0.028120708601718575,1.0,1.0,1.0,1.0
state,10,1,6,10,basketofapples1.jpg,basketofapples2.jpg,1.9292298555374146,1.8582861423492432,1.11250039935112,1.0346438810229301,0.02402836404901167,0.026204274440655224,0.013892741490386244,0.01422195256839271,0.0,0.0,1.0,1.0
state,10,1,7,10,servdis1.jpg,servdis2.jpg,2.013472557067871,1.9874143600463867,0.7724513858556747,0.8674834817647934,0.02862107900602417,0.03422111904492321,0.011083908676174039,0.014972632425981767,0.0,1.0,1.0,1.0
state,10,1,8,10,cheese1.JPG,cheese2.JPG,1.6722354888916016,1.8148025274276733,0.6658584922552109,0.853052631020546,0.03562319802498933,0.035950337925890155,0.01404574287401411,0.016705202578915557,1.0,1.0,1.0,1.0
state,10,1,9,10,waterbottle1.JPG,waterbottle2.JPG,1.9021779298782349,1.9173054695129395,0.8924706876277924,1.1172303706407547,0.025627566507403058,0.025008273309268407,0.012083349596360125,0.014555584101225708,1.0,1.0,0.0,1.0
state,10,1,10,10,dresser1.JPG,dresser2.JPG,1.793052315711975,1.8261361122131348,0.6721001118421555,0.9101473391056061,0.02513809897836854,0.02417805405362665,0.009470909890959198,0.012555662430305675,1.0,1.0,0.0,1.0
state,10,2,1,10,tent1.jpg,tent2.jpg,1.9289886951446533,2.006204128265381,1.8740890845656395,1.9840730875730515,0.025967755958779204,0.02419374000231385,0.02525252316114508,0.02431698191962531,1.0,1.0,0.0,0.0
state,10,2,2,10,filebox1.jpg,filebox2.jpg,1.8411369323730469,1.7367311716079712,0.8266491815447807,0.7922118082642555,0.02872522773545021,0.026372519471545113,0.013031806578312856,0.012091075668380639,0.0,0.0,0.0,0.0
state,10,2,3,10,biscuit1.jpg,biscuit2.jpg,1.7967939376831055,1.774835228919983,0.836920976638794,0.7567241564393044,0.025804360003516894,0.02797512436958678,0.012191272511029676,0.012155903334876742,0.0,0.0,1.0,0.0
state,10,2,4,10,briefcasece1.jpg,briefcasece2.jpg,1.699296474456787,1.7923791408538818,0.7808794304728508,0.7487629503011703,0.022540356389973232,0.025198798715809247,0.01005637967475237,0.010626387346974672,1.0,0.0,1.0,1.0
state,10,2,5,10,coffeegrind1.jpg,coffeegrind2.jpg,1.898524284362793,1.8604838848114014,0.7727409452199936,0.7932007536292076,0.031948826972194345,0.03003687689576348,0.013455632940796733,0.013277917548941384,0.0,1.0,0.0,0.0
state,10,2,6,10,present1.jpg,present2.jpg,1.7504265308380127,1.7756718397140503,0.8504846096038818,0.9179065972566605,0.02333289903491273,0.025516065210283177,0.011725305668194574,0.013563963911461464,1.0,1.0,1.0,1.0
state,10,2,7,10,bagel1.JPG,bagel2.jpg,1.859082579612732,1.8901894092559814,0.8984662443399429,0.9376388713717461,0.022685390654030413,0.021472596665927265,0.011175176068231134,0.01090924000239882,1.0,1.0,0.0,0.0
state,10,2,8,10,briefcase1.JPG,briefcase2.JPG,1.898577332496643,1.986419677734375,0.7737292647361755,0.9045901596546173,0.02869858054797947,0.03385979986996758,0.011316657979162044,0.015153120436872912,1.0,1.0,1.0,1.0
state,10,2,9,10,piggybank1.jpg,piggybank2.jpg,1.734411597251892,1.7590878009796143,1.1770987883210182,1.2616247460246086,0.03302154004474739,0.02382202189735193,0.02309431428654007,0.01747630110985847,1.0,1.0,0.0,0.0
state,10,2,10,10,coffeemaker1.JPG,coffeemaker2.JPG,1.871377944946289,1.843619465827942,0.7986163645982742,0.724278524518013,0.028199709865023924,0.0317569856356273,0.012282152067096541,0.01266155236156052,0.0,0.0,1.0,1.0
state,10,3,1,10,polarbear1.jpg,polarbear2.jpg,2.0090065002441406,1.991288423538208,2.1229980662465096,1.8737857639789581,0.026849988902575648,0.0314242560635294,0.029304081807567592,0.030135863346434887,0.0,0.0,1.0,1.0
state,10,3,2,10,alligatorsk1.jpg,alligatorsk2.jpg,1.9208375215530396,1.8876523971557617,0.7777310684323311,0.7695465236902237,0.029913385776622697,0.030807189266250087,0.012579983291520103,0.01279233195192612,0.0,0.0,1.0,1.0
state,10,3,3,10,bandagetape1.jpg,bandagetape2.jpg,1.8718311786651611,2.1418118476867676,0.8981395810842514,2.9618151783943176,0.03483976005473587,0.03406090701936821,0.01747038051695137,0.04953037461957791,1.0,1.0,0.0,1.0
state,10,3,4,10,redumbrella1.jpg,redumbrella2.jpg,1.8233625888824463,1.799086570739746,1.4825748950242996,0.7800376117229462,0.028645703948029573,0.029105125825255766,0.02300023955360239,0.012192765497627166,0.0,0.0,1.0,0.0
state,10,3,5,10,babytoy1.JPG,babytoy2.JPG,2.011837959289551,1.9760438203811646,1.3709468469023705,1.5754957720637321,0.02259515291828774,0.021658226410803536,0.01568801302780789,0.017578777055909486,0.0,1.0,0.0,1.0
state,10,3,6,10,racketball1.jpg,racketball2.jpg,1.8699469566345215,1.8619035482406616,1.05642581731081,0.8857948705554008,0.025713025188123077,0.02580948541776811,0.014819526409667562,0.01260261509442256,0.0,0.0,1.0,0.0
state,10,3,7,10,accord1.jpg,accord2.jpg,1.8581392765045166,1.9260917901992798,1.4082516133785248,2.3579786121845245,0.026816095911088345,0.0256338696308294,0.02105142037333645,0.031865813147357425,1.0,1.0,0.0,1.0
state,10,3,8,10,garbagecans1.jpg,garbagecans2.jpg,1.9057245254516602,1.8958269357681274,1.0750729963183403,0.9731293618679047,0.028257689583231004,0.029288922839754563,0.015477634408279163,0.014623629559387171,0.0,0.0,1.0,0.0
state,10,3,9,10,schoolbag1.JPG,schoolbag2.JPG,1.7777506113052368,1.7990587949752808,0.7209412753582001,0.6922718733549118,0.026397264730320984,0.027030613634826804,0.010859335749898152,0.01064357853787317,1.0,0.0,1.0,0.0
state,10,3,10,10,oldbook1.JPG,oldbook2.JPG,1.6804109811782837,1.716996431350708,0.6047791466116905,0.6225312054157257,0.025253345188509076,0.024763874744016926,0.00927299192598727,0.009123507701062345,1.0,1.0,0.0,0.0
state,10,4,1,10,ballofyarn1.jpg,ballofyarn2.jpg,1.9320985078811646,1.9164732694625854,0.7821831703186035,0.8454057425260544,0.03377267956781064,0.03116880215263557,0.013531164631068947,0.013618586603208103,0.0,1.0,0.0,1.0
state,10,4,2,10,patiota1.jpg,patiota2.jpg,1.9126479625701904,1.9064710140228271,0.8552778139710426,0.8835858106613159,0.03159247446601217,0.030315343878781927,0.014132435758724107,0.013895103803979937,0.0,1.0,0.0,0.0
state,10,4,3,10,cookingpot1.JPG,cookingpot2.JPG,1.960493803024292,1.988312840461731,0.842604286968708,0.9267250373959541,0.030534240052651613,0.030914221253483636,0.012895484258373006,0.014314689458515795,1.0,1.0,1.0,1.0
state,10,4,4,10,lunchbox1.jpg,lunchbox2.jpg,1.95585298538208,1.952048659324646,1.020193949341774,1.030223771929741,0.021438647843018695,0.021718200018838493,0.011510982219827761,0.012104916088606027,0.0,1.0,1.0,1.0
state,10,4,5,10,tiger1.jpg,tiger2.jpg,1.8765273094177246,1.9902303218841553,0.87379340082407,0.9963002651929855,0.029027834700787604,0.031182164210070383,0.014021205889317235,0.016091128456563963,1.0,1.0,1.0,1.0
state,10,4,6,10,container1.JPG,container2.JPG,1.9761343002319336,2.00722074508667,1.0322679281234741,1.2350117713212967,0.02530869339095943,0.026471248971729533,0.01314316366932252,0.01583612205875461,1.0,1.0,1.0,1.0
state,10,4,7,10,telephone1.JPG,telephone2.JPG,1.9605135917663574,1.958357810974121,0.8248888701200485,0.7986276671290398,0.03187610079347367,0.032991647905475104,0.0139521231453338,0.013864934501328707,0.0,0.0,1.0,0.0
state,10,4,8,10,dryer1.jpg,dryer2.jpg,1.8820339441299438,1.9252688884735107,0.8763755708932877,1.056255042552948,0.03481654671642188,0.030590916378817033,0.01612701367347822,0.016662738694720104,1.0,1.0,0.0,1.0
state,10,4,9,10,bottle1.jpg,bottle2.jpg,1.752677321434021,1.8252699375152588,0.6320698708295822,0.7507347390055656,0.02956629726891899,0.034264242485036955,0.010518631524967147,0.014302546876369596,1.0,1.0,1.0,1.0
state,10,4,10,10,antiquephone1.jpg,antiquephone2.jpg,1.8361951112747192,1.9259283542633057,0.6134927123785019,0.810632199048996,0.029413819095126033,0.030134768730128547,0.009729301429821365,0.01279324973075891,1.0,1.0,1.0,1.0
state,10,5,1,10,traffic1.jpg,traffic2.jpg,2.157142400741577,2.259117603302002,3.142422989010811,4.114989683032036,0.03203242983036879,0.03446062178872218,0.04670607657061525,0.06263269782526092,1.0,1.0,1.0,1.0
state,10,5,2,10,basketofpeppers1.jpg,basketofpeppers2.jpg,1.9365050792694092,1.9183261394500732,1.1012343168258667,1.0178693234920502,0.024353069287614347,0.02397671011196207,0.014232694020455839,0.013083243753521935,0.0,0.0,0.0,0.0
state,10,5,3,10,breadbox1.JPG,breadbox2.JPG,1.9219471216201782,2.0017507076263428,0.8290435671806335,0.8643008172512054,0.029090005268817155,0.031729879430399656,0.013013313343312329,0.014118609491443715,1.0,1.0,1.0,1.0
state,10,5,4,10,cantaloupe1.jpg,cantaloupe2.jpg,1.8171353340148926,2.0654850006103516,0.8207803219556808,2.5857810378074646,0.022884722329969538,0.02427600101686936,0.010324404636318908,0.029877294306355003,1.0,1.0,1.0,1.0
state,10,5,5,10,notebook1.jpg,notebook2.jpg,1.9510687589645386,2.056994915008545,1.0806107223033905,1.0367520302534103,0.031064832404044274,0.029148871234923105,0.018463735477426448,0.015840501348870543,1.0,0.0,0.0,0.0
state,10,5,6,10,twofingers1.JPG,twofingers2.JPG,1.739553689956665,1.766897201538086,0.6467989012598991,0.6859648302197456,0.02563781226645081,0.02583575478458987,0.009409540932869003,0.009985771003003522,1.0,1.0,1.0,1.0
state,10,5,7,10,redbox1.jpg,redbox2.jpg,1.7282309532165527,1.7273905277252197,0.6750682294368744,0.7401817739009857,0.025493461493882603,0.023090132219357507,0.00972587697868786,0.009582856260430705,0.0,1.0,0.0,0.0
state,10,5,8,10,containero1.jpg,containero2.jpg,1.8939564228057861,1.8830074071884155,0.6898506730794907,0.7161942049860954,0.024517465276829572,0.028758176839086644,0.008760244886518762,0.010890388307235665,0.0,1.0,1.0,1.0
state,10,5,9,10,drum1.jpg,drum2.jpg,1.7820764780044556,1.953334093093872,0.7135239988565445,0.9613786339759827,0.020901562093614844,0.02196722807986456,0.008440358733217261,0.010931851292496398,1.0,1.0,1.0,1.0
state,10,5,10,10,metronome1.jpg,metronome2.JPG,1.982114553451538,1.8224296569824219,0.7001004964113235,0.6984331458806992,0.02874550186761019,0.026255913414724146,0.010340146873011711,0.010081374028637815,0.0,0.0,0.0,0.0
state,10,6,1,10,scales1.jpg,scales2.jpg,2.045327663421631,1.9669448137283325,1.3799675852060318,1.2446826696395874,0.032495126971622344,0.031806039424090764,0.020803790558391294,0.0190308828749751,0.0,0.0,0.0,0.0
state,10,6,2,10,giftbag1.jpg,giftbag2.jpg,1.914607286453247,1.8751180171966553,0.9854672476649284,1.024750828742981,0.024472028926851134,0.022808287484387776,0.012774303259471542,0.01249889865012677,0.0,1.0,0.0,0.0
state,10,6,3,10,redcabbage1.jpg,redcabbage2.jpg,1.8357841968536377,1.8212333917617798,0.9467883184552193,1.2030130848288536,0.021757096080419234,0.0180732148919084,0.011341162100516822,0.011755054039424026,0.0,1.0,0.0,1.0
state,10,6,4,10,glassjuice1.JPG,glassjuice2.JPG,1.8621057271957397,1.9216243028640747,1.2669045627117157,1.8744155168533325,0.032025939068164276,0.027880902757166703,0.02209141072449364,0.02695018769954924,1.0,1.0,0.0,1.0
state,10,6,5,10,abacus1.jpg,abacus2.jpg,1.9819012880325317,1.970708966255188,2.2517696619033813,2.074032500386238,0.01791786817385661,0.01774413644403504,0.02074672006347265,0.01920114157064828,0.0,0.0,0.0,0.0
state,10,6,6,10,carton1.jpg,carton2.jpg,2.0801007747650146,1.9660593271255493,0.9107454717159271,0.7444642037153244,0.03491596467899247,0.03466607943741764,0.015531627385612813,0.013079494351498753,0.0,0.0,0.0,0.0
state,10,6,7,10,diapers1.jpg,diapers2.jpg,1.8796277046203613,1.769933819770813,0.7660509347915649,0.7397776916623116,0.03316985526091566,0.029826635290514648,0.013750834406463677,0.012549096167598027,0.0,0.0,0.0,0.0
state,10,6,8,10,groomingset1.jpg,groomingset2.jpg,1.8977255821228027,1.8984923362731934,0.7894546017050743,0.857910729944706,0.029067208951483313,0.028363068923123565,0.012315022433189628,0.013033310934396157,1.0,1.0,0.0,1.0
state,10,6,9,10,pie1.JPG,pie2.JPG,1.98795485496521,2.0078768730163574,0.8425871580839157,0.7996961623430252,0.026794785190447767,0.02810321825215057,0.011477369891952785,0.011345624410020034,1.0,0.0,1.0,0.0
state,10,6,10,10,bread1.jpg,bread2.jpg,1.8209199905395508,1.8250083923339844,0.7941363900899887,0.8550844937562943,0.02493367813880913,0.024271475241201577,0.011052953764075727,0.01153863288045605,1.0,1.0,0.0,1.0
state,10,7,1,10,sweater1.jpg,sweater2.jpg,1.9943032264709473,2.083474636077881,2.3074031621217728,3.5259091034531593,0.031604246021947,0.03294113493815463,0.03766420041179277,0.057157433108554805,1.0,1.0,1.0,1.0
state,10,7,2,10,cerobj1.jpg,cerobj2.jpg,1.879636526107788,1.8110697269439697,0.8628433048725128,0.8058879524469376,0.030000238512528456,0.02875615448679546,0.013704891990352665,0.01279564400126313,0.0,0.0,0.0,0.0
state,10,7,3,10,apples1.JPG,apples2.JPG,1.7708196640014648,1.8614141941070557,0.7877128571271896,0.9328030124306679,0.021923836714699798,0.020354098046952006,0.009664947016980978,0.010239217888627078,1.0,1.0,0.0,1.0
state,10,7,4,10,handshake1.JPG,handshake2.JPG,1.812564492225647,1.8291020393371582,0.6625816896557808,0.6622090041637421,0.026003121459956993,0.02535790836940252,0.00962657078302112,0.009408079880222768,1.0,0.0,0.0,0.0
state,10,7,5,10,teacupplate1.jpg,teacupplate2.jpg,1.8911612033843994,1.879873514175415,0.8051267564296722,0.8844742774963379,0.02395935437835841,0.025464742238136915,0.010481394184768527,0.012132469876571458,0.0,1.0,1.0,1.0
state,10,7,6,10,dishes1.JPG,dishes2.JPG,1.7790892124176025,1.8186419010162354,0.6587684899568558,0.8023482114076614,0.02353259408158628,0.019543593270207694,0.00867115987528099,0.008758875806504094,1.0,1.0,0.0,1.0
state,10,7,7,10,theasea1.jpg,theasea2.jpg,1.8829526901245117,1.8017144203186035,0.8191404938697815,0.8403444886207581,0.02469531398595156,0.022585438150014955,0.010851104930522432,0.01058052706161495,0.0,1.0,0.0,0.0
state,10,7,8,10,crayon1.jpg,crayon2.jpg,1.799217939376831,1.8056889772415161,0.8758901506662369,0.7976105958223343,0.023106378314922765,0.023928079416125896,0.011300467748373995,0.01071343362048739,1.0,0.0,1.0,0.0
state,10,7,9,10,cabinet1.jpg,cabinet2.jpg,1.7559093236923218,1.7692657709121704,0.6158241927623749,0.6839900091290474,0.027219646215138497,0.02853037094981156,0.009421520156761395,0.010906040433950891,1.0,1.0,1.0,1.0
state,10,7,10,10,dough1.jpg,dough2.jpg,1.8966387510299683,1.9637327194213867,0.6489957422018051,0.7162636369466782,0.027440928460000007,0.03099708177687258,0.009499119630246607,0.011416983762860312,1.0,1.0,1.0,1.0
state,10,8,1,10,padlock1.jpg,padlock2.jpg,1.9500118494033813,1.958885908126831,0.809199832379818,0.8802258968353271,0.030139959838712527,0.03237665244004001,0.012773668776370014,0.014667515926161596,1.0,1.0,1.0,1.0
state,10,8,2,10,antiquechest1.jpg,antiquechest2.jpg,2.021094799041748,2.1343326568603516,0.9441971480846405,1.3212280943989754,0.03089626197694226,0.0319628994325546,0.014181813894485189,0.019213396393410402,1.0,1.0,1.0,1.0
state,10,8,3,10,player1.jpg,player2.jpg,2.032144069671631,1.9746685028076172,1.367752194404602,1.428018793463707,0.03597183177749075,0.033652670640588425,0.024609089774070322,0.024843212560149576,0.0,1.0,0.0,1.0
state,10,8,4,10,clipboard1.jpg,clipboard2.jpg,1.9286470413208008,1.9096171855926514,0.8292940109968185,0.8138967752456665,0.03497599954758765,0.034750985471552996,0.014985715896864775,0.01484216552249323,0.0,0.0,0.0,0.0
state,10,8,5,10,donut1.jpg,donut2.jpg,1.8814270496368408,1.8170469999313354,0.872244656085968,0.8165023997426033,0.02341339981743343,0.02515457131924409,0.010980765890338563,0.011531528274900619,0.0,0.0,1.0,1.0
state,10,8,6,10,belt1.jpg,belt2.jpg,1.9114158153533936,1.8068346977233887,0.7445042654871941,0.8702421337366104,0.026293662963916782,0.026890890515728866,0.01033436563051562,0.013281069133262232,0.0,1.0,1.0,1.0
state,10,8,7,10,books1.JPG,books2.JPG,1.889117956161499,1.9161559343338013,0.7906429618597031,0.9116535484790802,0.0321318133363168,0.03154296872027785,0.013596917902214968,0.01563010435611975,1.0,1.0,0.0,1.0
state,10,8,8,10,scissors1.JPG,scissors2.JPG,1.9400571584701538,1.948705792427063,0.8698304444551468,0.9438467994332314,0.031094555675665558,0.03204273525901553,0.013571945188512038,0.015053922587984565,1.0,1.0,1.0,1.0
state,10,8,9,10,boxcookies1.JPG,boxcookies2.JPG,1.8637819290161133,1.925202488899231,0.894093319773674,0.9967370629310608,0.02660022443628209,0.030103769976205626,0.013294203157052271,0.015881785397806325,1.0,1.0,1.0,1.0
state,10,8,10,10,dice1.jpg,dice2.jpg,1.8844335079193115,1.984300136566162,1.0446887016296387,1.2376518845558167,0.03232864232454719,0.03042586392635921,0.01879026255559756,0.019627863450272426,1.0,1.0,0.0,1.0
state,10,9,1,10,bulletandca1.jpg,bulletandca2.jpg,1.9887855052947998,1.87643563747406,0.9546324014663696,0.7475291192531586,0.03425804108444077,0.03477052159272164,0.015860892959616263,0.01362315491360527,0.0,0.0,1.0,0.0
state,10,9,2,10,whitebox1.jpg,whitebox2.jpg,1.8626278638839722,1.8362867832183838,0.8239658325910568,0.7850047051906586,0.03692767922808594,0.03585133688968359,0.0162755440521916,0.015502654540626562,0.0,0.0,0.0,0.0
state,10,9,3,10,accordion1.JPG,accordion2.JPG,2.073218822479248,2.0595130920410156,1.6589001268148422,1.3204110711812973,0.025472447638113335,0.022685723340161633,0.020933233851898575,0.014980252738113231,0.0,0.0,0.0,0.0
state,10,9,4,10,rhinoceros1.jpg,rhinoceros2.jpg,1.9734517335891724,1.925567626953125,0.7519152462482452,0.7967939525842667,0.028261868629598036,0.027754699687197293,0.010967093801160706,0.011690303200944942,0.0,1.0,0.0,1.0
state,10,9,5,10,waffleiron1.jpg,waffleiron2.jpg,1.867293119430542,1.931740641593933,0.7797800749540329,0.7519511133432388,0.029876999909159166,0.03307719672673692,0.01238551584621759,0.012907967577905828,1.0,0.0,1.0,1.0
state,10,9,6,10,laptop1.JPG,laptop2.JPG,2.0323405265808105,1.9769792556762695,1.4063035696744919,1.3901330828666687,0.03210478127432805,0.033399101056664646,0.02286940163533441,0.024644842001012236,0.0,0.0,1.0,1.0
state,10,9,7,10,dishwash1.jpg,dishwash2.jpg,1.8379442691802979,1.886345386505127,0.6968136727809906,0.9665023908019066,0.025475839787072494,0.030655125794424434,0.010022295683869626,0.01592551636519722,1.0,1.0,1.0,1.0
state,10,9,8,10,toilet1.JPG,toilet2.JPG,1.8047105073928833,1.840561032295227,0.8542858362197876,0.8290182873606682,0.026906894893748857,0.030020440441747856,0.012910598562483281,0.013616793543955974,1.0,0.0,1.0,1.0
state,10,9,9,10,tomato1.jpg,tomato2.jpg,1.6897830963134766,1.9855103492736816,1.0268902778625488,1.8404184877872467,0.021993669909050783,0.01727082551196743,0.012848692910157026,0.015870397981589,1.0,1.0,0.0,1.0
state,10,9,10,10,purplecoffee1.jpg,purplecoffee2.jpg,2.3434083461761475,2.4706740379333496,4.1498890072107315,5.682806193828583,0.04274673012818388,0.04517373833208402,0.07866120806714692,0.10806543257949619,1.0,1.0,1.0,1.0
state,10,10,1,10,mirror1.jpg,mirror2.jpg,2.0998265743255615,2.1733479499816895,1.0205486044287682,1.101416990160942,0.03771521105288976,0.03737299788552495,0.018320101001816348,0.018769112808882504,1.0,1.0,0.0,1.0
state,10,10,2,10,egg1.jpg,egg2.jpg,2.084428548812866,2.1873769760131836,1.6319321691989899,1.9037031531333923,0.02550354966043107,0.026855737272271408,0.019904733924952952,0.02358373698829908,1.0,1.0,1.0,1.0
state,10,10,3,10,barnmail1.jpg,barnmail2.jpg,2.0299243927001953,2.052337884902954,1.2349125295877457,1.3360326886177063,0.027560525086198516,0.027086888220783298,0.017503958185121536,0.01834964019229454,1.0,1.0,0.0,1.0
state,10,10,4,10,banana1.jpg,banana2.jpg,2.0597996711730957,2.033130168914795,1.3245262056589127,1.2274675816297531,0.03075037990173062,0.03074050285943998,0.019655949089939753,0.018260940281633012,0.0,0.0,0.0,0.0
state,10,10,5,10,seatbelt1.jpg,seatbelt2.jpg,2.0752625465393066,2.0774545669555664,1.0134883224964142,0.9499613270163536,0.03311834853602053,0.03485463343192083,0.01637716438564731,0.016042039820877704,1.0,0.0,1.0,0.0
state,10,10,6,10,typewriter1.jpg,typewriter2.jpg,2.2044637203216553,2.2165017127990723,2.079576149582863,2.324407786130905,0.03007657899213318,0.02996067369555382,0.030107609131496686,0.03298317892721377,1.0,1.0,0.0,1.0
state,10,10,7,10,napdisp1.jpg,napdisp2.jpg,1.882573127746582,1.9347739219665527,0.9544116109609604,1.0342237800359726,0.03710263946216839,0.04044631069557568,0.019271437022899098,0.021278086704237406,1.0,1.0,1.0,1.0
state,10,10,8,10,iron1.jpg,iron2.jpg,1.8753691911697388,2.2263355255126953,0.9197986423969269,2.2770749926567078,0.031192861695612334,0.029586004137963376,0.014461256814152472,0.030456782028069753,1.0,1.0,0.0,1.0
state,10,10,9,10,pumpkinpie1.jpg,pumpkinpie2.jpg,2.001140594482422,2.0245368480682373,1.2792998626828194,1.2469349429011345,0.021078706850152534,0.021724512203293852,0.013925785651390988,0.013664371910765454,1.0,0.0,1.0,0.0
state,10,10,10,10,apple1.jpg,apple2.jpg,2.3796300888061523,2.8331425189971924,4.115496098995209,4.2183413952589035,0.027419138678119702,0.03540540460537776,0.043760783801779654,0.04691175122290055,1.0,1.0,1.0,1.0
state,100,1,1,100,deepfryer1.jpg,deepfryer2.jpg,1.2899479866027832,1.272646427154541,0.6930716782808304,0.7879428863525391,0.018608853705734323,0.022516826874476193,0.010235253941202102,0.014612441630663525,0.0,1.0,1.0,1.0
state,100,1,2,100,egg1.jpg,egg2.jpg,1.3108998537063599,1.2941113710403442,0.5759549885988235,0.6557122617959976,0.016039215898233917,0.015888580415189008,0.007024943203635691,0.008123191631398189,0.0,1.0,0.0,1.0
state,100,1,3,100,pie1.JPG,pie2.JPG,1.2664802074432373,1.213410496711731,0.3406332731246948,0.362571582198143,0.017070339913221596,0.01698348164512297,0.00463996399143949,0.0051439549007143166,0.0,1.0,0.0,1.0
state,100,1,4,100,basketofpeppers1.jpg,basketofpeppers2.jpg,1.2547616958618164,1.1971832513809204,0.7338047176599503,0.3498004674911499,0.01577961186153756,0.014963313682148578,0.009483919868501996,0.00449618106731201,0.0,0.0,0.0,0.0
state,100,1,5,100,books1.JPG,books2.JPG,1.0970231294631958,1.2381229400634766,0.3082594871520996,1.2329752668738365,0.018659153763567356,0.020381469206397752,0.005301228419876498,0.02113909623003556,1.0,1.0,1.0,1.0
state,100,1,6,100,whitebox1.jpg,whitebox2.jpg,1.0254374742507935,1.0714586973190308,0.32052402198314667,0.3491927832365036,0.020329893507891154,0.020918969232921678,0.0063312125736668,0.006896028840082713,1.0,1.0,1.0,1.0
state,100,1,7,100,rhinoceros1.jpg,rhinoceros2.jpg,1.2481698989868164,1.289130687713623,0.430962011218071,0.5236978679895401,0.017875083090290383,0.01858124045825201,0.0062858158886234805,0.007683525763002948,1.0,1.0,1.0,1.0
state,100,1,8,100,teacupplate1.jpg,teacupplate2.jpg,1.3753983974456787,1.3366310596466064,0.5167299434542656,0.40049009770154953,0.01742509182022865,0.018105986995789216,0.006726953465606754,0.00549358434705788,0.0,0.0,1.0,0.0
state,100,1,9,100,cheese1.JPG,cheese2.JPG,0.9970630407333374,1.1617106199264526,0.2793940454721451,0.43653374165296555,0.021240174831467225,0.02301291117202048,0.005893589957741724,0.008548575224626603,1.0,1.0,1.0,1.0
state,100,1,10,100,patiota1.jpg,patiota2.jpg,1.2097530364990234,1.1074976921081543,0.3293659836053848,0.3066438212990761,0.019982292959138066,0.0176106393091031,0.005442376182775244,0.004822222897186096,0.0,0.0,0.0,0.0
state,100,1,11,100,babytoy1.JPG,babytoy2.JPG,1.2408404350280762,1.2053419351577759,0.36324412375688553,0.3854573294520378,0.013936002771592444,0.013211027136557939,0.004156673585594157,0.004300784920627212,0.0,1.0,0.0,1.0
state,100,1,12,100,dishwash1.jpg,dishwash2.jpg,1.2088611125946045,1.107884168624878,0.2919321358203888,0.32885342091321945,0.016756085886661484,0.0180043001657134,0.004198870227586818,0.0054186731314335365,0.0,1.0,1.0,1.0
state,100,1,13,100,dice1.jpg,dice2.jpg,1.3070785999298096,1.3776698112487793,0.6696018576622009,0.736137256026268,0.022423755664299126,0.021124220797084398,0.012043774086540442,0.01167436637251789,1.0,1.0,0.0,0.0
state,100,1,14,100,bandagetape1.jpg,bandagetape2.jpg,1.1211631298065186,1.2769495248794556,0.348066084086895,0.7775730788707733,0.020867829786087325,0.02030713345914146,0.006770492095117701,0.01300333868619285,1.0,1.0,0.0,1.0
state,100,1,15,100,alligatorsk1.jpg,alligatorsk2.jpg,1.0530974864959717,0.995756208896637,0.30646728724241257,0.26311927661299706,0.016399987516110097,0.016251111717784688,0.004957180585158132,0.0043738864717931675,0.0,0.0,0.0,0.0
state,100,1,16,100,schoolbag1.JPG,schoolbag2.JPG,1.1149436235427856,1.072849154472351,0.33600161224603653,0.3150777146220207,0.016555450355566728,0.01611941258617465,0.005061097823916262,0.004844273659221422,0.0,0.0,0.0,0.0
state,100,1,17,100,redumbrella1.jpg,redumbrella2.jpg,1.10802161693573,1.134074091911316,0.4278290644288063,0.3767642676830292,0.017407431412866537,0.0183467375484158,0.006637216779321529,0.005889201103518108,1.0,0.0,1.0,0.0
state,100,1,18,100,notebook1.jpg,notebook2.jpg,1.104671597480774,1.2644472122192383,0.4386036545038223,0.45832109451293945,0.017588533402308357,0.01791798740162805,0.00749415278698064,0.007002673449381615,1.0,1.0,1.0,0.0
state,100,1,19,100,twofingers1.JPG,twofingers2.JPG,1.0483065843582153,1.029183268547058,0.32713717222213745,0.32000672817230225,0.015450105140548856,0.015048824873024936,0.004759146323055242,0.004658422365364326,0.0,0.0,0.0,0.0
state,100,1,20,100,seatbelt1.jpg,seatbelt2.jpg,1.0153923034667969,1.0333342552185059,0.25704412907361984,0.26591935753822327,0.01620427076231107,0.017336834822370525,0.00415362847579244,0.004490592197230526,1.0,1.0,1.0,1.0
state,100,1,21,100,scales1.jpg,scales2.jpg,1.2490010261535645,1.226297378540039,0.42000310868024826,0.40224818885326385,0.019843493860856293,0.019829566389090714,0.006331784021979468,0.006150272961504288,0.0,0.0,0.0,0.0
state,100,1,22,100,clipboard1.jpg,clipboard2.jpg,1.068555474281311,1.1556650400161743,0.3184060826897621,0.33601608127355576,0.019378245466542515,0.021030654373337104,0.0057537411723098935,0.006127566109321805,1.0,1.0,1.0,1.0
state,100,1,23,100,cookingpot1.JPG,cookingpot2.JPG,1.0151976346969604,1.0704096555709839,0.28107161074876785,0.28508758544921875,0.01581146965672761,0.01664269336836459,0.004301609412557958,0.00440361497694167,1.0,1.0,1.0,1.0
state,100,1,24,100,mirror1.jpg,mirror2.jpg,0.9334580898284912,0.9677256345748901,0.24476798251271248,0.28814220055937767,0.016765941195984943,0.016641057450115324,0.0043938859376067025,0.0049101961524203016,1.0,1.0,0.0,1.0
state,100,1,25,100,cabinet1.jpg,cabinet2.jpg,1.1445660591125488,1.0951106548309326,0.3586270734667778,0.43307799845933914,0.017742763124799,0.017659253757737765,0.005486650640130604,0.00690531455023192,0.0,1.0,0.0,1.0
state,100,1,26,100,firetrucktoy1.jpg,firetrucktoy2.jpg,1.2326881885528564,1.161180853843689,0.45068585872650146,0.40118415653705597,0.015744378505848984,0.014507932682818839,0.0057970898099385555,0.005115275804164973,0.0,0.0,0.0,0.0
state,100,1,27,100,diapers1.jpg,diapers2.jpg,1.1251754760742188,1.072044849395752,0.39255473762750626,0.3578287959098816,0.01985601063060082,0.018065924488714653,0.007046470342154685,0.00606996942732719,0.0,0.0,0.0,0.0
state,100,1,28,100,pumpkinpie1.jpg,pumpkinpie2.jpg,1.258948802947998,1.2974365949630737,0.34991705417633057,0.3346279710531235,0.013260943698738406,0.013922284085453849,0.003809013065949099,0.003666976432287914,1.0,0.0,1.0,0.0
state,100,1,29,100,tomato1.jpg,tomato2.jpg,1.2476983070373535,1.214910626411438,0.501884788274765,0.5044508725404739,0.01623963736584231,0.010567816707207089,0.006279700626092388,0.004350008523877981,0.0,1.0,0.0,0.0
state,100,1,30,100,biscuit1.jpg,biscuit2.jpg,1.03846275806427,1.012818694114685,0.4418584331870079,0.35372066497802734,0.014913711749210924,0.015964146119041334,0.006436469775095988,0.005682115701517321,0.0,0.0,1.0,0.0
state,100,1,31,100,iron1.jpg,iron2.jpg,1.1244803667068481,1.2644234895706177,0.5137730687856674,0.8032688498497009,0.018703389563651772,0.01680305513966029,0.008077642159313524,0.010744039765360059,1.0,1.0,0.0,1.0
state,100,1,32,100,bagel1.JPG,bagel2.jpg,1.2293676137924194,1.2438652515411377,0.5177615433931351,0.47377897799015045,0.015001315639299764,0.014130338855098255,0.006439948573725342,0.005512323280096389,1.0,0.0,0.0,0.0
state,100,1,33,100,apples1.JPG,apples2.JPG,1.1440143585205078,1.2391505241394043,0.2863942161202431,0.31379497051239014,0.014163601469615768,0.013549800653241833,0.003513951689029002,0.003444473305311591,1.0,1.0,0.0,0.0
state,100,1,34,100,tent1.jpg,tent2.jpg,1.107388973236084,1.2159157991409302,0.348447747528553,0.48699376732110977,0.014907503958327389,0.01466328889202145,0.004695179587449024,0.005968640323327617,1.0,1.0,0.0,1.0
state,100,1,35,100,antiquechest1.jpg,antiquechest2.jpg,1.0596364736557007,1.198979377746582,0.2848894000053406,0.5204414129257202,0.0161985504618151,0.01795542843307033,0.0042790305600723,0.0075682974109305325,1.0,1.0,1.0,1.0
state,100,1,36,100,redcabbage1.jpg,redcabbage2.jpg,1.120727300643921,1.3243069648742676,0.3500271737575531,0.7628239095211029,0.013282482549882598,0.01314190947041141,0.004192822027681085,0.007453814419866399,1.0,1.0,0.0,1.0
state,100,1,37,100,padlock1.jpg,padlock2.jpg,1.0879571437835693,1.0738978385925293,0.26981770247220993,0.35483402013778687,0.01681578736555359,0.017749485527448757,0.004259222287830916,0.0059127249723358215,0.0,1.0,1.0,1.0
state,100,1,38,100,oldbook1.JPG,oldbook2.JPG,0.993725061416626,1.0556234121322632,0.24733156338334084,0.341394878923893,0.01493377648652963,0.015225032200172104,0.0037922993925055327,0.005003313536524451,1.0,1.0,1.0,1.0
state,100,1,39,100,servdis1.jpg,servdis2.jpg,1.3225266933441162,1.1754591464996338,0.324518658220768,0.27268992364406586,0.018799432276792594,0.020240131194316682,0.004656519798264147,0.004706586440914679,0.0,0.0,1.0,1.0
state,100,1,40,100,waterbottle1.JPG,waterbottle2.JPG,1.2487235069274902,1.2864855527877808,0.41842618584632874,0.5037879198789597,0.016823738841923366,0.016780206818434125,0.005665160720618938,0.006563487378860074,1.0,1.0,0.0,1.0
state,100,1,41,100,lunchbox1.jpg,lunchbox2.jpg,1.3029866218566895,1.3322608470916748,0.5071775913238525,0.40553199499845505,0.014282398288076398,0.01482253396511881,0.005722551324471851,0.004764917005852274,1.0,0.0,1.0,0.0
state,100,1,42,100,coffeemaker1.JPG,coffeemaker2.JPG,1.1665741205215454,1.1394147872924805,0.30137520283460617,0.325708732008934,0.01757905281698573,0.019626815459349023,0.004634936415720295,0.0056939119763256725,0.0,1.0,1.0,1.0
state,100,1,43,100,purplecoffee1.jpg,purplecoffee2.jpg,1.2949724197387695,1.251904010772705,0.8219917267560959,0.8696214556694031,0.023621933684900127,0.022889779603155518,0.015580865448566262,0.016536903702502003,0.0,1.0,0.0,1.0
state,100,1,44,100,redbox1.jpg,redbox2.jpg,1.1949039697647095,1.2624810934066772,0.3182150274515152,0.5121957212686539,0.017626254341405183,0.016875660079940135,0.004584603562731614,0.006631206207979021,1.0,1.0,0.0,1.0
state,100,1,45,100,crayon1.jpg,crayon2.jpg,1.127777338027954,1.1327369213104248,0.3863822743296623,0.3850841671228409,0.014483431527197903,0.015010458252948911,0.00498498633222963,0.005172415818420483,1.0,0.0,1.0,1.0
state,100,1,46,100,napdisp1.jpg,napdisp2.jpg,1.1397289037704468,1.085187315940857,0.3494171276688576,0.3386538252234459,0.022462314997465347,0.022685763357213846,0.00705541518277707,0.006967452881015272,0.0,0.0,1.0,0.0
state,100,1,47,100,filebox1.jpg,filebox2.jpg,1.1342220306396484,1.205809235572815,0.3024255558848381,0.31152039021253586,0.01769601465258492,0.018310391420377634,0.004767622634386481,0.004754557519858144,1.0,1.0,1.0,0.0
state,100,1,48,100,scissors1.JPG,scissors2.JPG,1.1886775493621826,1.1390643119812012,0.3481152057647705,0.3201471269130707,0.019051706841566596,0.018729731462617586,0.005431633856971399,0.005106199510565772,0.0,0.0,0.0,0.0
state,100,1,49,100,container1.JPG,container2.JPG,1.5150030851364136,1.3511466979980469,0.554192066192627,0.47489385306835175,0.019402906251652488,0.017818937317974057,0.007056149698897227,0.006089397037970574,0.0,0.0,0.0,0.0
state,100,1,50,100,abacus1.jpg,abacus2.jpg,1.468734622001648,1.4368010759353638,1.7732017785310745,1.7090164422988892,0.013278458164548443,0.01293686423053099,0.016337426308577083,0.015821867135175374,0.0,0.0,0.0,0.0
state,100,1,51,100,breadbox1.JPG,breadbox2.JPG,1.1188812255859375,1.109422206878662,0.2735370174050331,0.33469292521476746,0.016935044872638184,0.01758552287632752,0.004293650007552856,0.005467307928372419,0.0,1.0,1.0,1.0
state,100,1,52,100,carton1.jpg,carton2.jpg,1.1808063983917236,1.1737116575241089,0.6768961250782013,0.4929055720567703,0.01982067167088638,0.020695195203412915,0.011543618628892855,0.008659859820478406,0.0,0.0,1.0,0.0
state,100,1,53,100,donut1.jpg,donut2.jpg,1.223019003868103,1.1316874027252197,0.34970584511756897,0.27710530161857605,0.01521984757655647,0.015666689680573696,0.004402478122308553,0.003913580194922656,0.0,0.0,1.0,0.0
state,100,1,54,100,scanner1.JPG,scanner2.JPG,1.0881359577178955,1.0356080532073975,0.30316832661628723,0.2675725370645523,0.01960315640164954,0.020160892800225805,0.005361784003432725,0.005158129334958884,0.0,0.0,1.0,0.0
state,100,1,55,100,banana1.jpg,banana2.jpg,0.9584566354751587,1.0835522413253784,0.2944374792277813,0.3276945650577545,0.014308627228496585,0.01638308322904598,0.004369447789817325,0.00487508670101916,1.0,1.0,1.0,1.0
state,100,1,56,100,basketofapples1.jpg,basketofapples2.jpg,1.2697477340698242,1.141493558883667,0.4821688234806061,0.35238610953092575,0.01581458047472441,0.016096557902225497,0.00602125340651276,0.004843810152875388,0.0,0.0,1.0,0.0
state,100,1,57,100,containero1.jpg,containero2.jpg,1.2653456926345825,1.1730351448059082,0.355038084089756,0.32184290140867233,0.01638003319864951,0.017915145741865063,0.0045085417497422895,0.004893915848335932,0.0,0.0,1.0,1.0
state,100,1,58,100,theasea1.jpg,theasea2.jpg,1.0827324390411377,1.1443277597427368,0.4097830206155777,0.45397988706827164,0.014200259881796582,0.014344750505157454,0.005428371065431598,0.005715925487222973,1.0,1.0,1.0,1.0
state,100,1,59,100,dryer1.jpg,dryer2.jpg,1.1391258239746094,1.1166341304779053,0.4986979812383652,0.43422993272542953,0.02107317330274263,0.017742384721266765,0.009177012036254489,0.006850106850085899,0.0,0.0,0.0,0.0
state,100,1,60,100,garbagecans1.jpg,garbagecans2.jpg,1.1801562309265137,1.2202154397964478,0.2983127683401108,0.3310455232858658,0.017499112798232817,0.018851296597700854,0.004294755782632192,0.004974762132892177,1.0,1.0,1.0,1.0
state,100,1,61,100,telephone1.JPG,telephone2.JPG,1.1631953716278076,1.1155219078063965,0.43059132993221283,0.3351215198636055,0.018912458992494868,0.018792738388745255,0.007282997114087595,0.005818027742011423,0.0,0.0,0.0,0.0
state,100,1,62,100,metronome1.jpg,metronome2.JPG,1.2084941864013672,1.1271798610687256,0.36659154295921326,0.2942487671971321,0.017526117161949344,0.016239384999937316,0.00541438038686261,0.004247266752839025,0.0,0.0,0.0,0.0
state,100,1,63,100,bulletandca1.jpg,bulletandca2.jpg,1.125084638595581,0.9792807698249817,0.33604950457811356,0.27693287283182144,0.019380267841788857,0.01814616098336989,0.005583348326600146,0.005046892930441132,0.0,0.0,0.0,0.0
state,100,1,64,100,toast1.jpg,toast2.jpg,1.1718415021896362,1.086464524269104,0.4569014757871628,0.5215253978967667,0.01772587073059638,0.018283127643846066,0.007094362632985531,0.009459801844277367,0.0,1.0,1.0,1.0
state,100,1,65,100,antiquephone1.jpg,antiquephone2.jpg,1.1422978639602661,1.135658621788025,0.3146536722779274,0.311003714799881,0.018298351039585818,0.017769513517053626,0.00499005181613867,0.004908203986094211,0.0,0.0,0.0,0.0
state,100,1,66,100,groomingset1.jpg,groomingset2.jpg,1.126208782196045,1.1349725723266602,0.2992376610636711,0.29032229632139206,0.017249989304812804,0.016956247165025994,0.004667929607218879,0.004410553018014447,1.0,0.0,0.0,0.0
state,100,1,67,100,laptop1.JPG,laptop2.JPG,1.1478016376495361,1.1677669286727905,0.7037696987390518,0.9308396577835083,0.01813176484998301,0.019728262473867893,0.011444749374395059,0.016502302245080182,1.0,1.0,1.0,1.0
state,100,1,68,100,cantaloupe1.jpg,cantaloupe2.jpg,1.0878751277923584,1.3506596088409424,0.31267163902521133,0.5197683721780777,0.013700531690285327,0.01587453505011077,0.003933023774139205,0.006005641003488474,1.0,1.0,1.0,1.0
state,100,1,69,100,accord1.jpg,accord2.jpg,1.267577886581421,1.1800155639648438,0.45918531715869904,0.7082051783800125,0.018293295131937556,0.01570452939103948,0.006864187513750308,0.00957071186635614,0.0,1.0,0.0,1.0
state,100,1,70,100,bottle1.jpg,bottle2.jpg,0.9831969738006592,0.9804772138595581,0.23995330929756165,0.3151640146970749,0.01658576490138385,0.018405666096966814,0.003993198474062429,0.006004315319044177,0.0,1.0,1.0,1.0
state,100,1,71,100,giftbag1.jpg,giftbag2.jpg,1.1149107217788696,1.0970003604888916,0.2783099487423897,0.3308383971452713,0.0142505085127781,0.013343533240597939,0.003607644692187767,0.004035240059831431,0.0,1.0,0.0,1.0
state,100,1,72,100,eggplant1.jpg,eggplant2.jpg,1.0053598880767822,1.1905686855316162,0.2868185490369797,0.39743588119745255,0.016356574116063647,0.018960751630254534,0.004719688442276641,0.006066375818155719,1.0,1.0,1.0,1.0
state,100,1,73,100,player1.jpg,player2.jpg,1.296568751335144,1.26393461227417,0.5444497019052505,0.470902718603611,0.022951105537766064,0.02154021049995268,0.009795934999383873,0.008192284574242988,0.0,0.0,0.0,0.0
state,100,1,74,100,racketball1.jpg,racketball2.jpg,1.0850456953048706,1.0526129007339478,0.40579045563936234,0.31032997369766235,0.01492010626004705,0.014591194768235049,0.0056924227670302205,0.004415208690835729,0.0,0.0,0.0,0.0
state,100,1,75,100,dresser1.JPG,dresser2.JPG,1.1243265867233276,1.1765934228897095,0.293938472867012,0.4177634045481682,0.015762748679109,0.015578104604312627,0.004142038873315088,0.005763128735174388,1.0,1.0,0.0,1.0
state,100,1,76,100,briefcasece1.jpg,briefcasece2.jpg,1.1268770694732666,1.2281897068023682,0.37254688888788223,0.33399317413568497,0.014947486289427936,0.01726694118510982,0.004797761107672798,0.004740005950059097,1.0,0.0,1.0,0.0
state,100,1,77,100,piggybank1.jpg,piggybank2.jpg,1.0981253385543823,1.2348397970199585,0.5744854956865311,0.7615621536970139,0.020907257480681472,0.01672251985827509,0.011271227803545439,0.010549325030139925,1.0,1.0,0.0,0.0
state,100,1,78,100,cerobj1.jpg,cerobj2.jpg,1.2095906734466553,1.1679104566574097,0.3684995695948601,0.33313994854688644,0.019305864831788568,0.018544075370888983,0.005853028900230255,0.005289494862483068,0.0,0.0,0.0,0.0
state,100,1,79,100,bread1.jpg,bread2.jpg,1.0428786277770996,1.039433479309082,0.32291965186595917,0.30195796489715576,0.014280034366107612,0.013823818051412806,0.004494462193303377,0.00407466411532301,0.0,0.0,0.0,0.0
state,100,1,80,100,apple1.jpg,apple2.jpg,1.4477853775024414,1.2948901653289795,0.8713668584823608,0.8731441795825958,0.01668201634725888,0.016182069880206564,0.009265394933892007,0.009710148775615716,0.0,1.0,0.0,1.0
state,100,1,81,100,tiger1.jpg,tiger2.jpg,1.0593891143798828,1.1391901969909668,0.31844547763466835,0.6523830965161324,0.016387596355085875,0.017848394428764208,0.0051098916542820574,0.010536562696687275,1.0,1.0,1.0,1.0
state,100,1,82,100,dishes1.JPG,dishes2.JPG,1.1585584878921509,1.2402030229568481,0.30643288791179657,0.36393658071756363,0.015324631516535087,0.013327540424317058,0.004033478532498221,0.003972932533066097,1.0,1.0,0.0,0.0
state,100,1,83,100,traffic1.jpg,traffic2.jpg,1.0965166091918945,1.0940313339233398,0.3836192786693573,0.5633841082453728,0.016282694795530607,0.016688374243217084,0.005701763087322408,0.008575055912482055,0.0,1.0,1.0,1.0
state,100,1,84,100,dough1.jpg,dough2.jpg,1.2550663948059082,1.2230606079101562,0.3713694363832474,0.4595421254634857,0.018158538168492198,0.01930573815189735,0.005435602229459298,0.007324935560225169,0.0,1.0,1.0,1.0
state,100,1,85,100,briefcase1.JPG,briefcase2.JPG,1.1806867122650146,1.1178523302078247,0.28670405596494675,0.31925923377275467,0.017847064817375035,0.019054511294503605,0.004193368262605589,0.005348028129986989,0.0,1.0,1.0,1.0
state,100,1,86,100,glassjuice1.JPG,glassjuice2.JPG,1.1131701469421387,1.1093517541885376,0.5166741460561752,0.6639184653759003,0.019145163874317937,0.016095616784156958,0.00900940852783972,0.009545763518387075,0.0,1.0,0.0,1.0
state,100,1,87,100,barnmail1.jpg,barnmail2.jpg,1.1658093929290771,1.1510754823684692,0.30789411813020706,0.317767970263958,0.015828332885250027,0.015191968707469071,0.0043641680200582,0.004364360220117223,0.0,1.0,0.0,1.0
state,100,1,88,100,coffeegrind1.jpg,coffeegrind2.jpg,1.1655113697052002,1.1112966537475586,0.3083141818642616,0.2546630799770355,0.01961350791851185,0.017941504925571047,0.005368632899899576,0.004262975499233101,0.0,0.0,0.0,0.0
state,100,1,89,100,toilet1.JPG,toilet2.JPG,1.1530858278274536,1.0978301763534546,0.46680284291505814,0.4358152821660042,0.017191654310056263,0.01790614103313584,0.007054669359111005,0.007158354418753137,0.0,0.0,1.0,1.0
state,100,1,90,100,present1.jpg,present2.jpg,1.1671828031539917,1.1759066581726074,0.4034350588917732,0.42979828268289566,0.015558355647317803,0.016897554097591742,0.005562004684570756,0.00635115643894737,1.0,1.0,1.0,1.0
state,100,1,91,100,handshake1.JPG,handshake2.JPG,1.121999979019165,1.1045995950698853,0.34446411579847336,0.31582704186439514,0.016096255806423727,0.015313708428651606,0.005004678283016686,0.004486991296572556,0.0,0.0,0.0,0.0
state,100,1,92,100,ballofyarn1.jpg,ballofyarn2.jpg,1.0558466911315918,1.0524444580078125,0.2791272774338722,0.2889333888888359,0.01845598028613229,0.01711656176528983,0.004828686281298209,0.004654409334130765,0.0,1.0,0.0,0.0
state,100,1,93,100,typewriter1.jpg,typewriter2.jpg,1.179506540298462,1.2059972286224365,0.7922363765537739,0.9921111240983009,0.0160925858311917,0.016301584264904415,0.011469809927286738,0.014077985333323335,1.0,1.0,1.0,1.0
state,100,1,94,100,belt1.jpg,belt2.jpg,1.1921837329864502,1.1438095569610596,0.29212988168001175,0.5154736414551735,0.01639982101979955,0.01702317185176892,0.0040550164033041885,0.007866823270375722,0.0,1.0,1.0,1.0
state,100,1,95,100,accordion1.JPG,accordion2.JPG,1.186208724975586,1.2772151231765747,0.3795256242156029,0.3473019450902939,0.01457426457216927,0.014068640321941299,0.004789136196973564,0.0039401903145483246,1.0,0.0,0.0,0.0
state,100,1,96,100,sweater1.jpg,sweater2.jpg,1.1748331785202026,1.084970235824585,0.4402875378727913,0.3335583359003067,0.018617889353968492,0.0171541089693607,0.0071869009878649205,0.0054072120728667315,0.0,0.0,0.0,0.0
state,100,1,97,100,polarbear1.jpg,polarbear2.jpg,1.1121817827224731,1.2333705425262451,0.4327581226825714,0.5286837518215179,0.01486409751293302,0.019463655436058047,0.005973429571888709,0.00850275501322075,1.0,1.0,1.0,1.0
state,100,1,98,100,boxcookies1.JPG,boxcookies2.JPG,1.1893846988677979,1.1975598335266113,0.35456812381744385,0.35823794454336166,0.01697510821325797,0.018725856614615666,0.005272045508892924,0.005708083273093282,1.0,1.0,1.0,1.0
state,100,1,99,100,drum1.jpg,drum2.jpg,1.265582799911499,1.4312934875488281,0.459054596722126,0.6833862811326981,0.01484372741768212,0.01609635064548013,0.005430210449370068,0.007770795955572927,1.0,1.0,1.0,1.0
state,100,1,100,100,waffleiron1.jpg,waffleiron2.jpg,1.131909966468811,1.0359129905700684,0.24703360348939896,0.26043568551540375,0.01811074737729357,0.017737939060284733,0.003923719916473303,0.004470630237936779,0.0,1.0,0.0,1.0
state,1000,1,1,1000,accord1.jpg,accord2.jpg,0.7501325607299805,0.7381668090820312,0.3364088833332062,0.8475941643118858,0.010825682955481385,0.009824075802667942,0.005028849072916686,0.011454419953254224,0.0,1.0,0.0,1.0
state,1000,1,2,1000,bagel1.JPG,bagel2.jpg,0.6384322643280029,0.5937231779098511,0.2741968594491482,0.21248221397399902,0.007790447547217049,0.006744709428611706,0.0034104766884718815,0.002472187895849712,0.0,0.0,0.0,0.0
state,1000,1,3,1000,container1.JPG,container2.JPG,0.8484818935394287,0.6551083922386169,0.24861925840377808,0.2371574118733406,0.010866654198983207,0.008639576587112787,0.0031654994943866805,0.003040986174201819,0.0,0.0,0.0,0.0
state,1000,1,4,1000,accordion1.JPG,accordion2.JPG,0.6215147972106934,0.6569364070892334,0.3437345623970032,0.22027002274990082,0.007636194962444917,0.007236214055108006,0.004337497997213434,0.0024989949595555947,1.0,0.0,0.0,0.0
state,1000,1,5,1000,dough1.jpg,dough2.jpg,0.570228099822998,0.6057353615760803,0.17262039706110954,0.2277868129312992,0.008250168085317892,0.009561397206565663,0.00252658329735894,0.0036308395547154453,1.0,1.0,1.0,1.0
state,1000,1,6,1000,rhinoceros1.jpg,rhinoceros2.jpg,0.6229836940765381,0.6016372442245483,0.21348907053470612,0.21745504438877106,0.008921770429292963,0.008671864233876532,0.0031138544852749757,0.0031904300895291096,0.0,1.0,0.0,1.0
state,1000,1,7,1000,coffeegrind1.jpg,coffeegrind2.jpg,0.6093732118606567,0.5456953048706055,0.14970840513706207,0.13821227476000786,0.010254680157415423,0.008810064321871869,0.0026068520894837587,0.0023136276410711683,0.0,0.0,0.0,0.0
state,1000,1,8,1000,teacupplate1.jpg,teacupplate2.jpg,0.6587016582489014,0.5258662700653076,0.1918610855937004,0.15605254098773003,0.008345172495794839,0.007123377673001251,0.002497708156840824,0.0021405967373696816,0.0,0.0,0.0,0.0
state,1000,1,9,1000,cerobj1.jpg,cerobj2.jpg,0.6560297608375549,0.5969388484954834,0.23632587864995003,0.19024581462144852,0.010470667612103551,0.009478191530191138,0.0037536602800682327,0.0030206652292480317,0.0,0.0,0.0,0.0
state,1000,1,10,1000,deepfryer1.jpg,deepfryer2.jpg,0.7340922355651855,0.7780320644378662,0.30716422945261,0.43593546003103256,0.01059005104083669,0.013765656292225916,0.004536188663630884,0.008084445680990428,1.0,1.0,1.0,1.0
state,1000,1,11,1000,tiger1.jpg,tiger2.jpg,0.4622790813446045,0.5461816787719727,0.147359449416399,0.24272844567894936,0.007150954154281373,0.00855736474755151,0.002364583181854174,0.003920278590637055,1.0,1.0,1.0,1.0
state,1000,1,12,1000,egg1.jpg,egg2.jpg,0.48233646154403687,0.606797456741333,0.15872130542993546,0.27422241121530533,0.005901517663932801,0.007450015820057482,0.0019359293311527492,0.0033971626362830324,1.0,1.0,1.0,1.0
state,1000,1,13,1000,seatbelt1.jpg,seatbelt2.jpg,0.4261351227760315,0.4058840572834015,0.14652471989393234,0.1298191212117672,0.006800533042467842,0.006809747013243007,0.0023677228153483206,0.0021922613613455737,0.0,0.0,1.0,0.0
state,1000,1,14,1000,racketball1.jpg,racketball2.jpg,0.5080099105834961,0.47247183322906494,0.292021743953228,0.22925182431936264,0.006985477090836341,0.006549348327712376,0.004096476890093661,0.003261672197062479,0.0,0.0,0.0,0.0
state,1000,1,15,1000,sweater1.jpg,sweater2.jpg,0.5838812589645386,0.594405472278595,0.24333448708057404,0.30098189413547516,0.009252919371029383,0.009397950198792247,0.003971997195356127,0.004879125347867348,1.0,1.0,1.0,1.0
state,1000,1,16,1000,player1.jpg,player2.jpg,0.6696510314941406,0.6006388068199158,0.2871168628334999,0.2041437178850174,0.011853772876655738,0.010236199094241547,0.005165909937505022,0.0035514839156530957,0.0,0.0,0.0,0.0
state,1000,1,17,1000,ballofyarn1.jpg,ballofyarn2.jpg,0.3998313844203949,0.41520190238952637,0.11702082306146622,0.12453750520944595,0.006988969336761503,0.006752687947798012,0.0020243698435277223,0.00200616664251018,1.0,1.0,0.0,0.0
state,1000,1,18,1000,antiquechest1.jpg,antiquechest2.jpg,0.5809370875358582,0.6143244504928589,0.2413351833820343,0.31056252121925354,0.00888072368358955,0.009199873584348836,0.0036248474842974806,0.004516223088517361,1.0,1.0,1.0,1.0
state,1000,1,19,1000,cheese1.JPG,cheese2.JPG,0.49185582995414734,0.5037937164306641,0.16804058104753494,0.1764603778719902,0.010477876917811218,0.009979903640697495,0.0035446792693138223,0.003455597289439209,1.0,1.0,0.0,0.0
state,1000,1,20,1000,banana1.jpg,banana2.jpg,0.42799967527389526,0.4918341636657715,0.17834768816828728,0.15581856667995453,0.006389530397873154,0.007436429671695823,0.002646677026069391,0.002318100765752501,1.0,0.0,1.0,0.0
state,1000,1,21,1000,redbox1.jpg,redbox2.jpg,0.5389236211776733,0.5705947279930115,0.17255162075161934,0.18400585278868675,0.007949764213553723,0.007627173763872094,0.0024859943968973033,0.0023822548737708247,1.0,1.0,0.0,0.0
state,1000,1,22,1000,bandagetape1.jpg,bandagetape2.jpg,0.5105504989624023,0.6378252506256104,0.18855443596839905,0.3650994300842285,0.009502703599776745,0.010143237642292345,0.0036677124735448705,0.006105550298135014,1.0,1.0,1.0,1.0
state,1000,1,23,1000,barnmail1.jpg,barnmail2.jpg,0.5791978240013123,0.521064817905426,0.219109445810318,0.1570778265595436,0.00786383779399087,0.006877047187117762,0.0031057119314428713,0.002157373561374008,0.0,0.0,0.0,0.0
state,1000,1,24,1000,babytoy1.JPG,babytoy2.JPG,0.5245223641395569,0.4991457462310791,0.16207846254110336,0.18578878790140152,0.005890963023175248,0.005470835956348836,0.0018546955614049238,0.0020729599786411083,0.0,1.0,0.0,1.0
state,1000,1,25,1000,bottle1.jpg,bottle2.jpg,0.4003233313560486,0.3664821684360504,0.09974398650228977,0.1161305233836174,0.006753141878319475,0.006879658524825736,0.0016598959850306781,0.0022124489092800723,0.0,1.0,1.0,1.0
state,1000,1,26,1000,crayon1.jpg,crayon2.jpg,0.5785737633705139,0.5694351196289062,0.253220371901989,0.2510961964726448,0.007430308450658309,0.007545866944165972,0.0032669720554947645,0.0033727014753271323,0.0,0.0,1.0,1.0
state,1000,1,27,1000,clipboard1.jpg,clipboard2.jpg,0.4199860990047455,0.5195506811141968,0.15841661766171455,0.1662132330238819,0.007616444737717936,0.009454721243269269,0.002862659556370307,0.00303105306667982,1.0,1.0,1.0,1.0
state,1000,1,28,1000,twofingers1.JPG,twofingers2.JPG,0.3435446619987488,0.3491455316543579,0.13013888895511627,0.13713960349559784,0.0050632145476835685,0.0051052423039127295,0.0018932425521997114,0.001996377387906383,1.0,1.0,1.0,1.0
state,1000,1,29,1000,padlock1.jpg,padlock2.jpg,0.5625823140144348,0.49634185433387756,0.15172557905316353,0.27360695973038673,0.008695438622874464,0.008203585335186581,0.0023950725323659775,0.00455920969126506,0.0,1.0,0.0,1.0
state,1000,1,30,1000,lunchbox1.jpg,lunchbox2.jpg,0.6567012071609497,0.5906621813774109,0.24102647602558136,0.16165655851364136,0.007198284341222379,0.006571618661983683,0.0027195333611106758,0.001899431103511666,0.0,0.0,0.0,0.0
state,1000,1,31,1000,dishes1.JPG,dishes2.JPG,0.49986451864242554,0.5322967767715454,0.17391784116625786,0.21219367906451225,0.006611871249005462,0.005720197966654433,0.0022892251662114476,0.0023164232878272527,1.0,1.0,0.0,1.0
state,1000,1,32,1000,carton1.jpg,carton2.jpg,0.6410443782806396,0.5671643614768982,0.2929753288626671,0.2994184121489525,0.010760383891613151,0.010000392428531667,0.0049963285927724504,0.005260483191659919,0.0,1.0,0.0,1.0
state,1000,1,33,1000,garbagecans1.jpg,garbagecans2.jpg,0.552849292755127,0.6016952395439148,0.152668047696352,0.15679727867245674,0.008197535106644376,0.009295682591886527,0.0021979346855161555,0.0023562595160264593,1.0,1.0,1.0,1.0
state,1000,1,34,1000,eggplant1.jpg,eggplant2.jpg,0.4412379264831543,0.5001826882362366,0.13606589287519455,0.15545706450939178,0.0071786640116964385,0.007965806455900162,0.002239006591963163,0.00237286320012138,1.0,1.0,1.0,1.0
state,1000,1,35,1000,belt1.jpg,belt2.jpg,0.5666565895080566,0.46630096435546875,0.17405608668923378,0.14502081647515297,0.007794995343832437,0.006939897820017043,0.002416049609717387,0.002213213328454605,0.0,0.0,0.0,0.0
state,1000,1,36,1000,containero1.jpg,containero2.jpg,0.5444063544273376,0.5284909009933472,0.1917698159813881,0.1992381252348423,0.0070473975696780464,0.008071362189333194,0.002435237965834412,0.00302959802565731,0.0,1.0,1.0,1.0
state,1000,1,37,1000,alligatorsk1.jpg,alligatorsk2.jpg,0.4522199034690857,0.374895840883255,0.2256840355694294,0.1845538206398487,0.007042463652730301,0.006118439572149361,0.003650492454093436,0.0030678765531939878,0.0,0.0,0.0,0.0
state,1000,1,38,1000,glassjuice1.JPG,glassjuice2.JPG,0.5071033835411072,0.5203742980957031,0.28746191412210464,0.3306090980768204,0.008721557441856405,0.007550125787288937,0.005012563218596266,0.004753469637994985,1.0,1.0,0.0,0.0
state,1000,1,39,1000,cabinet1.jpg,cabinet2.jpg,0.4480555057525635,0.44860076904296875,0.19994384422898293,0.17893701046705246,0.00694563904113465,0.007233930910542661,0.0030589492598102693,0.002853103474082737,1.0,0.0,1.0,0.0
state,1000,1,40,1000,abacus1.jpg,abacus2.jpg,0.8928766250610352,0.8657519221305847,0.7103804349899292,0.6904154121875763,0.008072271691817488,0.007795174475793935,0.00654510284628587,0.006391782225930591,0.0,0.0,0.0,0.0
state,1000,1,41,1000,handshake1.JPG,handshake2.JPG,0.4266584515571594,0.4338644742965698,0.20568304136395454,0.15421270579099655,0.006120858918589497,0.006014916252533593,0.0029883445127887776,0.0021909177397235187,1.0,0.0,0.0,0.0
state,1000,1,42,1000,bulletandca1.jpg,bulletandca2.jpg,0.45932385325431824,0.3944869637489319,0.14972347393631935,0.11635450646281242,0.007912133004769452,0.00730987901591112,0.0024876046423713554,0.0021204732038032663,0.0,0.0,0.0,0.0
state,1000,1,43,1000,toilet1.JPG,toilet2.JPG,0.5078717470169067,0.46295568346977234,0.22925936430692673,0.16915293037891388,0.007571990998284585,0.007551031060046752,0.0034647368524266774,0.0027783711957161676,0.0,0.0,0.0,0.0
state,1000,1,44,1000,breadbox1.JPG,breadbox2.JPG,0.6279144287109375,0.6085277199745178,0.1961556263267994,0.19234036654233932,0.00950392122347749,0.009645812094026087,0.0030790114422155003,0.0031419367776244545,0.0,0.0,1.0,1.0
state,1000,1,45,1000,polarbear1.jpg,polarbear2.jpg,0.6024492383003235,0.6865214109420776,0.2889249622821808,0.36533547937870026,0.008051619226101613,0.010833902490231296,0.003988077457806929,0.005875645067759425,1.0,1.0,1.0,1.0
state,1000,1,46,1000,piggybank1.jpg,piggybank2.jpg,0.5025254487991333,0.5633772611618042,0.23465335369110107,0.2824479341506958,0.009567604516320143,0.007629400558853735,0.004603826248315722,0.003912530378489227,1.0,1.0,0.0,0.0
state,1000,1,47,1000,pumpkinpie1.jpg,pumpkinpie2.jpg,0.6544175148010254,0.6515578031539917,0.18370969593524933,0.19266793876886368,0.0068932062995123765,0.006991611666281284,0.001999767155693648,0.002111326164693964,0.0,1.0,1.0,1.0
state,1000,1,48,1000,briefcasece1.jpg,briefcasece2.jpg,0.5635173320770264,0.5025560855865479,0.2559397257864475,0.16691936179995537,0.0074747883538118145,0.007065363212198195,0.003296062049940258,0.0023689069998491363,0.0,0.0,0.0,0.0
state,1000,1,49,1000,traffic1.jpg,traffic2.jpg,0.39447587728500366,0.41399359703063965,0.12621185556054115,0.14043569564819336,0.0058577592534276215,0.006315066001598665,0.0018758965965258814,0.002137518479252315,1.0,1.0,1.0,1.0
state,1000,1,50,1000,typewriter1.jpg,typewriter2.jpg,0.6865628957748413,0.6825447082519531,0.45203574001789093,0.46242987364530563,0.009367114086516576,0.00922602458120343,0.006544465984886129,0.006561846572162959,0.0,1.0,0.0,1.0
state,1000,1,51,1000,schoolbag1.JPG,schoolbag2.JPG,0.5574746131896973,0.5594524145126343,0.15558919310569763,0.15161431580781937,0.008277766775170609,0.008405696415257942,0.002343596274399788,0.002331047872775722,1.0,0.0,1.0,0.0
state,1000,1,52,1000,drum1.jpg,drum2.jpg,0.7255062460899353,0.8637693524360657,0.2851335480809212,0.43063611537218094,0.008509294656610288,0.00971396467222164,0.003372878048299374,0.004896769917756058,1.0,1.0,1.0,1.0
state,1000,1,53,1000,oldbook1.JPG,oldbook2.JPG,0.39626646041870117,0.47468042373657227,0.09759210050106049,0.15709323808550835,0.0059551227786938795,0.00684621490308056,0.0014963656816816887,0.0023022803595858917,1.0,1.0,1.0,1.0
state,1000,1,54,1000,patiota1.jpg,patiota2.jpg,0.5722065567970276,0.5032585263252258,0.18085593730211258,0.16140488907694817,0.009451515066370417,0.008002458559957721,0.0029884265366814226,0.0025382228427994957,0.0,0.0,0.0,0.0
state,1000,1,55,1000,briefcase1.JPG,briefcase2.JPG,0.7090703845024109,0.5463908314704895,0.20542653277516365,0.19609292224049568,0.01071819050797879,0.009313582830329714,0.0030045933599969674,0.0032848242221240912,0.0,0.0,0.0,1.0
state,1000,1,56,1000,groomingset1.jpg,groomingset2.jpg,0.5129499435424805,0.531152069568634,0.17881781235337257,0.16174016520380974,0.007856785686538748,0.007935298167917923,0.002789451560393029,0.00245714360492696,1.0,0.0,1.0,0.0
state,1000,1,57,1000,scissors1.JPG,scissors2.JPG,0.522370457649231,0.5092036128044128,0.14693163707852364,0.14112158864736557,0.008372370477736516,0.008372878359285086,0.002292571083939446,0.002250824468829623,0.0,0.0,1.0,0.0
state,1000,1,58,1000,mirror1.jpg,mirror2.jpg,0.3250473141670227,0.3888426423072815,0.09789583459496498,0.15928084403276443,0.005838209786406641,0.006686557138204401,0.001757350477629353,0.0027142854674033425,1.0,1.0,1.0,1.0
state,1000,1,59,1000,giftbag1.jpg,giftbag2.jpg,0.3893439769744873,0.3804687261581421,0.12818926200270653,0.12414485588669777,0.004976496817091572,0.004627890087690206,0.0016616772513856355,0.0015141963569483548,0.0,0.0,0.0,0.0
state,1000,1,60,1000,dresser1.JPG,dresser2.JPG,0.6259775161743164,0.6583496332168579,0.25611867755651474,0.23705844581127167,0.008776032144703454,0.008716553443988116,0.0036091005994343026,0.003270268113714583,1.0,0.0,0.0,0.0
state,1000,1,61,1000,laptop1.JPG,laptop2.JPG,0.7766196727752686,0.7439301013946533,0.5971854031085968,0.5684326738119125,0.012268221984303782,0.012567960217202924,0.009711468511461395,0.010077404535556358,0.0,0.0,1.0,1.0
state,1000,1,62,1000,present1.jpg,present2.jpg,0.5686209201812744,0.6991491913795471,0.21842310577630997,0.5850158035755157,0.007579623757974592,0.010046640353225464,0.0030113157267084084,0.00864481557388147,1.0,1.0,1.0,1.0
state,1000,1,63,1000,filebox1.jpg,filebox2.jpg,0.5208306312561035,0.502561628818512,0.16691958904266357,0.15604187920689583,0.00812594556731129,0.007631472595379541,0.002631423156399296,0.0023815779432279603,0.0,0.0,0.0,0.0
state,1000,1,64,1000,books1.JPG,books2.JPG,0.5045396089553833,0.5606717467308044,0.15900776907801628,0.20600702613592148,0.008581662401152212,0.009229547059604009,0.0027345030389985124,0.0035319462332704665,1.0,1.0,1.0,1.0
state,1000,1,65,1000,antiquephone1.jpg,antiquephone2.jpg,0.4678322970867157,0.5222653746604919,0.1717388741672039,0.18599293380975723,0.0074941570581859174,0.008171823342394269,0.002723584551661319,0.0029353066078256266,1.0,1.0,1.0,1.0
state,1000,1,66,1000,boxcookies1.JPG,boxcookies2.JPG,0.6205242872238159,0.5678708553314209,0.22345289215445518,0.20599355176091194,0.008856232079163362,0.008879613289333862,0.0033225034553263275,0.003282255174477232,0.0,0.0,1.0,0.0
state,1000,1,67,1000,bread1.jpg,bread2.jpg,0.4242379665374756,0.4135820269584656,0.1984572485089302,0.2285633198916912,0.0058090487044266115,0.005500383433684133,0.002762168840627399,0.0030842662420213596,0.0,1.0,0.0,1.0
state,1000,1,68,1000,napdisp1.jpg,napdisp2.jpg,0.5274965763092041,0.5096145868301392,0.16027718782424927,0.15434809029102325,0.010396151416309373,0.010653456551129578,0.0032363098854721853,0.003175552633040041,0.0,0.0,1.0,0.0
state,1000,1,69,1000,purplecoffee1.jpg,purplecoffee2.jpg,0.648916482925415,0.610153079032898,0.34734518080949783,0.33348505944013596,0.011837056830750866,0.011156022652750707,0.006583933086234765,0.006341621723143415,0.0,0.0,0.0,0.0
state,1000,1,70,1000,basketofpeppers1.jpg,basketofpeppers2.jpg,0.6694080829620361,0.6343962550163269,0.3067801669239998,0.23771369457244873,0.00841833135403596,0.007929170535621902,0.003964922070317284,0.0030554670799703117,0.0,0.0,0.0,0.0
state,1000,1,71,1000,coffeemaker1.JPG,coffeemaker2.JPG,0.6087114810943604,0.5701974034309387,0.1893683522939682,0.1626407727599144,0.009172645859552773,0.009821848318409019,0.0029123506638133994,0.002843222035051665,0.0,0.0,1.0,0.0
state,1000,1,72,1000,tent1.jpg,tent2.jpg,0.504033088684082,0.6056054830551147,0.1635470874607563,0.1827203743159771,0.006785217702437832,0.007303275571304667,0.0022037248111915556,0.002239437683227579,1.0,1.0,1.0,1.0
state,1000,1,73,1000,metronome1.jpg,metronome2.JPG,0.5959861874580383,0.4582376778125763,0.19359861314296722,0.13900944218039513,0.008643255272412179,0.006601872805303734,0.0028593581986742877,0.0020065001044097678,0.0,0.0,0.0,0.0
state,1000,1,74,1000,diapers1.jpg,diapers2.jpg,0.5518990755081177,0.46297475695610046,0.2311740294098854,0.15102659165859222,0.00973938211712775,0.007801974893181249,0.004149640256434422,0.0025619145372301395,0.0,0.0,0.0,0.0
state,1000,1,75,1000,apples1.JPG,apples2.JPG,0.4660302400588989,0.6026329398155212,0.12391690537333488,0.17261245101690292,0.005769741038495266,0.006589640275743266,0.0015204148492756493,0.001894737123164473,1.0,1.0,1.0,1.0
state,1000,1,76,1000,biscuit1.jpg,biscuit2.jpg,0.4909936785697937,0.44723638892173767,0.2207248993217945,0.20073924213647842,0.007051324793316695,0.00704938317587033,0.003215258635777936,0.0032246450733242446,0.0,0.0,0.0,1.0
state,1000,1,77,1000,basketofapples1.jpg,basketofapples2.jpg,0.6790318489074707,0.5273420810699463,0.23511797934770584,0.1544140689074993,0.008457273465673758,0.007436215715946549,0.0029361187723841156,0.002122536656500372,0.0,0.0,0.0,0.0
state,1000,1,78,1000,pie1.JPG,pie2.JPG,0.693109393119812,0.7142986059188843,0.2598899081349373,0.2992747575044632,0.009342122259839745,0.009997669622634157,0.0035401116409529156,0.004245936336742104,1.0,1.0,1.0,1.0
state,1000,1,79,1000,telephone1.JPG,telephone2.JPG,0.5651999711990356,0.5151803493499756,0.25352463498711586,0.16180674731731415,0.009189618131734923,0.008679031277292287,0.004288101168344364,0.0028091187492820945,0.0,0.0,0.0,0.0
state,1000,1,80,1000,scales1.jpg,scales2.jpg,0.7984679937362671,0.7477645874023438,0.3493303805589676,0.32635514438152313,0.012685653894609203,0.012091559346688815,0.005266352739544134,0.004989887527050386,0.0,0.0,0.0,0.0
state,1000,1,81,1000,dishwash1.jpg,dishwash2.jpg,0.5848027467727661,0.5537716150283813,0.1631201095879078,0.20718534290790558,0.008105980868760186,0.008999379775051853,0.0023461623015383344,0.0034138907472036637,0.0,1.0,1.0,1.0
state,1000,1,82,1000,firetrucktoy1.jpg,firetrucktoy2.jpg,0.6597962379455566,0.5689904689788818,0.23275460675358772,0.1845659352838993,0.008427177126719594,0.007109035077340639,0.002993879956296345,0.002353297476102112,0.0,0.0,0.0,0.0
state,1000,1,83,1000,whitebox1.jpg,whitebox2.jpg,0.5180291533470154,0.4500148296356201,0.1898679882287979,0.1298106536269188,0.010270228839864042,0.008786009576534354,0.0037504040632380187,0.002563563894030787,0.0,0.0,0.0,0.0
state,1000,1,84,1000,cookingpot1.JPG,cookingpot2.JPG,0.4077674448490143,0.4804496765136719,0.12340107932686806,0.13190672174096107,0.006350884163708782,0.00747001543150481,0.0018885694038546503,0.0020375016137671852,1.0,1.0,1.0,1.0
state,1000,1,85,1000,toast1.jpg,toast2.jpg,0.6955034732818604,0.6369507312774658,0.33955663442611694,0.4221302717924118,0.010520539370758671,0.010718667073479675,0.005272335561851241,0.007656901734280659,0.0,1.0,1.0,1.0
state,1000,1,86,1000,servdis1.jpg,servdis2.jpg,0.6325879096984863,0.6080087423324585,0.20421478152275085,0.21616319939494133,0.008992100974101212,0.010469250886980343,0.0029302788889628804,0.003730943812302127,0.0,1.0,1.0,1.0
state,1000,1,87,1000,redcabbage1.jpg,redcabbage2.jpg,0.5631675720214844,0.7816838026046753,0.25738760828971863,0.42228541523218155,0.006674472410672324,0.007757127343427441,0.003083133295350318,0.004126295830623578,1.0,1.0,1.0,1.0
state,1000,1,88,1000,apple1.jpg,apple2.jpg,0.7668244242668152,0.762998104095459,0.3519965410232544,0.41635803133249283,0.008835686407583445,0.009535085654002934,0.003742840270084006,0.004630275872758691,0.0,1.0,1.0,1.0
state,1000,1,89,1000,notebook1.jpg,notebook2.jpg,0.6495342254638672,0.6769956350326538,0.44083861261606216,0.35313328355550766,0.01034185584798884,0.009593440629428998,0.007532340151343973,0.005395512225932005,1.0,0.0,0.0,0.0
state,1000,1,90,1000,waterbottle1.JPG,waterbottle2.JPG,0.5542250871658325,0.5575995445251465,0.16407642513513565,0.18170300498604774,0.007466935694245408,0.007273020407202428,0.002221465458656834,0.0023672766512809786,1.0,1.0,0.0,1.0
state,1000,1,91,1000,cantaloupe1.jpg,cantaloupe2.jpg,0.4161123037338257,0.6419917345046997,0.11746525019407272,0.25143227726221085,0.00524045421977057,0.007545439446450806,0.001477568042591949,0.002905163289560588,1.0,1.0,1.0,1.0
state,1000,1,92,1000,waffleiron1.jpg,waffleiron2.jpg,0.5239874124526978,0.4608444571495056,0.18608472496271133,0.17286130413413048,0.008383885588902115,0.007891040050274392,0.0029556478599438,0.0029673313459400007,0.0,0.0,0.0,1.0
state,1000,1,93,1000,scanner1.JPG,scanner2.JPG,0.4612005650997162,0.387878954410553,0.14606378972530365,0.11147203668951988,0.00830869226042322,0.007551105840781591,0.002583259603570409,0.0021489020838379573,0.0,0.0,0.0,0.0
state,1000,1,94,1000,donut1.jpg,donut2.jpg,0.6115201711654663,0.48569899797439575,0.2330567017197609,0.16974559798836708,0.0076100565614202545,0.006723849237083035,0.002933971636172376,0.002397330569217964,0.0,0.0,0.0,0.0
state,1000,1,95,1000,tomato1.jpg,tomato2.jpg,0.575507640838623,0.6592885255813599,0.21033823117613792,0.3553738072514534,0.007490621198871962,0.00573477599425418,0.002631801466923185,0.0030644789708095138,1.0,1.0,0.0,1.0
state,1000,1,96,1000,redumbrella1.jpg,redumbrella2.jpg,0.47804099321365356,0.4549957513809204,0.2785406783223152,0.15040086954832077,0.007510201673608641,0.007360795644454929,0.004321199791212673,0.0023509155269979725,0.0,0.0,0.0,0.0
state,1000,1,97,1000,theasea1.jpg,theasea2.jpg,0.5069267153739929,0.4859333336353302,0.27002711594104767,0.24254559352993965,0.006648448720822637,0.006091429989171415,0.003577032988956899,0.0030538192976441625,0.0,0.0,0.0,0.0
state,1000,1,98,1000,dryer1.jpg,dryer2.jpg,0.5634747743606567,0.5481008291244507,0.2474411427974701,0.18794500082731247,0.010423959602982884,0.008708864892217909,0.00455339791045109,0.0029648885085511688,0.0,0.0,0.0,0.0
state,1000,1,99,1000,iron1.jpg,iron2.jpg,0.5352077484130859,0.6036944389343262,0.23008812218904495,0.45284755527973175,0.008902066512171068,0.008022558129131647,0.003617491124134529,0.006057015832845864,1.0,1.0,0.0,1.0
state,1000,1,100,1000,dice1.jpg,dice2.jpg,0.6440247297286987,0.7043064832687378,0.2585403621196747,0.3919189125299454,0.011048649394135999,0.010799340698262709,0.004650228606732096,0.006215423734823316,1.0,1.0,0.0,1.0
