split,pair_id,episode_index,sequence_length,foil_type,category,exemplar_id,is_old,image_key
train,train_novel_ep00001_pair001,1,9,novel,00498_fan,0,1,train::00498_fan::exemplar_0
train,train_novel_ep00001_pair001,1,9,novel,00420_dial,0,0,train::00420_dial::exemplar_0
train,train_novel_ep00001_pair002,1,9,novel,00391_crown,0,1,train::00391_crown::exemplar_0
train,train_novel_ep00001_pair002,1,9,novel,00502_fence,0,0,train::00502_fence::exemplar_0
train,train_novel_ep00001_pair003,1,9,novel,00437_dollhouse,0,1,train::00437_dollhouse::exemplar_0
train,train_novel_ep00001_pair003,1,9,novel,00231_cannon,0,0,train::00231_cannon::exemplar_0
train,train_novel_ep00001_pair004,1,9,novel,00351_cooker,0,1,train::00351_cooker::exemplar_0
train,train_novel_ep00001_pair004,1,9,novel,00642_gyroscope,0,0,train::00642_gyroscope::exemplar_0
train,train_novel_ep00001_pair005,1,9,novel,00431_diving_board,0,1,train::00431_diving_board::exemplar_0
train,train_novel_ep00001_pair005,1,9,novel,00330_cocoon,0,0,train::00330_cocoon::exemplar_0
train,train_novel_ep00001_pair006,1,9,novel,00392_crucifix,0,1,train::00392_crucifix::exemplar_0
train,train_novel_ep00001_pair006,1,9,novel,00215_calzone,0,0,train::00215_calzone::exemplar_0
train,train_novel_ep00001_pair007,1,9,novel,00334_coffee_table,0,1,train::00334_coffee_table::exemplar_0
train,train_novel_ep00001_pair007,1,9,novel,00483_electric_chair,0,0,train::00483_electric_chair::exemplar_0
train,train_novel_ep00001_pair008,1,9,novel,00273_chariot,0,1,train::00273_chariot::exemplar_0
train,train_novel_ep00001_pair008,1,9,novel,00287_chihuahua,0,0,train::00287_chihuahua::exemplar_0
train,train_novel_ep00001_pair009,1,9,novel,00745_jellyfish,0,1,train::00745_jellyfish::exemplar_0
train,train_novel_ep00001_pair009,1,9,novel,00469_dynamite,0,0,train::00469_dynamite::exemplar_0
train,train_exemplar_ep00002_pair001,2,27,exemplar,00662_harness,0,1,train::00662_harness::exemplar_0
train,train_exemplar_ep00002_pair001,2,27,exemplar,00662_harness,1,0,train::00662_harness::exemplar_1
train,train_exemplar_ep00002_pair002,2,27,exemplar,00648_hairpin,0,1,train::00648_hairpin::exemplar_0
train,train_exemplar_ep00002_pair002,2,27,exemplar,00648_hairpin,1,0,train::00648_hairpin::exemplar_1
train,train_exemplar_ep00002_pair003,2,27,exemplar,00343_comic_book,0,1,train::00343_comic_book::exemplar_0
train,train_exemplar_ep00002_pair003,2,27,exemplar,00343_comic_book,1,0,train::00343_comic_book::exemplar_1
train,train_exemplar_ep00002_pair004,2,27,exemplar,00463_dumbbell,0,1,train::00463_dumbbell::exemplar_0
train,train_exemplar_ep00002_pair004,2,27,exemplar,00463_dumbbell,1,0,train::00463_dumbbell::exemplar_1
train,train_exemplar_ep00002_pair005,2,27,exemplar,00565_frog,0,1,train::00565_frog::exemplar_0
train,train_exemplar_ep00002_pair005,2,27,exemplar,00565_frog,1,0,train::00565_frog::exemplar_1
train,train_exemplar_ep00002_pair006,2,27,exemplar,00440_domino,0,1,train::00440_domino::exemplar_0
train,train_exemplar_ep00002_pair006,2,27,exemplar,00440_domino,1,0,train::00440_domino::exemplar_1
train,train_exemplar_ep00002_pair007,2,27,exemplar,00699_hook2,0,1,train::00699_hook2::exemplar_0
train,train_exemplar_ep00002_pair007,2,27,exemplar,00699_hook2,1,0,train::00699_hook2::exemplar_1
train,train_exemplar_ep00002_pair008,2,27,exemplar,00763_kazoo,0,1,train::00763_kazoo::exemplar_0
train,train_exemplar_ep00002_pair008,2,27,exemplar,00763_kazoo,1,0,train::00763_kazoo::exemplar_1
train,train_exemplar_ep00002_pair009,2,27,exemplar,00778_knitting_needle,0,1,train::00778_knitting_needle::exemplar_0
train,train_exemplar_ep00002_pair009,2,27,exemplar,00778_knitting_needle,1,0,train::00778_knitting_needle::exemplar_1
train,train_exemplar_ep00002_pair010,2,27,exemplar,00640_gutter,0,1,train::00640_gutter::exemplar_0
train,train_exemplar_ep00002_pair010,2,27,exemplar,00640_gutter,1,0,train::00640_gutter::exemplar_1
train,train_exemplar_ep00002_pair011,2,27,exemplar,00573_gallows,0,1,train::00573_gallows::exemplar_0
train,train_exemplar_ep00002_pair011,2,27,exemplar,00573_gallows,1,0,train::00573_gallows::exemplar_1
train,train_exemplar_ep00002_pair012,2,27,exemplar,00641_gyro,0,1,train::00641_gyro::exemplar_0
train,train_exemplar_ep00002_pair012,2,27,exemplar,00641_gyro,1,0,train::00641_gyro::exemplar_1
train,train_exemplar_ep00002_pair013,2,27,exemplar,00522_firetruck,0,1,train::00522_firetruck::exemplar_0
train,train_exemplar_ep00002_pair013,2,27,exemplar,00522_firetruck,1,0,train::00522_firetruck::exemplar_1
train,train_exemplar_ep00002_pair014,2,27,exemplar,00321_cloud,0,1,train::00321_cloud::exemplar_0
train,train_exemplar_ep00002_pair014,2,27,exemplar,00321_cloud,1,0,train::00321_cloud::exemplar_1
train,train_exemplar_ep00002_pair015,2,27,exemplar,00555_footbath,0,1,train::00555_footbath::exemplar_0
train,train_exemplar_ep00002_pair015,2,27,exemplar,00555_footbath,1,0,train::00555_footbath::exemplar_1
train,train_exemplar_ep00002_pair016,2,27,exemplar,00470_ear,0,1,train::00470_ear::exemplar_0
train,train_exemplar_ep00002_pair016,2,27,exemplar,00470_ear,1,0,train::00470_ear::exemplar_1
train,train_exemplar_ep00002_pair017,2,27,exemplar,00660_hard_disk,0,1,train::00660_hard_disk::exemplar_0
train,train_exemplar_ep00002_pair017,2,27,exemplar,00660_hard_disk,1,0,train::00660_hard_disk::exemplar_1
train,train_exemplar_ep00002_pair018,2,27,exemplar,00768_keyboard,0,1,train::00768_keyboard::exemplar_0
train,train_exemplar_ep00002_pair018,2,27,exemplar,00768_keyboard,1,0,train::00768_keyboard::exemplar_1
train,train_exemplar_ep00002_pair019,2,27,exemplar,00339_collar,0,1,train::00339_collar::exemplar_0
train,train_exemplar_ep00002_pair019,2,27,exemplar,00339_collar,1,0,train::00339_collar::exemplar_1
train,train_exemplar_ep00002_pair020,2,27,exemplar,00651_hammock,0,1,train::00651_hammock::exemplar_0
train,train_exemplar_ep00002_pair020,2,27,exemplar,00651_hammock,1,0,train::00651_hammock::exemplar_1
train,train_exemplar_ep00002_pair021,2,27,exemplar,00655_handkerchief,0,1,train::00655_handkerchief::exemplar_0
train,train_exemplar_ep00002_pair021,2,27,exemplar,00655_handkerchief,1,0,train::00655_handkerchief::exemplar_1
train,train_exemplar_ep00002_pair022,2,27,exemplar,00749_jewel,0,1,train::00749_jewel::exemplar_0
train,train_exemplar_ep00002_pair022,2,27,exemplar,00749_jewel,1,0,train::00749_jewel::exemplar_1
train,train_exemplar_ep00002_pair023,2,27,exemplar,00381_crate,0,1,train::00381_crate::exemplar_0
train,train_exemplar_ep00002_pair023,2,27,exemplar,00381_crate,1,0,train::00381_crate::exemplar_1
train,train_exemplar_ep00002_pair024,2,27,exemplar,00501_feather,0,1,train::00501_feather::exemplar_0
train,train_exemplar_ep00002_pair024,2,27,exemplar,00501_feather,1,0,train::00501_feather::exemplar_1
train,train_exemplar_ep00002_pair025,2,27,exemplar,00408_cymbal,0,1,train::00408_cymbal::exemplar_0
train,train_exemplar_ep00002_pair025,2,27,exemplar,00408_cymbal,1,0,train::00408_cymbal::exemplar_1
train,train_exemplar_ep00002_pair026,2,27,exemplar,00384_cream,0,1,train::00384_cream::exemplar_0
train,train_exemplar_ep00002_pair026,2,27,exemplar,00384_cream,1,0,train::00384_cream::exemplar_1
train,train_exemplar_ep00002_pair027,2,27,exemplar,00736_ivy,0,1,train::00736_ivy::exemplar_0
train,train_exemplar_ep00002_pair027,2,27,exemplar,00736_ivy,1,0,train::00736_ivy::exemplar_1
train,train_novel_ep00003_pair001,3,12,novel,00460_duckling,0,1,train::00460_duckling::exemplar_0
train,train_novel_ep00003_pair001,3,12,novel,00400_cummerbund,0,0,train::00400_cummerbund::exemplar_0
train,train_novel_ep00003_pair002,3,12,novel,00581_gate,0,1,train::00581_gate::exemplar_0
train,train_novel_ep00003_pair002,3,12,novel,00576_garbage_truck,0,0,train::00576_garbage_truck::exemplar_0
train,train_novel_ep00003_pair003,3,12,novel,00671_headdress,0,1,train::00671_headdress::exemplar_0
train,train_novel_ep00003_pair003,3,12,novel,00335_coffin,0,0,train::00335_coffin::exemplar_0
train,train_novel_ep00003_pair004,3,12,novel,00469_dynamite,0,1,train::00469_dynamite::exemplar_0
train,train_novel_ep00003_pair004,3,12,novel,00276_cheeseburger,0,0,train::00276_cheeseburger::exemplar_0
train,train_novel_ep00003_pair005,3,12,novel,00487_envelope,0,1,train::00487_envelope::exemplar_0
train,train_novel_ep00003_pair005,3,12,novel,00641_gyro,0,0,train::00641_gyro::exemplar_0
train,train_novel_ep00003_pair006,3,12,novel,00606_goldfish,0,1,train::00606_goldfish::exemplar_0
train,train_novel_ep00003_pair006,3,12,novel,00675_headrest,0,0,train::00675_headrest::exemplar_0
train,train_novel_ep00003_pair007,3,12,novel,00334_coffee_table,0,1,train::00334_coffee_table::exemplar_0
train,train_novel_ep00003_pair007,3,12,novel,00600_go-kart,0,0,train::00600_go-kart::exemplar_0
train,train_novel_ep00003_pair008,3,12,novel,00792_lasagna,0,1,train::00792_lasagna::exemplar_0
train,train_novel_ep00003_pair008,3,12,novel,00203_button1,0,0,train::00203_button1::exemplar_0
train,train_novel_ep00003_pair009,3,12,novel,00703_horse,0,1,train::00703_horse::exemplar_0
train,train_novel_ep00003_pair009,3,12,novel,00635_gum,0,0,train::00635_gum::exemplar_0
train,train_novel_ep00003_pair010,3,12,novel,00764_kebab,0,1,train::00764_kebab::exemplar_0
train,train_novel_ep00003_pair010,3,12,novel,00245_cardinal,0,0,train::00245_cardinal::exemplar_0
train,train_novel_ep00003_pair011,3,12,novel,00442_donut,0,1,train::00442_donut::exemplar_0
train,train_novel_ep00003_pair011,3,12,novel,00431_diving_board,0,0,train::00431_diving_board::exemplar_0
train,train_novel_ep00003_pair012,3,12,novel,00779_knob,0,1,train::00779_knob::exemplar_0
train,train_novel_ep00003_pair012,3,12,novel,00346_computer,0,0,train::00346_computer::exemplar_0
train,train_exemplar_ep00004_pair001,4,16,exemplar,00656_handle,0,1,train::00656_handle::exemplar_0
train,train_exemplar_ep00004_pair001,4,16,exemplar,00656_handle,1,0,train::00656_handle::exemplar_1
train,train_exemplar_ep00004_pair002,4,16,exemplar,00460_duckling,0,1,train::00460_duckling::exemplar_0
train,train_exemplar_ep00004_pair002,4,16,exemplar,00460_duckling,1,0,train::00460_duckling::exemplar_1
train,train_exemplar_ep00004_pair003,4,16,exemplar,00364_cornhusk,0,1,train::00364_cornhusk::exemplar_0
train,train_exemplar_ep00004_pair003,4,16,exemplar,00364_cornhusk,1,0,train::00364_cornhusk::exemplar_1
train,train_exemplar_ep00004_pair004,4,16,exemplar,00624_green_beans,0,1,train::00624_green_beans::exemplar_0
train,train_exemplar_ep00004_pair004,4,16,exemplar,00624_green_beans,1,0,train::00624_green_beans::exemplar_1
train,train_exemplar_ep00004_pair005,4,16,exemplar,00458_dryer,0,1,train::00458_dryer::exemplar_0
train,train_exemplar_ep00004_pair005,4,16,exemplar,00458_dryer,1,0,train::00458_dryer::exemplar_1
train,train_exemplar_ep00004_pair006,4,16,exemplar,00560_fountain_pen,0,1,train::00560_fountain_pen::exemplar_0
train,train_exemplar_ep00004_pair006,4,16,exemplar,00560_fountain_pen,1,0,train::00560_fountain_pen::exemplar_1
train,train_exemplar_ep00004_pair007,4,16,exemplar,00408_cymbal,0,1,train::00408_cymbal::exemplar_0
train,train_exemplar_ep00004_pair007,4,16,exemplar,00408_cymbal,1,0,train::00408_cymbal::exemplar_1
train,train_exemplar_ep00004_pair008,4,16,exemplar,00584_gavel,0,1,train::00584_gavel::exemplar_0
train,train_exemplar_ep00004_pair008,4,16,exemplar,00584_gavel,1,0,train::00584_gavel::exemplar_1
train,train_exemplar_ep00004_pair009,4,16,exemplar,00733_insole,0,1,train::00733_insole::exemplar_0
train,train_exemplar_ep00004_pair009,4,16,exemplar,00733_insole,1,0,train::00733_insole::exemplar_1
train,train_exemplar_ep00004_pair010,4,16,exemplar,00341_comb,0,1,train::00341_comb::exemplar_0
train,train_exemplar_ep00004_pair010,4,16,exemplar,00341_comb,1,0,train::00341_comb::exemplar_1
train,train_exemplar_ep00004_pair011,4,16,exemplar,00444_doorbell,0,1,train::00444_doorbell::exemplar_0
train,train_exemplar_ep00004_pair011,4,16,exemplar,00444_doorbell,1,0,train::00444_doorbell::exemplar_1
train,train_exemplar_ep00004_pair012,4,16,exemplar,00709_hot_tub,0,1,train::00709_hot_tub::exemplar_0
train,train_exemplar_ep00004_pair012,4,16,exemplar,00709_hot_tub,1,0,train::00709_hot_tub::exemplar_1
train,train_exemplar_ep00004_pair013,4,16,exemplar,00417_deodorant,0,1,train::00417_deodorant::exemplar_0
train,train_exemplar_ep00004_pair013,4,16,exemplar,00417_deodorant,1,0,train::00417_deodorant::exemplar_1
train,train_exemplar_ep00004_pair014,4,16,exemplar,00244_cardigan,0,1,train::00244_cardigan::exemplar_0
train,train_exemplar_ep00004_pair014,4,16,exemplar,00244_cardigan,1,0,train::00244_cardigan::exemplar_1
train,train_exemplar_ep00004_pair015,4,16,exemplar,00795_latte,0,1,train::00795_latte::exemplar_0
train,train_exemplar_ep00004_pair015,4,16,exemplar,00795_latte,1,0,train::00795_latte::exemplar_1
train,train_exemplar_ep00004_pair016,4,16,exemplar,00240_car_seat,0,1,train::00240_car_seat::exemplar_0
train,train_exemplar_ep00004_pair016,4,16,exemplar,00240_car_seat,1,0,train::00240_car_seat::exemplar_1
train,train_novel_ep00005_pair001,5,12,novel,00798_lawnmower,0,1,train::00798_lawnmower::exemplar_0
train,train_novel_ep00005_pair001,5,12,novel,00640_gutter,0,0,train::00640_gutter::exemplar_0
train,train_novel_ep00005_pair002,5,12,novel,00784_ladybug,0,1,train::00784_ladybug::exemplar_0
train,train_novel_ep00005_pair002,5,12,novel,00770_kilt,0,0,train::00770_kilt::exemplar_0
train,train_novel_ep00005_pair003,5,12,novel,00550_fondue,0,1,train::00550_fondue::exemplar_0
train,train_novel_ep00005_pair003,5,12,novel,00757_jump_rope,0,0,train::00757_jump_rope::exemplar_0
train,train_novel_ep00005_pair004,5,12,novel,00387_cross,0,1,train::00387_cross::exemplar_0
train,train_novel_ep00005_pair004,5,12,novel,00240_car_seat,0,0,train::00240_car_seat::exemplar_0
train,train_novel_ep00005_pair005,5,12,novel,00503_fencepost,0,1,train::00503_fencepost::exemplar_0
train,train_novel_ep00005_pair005,5,12,novel,00651_hammock,0,0,train::00651_hammock::exemplar_0
train,train_novel_ep00005_pair006,5,12,novel,00398_cucumber,0,1,train::00398_cucumber::exemplar_0
train,train_novel_ep00005_pair006,5,12,novel,00552_foot,0,0,train::00552_foot::exemplar_0
train,train_novel_ep00005_pair007,5,12,novel,00369_costume,0,1,train::00369_costume::exemplar_0
train,train_novel_ep00005_pair007,5,12,novel,00295_chips,0,0,train::00295_chips::exemplar_0
train,train_novel_ep00005_pair008,5,12,novel,00769_keyhole,0,1,train::00769_keyhole::exemplar_0
train,train_novel_ep00005_pair008,5,12,novel,00740_jalapeno,0,0,train::00740_jalapeno::exemplar_0
train,train_novel_ep00005_pair009,5,12,novel,00315_cloak,0,1,train::00315_cloak::exemplar_0
train,train_novel_ep00005_pair009,5,12,novel,00204_button2,0,0,train::00204_button2::exemplar_0
train,train_novel_ep00005_pair010,5,12,novel,00431_diving_board,0,1,train::00431_diving_board::exemplar_0
train,train_novel_ep00005_pair010,5,12,novel,00330_cocoon,0,0,train::00330_cocoon::exemplar_0
train,train_novel_ep00005_pair011,5,12,novel,00372_couch,0,1,train::00372_couch::exemplar_0
train,train_novel_ep00005_pair011,5,12,novel,00519_fire_pit,0,0,train::00519_fire_pit::exemplar_0
train,train_novel_ep00005_pair012,5,12,novel,00271_charcoal,0,1,train::00271_charcoal::exemplar_0
train,train_novel_ep00005_pair012,5,12,novel,00325_coaster,0,0,train::00325_coaster::exemplar_0
train,train_exemplar_ep00006_pair001,6,14,exemplar,00509_file1,0,1,train::00509_file1::exemplar_0
train,train_exemplar_ep00006_pair001,6,14,exemplar,00509_file1,1,0,train::00509_file1::exemplar_1
train,train_exemplar_ep00006_pair002,6,14,exemplar,00476_eclair,0,1,train::00476_eclair::exemplar_0
train,train_exemplar_ep00006_pair002,6,14,exemplar,00476_eclair,1,0,train::00476_eclair::exemplar_1
train,train_exemplar_ep00006_pair003,6,14,exemplar,00779_knob,0,1,train::00779_knob::exemplar_0
train,train_exemplar_ep00006_pair003,6,14,exemplar,00779_knob,1,0,train::00779_knob::exemplar_1
train,train_exemplar_ep00006_pair004,6,14,exemplar,00280_chessboard,0,1,train::00280_chessboard::exemplar_0
train,train_exemplar_ep00006_pair004,6,14,exemplar,00280_chessboard,1,0,train::00280_chessboard::exemplar_1
train,train_exemplar_ep00006_pair005,6,14,exemplar,00682_helicopter,0,1,train::00682_helicopter::exemplar_0
train,train_exemplar_ep00006_pair005,6,14,exemplar,00682_helicopter,1,0,train::00682_helicopter::exemplar_1
train,train_exemplar_ep00006_pair006,6,14,exemplar,00735_ironing_board,0,1,train::00735_ironing_board::exemplar_0
train,train_exemplar_ep00006_pair006,6,14,exemplar,00735_ironing_board,1,0,train::00735_ironing_board::exemplar_1
train,train_exemplar_ep00006_pair007,6,14,exemplar,00576_garbage_truck,0,1,train::00576_garbage_truck::exemplar_0
train,train_exemplar_ep00006_pair007,6,14,exemplar,00576_garbage_truck,1,0,train::00576_garbage_truck::exemplar_1
train,train_exemplar_ep00006_pair008,6,14,exemplar,00237_cape,0,1,train::00237_cape::exemplar_0
train,train_exemplar_ep00006_pair008,6,14,exemplar,00237_cape,1,0,train::00237_cape::exemplar_1
train,train_exemplar_ep00006_pair009,6,14,exemplar,00206_cabinet,0,1,train::00206_cabinet::exemplar_0
train,train_exemplar_ep00006_pair009,6,14,exemplar,00206_cabinet,1,0,train::00206_cabinet::exemplar_1
train,train_exemplar_ep00006_pair010,6,14,exemplar,00528_fishhook,0,1,train::00528_fishhook::exemplar_0
train,train_exemplar_ep00006_pair010,6,14,exemplar,00528_fishhook,1,0,train::00528_fishhook::exemplar_1
train,train_exemplar_ep00006_pair011,6,14,exemplar,00543_flour,0,1,train::00543_flour::exemplar_0
train,train_exemplar_ep00006_pair011,6,14,exemplar,00543_flour,1,0,train::00543_flour::exemplar_1
train,train_exemplar_ep00006_pair012,6,14,exemplar,00359_cork,0,1,train::00359_cork::exemplar_0
train,train_exemplar_ep00006_pair012,6,14,exemplar,00359_cork,1,0,train::00359_cork::exemplar_1
train,train_exemplar_ep00006_pair013,6,14,exemplar,00709_hot_tub,0,1,train::00709_hot_tub::exemplar_0
train,train_exemplar_ep00006_pair013,6,14,exemplar,00709_hot_tub,1,0,train::00709_hot_tub::exemplar_1
train,train_exemplar_ep00006_pair014,6,14,exemplar,00774_kiwi,0,1,train::00774_kiwi::exemplar_0
train,train_exemplar_ep00006_pair014,6,14,exemplar,00774_kiwi,1,0,train::00774_kiwi::exemplar_1
train,train_novel_ep00007_pair001,7,18,novel,00730_inhaler,0,1,train::00730_inhaler::exemplar_0
train,train_novel_ep00007_pair001,7,18,novel,00409_daisy,0,0,train::00409_daisy::exemplar_0
train,train_novel_ep00007_pair002,7,18,novel,00686_hip,0,1,train::00686_hip::exemplar_0
train,train_novel_ep00007_pair002,7,18,novel,00560_fountain_pen,0,0,train::00560_fountain_pen::exemplar_0
train,train_novel_ep00007_pair003,7,18,novel,00429_dishwashing_liquid,0,1,train::00429_dishwashing_liquid::exemplar_0
train,train_novel_ep00007_pair003,7,18,novel,00240_car_seat,0,0,train::00240_car_seat::exemplar_0
train,train_novel_ep00007_pair004,7,18,novel,00413_dashboard,0,1,train::00413_dashboard::exemplar_0
train,train_novel_ep00007_pair004,7,18,novel,00525_first-aid_kit,0,0,train::00525_first-aid_kit::exemplar_0
train,train_novel_ep00007_pair005,7,18,novel,00504_fern,0,1,train::00504_fern::exemplar_0
train,train_novel_ep00007_pair005,7,18,novel,00608_gong,0,0,train::00608_gong::exemplar_0
train,train_novel_ep00007_pair006,7,18,novel,00233_canoe,0,1,train::00233_canoe::exemplar_0
train,train_novel_ep00007_pair006,7,18,novel,00672_headlamp,0,0,train::00672_headlamp::exemplar_0
train,train_novel_ep00007_pair007,7,18,novel,00586_gear,0,1,train::00586_gear::exemplar_0
train,train_novel_ep00007_pair007,7,18,novel,00289_chimney,0,0,train::00289_chimney::exemplar_0
train,train_novel_ep00007_pair008,7,18,novel,00714_hubcap,0,1,train::00714_hubcap::exemplar_0
train,train_novel_ep00007_pair008,7,18,novel,00271_charcoal,0,0,train::00271_charcoal::exemplar_0
train,train_novel_ep00007_pair009,7,18,novel,00361_corkscrew,0,1,train::00361_corkscrew::exemplar_0
train,train_novel_ep00007_pair009,7,18,novel,00247_carriage,0,0,train::00247_carriage::exemplar_0
train,train_novel_ep00007_pair010,7,18,novel,00350_container,0,1,train::00350_container::exemplar_0
train,train_novel_ep00007_pair010,7,18,novel,00205_cabbage,0,0,train::00205_cabbage::exemplar_0
train,train_novel_ep00007_pair011,7,18,novel,00465_dumpling,0,1,train::00465_dumpling::exemplar_0
train,train_novel_ep00007_pair011,7,18,novel,00514_finger,0,0,train::00514_finger::exemplar_0
train,train_novel_ep00007_pair012,7,18,novel,00636_gumball,0,1,train::00636_gumball::exemplar_0
train,train_novel_ep00007_pair012,7,18,novel,00395_crystal2,0,0,train::00395_crystal2::exemplar_0
train,train_novel_ep00007_pair013,7,18,novel,00421_diamond,0,1,train::00421_diamond::exemplar_0
train,train_novel_ep00007_pair013,7,18,novel,00661_harmonica,0,0,train::00661_harmonica::exemplar_0
train,train_novel_ep00007_pair014,7,18,novel,00442_donut,0,1,train::00442_donut::exemplar_0
train,train_novel_ep00007_pair014,7,18,novel,00693_home_plate,0,0,train::00693_home_plate::exemplar_0
train,train_novel_ep00007_pair015,7,18,novel,00565_frog,0,1,train::00565_frog::exemplar_0
train,train_novel_ep00007_pair015,7,18,novel,00768_keyboard,0,0,train::00768_keyboard::exemplar_0
train,train_novel_ep00007_pair016,7,18,novel,00451_drain,0,1,train::00451_drain::exemplar_0
train,train_novel_ep00007_pair016,7,18,novel,00600_go-kart,0,0,train::00600_go-kart::exemplar_0
train,train_novel_ep00007_pair017,7,18,novel,00495_eyeliner,0,1,train::00495_eyeliner::exemplar_0
train,train_novel_ep00007_pair017,7,18,novel,00541_float,0,0,train::00541_float::exemplar_0
train,train_novel_ep00007_pair018,7,18,novel,00639_gurney,0,1,train::00639_gurney::exemplar_0
train,train_novel_ep00007_pair018,7,18,novel,00263_cereal,0,0,train::00263_cereal::exemplar_0
train,train_exemplar_ep00008_pair001,8,10,exemplar,00741_jam,0,1,train::00741_jam::exemplar_0
train,train_exemplar_ep00008_pair001,8,10,exemplar,00741_jam,1,0,train::00741_jam::exemplar_1
train,train_exemplar_ep00008_pair002,8,10,exemplar,00646_hairdryer,0,1,train::00646_hairdryer::exemplar_0
train,train_exemplar_ep00008_pair002,8,10,exemplar,00646_hairdryer,1,0,train::00646_hairdryer::exemplar_1
train,train_exemplar_ep00008_pair003,8,10,exemplar,00341_comb,0,1,train::00341_comb::exemplar_0
train,train_exemplar_ep00008_pair003,8,10,exemplar,00341_comb,1,0,train::00341_comb::exemplar_1
train,train_exemplar_ep00008_pair004,8,10,exemplar,00352_cookie_cutter,0,1,train::00352_cookie_cutter::exemplar_0
train,train_exemplar_ep00008_pair004,8,10,exemplar,00352_cookie_cutter,1,0,train::00352_cookie_cutter::exemplar_1
train,train_exemplar_ep00008_pair005,8,10,exemplar,00254_catfish,0,1,train::00254_catfish::exemplar_0
train,train_exemplar_ep00008_pair005,8,10,exemplar,00254_catfish,1,0,train::00254_catfish::exemplar_1
train,train_exemplar_ep00008_pair006,8,10,exemplar,00315_cloak,0,1,train::00315_cloak::exemplar_0
train,train_exemplar_ep00008_pair006,8,10,exemplar,00315_cloak,1,0,train::00315_cloak::exemplar_1
train,train_exemplar_ep00008_pair007,8,10,exemplar,00578_garter,0,1,train::00578_garter::exemplar_0
train,train_exemplar_ep00008_pair007,8,10,exemplar,00578_garter,1,0,train::00578_garter::exemplar_1
train,train_exemplar_ep00008_pair008,8,10,exemplar,00361_corkscrew,0,1,train::00361_corkscrew::exemplar_0
train,train_exemplar_ep00008_pair008,8,10,exemplar,00361_corkscrew,1,0,train::00361_corkscrew::exemplar_1
train,train_exemplar_ep00008_pair009,8,10,exemplar,00424_dip,0,1,train::00424_dip::exemplar_0
train,train_exemplar_ep00008_pair009,8,10,exemplar,00424_dip,1,0,train::00424_dip::exemplar_1
train,train_exemplar_ep00008_pair010,8,10,exemplar,00516_fire,0,1,train::00516_fire::exemplar_0
train,train_exemplar_ep00008_pair010,8,10,exemplar,00516_fire,1,0,train::00516_fire::exemplar_1
train,train_novel_ep00009_pair001,9,10,novel,00598_globe,0,1,train::00598_globe::exemplar_0
train,train_novel_ep00009_pair001,9,10,novel,00798_lawnmower,0,0,train::00798_lawnmower::exemplar_0
train,train_novel_ep00009_pair002,9,10,novel,00498_fan,0,1,train::00498_fan::exemplar_0
train,train_novel_ep00009_pair002,9,10,novel,00645_hairbrush,0,0,train::00645_hairbrush::exemplar_0
train,train_novel_ep00009_pair003,9,10,novel,00235_canvas,0,1,train::00235_canvas::exemplar_0
train,train_novel_ep00009_pair003,9,10,novel,00245_cardinal,0,0,train::00245_cardinal::exemplar_0
train,train_novel_ep00009_pair004,9,10,novel,00556_footprint,0,1,train::00556_footprint::exemplar_0
train,train_novel_ep00009_pair004,9,10,novel,00560_fountain_pen,0,0,train::00560_fountain_pen::exemplar_0
train,train_novel_ep00009_pair005,9,10,novel,00332_coffee_filter,0,1,train::00332_coffee_filter::exemplar_0
train,train_novel_ep00009_pair005,9,10,novel,00748_jetski,0,0,train::00748_jetski::exemplar_0
train,train_novel_ep00009_pair006,9,10,novel,00303_cigarette,0,1,train::00303_cigarette::exemplar_0
train,train_novel_ep00009_pair006,9,10,novel,00503_fencepost,0,0,train::00503_fencepost::exemplar_0
train,train_novel_ep00009_pair007,9,10,novel,00570_fur_coat,0,1,train::00570_fur_coat::exemplar_0
train,train_novel_ep00009_pair007,9,10,novel,00333_coffee_pot,0,0,train::00333_coffee_pot::exemplar_0
train,train_novel_ep00009_pair008,9,10,novel,00703_horse,0,1,train::00703_horse::exemplar_0
train,train_novel_ep00009_pair008,9,10,novel,00251_casserole,0,0,train::00251_casserole::exemplar_0
train,train_novel_ep00009_pair009,9,10,novel,00653_hand,0,1,train::00653_hand::exemplar_0
train,train_novel_ep00009_pair009,9,10,novel,00531_flag,0,0,train::00531_flag::exemplar_0
train,train_novel_ep00009_pair010,9,10,novel,00800_leash,0,1,train::00800_leash::exemplar_0
train,train_novel_ep00009_pair010,9,10,novel,00371_cotton_candy,0,0,train::00371_cotton_candy::exemplar_0
train,train_exemplar_ep00010_pair001,10,29,exemplar,00759_kale,0,1,train::00759_kale::exemplar_0
train,train_exemplar_ep00010_pair001,10,29,exemplar,00759_kale,1,0,train::00759_kale::exemplar_1
train,train_exemplar_ep00010_pair002,10,29,exemplar,00329_cocktail,0,1,train::00329_cocktail::exemplar_0
train,train_exemplar_ep00010_pair002,10,29,exemplar,00329_cocktail,1,0,train::00329_cocktail::exemplar_1
train,train_exemplar_ep00010_pair003,10,29,exemplar,00206_cabinet,0,1,train::00206_cabinet::exemplar_0
train,train_exemplar_ep00010_pair003,10,29,exemplar,00206_cabinet,1,0,train::00206_cabinet::exemplar_1
train,train_exemplar_ep00010_pair004,10,29,exemplar,00455_drill,0,1,train::00455_drill::exemplar_0
train,train_exemplar_ep00010_pair004,10,29,exemplar,00455_drill,1,0,train::00455_drill::exemplar_1
train,train_exemplar_ep00010_pair005,10,29,exemplar,00354_cooler,0,1,train::00354_cooler::exemplar_0
train,train_exemplar_ep00010_pair005,10,29,exemplar,00354_cooler,1,0,train::00354_cooler::exemplar_1
train,train_exemplar_ep00010_pair006,10,29,exemplar,00292_chinchilla,0,1,train::00292_chinchilla::exemplar_0
train,train_exemplar_ep00010_pair006,10,29,exemplar,00292_chinchilla,1,0,train::00292_chinchilla::exemplar_1
train,train_exemplar_ep00010_pair007,10,29,exemplar,00691_hole,0,1,train::00691_hole::exemplar_0
train,train_exemplar_ep00010_pair007,10,29,exemplar,00691_hole,1,0,train::00691_hole::exemplar_1
train,train_exemplar_ep00010_pair008,10,29,exemplar,00581_gate,0,1,train::00581_gate::exemplar_0
train,train_exemplar_ep00010_pair008,10,29,exemplar,00581_gate,1,0,train::00581_gate::exemplar_1
train,train_exemplar_ep00010_pair009,10,29,exemplar,00273_chariot,0,1,train::00273_chariot::exemplar_0
train,train_exemplar_ep00010_pair009,10,29,exemplar,00273_chariot,1,0,train::00273_chariot::exemplar_1
train,train_exemplar_ep00010_pair010,10,29,exemplar,00554_football_helmet,0,1,train::00554_football_helmet::exemplar_0
train,train_exemplar_ep00010_pair010,10,29,exemplar,00554_football_helmet,1,0,train::00554_football_helmet::exemplar_1
train,train_exemplar_ep00010_pair011,10,29,exemplar,00471_earplug,0,1,train::00471_earplug::exemplar_0
train,train_exemplar_ep00010_pair011,10,29,exemplar,00471_earplug,1,0,train::00471_earplug::exemplar_1
train,train_exemplar_ep00010_pair012,10,29,exemplar,00419_detonator,0,1,train::00419_detonator::exemplar_0
train,train_exemplar_ep00010_pair012,10,29,exemplar,00419_detonator,1,0,train::00419_detonator::exemplar_1
train,train_exemplar_ep00010_pair013,10,29,exemplar,00249_cash_machine,0,1,train::00249_cash_machine::exemplar_0
train,train_exemplar_ep00010_pair013,10,29,exemplar,00249_cash_machine,1,0,train::00249_cash_machine::exemplar_1
train,train_exemplar_ep00010_pair014,10,29,exemplar,00444_doorbell,0,1,train::00444_doorbell::exemplar_0
train,train_exemplar_ep00010_pair014,10,29,exemplar,00444_doorbell,1,0,train::00444_doorbell::exemplar_1
train,train_exemplar_ep00010_pair015,10,29,exemplar,00445_doorhandle,0,1,train::00445_doorhandle::exemplar_0
train,train_exemplar_ep00010_pair015,10,29,exemplar,00445_doorhandle,1,0,train::00445_doorhandle::exemplar_1
train,train_exemplar_ep00010_pair016,10,29,exemplar,00733_insole,0,1,train::00733_insole::exemplar_0
train,train_exemplar_ep00010_pair016,10,29,exemplar,00733_insole,1,0,train::00733_insole::exemplar_1
train,train_exemplar_ep00010_pair017,10,29,exemplar,00652_hamster,0,1,train::00652_hamster::exemplar_0
train,train_exemplar_ep00010_pair017,10,29,exemplar,00652_hamster,1,0,train::00652_hamster::exemplar_1
train,train_exemplar_ep00010_pair018,10,29,exemplar,00400_cummerbund,0,1,train::00400_cummerbund::exemplar_0
train,train_exemplar_ep00010_pair018,10,29,exemplar,00400_cummerbund,1,0,train::00400_cummerbund::exemplar_1
train,train_exemplar_ep00010_pair019,10,29,exemplar,00788_landmine,0,1,train::00788_landmine::exemplar_0
train,train_exemplar_ep00010_pair019,10,29,exemplar,00788_landmine,1,0,train::00788_landmine::exemplar_1
train,train_exemplar_ep00010_pair020,10,29,exemplar,00603_goblet,0,1,train::00603_goblet::exemplar_0
train,train_exemplar_ep00010_pair020,10,29,exemplar,00603_goblet,1,0,train::00603_goblet::exemplar_1
train,train_exemplar_ep00010_pair021,10,29,exemplar,00256_caviar,0,1,train::00256_caviar::exemplar_0
train,train_exemplar_ep00010_pair021,10,29,exemplar,00256_caviar,1,0,train::00256_caviar::exemplar_1
train,train_exemplar_ep00010_pair022,10,29,exemplar,00761_kangaroo,0,1,train::00761_kangaroo::exemplar_0
train,train_exemplar_ep00010_pair022,10,29,exemplar,00761_kangaroo,1,0,train::00761_kangaroo::exemplar_1
train,train_exemplar_ep00010_pair023,10,29,exemplar,00254_catfish,0,1,train::00254_catfish::exemplar_0
train,train_exemplar_ep00010_pair023,10,29,exemplar,00254_catfish,1,0,train::00254_catfish::exemplar_1
train,train_exemplar_ep00010_pair024,10,29,exemplar,00319_clothesline,0,1,train::00319_clothesline::exemplar_0
train,train_exemplar_ep00010_pair024,10,29,exemplar,00319_clothesline,1,0,train::00319_clothesline::exemplar_1
train,train_exemplar_ep00010_pair025,10,29,exemplar,00341_comb,0,1,train::00341_comb::exemplar_0
train,train_exemplar_ep00010_pair025,10,29,exemplar,00341_comb,1,0,train::00341_comb::exemplar_1
train,train_exemplar_ep00010_pair026,10,29,exemplar,00747_jet,0,1,train::00747_jet::exemplar_0
train,train_exemplar_ep00010_pair026,10,29,exemplar,00747_jet,1,0,train::00747_jet::exemplar_1
train,train_exemplar_ep00010_pair027,10,29,exemplar,00580_gasket,0,1,train::00580_gasket::exemplar_0
train,train_exemplar_ep00010_pair027,10,29,exemplar,00580_gasket,1,0,train::00580_gasket::exemplar_1
train,train_exemplar_ep00010_pair028,10,29,exemplar,00607_golf_club,0,1,train::00607_golf_club::exemplar_0
train,train_exemplar_ep00010_pair028,10,29,exemplar,00607_golf_club,1,0,train::00607_golf_club::exemplar_1
train,train_exemplar_ep00010_pair029,10,29,exemplar,00507_fig,0,1,train::00507_fig::exemplar_0
train,train_exemplar_ep00010_pair029,10,29,exemplar,00507_fig,1,0,train::00507_fig::exemplar_1
train,train_novel_ep00011_pair001,11,5,novel,00759_kale,0,1,train::00759_kale::exemplar_0
train,train_novel_ep00011_pair001,11,5,novel,00254_catfish,0,0,train::00254_catfish::exemplar_0
train,train_novel_ep00011_pair002,11,5,novel,00506_ferris_wheel,0,1,train::00506_ferris_wheel::exemplar_0
train,train_novel_ep00011_pair002,11,5,novel,00232_cannonball,0,0,train::00232_cannonball::exemplar_0
train,train_novel_ep00011_pair003,11,5,novel,00468_dustpan,0,1,train::00468_dustpan::exemplar_0
train,train_novel_ep00011_pair003,11,5,novel,00372_couch,0,0,train::00372_couch::exemplar_0
train,train_novel_ep00011_pair004,11,5,novel,00289_chimney,0,1,train::00289_chimney::exemplar_0
train,train_novel_ep00011_pair004,11,5,novel,00216_camcorder,0,0,train::00216_camcorder::exemplar_0
train,train_novel_ep00011_pair005,11,5,novel,00582_gauge,0,1,train::00582_gauge::exemplar_0
train,train_novel_ep00011_pair005,11,5,novel,00310_clasp,0,0,train::00310_clasp::exemplar_0
train,train_exemplar_ep00012_pair001,12,17,exemplar,00478_eggbeater,0,1,train::00478_eggbeater::exemplar_0
train,train_exemplar_ep00012_pair001,12,17,exemplar,00478_eggbeater,1,0,train::00478_eggbeater::exemplar_1
train,train_exemplar_ep00012_pair002,12,17,exemplar,00294_chipmunk,0,1,train::00294_chipmunk::exemplar_0
train,train_exemplar_ep00012_pair002,12,17,exemplar,00294_chipmunk,1,0,train::00294_chipmunk::exemplar_1
train,train_exemplar_ep00012_pair003,12,17,exemplar,00542_floss,0,1,train::00542_floss::exemplar_0
train,train_exemplar_ep00012_pair003,12,17,exemplar,00542_floss,1,0,train::00542_floss::exemplar_1
train,train_exemplar_ep00012_pair004,12,17,exemplar,00635_gum,0,1,train::00635_gum::exemplar_0
train,train_exemplar_ep00012_pair004,12,17,exemplar,00635_gum,1,0,train::00635_gum::exemplar_1
train,train_exemplar_ep00012_pair005,12,17,exemplar,00365_cornmeal,0,1,train::00365_cornmeal::exemplar_0
train,train_exemplar_ep00012_pair005,12,17,exemplar,00365_cornmeal,1,0,train::00365_cornmeal::exemplar_1
train,train_exemplar_ep00012_pair006,12,17,exemplar,00498_fan,0,1,train::00498_fan::exemplar_0
train,train_exemplar_ep00012_pair006,12,17,exemplar,00498_fan,1,0,train::00498_fan::exemplar_1
train,train_exemplar_ep00012_pair007,12,17,exemplar,00242_card,0,1,train::00242_card::exemplar_0
train,train_exemplar_ep00012_pair007,12,17,exemplar,00242_card,1,0,train::00242_card::exemplar_1
train,train_exemplar_ep00012_pair008,12,17,exemplar,00313_clipper1,0,1,train::00313_clipper1::exemplar_0
train,train_exemplar_ep00012_pair008,12,17,exemplar,00313_clipper1,1,0,train::00313_clipper1::exemplar_1
train,train_exemplar_ep00012_pair009,12,17,exemplar,00297_chive,0,1,train::00297_chive::exemplar_0
train,train_exemplar_ep00012_pair009,12,17,exemplar,00297_chive,1,0,train::00297_chive::exemplar_1
train,train_exemplar_ep00012_pair010,12,17,exemplar,00516_fire,0,1,train::00516_fire::exemplar_0
train,train_exemplar_ep00012_pair010,12,17,exemplar,00516_fire,1,0,train::00516_fire::exemplar_1
train,train_exemplar_ep00012_pair011,12,17,exemplar,00616_grapefruit,0,1,train::00616_grapefruit::exemplar_0
train,train_exemplar_ep00012_pair011,12,17,exemplar,00616_grapefruit,1,0,train::00616_grapefruit::exemplar_1
train,train_exemplar_ep00012_pair012,12,17,exemplar,00597_glasses,0,1,train::00597_glasses::exemplar_0
train,train_exemplar_ep00012_pair012,12,17,exemplar,00597_glasses,1,0,train::00597_glasses::exemplar_1
train,train_exemplar_ep00012_pair013,12,17,exemplar,00683_helmet,0,1,train::00683_helmet::exemplar_0
train,train_exemplar_ep00012_pair013,12,17,exemplar,00683_helmet,1,0,train::00683_helmet::exemplar_1
train,train_exemplar_ep00012_pair014,12,17,exemplar,00600_go-kart,0,1,train::00600_go-kart::exemplar_0
train,train_exemplar_ep00012_pair014,12,17,exemplar,00600_go-kart,1,0,train::00600_go-kart::exemplar_1
train,train_exemplar_ep00012_pair015,12,17,exemplar,00475_easter_egg,0,1,train::00475_easter_egg::exemplar_0
train,train_exemplar_ep00012_pair015,12,17,exemplar,00475_easter_egg,1,0,train::00475_easter_egg::exemplar_1
train,train_exemplar_ep00012_pair016,12,17,exemplar,00355_coop,0,1,train::00355_coop::exemplar_0
train,train_exemplar_ep00012_pair016,12,17,exemplar,00355_coop,1,0,train::00355_coop::exemplar_1
train,train_exemplar_ep00012_pair017,12,17,exemplar,00354_cooler,0,1,train::00354_cooler::exemplar_0
train,train_exemplar_ep00012_pair017,12,17,exemplar,00354_cooler,1,0,train::00354_cooler::exemplar_1
train,train_novel_ep00013_pair001,13,15,novel,00509_file1,0,1,train::00509_file1::exemplar_0
train,train_novel_ep00013_pair001,13,15,novel,00468_dustpan,0,0,train::00468_dustpan::exemplar_0
train,train_novel_ep00013_pair002,13,15,novel,00204_button2,0,1,train::00204_button2::exemplar_0
train,train_novel_ep00013_pair002,13,15,novel,00359_cork,0,0,train::00359_cork::exemplar_0
train,train_novel_ep00013_pair003,13,15,novel,00739_jackhammer,0,1,train::00739_jackhammer::exemplar_0
train,train_novel_ep00013_pair003,13,15,novel,00673_headlight,0,0,train::00673_headlight::exemplar_0
train,train_novel_ep00013_pair004,13,15,novel,00230_canister,0,1,train::00230_canister::exemplar_0
train,train_novel_ep00013_pair004,13,15,novel,00793_laser_pointer,0,0,train::00793_laser_pointer::exemplar_0
train,train_novel_ep00013_pair005,13,15,novel,00745_jellyfish,0,1,train::00745_jellyfish::exemplar_0
train,train_novel_ep00013_pair005,13,15,novel,00750_jewelry,0,0,train::00750_jewelry::exemplar_0
train,train_novel_ep00013_pair006,13,15,novel,00466_dumpster,0,1,train::00466_dumpster::exemplar_0
train,train_novel_ep00013_pair006,13,15,novel,00675_headrest,0,0,train::00675_headrest::exemplar_0
train,train_novel_ep00013_pair007,13,15,novel,00483_electric_chair,0,1,train::00483_electric_chair::exemplar_0
train,train_novel_ep00013_pair007,13,15,novel,00399_cufflink,0,0,train::00399_cufflink::exemplar_0
train,train_novel_ep00013_pair008,13,15,novel,00540_flipper,0,1,train::00540_flipper::exemplar_0
train,train_novel_ep00013_pair008,13,15,novel,00585_gazelle,0,0,train::00585_gazelle::exemplar_0
train,train_novel_ep00013_pair009,13,15,novel,00432_dog,0,1,train::00432_dog::exemplar_0
train,train_novel_ep00013_pair009,13,15,novel,00688_hobbyhorse,0,0,train::00688_hobbyhorse::exemplar_0
train,train_novel_ep00013_pair010,13,15,novel,00454_dresser,0,1,train::00454_dresser::exemplar_0
train,train_novel_ep00013_pair010,13,15,novel,00396_crystal_ball,0,0,train::00396_crystal_ball::exemplar_0
train,train_novel_ep00013_pair011,13,15,novel,00584_gavel,0,1,train::00584_gavel::exemplar_0
train,train_novel_ep00013_pair011,13,15,novel,00787_lamppost,0,0,train::00787_lamppost::exemplar_0
train,train_novel_ep00013_pair012,13,15,novel,00627_grinder,0,1,train::00627_grinder::exemplar_0
train,train_novel_ep00013_pair012,13,15,novel,00236_cap,0,0,train::00236_cap::exemplar_0
train,train_novel_ep00013_pair013,13,15,novel,00361_corkscrew,0,1,train::00361_corkscrew::exemplar_0
train,train_novel_ep00013_pair013,13,15,novel,00694_honey,0,0,train::00694_honey::exemplar_0
train,train_novel_ep00013_pair014,13,15,novel,00696_honeypot,0,1,train::00696_honeypot::exemplar_0
train,train_novel_ep00013_pair014,13,15,novel,00713_hovercraft,0,0,train::00713_hovercraft::exemplar_0
train,train_novel_ep00013_pair015,13,15,novel,00620_grater,0,1,train::00620_grater::exemplar_0
train,train_novel_ep00013_pair015,13,15,novel,00384_cream,0,0,train::00384_cream::exemplar_0
train,train_exemplar_ep00014_pair001,14,5,exemplar,00306_cilantro,0,1,train::00306_cilantro::exemplar_0
train,train_exemplar_ep00014_pair001,14,5,exemplar,00306_cilantro,1,0,train::00306_cilantro::exemplar_1
train,train_exemplar_ep00014_pair002,14,5,exemplar,00206_cabinet,0,1,train::00206_cabinet::exemplar_0
train,train_exemplar_ep00014_pair002,14,5,exemplar,00206_cabinet,1,0,train::00206_cabinet::exemplar_1
train,train_exemplar_ep00014_pair003,14,5,exemplar,00337_coin,0,1,train::00337_coin::exemplar_0
train,train_exemplar_ep00014_pair003,14,5,exemplar,00337_coin,1,0,train::00337_coin::exemplar_1
train,train_exemplar_ep00014_pair004,14,5,exemplar,00515_fingerprint,0,1,train::00515_fingerprint::exemplar_0
train,train_exemplar_ep00014_pair004,14,5,exemplar,00515_fingerprint,1,0,train::00515_fingerprint::exemplar_1
train,train_exemplar_ep00014_pair005,14,5,exemplar,00283_chicken1,0,1,train::00283_chicken1::exemplar_0
train,train_exemplar_ep00014_pair005,14,5,exemplar,00283_chicken1,1,0,train::00283_chicken1::exemplar_1
train,train_novel_ep00015_pair001,15,29,novel,00709_hot_tub,0,1,train::00709_hot_tub::exemplar_0
train,train_novel_ep00015_pair001,15,29,novel,00638_gun,0,0,train::00638_gun::exemplar_0
train,train_novel_ep00015_pair002,15,29,novel,00785_lamb_chop,0,1,train::00785_lamb_chop::exemplar_0
train,train_novel_ep00015_pair002,15,29,novel,00442_donut,0,0,train::00442_donut::exemplar_0
train,train_novel_ep00015_pair003,15,29,novel,00734_iron,0,1,train::00734_iron::exemplar_0
train,train_novel_ep00015_pair003,15,29,novel,00723_icemaker,0,0,train::00723_icemaker::exemplar_0
train,train_novel_ep00015_pair004,15,29,novel,00257_celery,0,1,train::00257_celery::exemplar_0
train,train_novel_ep00015_pair004,15,29,novel,00214_calf2,0,0,train::00214_calf2::exemplar_0
train,train_novel_ep00015_pair005,15,29,novel,00420_dial,0,1,train::00420_dial::exemplar_0
train,train_novel_ep00015_pair005,15,29,novel,00303_cigarette,0,0,train::00303_cigarette::exemplar_0
train,train_novel_ep00015_pair006,15,29,novel,00639_gurney,0,1,train::00639_gurney::exemplar_0
train,train_novel_ep00015_pair006,15,29,novel,00578_garter,0,0,train::00578_garter::exemplar_0
train,train_novel_ep00015_pair007,15,29,novel,00228_candy_cane,0,1,train::00228_candy_cane::exemplar_0
train,train_novel_ep00015_pair007,15,29,novel,00352_cookie_cutter,0,0,train::00352_cookie_cutter::exemplar_0
train,train_novel_ep00015_pair008,15,29,novel,00745_jellyfish,0,1,train::00745_jellyfish::exemplar_0
train,train_novel_ep00015_pair008,15,29,novel,00678_hearse,0,0,train::00678_hearse::exemplar_0
train,train_novel_ep00015_pair009,15,29,novel,00223_can_opener,0,1,train::00223_can_opener::exemplar_0
train,train_novel_ep00015_pair009,15,29,novel,00561_fox,0,0,train::00561_fox::exemplar_0
train,train_novel_ep00015_pair010,15,29,novel,00347_computer_screen,0,1,train::00347_computer_screen::exemplar_0
train,train_novel_ep00015_pair010,15,29,novel,00337_coin,0,0,train::00337_coin::exemplar_0
train,train_novel_ep00015_pair011,15,29,novel,00506_ferris_wheel,0,1,train::00506_ferris_wheel::exemplar_0
train,train_novel_ep00015_pair011,15,29,novel,00554_football_helmet,0,0,train::00554_football_helmet::exemplar_0
train,train_novel_ep00015_pair012,15,29,novel,00358_cord,0,1,train::00358_cord::exemplar_0
train,train_novel_ep00015_pair012,15,29,novel,00433_dogfood,0,0,train::00433_dogfood::exemplar_0
train,train_novel_ep00015_pair013,15,29,novel,00255_cauliflower,0,1,train::00255_cauliflower::exemplar_0
train,train_novel_ep00015_pair013,15,29,novel,00491_extinguisher,0,0,train::00491_extinguisher::exemplar_0
train,train_novel_ep00015_pair014,15,29,novel,00713_hovercraft,0,1,train::00713_hovercraft::exemplar_0
train,train_novel_ep00015_pair014,15,29,novel,00296_chisel,0,0,train::00296_chisel::exemplar_0
train,train_novel_ep00015_pair015,15,29,novel,00464_dumbwaiter,0,1,train::00464_dumbwaiter::exemplar_0
train,train_novel_ep00015_pair015,15,29,novel,00329_cocktail,0,0,train::00329_cocktail::exemplar_0
train,train_novel_ep00015_pair016,15,29,novel,00432_dog,0,1,train::00432_dog::exemplar_0
train,train_novel_ep00015_pair016,15,29,novel,00383_crayon,0,0,train::00383_crayon::exemplar_0
train,train_novel_ep00015_pair017,15,29,novel,00699_hook2,0,1,train::00699_hook2::exemplar_0
train,train_novel_ep00015_pair017,15,29,novel,00307_cinnamon,0,0,train::00307_cinnamon::exemplar_0
train,train_novel_ep00015_pair018,15,29,novel,00297_chive,0,1,train::00297_chive::exemplar_0
train,train_novel_ep00015_pair018,15,29,novel,00258_cello,0,0,train::00258_cello::exemplar_0
train,train_novel_ep00015_pair019,15,29,novel,00450_dough,0,1,train::00450_dough::exemplar_0
train,train_novel_ep00015_pair019,15,29,novel,00760_kaleidoscope,0,0,train::00760_kaleidoscope::exemplar_0
train,train_novel_ep00015_pair020,15,29,novel,00524_fireworks,0,1,train::00524_fireworks::exemplar_0
train,train_novel_ep00015_pair020,15,29,novel,00346_computer,0,0,train::00346_computer::exemplar_0
train,train_novel_ep00015_pair021,15,29,novel,00744_jeans,0,1,train::00744_jeans::exemplar_0
train,train_novel_ep00015_pair021,15,29,novel,00724_icepick,0,0,train::00724_icepick::exemplar_0
train,train_novel_ep00015_pair022,15,29,novel,00717_humvee,0,1,train::00717_humvee::exemplar_0
train,train_novel_ep00015_pair022,15,29,novel,00227_candy_bar,0,0,train::00227_candy_bar::exemplar_0
train,train_novel_ep00015_pair023,15,29,novel,00210_cake,0,1,train::00210_cake::exemplar_0
train,train_novel_ep00015_pair023,15,29,novel,00674_headphones,0,0,train::00674_headphones::exemplar_0
train,train_novel_ep00015_pair024,15,29,novel,00786_lamp,0,1,train::00786_lamp::exemplar_0
train,train_novel_ep00015_pair024,15,29,novel,00565_frog,0,0,train::00565_frog::exemplar_0
train,train_novel_ep00015_pair025,15,29,novel,00661_harmonica,0,1,train::00661_harmonica::exemplar_0
train,train_novel_ep00015_pair025,15,29,novel,00591_gift,0,0,train::00591_gift::exemplar_0
train,train_novel_ep00015_pair026,15,29,novel,00549_foam,0,1,train::00549_foam::exemplar_0
train,train_novel_ep00015_pair026,15,29,novel,00792_lasagna,0,0,train::00792_lasagna::exemplar_0
train,train_novel_ep00015_pair027,15,29,novel,00426_dish,0,1,train::00426_dish::exemplar_0
train,train_novel_ep00015_pair027,15,29,novel,00712_hourglass,0,0,train::00712_hourglass::exemplar_0
train,train_novel_ep00015_pair028,15,29,novel,00253_catapult,0,1,train::00253_catapult::exemplar_0
train,train_novel_ep00015_pair028,15,29,novel,00726_icicle,0,0,train::00726_icicle::exemplar_0
train,train_novel_ep00015_pair029,15,29,novel,00738_jacket,0,1,train::00738_jacket::exemplar_0
train,train_novel_ep00015_pair029,15,29,novel,00624_green_beans,0,0,train::00624_green_beans::exemplar_0
train,train_exemplar_ep00016_pair001,16,3,exemplar,00656_handle,0,1,train::00656_handle::exemplar_0
train,train_exemplar_ep00016_pair001,16,3,exemplar,00656_handle,1,0,train::00656_handle::exemplar_1
train,train_exemplar_ep00016_pair002,16,3,exemplar,00740_jalapeno,0,1,train::00740_jalapeno::exemplar_0
train,train_exemplar_ep00016_pair002,16,3,exemplar,00740_jalapeno,1,0,train::00740_jalapeno::exemplar_1
train,train_exemplar_ep00016_pair003,16,3,exemplar,00488_eraser,0,1,train::00488_eraser::exemplar_0
train,train_exemplar_ep00016_pair003,16,3,exemplar,00488_eraser,1,0,train::00488_eraser::exemplar_1
train,train_novel_ep00017_pair001,17,11,novel,00589_gem,0,1,train::00589_gem::exemplar_0
train,train_novel_ep00017_pair001,17,11,novel,00659_hanger,0,0,train::00659_hanger::exemplar_0
train,train_novel_ep00017_pair002,17,11,novel,00328_cockroach,0,1,train::00328_cockroach::exemplar_0
train,train_novel_ep00017_pair002,17,11,novel,00599_glue,0,0,train::00599_glue::exemplar_0
train,train_novel_ep00017_pair003,17,11,novel,00411_dart,0,1,train::00411_dart::exemplar_0
train,train_novel_ep00017_pair003,17,11,novel,00621_gravel,0,0,train::00621_gravel::exemplar_0
train,train_novel_ep00017_pair004,17,11,novel,00536_flashlight,0,1,train::00536_flashlight::exemplar_0
train,train_novel_ep00017_pair004,17,11,novel,00694_honey,0,0,train::00694_honey::exemplar_0
train,train_novel_ep00017_pair005,17,11,novel,00585_gazelle,0,1,train::00585_gazelle::exemplar_0
train,train_novel_ep00017_pair005,17,11,novel,00778_knitting_needle,0,0,train::00778_knitting_needle::exemplar_0
train,train_novel_ep00017_pair006,17,11,novel,00794_latch,0,1,train::00794_latch::exemplar_0
train,train_novel_ep00017_pair006,17,11,novel,00263_cereal,0,0,train::00263_cereal::exemplar_0
train,train_novel_ep00017_pair007,17,11,novel,00280_chessboard,0,1,train::00280_chessboard::exemplar_0
train,train_novel_ep00017_pair007,17,11,novel,00282_chick,0,0,train::00282_chick::exemplar_0
train,train_novel_ep00017_pair008,17,11,novel,00690_hoe,0,1,train::00690_hoe::exemplar_0
train,train_novel_ep00017_pair008,17,11,novel,00457_drumstick,0,0,train::00457_drumstick::exemplar_0
train,train_novel_ep00017_pair009,17,11,novel,00625_grill,0,1,train::00625_grill::exemplar_0
train,train_novel_ep00017_pair009,17,11,novel,00421_diamond,0,0,train::00421_diamond::exemplar_0
train,train_novel_ep00017_pair010,17,11,novel,00508_figurine,0,1,train::00508_figurine::exemplar_0
train,train_novel_ep00017_pair010,17,11,novel,00204_button2,0,0,train::00204_button2::exemplar_0
train,train_novel_ep00017_pair011,17,11,novel,00227_candy_bar,0,1,train::00227_candy_bar::exemplar_0
train,train_novel_ep00017_pair011,17,11,novel,00350_container,0,0,train::00350_container::exemplar_0
train,train_exemplar_ep00018_pair001,18,18,exemplar,00533_flamethrower,0,1,train::00533_flamethrower::exemplar_0
train,train_exemplar_ep00018_pair001,18,18,exemplar,00533_flamethrower,1,0,train::00533_flamethrower::exemplar_1
train,train_exemplar_ep00018_pair002,18,18,exemplar,00508_figurine,0,1,train::00508_figurine::exemplar_0
train,train_exemplar_ep00018_pair002,18,18,exemplar,00508_figurine,1,0,train::00508_figurine::exemplar_1
train,train_exemplar_ep00018_pair003,18,18,exemplar,00744_jeans,0,1,train::00744_jeans::exemplar_0
train,train_exemplar_ep00018_pair003,18,18,exemplar,00744_jeans,1,0,train::00744_jeans::exemplar_1
train,train_exemplar_ep00018_pair004,18,18,exemplar,00413_dashboard,0,1,train::00413_dashboard::exemplar_0
train,train_exemplar_ep00018_pair004,18,18,exemplar,00413_dashboard,1,0,train::00413_dashboard::exemplar_1
train,train_exemplar_ep00018_pair005,18,18,exemplar,00642_gyroscope,0,1,train::00642_gyroscope::exemplar_0
train,train_exemplar_ep00018_pair005,18,18,exemplar,00642_gyroscope,1,0,train::00642_gyroscope::exemplar_1
train,train_exemplar_ep00018_pair006,18,18,exemplar,00775_knee,0,1,train::00775_knee::exemplar_0
train,train_exemplar_ep00018_pair006,18,18,exemplar,00775_knee,1,0,train::00775_knee::exemplar_1
train,train_exemplar_ep00018_pair007,18,18,exemplar,00502_fence,0,1,train::00502_fence::exemplar_0
train,train_exemplar_ep00018_pair007,18,18,exemplar,00502_fence,1,0,train::00502_fence::exemplar_1
train,train_exemplar_ep00018_pair008,18,18,exemplar,00212_calculator,0,1,train::00212_calculator::exemplar_0
train,train_exemplar_ep00018_pair008,18,18,exemplar,00212_calculator,1,0,train::00212_calculator::exemplar_1
train,train_exemplar_ep00018_pair009,18,18,exemplar,00409_daisy,0,1,train::00409_daisy::exemplar_0
train,train_exemplar_ep00018_pair009,18,18,exemplar,00409_daisy,1,0,train::00409_daisy::exemplar_1
train,train_exemplar_ep00018_pair010,18,18,exemplar,00292_chinchilla,0,1,train::00292_chinchilla::exemplar_0
train,train_exemplar_ep00018_pair010,18,18,exemplar,00292_chinchilla,1,0,train::00292_chinchilla::exemplar_1
train,train_exemplar_ep00018_pair011,18,18,exemplar,00316_clock,0,1,train::00316_clock::exemplar_0
train,train_exemplar_ep00018_pair011,18,18,exemplar,00316_clock,1,0,train::00316_clock::exemplar_1
train,train_exemplar_ep00018_pair012,18,18,exemplar,00332_coffee_filter,0,1,train::00332_coffee_filter::exemplar_0
train,train_exemplar_ep00018_pair012,18,18,exemplar,00332_coffee_filter,1,0,train::00332_coffee_filter::exemplar_1
train,train_exemplar_ep00018_pair013,18,18,exemplar,00269_champagne,0,1,train::00269_champagne::exemplar_0
train,train_exemplar_ep00018_pair013,18,18,exemplar,00269_champagne,1,0,train::00269_champagne::exemplar_1
train,train_exemplar_ep00018_pair014,18,18,exemplar,00768_keyboard,0,1,train::00768_keyboard::exemplar_0
train,train_exemplar_ep00018_pair014,18,18,exemplar,00768_keyboard,1,0,train::00768_keyboard::exemplar_1
train,train_exemplar_ep00018_pair015,18,18,exemplar,00596_glass,0,1,train::00596_glass::exemplar_0
train,train_exemplar_ep00018_pair015,18,18,exemplar,00596_glass,1,0,train::00596_glass::exemplar_1
train,train_exemplar_ep00018_pair016,18,18,exemplar,00418_desk,0,1,train::00418_desk::exemplar_0
train,train_exemplar_ep00018_pair016,18,18,exemplar,00418_desk,1,0,train::00418_desk::exemplar_1
train,train_exemplar_ep00018_pair017,18,18,exemplar,00521_fireplace,0,1,train::00521_fireplace::exemplar_0
train,train_exemplar_ep00018_pair017,18,18,exemplar,00521_fireplace,1,0,train::00521_fireplace::exemplar_1
train,train_exemplar_ep00018_pair018,18,18,exemplar,00363_cornbread,0,1,train::00363_cornbread::exemplar_0
train,train_exemplar_ep00018_pair018,18,18,exemplar,00363_cornbread,1,0,train::00363_cornbread::exemplar_1
train,train_novel_ep00019_pair001,19,1,novel,00364_cornhusk,0,1,train::00364_cornhusk::exemplar_0
train,train_novel_ep00019_pair001,19,1,novel,00390_crowbar,0,0,train::00390_crowbar::exemplar_0
train,train_exemplar_ep00020_pair001,20,2,exemplar,00257_celery,0,1,train::00257_celery::exemplar_0
train,train_exemplar_ep00020_pair001,20,2,exemplar,00257_celery,1,0,train::00257_celery::exemplar_1
train,train_exemplar_ep00020_pair002,20,2,exemplar,00437_dollhouse,0,1,train::00437_dollhouse::exemplar_0
train,train_exemplar_ep00020_pair002,20,2,exemplar,00437_dollhouse,1,0,train::00437_dollhouse::exemplar_1
train,train_novel_ep00021_pair001,21,14,novel,00780_knot,0,1,train::00780_knot::exemplar_0
train,train_novel_ep00021_pair001,21,14,novel,00294_chipmunk,0,0,train::00294_chipmunk::exemplar_0
train,train_novel_ep00021_pair002,21,14,novel,00383_crayon,0,1,train::00383_crayon::exemplar_0
train,train_novel_ep00021_pair002,21,14,novel,00637_gumdrop,0,0,train::00637_gumdrop::exemplar_0
train,train_novel_ep00021_pair003,21,14,novel,00620_grater,0,1,train::00620_grater::exemplar_0
train,train_novel_ep00021_pair003,21,14,novel,00513_filter,0,0,train::00513_filter::exemplar_0
train,train_novel_ep00021_pair004,21,14,novel,00283_chicken1,0,1,train::00283_chicken1::exemplar_0
train,train_novel_ep00021_pair004,21,14,novel,00632_guillotine,0,0,train::00632_guillotine::exemplar_0
train,train_novel_ep00021_pair005,21,14,novel,00699_hook2,0,1,train::00699_hook2::exemplar_0
train,train_novel_ep00021_pair005,21,14,novel,00505_ferret,0,0,train::00505_ferret::exemplar_0
train,train_novel_ep00021_pair006,21,14,novel,00726_icicle,0,1,train::00726_icicle::exemplar_0
train,train_novel_ep00021_pair006,21,14,novel,00451_drain,0,0,train::00451_drain::exemplar_0
train,train_novel_ep00021_pair007,21,14,novel,00359_cork,0,1,train::00359_cork::exemplar_0
train,train_novel_ep00021_pair007,21,14,novel,00469_dynamite,0,0,train::00469_dynamite::exemplar_0
train,train_novel_ep00021_pair008,21,14,novel,00315_cloak,0,1,train::00315_cloak::exemplar_0
train,train_novel_ep00021_pair008,21,14,novel,00489_exerciser,0,0,train::00489_exerciser::exemplar_0
train,train_novel_ep00021_pair009,21,14,novel,00256_caviar,0,1,train::00256_caviar::exemplar_0
train,train_novel_ep00021_pair009,21,14,novel,00793_laser_pointer,0,0,train::00793_laser_pointer::exemplar_0
train,train_novel_ep00021_pair010,21,14,novel,00558_forklift,0,1,train::00558_forklift::exemplar_0
train,train_novel_ep00021_pair010,21,14,novel,00768_keyboard,0,0,train::00768_keyboard::exemplar_0
train,train_novel_ep00021_pair011,21,14,novel,00254_catfish,0,1,train::00254_catfish::exemplar_0
train,train_novel_ep00021_pair011,21,14,novel,00628_grits,0,0,train::00628_grits::exemplar_0
train,train_novel_ep00021_pair012,21,14,novel,00732_inkwell,0,1,train::00732_inkwell::exemplar_0
train,train_novel_ep00021_pair012,21,14,novel,00490_exhaust_pipe,0,0,train::00490_exhaust_pipe::exemplar_0
train,train_novel_ep00021_pair013,21,14,novel,00734_iron,0,1,train::00734_iron::exemplar_0
train,train_novel_ep00021_pair013,21,14,novel,00487_envelope,0,0,train::00487_envelope::exemplar_0
train,train_novel_ep00021_pair014,21,14,novel,00379_crane,0,1,train::00379_crane::exemplar_0
train,train_novel_ep00021_pair014,21,14,novel,00417_deodorant,0,0,train::00417_deodorant::exemplar_0
train,train_exemplar_ep00022_pair001,22,4,exemplar,00287_chihuahua,0,1,train::00287_chihuahua::exemplar_0
train,train_exemplar_ep00022_pair001,22,4,exemplar,00287_chihuahua,1,0,train::00287_chihuahua::exemplar_1
train,train_exemplar_ep00022_pair002,22,4,exemplar,00365_cornmeal,0,1,train::00365_cornmeal::exemplar_0
train,train_exemplar_ep00022_pair002,22,4,exemplar,00365_cornmeal,1,0,train::00365_cornmeal::exemplar_1
train,train_exemplar_ep00022_pair003,22,4,exemplar,00249_cash_machine,0,1,train::00249_cash_machine::exemplar_0
train,train_exemplar_ep00022_pair003,22,4,exemplar,00249_cash_machine,1,0,train::00249_cash_machine::exemplar_1
train,train_exemplar_ep00022_pair004,22,4,exemplar,00323_clover,0,1,train::00323_clover::exemplar_0
train,train_exemplar_ep00022_pair004,22,4,exemplar,00323_clover,1,0,train::00323_clover::exemplar_1
train,train_novel_ep00023_pair001,23,25,novel,00461_duct,0,1,train::00461_duct::exemplar_0
train,train_novel_ep00023_pair001,23,25,novel,00216_camcorder,0,0,train::00216_camcorder::exemplar_0
train,train_novel_ep00023_pair002,23,25,novel,00354_cooler,0,1,train::00354_cooler::exemplar_0
train,train_novel_ep00023_pair002,23,25,novel,00632_guillotine,0,0,train::00632_guillotine::exemplar_0
train,train_novel_ep00023_pair003,23,25,novel,00425_dirt_bike,0,1,train::00425_dirt_bike::exemplar_0
train,train_novel_ep00023_pair003,23,25,novel,00343_comic_book,0,0,train::00343_comic_book::exemplar_0
train,train_novel_ep00023_pair004,23,25,novel,00513_filter,0,1,train::00513_filter::exemplar_0
train,train_novel_ep00023_pair004,23,25,novel,00202_butterfly,0,0,train::00202_butterfly::exemplar_0
train,train_novel_ep00023_pair005,23,25,novel,00303_cigarette,0,1,train::00303_cigarette::exemplar_0
train,train_novel_ep00023_pair005,23,25,novel,00733_insole,0,0,train::00733_insole::exemplar_0
train,train_novel_ep00023_pair006,23,25,novel,00306_cilantro,0,1,train::00306_cilantro::exemplar_0
train,train_novel_ep00023_pair006,23,25,novel,00344_compass,0,0,train::00344_compass::exemplar_0
train,train_novel_ep00023_pair007,23,25,novel,00705_hose,0,1,train::00705_hose::exemplar_0
train,train_novel_ep00023_pair007,23,25,novel,00450_dough,0,0,train::00450_dough::exemplar_0
train,train_novel_ep00023_pair008,23,25,novel,00653_hand,0,1,train::00653_hand::exemplar_0
train,train_novel_ep00023_pair008,23,25,novel,00557_footrest,0,0,train::00557_footrest::exemplar_0
train,train_novel_ep00023_pair009,23,25,novel,00307_cinnamon,0,1,train::00307_cinnamon::exemplar_0
train,train_novel_ep00023_pair009,23,25,novel,00355_coop,0,0,train::00355_coop::exemplar_0
train,train_novel_ep00023_pair010,23,25,novel,00248_carrot,0,1,train::00248_carrot::exemplar_0
train,train_novel_ep00023_pair010,23,25,novel,00639_gurney,0,0,train::00639_gurney::exemplar_0
train,train_novel_ep00023_pair011,23,25,novel,00790_lanyard,0,1,train::00790_lanyard::exemplar_0
train,train_novel_ep00023_pair011,23,25,novel,00647_hairnet,0,0,train::00647_hairnet::exemplar_0
train,train_novel_ep00023_pair012,23,25,novel,00759_kale,0,1,train::00759_kale::exemplar_0
train,train_novel_ep00023_pair012,23,25,novel,00220_camera_lens,0,0,train::00220_camera_lens::exemplar_0
train,train_novel_ep00023_pair013,23,25,novel,00631_guardrail,0,1,train::00631_guardrail::exemplar_0
train,train_novel_ep00023_pair013,23,25,novel,00566_fruitcake,0,0,train::00566_fruitcake::exemplar_0
train,train_novel_ep00023_pair014,23,25,novel,00341_comb,0,1,train::00341_comb::exemplar_0
train,train_novel_ep00023_pair014,23,25,novel,00571_furnace,0,0,train::00571_furnace::exemplar_0
train,train_novel_ep00023_pair015,23,25,novel,00690_hoe,0,1,train::00690_hoe::exemplar_0
train,train_novel_ep00023_pair015,23,25,novel,00537_flask,0,0,train::00537_flask::exemplar_0
train,train_novel_ep00023_pair016,23,25,novel,00439_dolphin,0,1,train::00439_dolphin::exemplar_0
train,train_novel_ep00023_pair016,23,25,novel,00558_forklift,0,0,train::00558_forklift::exemplar_0
train,train_novel_ep00023_pair017,23,25,novel,00540_flipper,0,1,train::00540_flipper::exemplar_0
train,train_novel_ep00023_pair017,23,25,novel,00398_cucumber,0,0,train::00398_cucumber::exemplar_0
train,train_novel_ep00023_pair018,23,25,novel,00573_gallows,0,1,train::00573_gallows::exemplar_0
train,train_novel_ep00023_pair018,23,25,novel,00310_clasp,0,0,train::00310_clasp::exemplar_0
train,train_novel_ep00023_pair019,23,25,novel,00328_cockroach,0,1,train::00328_cockroach::exemplar_0
train,train_novel_ep00023_pair019,23,25,novel,00352_cookie_cutter,0,0,train::00352_cookie_cutter::exemplar_0
train,train_novel_ep00023_pair020,23,25,novel,00203_button1,0,1,train::00203_button1::exemplar_0
train,train_novel_ep00023_pair020,23,25,novel,00364_cornhusk,0,0,train::00364_cornhusk::exemplar_0
train,train_novel_ep00023_pair021,23,25,novel,00702_horn,0,1,train::00702_horn::exemplar_0
train,train_novel_ep00023_pair021,23,25,novel,00777_knitting,0,0,train::00777_knitting::exemplar_0
train,train_novel_ep00023_pair022,23,25,novel,00291_chinaware,0,1,train::00291_chinaware::exemplar_0
train,train_novel_ep00023_pair022,23,25,novel,00374_counter,0,0,train::00374_counter::exemplar_0
train,train_novel_ep00023_pair023,23,25,novel,00304_cigarette_butt,0,1,train::00304_cigarette_butt::exemplar_0
train,train_novel_ep00023_pair023,23,25,novel,00638_gun,0,0,train::00638_gun::exemplar_0
train,train_novel_ep00023_pair024,23,25,novel,00476_eclair,0,1,train::00476_eclair::exemplar_0
train,train_novel_ep00023_pair024,23,25,novel,00259_cellphone,0,0,train::00259_cellphone::exemplar_0
train,train_novel_ep00023_pair025,23,25,novel,00659_hanger,0,1,train::00659_hanger::exemplar_0
train,train_novel_ep00023_pair025,23,25,novel,00643_hail,0,0,train::00643_hail::exemplar_0
train,train_exemplar_ep00024_pair001,24,25,exemplar,00327_cockatoo,0,1,train::00327_cockatoo::exemplar_0
train,train_exemplar_ep00024_pair001,24,25,exemplar,00327_cockatoo,1,0,train::00327_cockatoo::exemplar_1
train,train_exemplar_ep00024_pair002,24,25,exemplar,00704_horseshoe,0,1,train::00704_horseshoe::exemplar_0
train,train_exemplar_ep00024_pair002,24,25,exemplar,00704_horseshoe,1,0,train::00704_horseshoe::exemplar_1
train,train_exemplar_ep00024_pair003,24,25,exemplar,00621_gravel,0,1,train::00621_gravel::exemplar_0
train,train_exemplar_ep00024_pair003,24,25,exemplar,00621_gravel,1,0,train::00621_gravel::exemplar_1
train,train_exemplar_ep00024_pair004,24,25,exemplar,00765_keg,0,1,train::00765_keg::exemplar_0
train,train_exemplar_ep00024_pair004,24,25,exemplar,00765_keg,1,0,train::00765_keg::exemplar_1
train,train_exemplar_ep00024_pair005,24,25,exemplar,00414_deer,0,1,train::00414_deer::exemplar_0
train,train_exemplar_ep00024_pair005,24,25,exemplar,00414_deer,1,0,train::00414_deer::exemplar_1
train,train_exemplar_ep00024_pair006,24,25,exemplar,00358_cord,0,1,train::00358_cord::exemplar_0
train,train_exemplar_ep00024_pair006,24,25,exemplar,00358_cord,1,0,train::00358_cord::exemplar_1
train,train_exemplar_ep00024_pair007,24,25,exemplar,00586_gear,0,1,train::00586_gear::exemplar_0
train,train_exemplar_ep00024_pair007,24,25,exemplar,00586_gear,1,0,train::00586_gear::exemplar_1
train,train_exemplar_ep00024_pair008,24,25,exemplar,00221_camper,0,1,train::00221_camper::exemplar_0
train,train_exemplar_ep00024_pair008,24,25,exemplar,00221_camper,1,0,train::00221_camper::exemplar_1
train,train_exemplar_ep00024_pair009,24,25,exemplar,00608_gong,0,1,train::00608_gong::exemplar_0
train,train_exemplar_ep00024_pair009,24,25,exemplar,00608_gong,1,0,train::00608_gong::exemplar_1
train,train_exemplar_ep00024_pair010,24,25,exemplar,00604_goggles,0,1,train::00604_goggles::exemplar_0
train,train_exemplar_ep00024_pair010,24,25,exemplar,00604_goggles,1,0,train::00604_goggles::exemplar_1
train,train_exemplar_ep00024_pair011,24,25,exemplar,00549_foam,0,1,train::00549_foam::exemplar_0
train,train_exemplar_ep00024_pair011,24,25,exemplar,00549_foam,1,0,train::00549_foam::exemplar_1
train,train_exemplar_ep00024_pair012,24,25,exemplar,00640_gutter,0,1,train::00640_gutter::exemplar_0
train,train_exemplar_ep00024_pair012,24,25,exemplar,00640_gutter,1,0,train::00640_gutter::exemplar_1
train,train_exemplar_ep00024_pair013,24,25,exemplar,00610_graffiti,0,1,train::00610_graffiti::exemplar_0
train,train_exemplar_ep00024_pair013,24,25,exemplar,00610_graffiti,1,0,train::00610_graffiti::exemplar_1
train,train_exemplar_ep00024_pair014,24,25,exemplar,00495_eyeliner,0,1,train::00495_eyeliner::exemplar_0
train,train_exemplar_ep00024_pair014,24,25,exemplar,00495_eyeliner,1,0,train::00495_eyeliner::exemplar_1
train,train_exemplar_ep00024_pair015,24,25,exemplar,00283_chicken1,0,1,train::00283_chicken1::exemplar_0
train,train_exemplar_ep00024_pair015,24,25,exemplar,00283_chicken1,1,0,train::00283_chicken1::exemplar_1
train,train_exemplar_ep00024_pair016,24,25,exemplar,00769_keyhole,0,1,train::00769_keyhole::exemplar_0
train,train_exemplar_ep00024_pair016,24,25,exemplar,00769_keyhole,1,0,train::00769_keyhole::exemplar_1
train,train_exemplar_ep00024_pair017,24,25,exemplar,00449_doorstop,0,1,train::00449_doorstop::exemplar_0
train,train_exemplar_ep00024_pair017,24,25,exemplar,00449_doorstop,1,0,train::00449_doorstop::exemplar_1
train,train_exemplar_ep00024_pair018,24,25,exemplar,00611_grain,0,1,train::00611_grain::exemplar_0
train,train_exemplar_ep00024_pair018,24,25,exemplar,00611_grain,1,0,train::00611_grain::exemplar_1
train,train_exemplar_ep00024_pair019,24,25,exemplar,00373_cougar,0,1,train::00373_cougar::exemplar_0
train,train_exemplar_ep00024_pair019,24,25,exemplar,00373_cougar,1,0,train::00373_cougar::exemplar_1
train,train_exemplar_ep00024_pair020,24,25,exemplar,00772_kite,0,1,train::00772_kite::exemplar_0
train,train_exemplar_ep00024_pair020,24,25,exemplar,00772_kite,1,0,train::00772_kite::exemplar_1
train,train_exemplar_ep00024_pair021,24,25,exemplar,00251_casserole,0,1,train::00251_casserole::exemplar_0
train,train_exemplar_ep00024_pair021,24,25,exemplar,00251_casserole,1,0,train::00251_casserole::exemplar_1
train,train_exemplar_ep00024_pair022,24,25,exemplar,00673_headlight,0,1,train::00673_headlight::exemplar_0
train,train_exemplar_ep00024_pair022,24,25,exemplar,00673_headlight,1,0,train::00673_headlight::exemplar_1
train,train_exemplar_ep00024_pair023,24,25,exemplar,00652_hamster,0,1,train::00652_hamster::exemplar_0
train,train_exemplar_ep00024_pair023,24,25,exemplar,00652_hamster,1,0,train::00652_hamster::exemplar_1
train,train_exemplar_ep00024_pair024,24,25,exemplar,00306_cilantro,0,1,train::00306_cilantro::exemplar_0
train,train_exemplar_ep00024_pair024,24,25,exemplar,00306_cilantro,1,0,train::00306_cilantro::exemplar_1
train,train_exemplar_ep00024_pair025,24,25,exemplar,00750_jewelry,0,1,train::00750_jewelry::exemplar_0
train,train_exemplar_ep00024_pair025,24,25,exemplar,00750_jewelry,1,0,train::00750_jewelry::exemplar_1
train,train_novel_ep00025_pair001,25,28,novel,00725_iceskate,0,1,train::00725_iceskate::exemplar_0
train,train_novel_ep00025_pair001,25,28,novel,00428_dishwasher,0,0,train::00428_dishwasher::exemplar_0
train,train_novel_ep00025_pair002,25,28,novel,00664_hash,0,1,train::00664_hash::exemplar_0
train,train_novel_ep00025_pair002,25,28,novel,00778_knitting_needle,0,0,train::00778_knitting_needle::exemplar_0
train,train_novel_ep00025_pair003,25,28,novel,00347_computer_screen,0,1,train::00347_computer_screen::exemplar_0
train,train_novel_ep00025_pair003,25,28,novel,00634_guitar,0,0,train::00634_guitar::exemplar_0
train,train_novel_ep00025_pair004,25,28,novel,00772_kite,0,1,train::00772_kite::exemplar_0
train,train_novel_ep00025_pair004,25,28,novel,00410_dandelion,0,0,train::00410_dandelion::exemplar_0
train,train_novel_ep00025_pair005,25,28,novel,00245_cardinal,0,1,train::00245_cardinal::exemplar_0
train,train_novel_ep00025_pair005,25,28,novel,00240_car_seat,0,0,train::00240_car_seat::exemplar_0
train,train_novel_ep00025_pair006,25,28,novel,00769_keyhole,0,1,train::00769_keyhole::exemplar_0
train,train_novel_ep00025_pair006,25,28,novel,00238_car,0,0,train::00238_car::exemplar_0
train,train_novel_ep00025_pair007,25,28,novel,00393_crutch,0,1,train::00393_crutch::exemplar_0
train,train_novel_ep00025_pair007,25,28,novel,00218_camera1,0,0,train::00218_camera1::exemplar_0
train,train_novel_ep00025_pair008,25,28,novel,00228_candy_cane,0,1,train::00228_candy_cane::exemplar_0
train,train_novel_ep00025_pair008,25,28,novel,00658_handprint,0,0,train::00658_handprint::exemplar_0
train,train_novel_ep00025_pair009,25,28,novel,00447_doorknocker,0,1,train::00447_doorknocker::exemplar_0
train,train_novel_ep00025_pair009,25,28,novel,00738_jacket,0,0,train::00738_jacket::exemplar_0
train,train_novel_ep00025_pair010,25,28,novel,00645_hairbrush,0,1,train::00645_hairbrush::exemplar_0
train,train_novel_ep00025_pair010,25,28,novel,00612_gramophone,0,0,train::00612_gramophone::exemplar_0
train,train_novel_ep00025_pair011,25,28,novel,00246_carousel,0,1,train::00246_carousel::exemplar_0
train,train_novel_ep00025_pair011,25,28,novel,00717_humvee,0,0,train::00717_humvee::exemplar_0
train,train_novel_ep00025_pair012,25,28,novel,00711_hotplate,0,1,train::00711_hotplate::exemplar_0
train,train_novel_ep00025_pair012,25,28,novel,00336_coil,0,0,train::00336_coil::exemplar_0
train,train_novel_ep00025_pair013,25,28,novel,00480_eggplant,0,1,train::00480_eggplant::exemplar_0
train,train_novel_ep00025_pair013,25,28,novel,00665_hat,0,0,train::00665_hat::exemplar_0
train,train_novel_ep00025_pair014,25,28,novel,00635_gum,0,1,train::00635_gum::exemplar_0
train,train_novel_ep00025_pair014,25,28,novel,00289_chimney,0,0,train::00289_chimney::exemplar_0
train,train_novel_ep00025_pair015,25,28,novel,00244_cardigan,0,1,train::00244_cardigan::exemplar_0
train,train_novel_ep00025_pair015,25,28,novel,00705_hose,0,0,train::00705_hose::exemplar_0
train,train_novel_ep00025_pair016,25,28,novel,00559_fossil,0,1,train::00559_fossil::exemplar_0
train,train_novel_ep00025_pair016,25,28,novel,00702_horn,0,0,train::00702_horn::exemplar_0
train,train_novel_ep00025_pair017,25,28,novel,00396_crystal_ball,0,1,train::00396_crystal_ball::exemplar_0
train,train_novel_ep00025_pair017,25,28,novel,00659_hanger,0,0,train::00659_hanger::exemplar_0
train,train_novel_ep00025_pair018,25,28,novel,00670_headband,0,1,train::00670_headband::exemplar_0
train,train_novel_ep00025_pair018,25,28,novel,00284_chicken2,0,0,train::00284_chicken2::exemplar_0
train,train_novel_ep00025_pair019,25,28,novel,00610_graffiti,0,1,train::00610_graffiti::exemplar_0
train,train_novel_ep00025_pair019,25,28,novel,00748_jetski,0,0,train::00748_jetski::exemplar_0
train,train_novel_ep00025_pair020,25,28,novel,00364_cornhusk,0,1,train::00364_cornhusk::exemplar_0
train,train_novel_ep00025_pair020,25,28,novel,00721_ice-cream_cone,0,0,train::00721_ice-cream_cone::exemplar_0
train,train_novel_ep00025_pair021,25,28,novel,00651_hammock,0,1,train::00651_hammock::exemplar_0
train,train_novel_ep00025_pair021,25,28,novel,00214_calf2,0,0,train::00214_calf2::exemplar_0
train,train_novel_ep00025_pair022,25,28,novel,00411_dart,0,1,train::00411_dart::exemplar_0
train,train_novel_ep00025_pair022,25,28,novel,00262_centrifuge,0,0,train::00262_centrifuge::exemplar_0
train,train_novel_ep00025_pair023,25,28,novel,00642_gyroscope,0,1,train::00642_gyroscope::exemplar_0
train,train_novel_ep00025_pair023,25,28,novel,00701_hopscotch,0,0,train::00701_hopscotch::exemplar_0
train,train_novel_ep00025_pair024,25,28,novel,00782_lab_coat,0,1,train::00782_lab_coat::exemplar_0
train,train_novel_ep00025_pair024,25,28,novel,00382_crayfish,0,0,train::00382_crayfish::exemplar_0
train,train_novel_ep00025_pair025,25,28,novel,00603_goblet,0,1,train::00603_goblet::exemplar_0
train,train_novel_ep00025_pair025,25,28,novel,00446_doorknob,0,0,train::00446_doorknob::exemplar_0
train,train_novel_ep00025_pair026,25,28,novel,00259_cellphone,0,1,train::00259_cellphone::exemplar_0
train,train_novel_ep00025_pair026,25,28,novel,00317_closet,0,0,train::00317_closet::exemplar_0
train,train_novel_ep00025_pair027,25,28,novel,00601_goalpost,0,1,train::00601_goalpost::exemplar_0
train,train_novel_ep00025_pair027,25,28,novel,00229_cane,0,0,train::00229_cane::exemplar_0
train,train_novel_ep00025_pair028,25,28,novel,00613_granite,0,1,train::00613_granite::exemplar_0
train,train_novel_ep00025_pair028,25,28,novel,00631_guardrail,0,0,train::00631_guardrail::exemplar_0
train,train_exemplar_ep00026_pair001,26,23,exemplar,00774_kiwi,0,1,train::00774_kiwi::exemplar_0
train,train_exemplar_ep00026_pair001,26,23,exemplar,00774_kiwi,1,0,train::00774_kiwi::exemplar_1
train,train_exemplar_ep00026_pair002,26,23,exemplar,00409_daisy,0,1,train::00409_daisy::exemplar_0
train,train_exemplar_ep00026_pair002,26,23,exemplar,00409_daisy,1,0,train::00409_daisy::exemplar_1
train,train_exemplar_ep00026_pair003,26,23,exemplar,00677_hearing_aid,0,1,train::00677_hearing_aid::exemplar_0
train,train_exemplar_ep00026_pair003,26,23,exemplar,00677_hearing_aid,1,0,train::00677_hearing_aid::exemplar_1
train,train_exemplar_ep00026_pair004,26,23,exemplar,00692_holster,0,1,train::00692_holster::exemplar_0
train,train_exemplar_ep00026_pair004,26,23,exemplar,00692_holster,1,0,train::00692_holster::exemplar_1
train,train_exemplar_ep00026_pair005,26,23,exemplar,00237_cape,0,1,train::00237_cape::exemplar_0
train,train_exemplar_ep00026_pair005,26,23,exemplar,00237_cape,1,0,train::00237_cape::exemplar_1
train,train_exemplar_ep00026_pair006,26,23,exemplar,00625_grill,0,1,train::00625_grill::exemplar_0
train,train_exemplar_ep00026_pair006,26,23,exemplar,00625_grill,1,0,train::00625_grill::exemplar_1
train,train_exemplar_ep00026_pair007,26,23,exemplar,00243_cardboard,0,1,train::00243_cardboard::exemplar_0
train,train_exemplar_ep00026_pair007,26,23,exemplar,00243_cardboard,1,0,train::00243_cardboard::exemplar_1
train,train_exemplar_ep00026_pair008,26,23,exemplar,00407_cutting_board,0,1,train::00407_cutting_board::exemplar_0
train,train_exemplar_ep00026_pair008,26,23,exemplar,00407_cutting_board,1,0,train::00407_cutting_board::exemplar_1
train,train_exemplar_ep00026_pair009,26,23,exemplar,00484_emerald,0,1,train::00484_emerald::exemplar_0
train,train_exemplar_ep00026_pair009,26,23,exemplar,00484_emerald,1,0,train::00484_emerald::exemplar_1
train,train_exemplar_ep00026_pair010,26,23,exemplar,00712_hourglass,0,1,train::00712_hourglass::exemplar_0
train,train_exemplar_ep00026_pair010,26,23,exemplar,00712_hourglass,1,0,train::00712_hourglass::exemplar_1
train,train_exemplar_ep00026_pair011,26,23,exemplar,00739_jackhammer,0,1,train::00739_jackhammer::exemplar_0
train,train_exemplar_ep00026_pair011,26,23,exemplar,00739_jackhammer,1,0,train::00739_jackhammer::exemplar_1
train,train_exemplar_ep00026_pair012,26,23,exemplar,00353_cookie_sheet,0,1,train::00353_cookie_sheet::exemplar_0
train,train_exemplar_ep00026_pair012,26,23,exemplar,00353_cookie_sheet,1,0,train::00353_cookie_sheet::exemplar_1
train,train_exemplar_ep00026_pair013,26,23,exemplar,00352_cookie_cutter,0,1,train::00352_cookie_cutter::exemplar_0
train,train_exemplar_ep00026_pair013,26,23,exemplar,00352_cookie_cutter,1,0,train::00352_cookie_cutter::exemplar_1
train,train_exemplar_ep00026_pair014,26,23,exemplar,00359_cork,0,1,train::00359_cork::exemplar_0
train,train_exemplar_ep00026_pair014,26,23,exemplar,00359_cork,1,0,train::00359_cork::exemplar_1
train,train_exemplar_ep00026_pair015,26,23,exemplar,00218_camera1,0,1,train::00218_camera1::exemplar_0
train,train_exemplar_ep00026_pair015,26,23,exemplar,00218_camera1,1,0,train::00218_camera1::exemplar_1
train,train_exemplar_ep00026_pair016,26,23,exemplar,00382_crayfish,0,1,train::00382_crayfish::exemplar_0
train,train_exemplar_ep00026_pair016,26,23,exemplar,00382_crayfish,1,0,train::00382_crayfish::exemplar_1
train,train_exemplar_ep00026_pair017,26,23,exemplar,00779_knob,0,1,train::00779_knob::exemplar_0
train,train_exemplar_ep00026_pair017,26,23,exemplar,00779_knob,1,0,train::00779_knob::exemplar_1
train,train_exemplar_ep00026_pair018,26,23,exemplar,00269_champagne,0,1,train::00269_champagne::exemplar_0
train,train_exemplar_ep00026_pair018,26,23,exemplar,00269_champagne,1,0,train::00269_champagne::exemplar_1
train,train_exemplar_ep00026_pair019,26,23,exemplar,00502_fence,0,1,train::00502_fence::exemplar_0
train,train_exemplar_ep00026_pair019,26,23,exemplar,00502_fence,1,0,train::00502_fence::exemplar_1
train,train_exemplar_ep00026_pair020,26,23,exemplar,00373_cougar,0,1,train::00373_cougar::exemplar_0
train,train_exemplar_ep00026_pair020,26,23,exemplar,00373_cougar,1,0,train::00373_cougar::exemplar_1
train,train_exemplar_ep00026_pair021,26,23,exemplar,00688_hobbyhorse,0,1,train::00688_hobbyhorse::exemplar_0
train,train_exemplar_ep00026_pair021,26,23,exemplar,00688_hobbyhorse,1,0,train::00688_hobbyhorse::exemplar_1
train,train_exemplar_ep00026_pair022,26,23,exemplar,00399_cufflink,0,1,train::00399_cufflink::exemplar_0
train,train_exemplar_ep00026_pair022,26,23,exemplar,00399_cufflink,1,0,train::00399_cufflink::exemplar_1
train,train_exemplar_ep00026_pair023,26,23,exemplar,00706_hot-air_balloon,0,1,train::00706_hot-air_balloon::exemplar_0
train,train_exemplar_ep00026_pair023,26,23,exemplar,00706_hot-air_balloon,1,0,train::00706_hot-air_balloon::exemplar_1
train,train_novel_ep00027_pair001,27,1,novel,00455_drill,0,1,train::00455_drill::exemplar_0
train,train_novel_ep00027_pair001,27,1,novel,00270_chandelier,0,0,train::00270_chandelier::exemplar_0
train,train_exemplar_ep00028_pair001,28,15,exemplar,00320_clothespin,0,1,train::00320_clothespin::exemplar_0
train,train_exemplar_ep00028_pair001,28,15,exemplar,00320_clothespin,1,0,train::00320_clothespin::exemplar_1
train,train_exemplar_ep00028_pair002,28,15,exemplar,00267_chalk,0,1,train::00267_chalk::exemplar_0
train,train_exemplar_ep00028_pair002,28,15,exemplar,00267_chalk,1,0,train::00267_chalk::exemplar_1
train,train_exemplar_ep00028_pair003,28,15,exemplar,00268_chalkboard,0,1,train::00268_chalkboard::exemplar_0
train,train_exemplar_ep00028_pair003,28,15,exemplar,00268_chalkboard,1,0,train::00268_chalkboard::exemplar_1
train,train_exemplar_ep00028_pair004,28,15,exemplar,00597_glasses,0,1,train::00597_glasses::exemplar_0
train,train_exemplar_ep00028_pair004,28,15,exemplar,00597_glasses,1,0,train::00597_glasses::exemplar_1
train,train_exemplar_ep00028_pair005,28,15,exemplar,00740_jalapeno,0,1,train::00740_jalapeno::exemplar_0
train,train_exemplar_ep00028_pair005,28,15,exemplar,00740_jalapeno,1,0,train::00740_jalapeno::exemplar_1
train,train_exemplar_ep00028_pair006,28,15,exemplar,00384_cream,0,1,train::00384_cream::exemplar_0
train,train_exemplar_ep00028_pair006,28,15,exemplar,00384_cream,1,0,train::00384_cream::exemplar_1
train,train_exemplar_ep00028_pair007,28,15,exemplar,00397_cuckoo_clock,0,1,train::00397_cuckoo_clock::exemplar_0
train,train_exemplar_ep00028_pair007,28,15,exemplar,00397_cuckoo_clock,1,0,train::00397_cuckoo_clock::exemplar_1
train,train_exemplar_ep00028_pair008,28,15,exemplar,00777_knitting,0,1,train::00777_knitting::exemplar_0
train,train_exemplar_ep00028_pair008,28,15,exemplar,00777_knitting,1,0,train::00777_knitting::exemplar_1
train,train_exemplar_ep00028_pair009,28,15,exemplar,00258_cello,0,1,train::00258_cello::exemplar_0
train,train_exemplar_ep00028_pair009,28,15,exemplar,00258_cello,1,0,train::00258_cello::exemplar_1
train,train_exemplar_ep00028_pair010,28,15,exemplar,00229_cane,0,1,train::00229_cane::exemplar_0
train,train_exemplar_ep00028_pair010,28,15,exemplar,00229_cane,1,0,train::00229_cane::exemplar_1
train,train_exemplar_ep00028_pair011,28,15,exemplar,00591_gift,0,1,train::00591_gift::exemplar_0
train,train_exemplar_ep00028_pair011,28,15,exemplar,00591_gift,1,0,train::00591_gift::exemplar_1
train,train_exemplar_ep00028_pair012,28,15,exemplar,00411_dart,0,1,train::00411_dart::exemplar_0
train,train_exemplar_ep00028_pair012,28,15,exemplar,00411_dart,1,0,train::00411_dart::exemplar_1
train,train_exemplar_ep00028_pair013,28,15,exemplar,00662_harness,0,1,train::00662_harness::exemplar_0
train,train_exemplar_ep00028_pair013,28,15,exemplar,00662_harness,1,0,train::00662_harness::exemplar_1
train,train_exemplar_ep00028_pair014,28,15,exemplar,00537_flask,0,1,train::00537_flask::exemplar_0
train,train_exemplar_ep00028_pair014,28,15,exemplar,00537_flask,1,0,train::00537_flask::exemplar_1
train,train_exemplar_ep00028_pair015,28,15,exemplar,00347_computer_screen,0,1,train::00347_computer_screen::exemplar_0
train,train_exemplar_ep00028_pair015,28,15,exemplar,00347_computer_screen,1,0,train::00347_computer_screen::exemplar_1
train,train_novel_ep00029_pair001,29,15,novel,00380_crank,0,1,train::00380_crank::exemplar_0
train,train_novel_ep00029_pair001,29,15,novel,00494_eyedropper,0,0,train::00494_eyedropper::exemplar_0
train,train_novel_ep00029_pair002,29,15,novel,00344_compass,0,1,train::00344_compass::exemplar_0
train,train_novel_ep00029_pair002,29,15,novel,00663_harp,0,0,train::00663_harp::exemplar_0
train,train_novel_ep00029_pair003,29,15,novel,00447_doorknocker,0,1,train::00447_doorknocker::exemplar_0
train,train_novel_ep00029_pair003,29,15,novel,00207_cable,0,0,train::00207_cable::exemplar_0
train,train_novel_ep00029_pair004,29,15,novel,00794_latch,0,1,train::00794_latch::exemplar_0
train,train_novel_ep00029_pair004,29,15,novel,00310_clasp,0,0,train::00310_clasp::exemplar_0
train,train_novel_ep00029_pair005,29,15,novel,00736_ivy,0,1,train::00736_ivy::exemplar_0
train,train_novel_ep00029_pair005,29,15,novel,00654_handcuff,0,0,train::00654_handcuff::exemplar_0
train,train_novel_ep00029_pair006,29,15,novel,00786_lamp,0,1,train::00786_lamp::exemplar_0
train,train_novel_ep00029_pair006,29,15,novel,00669_hay,0,0,train::00669_hay::exemplar_0
train,train_novel_ep00029_pair007,29,15,novel,00280_chessboard,0,1,train::00280_chessboard::exemplar_0
train,train_novel_ep00029_pair007,29,15,novel,00441_donkey,0,0,train::00441_donkey::exemplar_0
train,train_novel_ep00029_pair008,29,15,novel,00716_hummus,0,1,train::00716_hummus::exemplar_0
train,train_novel_ep00029_pair008,29,15,novel,00390_crowbar,0,0,train::00390_crowbar::exemplar_0
train,train_novel_ep00029_pair009,29,15,novel,00640_gutter,0,1,train::00640_gutter::exemplar_0
train,train_novel_ep00029_pair009,29,15,novel,00471_earplug,0,0,train::00471_earplug::exemplar_0
train,train_novel_ep00029_pair010,29,15,novel,00725_iceskate,0,1,train::00725_iceskate::exemplar_0
train,train_novel_ep00029_pair010,29,15,novel,00221_camper,0,0,train::00221_camper::exemplar_0
train,train_novel_ep00029_pair011,29,15,novel,00374_counter,0,1,train::00374_counter::exemplar_0
train,train_novel_ep00029_pair011,29,15,novel,00676_headset,0,0,train::00676_headset::exemplar_0
train,train_novel_ep00029_pair012,29,15,novel,00610_graffiti,0,1,train::00610_graffiti::exemplar_0
train,train_novel_ep00029_pair012,29,15,novel,00423_dice,0,0,train::00423_dice::exemplar_0
train,train_novel_ep00029_pair013,29,15,novel,00624_green_beans,0,1,train::00624_green_beans::exemplar_0
train,train_novel_ep00029_pair013,29,15,novel,00774_kiwi,0,0,train::00774_kiwi::exemplar_0
train,train_novel_ep00029_pair014,29,15,novel,00452_drawer,0,1,train::00452_drawer::exemplar_0
train,train_novel_ep00029_pair014,29,15,novel,00483_electric_chair,0,0,train::00483_electric_chair::exemplar_0
train,train_novel_ep00029_pair015,29,15,novel,00517_fire_alarm,0,1,train::00517_fire_alarm::exemplar_0
train,train_novel_ep00029_pair015,29,15,novel,00751_jigsaw_puzzle,0,0,train::00751_jigsaw_puzzle::exemplar_0
train,train_exemplar_ep00030_pair001,30,30,exemplar,00201_butter,0,1,train::00201_butter::exemplar_0
train,train_exemplar_ep00030_pair001,30,30,exemplar,00201_butter,1,0,train::00201_butter::exemplar_1
train,train_exemplar_ep00030_pair002,30,30,exemplar,00795_latte,0,1,train::00795_latte::exemplar_0
train,train_exemplar_ep00030_pair002,30,30,exemplar,00795_latte,1,0,train::00795_latte::exemplar_1
train,train_exemplar_ep00030_pair003,30,30,exemplar,00331_coffee,0,1,train::00331_coffee::exemplar_0
train,train_exemplar_ep00030_pair003,30,30,exemplar,00331_coffee,1,0,train::00331_coffee::exemplar_1
train,train_exemplar_ep00030_pair004,30,30,exemplar,00633_guinea_pig,0,1,train::00633_guinea_pig::exemplar_0
train,train_exemplar_ep00030_pair004,30,30,exemplar,00633_guinea_pig,1,0,train::00633_guinea_pig::exemplar_1
train,train_exemplar_ep00030_pair005,30,30,exemplar,00539_flip_flop,0,1,train::00539_flip_flop::exemplar_0
train,train_exemplar_ep00030_pair005,30,30,exemplar,00539_flip_flop,1,0,train::00539_flip_flop::exemplar_1
train,train_exemplar_ep00030_pair006,30,30,exemplar,00447_doorknocker,0,1,train::00447_doorknocker::exemplar_0
train,train_exemplar_ep00030_pair006,30,30,exemplar,00447_doorknocker,1,0,train::00447_doorknocker::exemplar_1
train,train_exemplar_ep00030_pair007,30,30,exemplar,00652_hamster,0,1,train::00652_hamster::exemplar_0
train,train_exemplar_ep00030_pair007,30,30,exemplar,00652_hamster,1,0,train::00652_hamster::exemplar_1
train,train_exemplar_ep00030_pair008,30,30,exemplar,00219_camera2,0,1,train::00219_camera2::exemplar_0
train,train_exemplar_ep00030_pair008,30,30,exemplar,00219_camera2,1,0,train::00219_camera2::exemplar_1
train,train_exemplar_ep00030_pair009,30,30,exemplar,00610_graffiti,0,1,train::00610_graffiti::exemplar_0
train,train_exemplar_ep00030_pair009,30,30,exemplar,00610_graffiti,1,0,train::00610_graffiti::exemplar_1
train,train_exemplar_ep00030_pair010,30,30,exemplar,00478_eggbeater,0,1,train::00478_eggbeater::exemplar_0
train,train_exemplar_ep00030_pair010,30,30,exemplar,00478_eggbeater,1,0,train::00478_eggbeater::exemplar_1
train,train_exemplar_ep00030_pair011,30,30,exemplar,00303_cigarette,0,1,train::00303_cigarette::exemplar_0
train,train_exemplar_ep00030_pair011,30,30,exemplar,00303_cigarette,1,0,train::00303_cigarette::exemplar_1
train,train_exemplar_ep00030_pair012,30,30,exemplar,00342_combination_lock,0,1,train::00342_combination_lock::exemplar_0
train,train_exemplar_ep00030_pair012,30,30,exemplar,00342_combination_lock,1,0,train::00342_combination_lock::exemplar_1
train,train_exemplar_ep00030_pair013,30,30,exemplar,00237_cape,0,1,train::00237_cape::exemplar_0
train,train_exemplar_ep00030_pair013,30,30,exemplar,00237_cape,1,0,train::00237_cape::exemplar_1
train,train_exemplar_ep00030_pair014,30,30,exemplar,00537_flask,0,1,train::00537_flask::exemplar_0
train,train_exemplar_ep00030_pair014,30,30,exemplar,00537_flask,1,0,train::00537_flask::exemplar_1
train,train_exemplar_ep00030_pair015,30,30,exemplar,00653_hand,0,1,train::00653_hand::exemplar_0
train,train_exemplar_ep00030_pair015,30,30,exemplar,00653_hand,1,0,train::00653_hand::exemplar_1
train,train_exemplar_ep00030_pair016,30,30,exemplar,00229_cane,0,1,train::00229_cane::exemplar_0
train,train_exemplar_ep00030_pair016,30,30,exemplar,00229_cane,1,0,train::00229_cane::exemplar_1
train,train_exemplar_ep00030_pair017,30,30,exemplar,00273_chariot,0,1,train::00273_chariot::exemplar_0
train,train_exemplar_ep00030_pair017,30,30,exemplar,00273_chariot,1,0,train::00273_chariot::exemplar_1
train,train_exemplar_ep00030_pair018,30,30,exemplar,00278_cherry,0,1,train::00278_cherry::exemplar_0
train,train_exemplar_ep00030_pair018,30,30,exemplar,00278_cherry,1,0,train::00278_cherry::exemplar_1
train,train_exemplar_ep00030_pair019,30,30,exemplar,00313_clipper1,0,1,train::00313_clipper1::exemplar_0
train,train_exemplar_ep00030_pair019,30,30,exemplar,00313_clipper1,1,0,train::00313_clipper1::exemplar_1
train,train_exemplar_ep00030_pair020,30,30,exemplar,00574_game,0,1,train::00574_game::exemplar_0
train,train_exemplar_ep00030_pair020,30,30,exemplar,00574_game,1,0,train::00574_game::exemplar_1
train,train_exemplar_ep00030_pair021,30,30,exemplar,00287_chihuahua,0,1,train::00287_chihuahua::exemplar_0
train,train_exemplar_ep00030_pair021,30,30,exemplar,00287_chihuahua,1,0,train::00287_chihuahua::exemplar_1
train,train_exemplar_ep00030_pair022,30,30,exemplar,00381_crate,0,1,train::00381_crate::exemplar_0
train,train_exemplar_ep00030_pair022,30,30,exemplar,00381_crate,1,0,train::00381_crate::exemplar_1
train,train_exemplar_ep00030_pair023,30,30,exemplar,00784_ladybug,0,1,train::00784_ladybug::exemplar_0
train,train_exemplar_ep00030_pair023,30,30,exemplar,00784_ladybug,1,0,train::00784_ladybug::exemplar_1
train,train_exemplar_ep00030_pair024,30,30,exemplar,00698_hook1,0,1,train::00698_hook1::exemplar_0
train,train_exemplar_ep00030_pair024,30,30,exemplar,00698_hook1,1,0,train::00698_hook1::exemplar_1
train,train_exemplar_ep00030_pair025,30,30,exemplar,00786_lamp,0,1,train::00786_lamp::exemplar_0
train,train_exemplar_ep00030_pair025,30,30,exemplar,00786_lamp,1,0,train::00786_lamp::exemplar_1
train,train_exemplar_ep00030_pair026,30,30,exemplar,00679_heater,0,1,train::00679_heater::exemplar_0
train,train_exemplar_ep00030_pair026,30,30,exemplar,00679_heater,1,0,train::00679_heater::exemplar_1
train,train_exemplar_ep00030_pair027,30,30,exemplar,00790_lanyard,0,1,train::00790_lanyard::exemplar_0
train,train_exemplar_ep00030_pair027,30,30,exemplar,00790_lanyard,1,0,train::00790_lanyard::exemplar_1
train,train_exemplar_ep00030_pair028,30,30,exemplar,00678_hearse,0,1,train::00678_hearse::exemplar_0
train,train_exemplar_ep00030_pair028,30,30,exemplar,00678_hearse,1,0,train::00678_hearse::exemplar_1
train,train_exemplar_ep00030_pair029,30,30,exemplar,00724_icepick,0,1,train::00724_icepick::exemplar_0
train,train_exemplar_ep00030_pair029,30,30,exemplar,00724_icepick,1,0,train::00724_icepick::exemplar_1
train,train_exemplar_ep00030_pair030,30,30,exemplar,00548_flyswatter,0,1,train::00548_flyswatter::exemplar_0
train,train_exemplar_ep00030_pair030,30,30,exemplar,00548_flyswatter,1,0,train::00548_flyswatter::exemplar_1
train,train_novel_ep00031_pair001,31,18,novel,00554_football_helmet,0,1,train::00554_football_helmet::exemplar_0
train,train_novel_ep00031_pair001,31,18,novel,00403_curling_iron,0,0,train::00403_curling_iron::exemplar_0
train,train_novel_ep00031_pair002,31,18,novel,00282_chick,0,1,train::00282_chick::exemplar_0
train,train_novel_ep00031_pair002,31,18,novel,00709_hot_tub,0,0,train::00709_hot_tub::exemplar_0
train,train_novel_ep00031_pair003,31,18,novel,00617_grapevine,0,1,train::00617_grapevine::exemplar_0
train,train_novel_ep00031_pair003,31,18,novel,00399_cufflink,0,0,train::00399_cufflink::exemplar_0
train,train_novel_ep00031_pair004,31,18,novel,00620_grater,0,1,train::00620_grater::exemplar_0
train,train_novel_ep00031_pair004,31,18,novel,00306_cilantro,0,0,train::00306_cilantro::exemplar_0
train,train_novel_ep00031_pair005,31,18,novel,00285_chicken_wire,0,1,train::00285_chicken_wire::exemplar_0
train,train_novel_ep00031_pair005,31,18,novel,00792_lasagna,0,0,train::00792_lasagna::exemplar_0
train,train_novel_ep00031_pair006,31,18,novel,00415_defibrillator,0,1,train::00415_defibrillator::exemplar_0
train,train_novel_ep00031_pair006,31,18,novel,00750_jewelry,0,0,train::00750_jewelry::exemplar_0
train,train_novel_ep00031_pair007,31,18,novel,00550_fondue,0,1,train::00550_fondue::exemplar_0
train,train_novel_ep00031_pair007,31,18,novel,00594_giraffe,0,0,train::00594_giraffe::exemplar_0
train,train_novel_ep00031_pair008,31,18,novel,00360_corkboard,0,1,train::00360_corkboard::exemplar_0
train,train_novel_ep00031_pair008,31,18,novel,00510_file2,0,0,train::00510_file2::exemplar_0
train,train_novel_ep00031_pair009,31,18,novel,00322_clove,0,1,train::00322_clove::exemplar_0
train,train_novel_ep00031_pair009,31,18,novel,00248_carrot,0,0,train::00248_carrot::exemplar_0
train,train_novel_ep00031_pair010,31,18,novel,00788_landmine,0,1,train::00788_landmine::exemplar_0
train,train_novel_ep00031_pair010,31,18,novel,00280_chessboard,0,0,train::00280_chessboard::exemplar_0
train,train_novel_ep00031_pair011,31,18,novel,00359_cork,0,1,train::00359_cork::exemplar_0
train,train_novel_ep00031_pair011,31,18,novel,00514_finger,0,0,train::00514_finger::exemplar_0
train,train_novel_ep00031_pair012,31,18,novel,00277_cheesecake,0,1,train::00277_cheesecake::exemplar_0
train,train_novel_ep00031_pair012,31,18,novel,00663_harp,0,0,train::00663_harp::exemplar_0
train,train_novel_ep00031_pair013,31,18,novel,00598_globe,0,1,train::00598_globe::exemplar_0
train,train_novel_ep00031_pair013,31,18,novel,00684_highlighter,0,0,train::00684_highlighter::exemplar_0
train,train_novel_ep00031_pair014,31,18,novel,00798_lawnmower,0,1,train::00798_lawnmower::exemplar_0
train,train_novel_ep00031_pair014,31,18,novel,00209_cage,0,0,train::00209_cage::exemplar_0
train,train_novel_ep00031_pair015,31,18,novel,00500_faucet,0,1,train::00500_faucet::exemplar_0
train,train_novel_ep00031_pair015,31,18,novel,00249_cash_machine,0,0,train::00249_cash_machine::exemplar_0
train,train_novel_ep00031_pair016,31,18,novel,00708_hot_chocolate,0,1,train::00708_hot_chocolate::exemplar_0
train,train_novel_ep00031_pair016,31,18,novel,00637_gumdrop,0,0,train::00637_gumdrop::exemplar_0
train,train_novel_ep00031_pair017,31,18,novel,00493_eye_patch,0,1,train::00493_eye_patch::exemplar_0
train,train_novel_ep00031_pair017,31,18,novel,00733_insole,0,0,train::00733_insole::exemplar_0
train,train_novel_ep00031_pair018,31,18,novel,00628_grits,0,1,train::00628_grits::exemplar_0
train,train_novel_ep00031_pair018,31,18,novel,00273_chariot,0,0,train::00273_chariot::exemplar_0
train,train_exemplar_ep00032_pair001,32,16,exemplar,00514_finger,0,1,train::00514_finger::exemplar_0
train,train_exemplar_ep00032_pair001,32,16,exemplar,00514_finger,1,0,train::00514_finger::exemplar_1
train,train_exemplar_ep00032_pair002,32,16,exemplar,00416_denture,0,1,train::00416_denture::exemplar_0
train,train_exemplar_ep00032_pair002,32,16,exemplar,00416_denture,1,0,train::00416_denture::exemplar_1
train,train_exemplar_ep00032_pair003,32,16,exemplar,00326_coat_rack,0,1,train::00326_coat_rack::exemplar_0
train,train_exemplar_ep00032_pair003,32,16,exemplar,00326_coat_rack,1,0,train::00326_coat_rack::exemplar_1
train,train_exemplar_ep00032_pair004,32,16,exemplar,00531_flag,0,1,train::00531_flag::exemplar_0
train,train_exemplar_ep00032_pair004,32,16,exemplar,00531_flag,1,0,train::00531_flag::exemplar_1
train,train_exemplar_ep00032_pair005,32,16,exemplar,00211_cake_mix,0,1,train::00211_cake_mix::exemplar_0
train,train_exemplar_ep00032_pair005,32,16,exemplar,00211_cake_mix,1,0,train::00211_cake_mix::exemplar_1
train,train_exemplar_ep00032_pair006,32,16,exemplar,00509_file1,0,1,train::00509_file1::exemplar_0
train,train_exemplar_ep00032_pair006,32,16,exemplar,00509_file1,1,0,train::00509_file1::exemplar_1
train,train_exemplar_ep00032_pair007,32,16,exemplar,00683_helmet,0,1,train::00683_helmet::exemplar_0
train,train_exemplar_ep00032_pair007,32,16,exemplar,00683_helmet,1,0,train::00683_helmet::exemplar_1
train,train_exemplar_ep00032_pair008,32,16,exemplar,00222_can,0,1,train::00222_can::exemplar_0
train,train_exemplar_ep00032_pair008,32,16,exemplar,00222_can,1,0,train::00222_can::exemplar_1
train,train_exemplar_ep00032_pair009,32,16,exemplar,00370_cot,0,1,train::00370_cot::exemplar_0
train,train_exemplar_ep00032_pair009,32,16,exemplar,00370_cot,1,0,train::00370_cot::exemplar_1
train,train_exemplar_ep00032_pair010,32,16,exemplar,00740_jalapeno,0,1,train::00740_jalapeno::exemplar_0
train,train_exemplar_ep00032_pair010,32,16,exemplar,00740_jalapeno,1,0,train::00740_jalapeno::exemplar_1
train,train_exemplar_ep00032_pair011,32,16,exemplar,00537_flask,0,1,train::00537_flask::exemplar_0
train,train_exemplar_ep00032_pair011,32,16,exemplar,00537_flask,1,0,train::00537_flask::exemplar_1
train,train_exemplar_ep00032_pair012,32,16,exemplar,00239_car_door,0,1,train::00239_car_door::exemplar_0
train,train_exemplar_ep00032_pair012,32,16,exemplar,00239_car_door,1,0,train::00239_car_door::exemplar_1
train,train_exemplar_ep00032_pair013,32,16,exemplar,00499_fast_food,0,1,train::00499_fast_food::exemplar_0
train,train_exemplar_ep00032_pair013,32,16,exemplar,00499_fast_food,1,0,train::00499_fast_food::exemplar_1
train,train_exemplar_ep00032_pair014,32,16,exemplar,00641_gyro,0,1,train::00641_gyro::exemplar_0
train,train_exemplar_ep00032_pair014,32,16,exemplar,00641_gyro,1,0,train::00641_gyro::exemplar_1
train,train_exemplar_ep00032_pair015,32,16,exemplar,00201_butter,0,1,train::00201_butter::exemplar_0
train,train_exemplar_ep00032_pair015,32,16,exemplar,00201_butter,1,0,train::00201_butter::exemplar_1
train,train_exemplar_ep00032_pair016,32,16,exemplar,00634_guitar,0,1,train::00634_guitar::exemplar_0
train,train_exemplar_ep00032_pair016,32,16,exemplar,00634_guitar,1,0,train::00634_guitar::exemplar_1
train,train_novel_ep00033_pair001,33,5,novel,00633_guinea_pig,0,1,train::00633_guinea_pig::exemplar_0
train,train_novel_ep00033_pair001,33,5,novel,00574_game,0,0,train::00574_game::exemplar_0
train,train_novel_ep00033_pair002,33,5,novel,00252_cassette,0,1,train::00252_cassette::exemplar_0
train,train_novel_ep00033_pair002,33,5,novel,00593_gingerbread_man,0,0,train::00593_gingerbread_man::exemplar_0
train,train_novel_ep00033_pair003,33,5,novel,00579_gas_mask,0,1,train::00579_gas_mask::exemplar_0
train,train_novel_ep00033_pair003,33,5,novel,00455_drill,0,0,train::00455_drill::exemplar_0
train,train_novel_ep00033_pair004,33,5,novel,00358_cord,0,1,train::00358_cord::exemplar_0
train,train_novel_ep00033_pair004,33,5,novel,00507_fig,0,0,train::00507_fig::exemplar_0
train,train_novel_ep00033_pair005,33,5,novel,00371_cotton_candy,0,1,train::00371_cotton_candy::exemplar_0
train,train_novel_ep00033_pair005,33,5,novel,00728_incense,0,0,train::00728_incense::exemplar_0
train,train_exemplar_ep00034_pair001,34,16,exemplar,00412_dartboard,0,1,train::00412_dartboard::exemplar_0
train,train_exemplar_ep00034_pair001,34,16,exemplar,00412_dartboard,1,0,train::00412_dartboard::exemplar_1
train,train_exemplar_ep00034_pair002,34,16,exemplar,00224_candelabra,0,1,train::00224_candelabra::exemplar_0
train,train_exemplar_ep00034_pair002,34,16,exemplar,00224_candelabra,1,0,train::00224_candelabra::exemplar_1
train,train_exemplar_ep00034_pair003,34,16,exemplar,00299_christmas_card,0,1,train::00299_christmas_card::exemplar_0
train,train_exemplar_ep00034_pair003,34,16,exemplar,00299_christmas_card,1,0,train::00299_christmas_card::exemplar_1
train,train_exemplar_ep00034_pair004,34,16,exemplar,00522_firetruck,0,1,train::00522_firetruck::exemplar_0
train,train_exemplar_ep00034_pair004,34,16,exemplar,00522_firetruck,1,0,train::00522_firetruck::exemplar_1
train,train_exemplar_ep00034_pair005,34,16,exemplar,00373_cougar,0,1,train::00373_cougar::exemplar_0
train,train_exemplar_ep00034_pair005,34,16,exemplar,00373_cougar,1,0,train::00373_cougar::exemplar_1
train,train_exemplar_ep00034_pair006,34,16,exemplar,00258_cello,0,1,train::00258_cello::exemplar_0
train,train_exemplar_ep00034_pair006,34,16,exemplar,00258_cello,1,0,train::00258_cello::exemplar_1
train,train_exemplar_ep00034_pair007,34,16,exemplar,00453_dress,0,1,train::00453_dress::exemplar_0
train,train_exemplar_ep00034_pair007,34,16,exemplar,00453_dress,1,0,train::00453_dress::exemplar_1
train,train_exemplar_ep00034_pair008,34,16,exemplar,00426_dish,0,1,train::00426_dish::exemplar_0
train,train_exemplar_ep00034_pair008,34,16,exemplar,00426_dish,1,0,train::00426_dish::exemplar_1
train,train_exemplar_ep00034_pair009,34,16,exemplar,00489_exerciser,0,1,train::00489_exerciser::exemplar_0
train,train_exemplar_ep00034_pair009,34,16,exemplar,00489_exerciser,1,0,train::00489_exerciser::exemplar_1
train,train_exemplar_ep00034_pair010,34,16,exemplar,00565_frog,0,1,train::00565_frog::exemplar_0
train,train_exemplar_ep00034_pair010,34,16,exemplar,00565_frog,1,0,train::00565_frog::exemplar_1
train,train_exemplar_ep00034_pair011,34,16,exemplar,00609_gourd,0,1,train::00609_gourd::exemplar_0
train,train_exemplar_ep00034_pair011,34,16,exemplar,00609_gourd,1,0,train::00609_gourd::exemplar_1
train,train_exemplar_ep00034_pair012,34,16,exemplar,00732_inkwell,0,1,train::00732_inkwell::exemplar_0
train,train_exemplar_ep00034_pair012,34,16,exemplar,00732_inkwell,1,0,train::00732_inkwell::exemplar_1
train,train_exemplar_ep00034_pair013,34,16,exemplar,00494_eyedropper,0,1,train::00494_eyedropper::exemplar_0
train,train_exemplar_ep00034_pair013,34,16,exemplar,00494_eyedropper,1,0,train::00494_eyedropper::exemplar_1
train,train_exemplar_ep00034_pair014,34,16,exemplar,00212_calculator,0,1,train::00212_calculator::exemplar_0
train,train_exemplar_ep00034_pair014,34,16,exemplar,00212_calculator,1,0,train::00212_calculator::exemplar_1
train,train_exemplar_ep00034_pair015,34,16,exemplar,00215_calzone,0,1,train::00215_calzone::exemplar_0
train,train_exemplar_ep00034_pair015,34,16,exemplar,00215_calzone,1,0,train::00215_calzone::exemplar_1
train,train_exemplar_ep00034_pair016,34,16,exemplar,00396_crystal_ball,0,1,train::00396_crystal_ball::exemplar_0
train,train_exemplar_ep00034_pair016,34,16,exemplar,00396_crystal_ball,1,0,train::00396_crystal_ball::exemplar_1
train,train_novel_ep00035_pair001,35,25,novel,00465_dumpling,0,1,train::00465_dumpling::exemplar_0
train,train_novel_ep00035_pair001,35,25,novel,00542_floss,0,0,train::00542_floss::exemplar_0
train,train_novel_ep00035_pair002,35,25,novel,00268_chalkboard,0,1,train::00268_chalkboard::exemplar_0
train,train_novel_ep00035_pair002,35,25,novel,00424_dip,0,0,train::00424_dip::exemplar_0
train,train_novel_ep00035_pair003,35,25,novel,00764_kebab,0,1,train::00764_kebab::exemplar_0
train,train_novel_ep00035_pair003,35,25,novel,00373_cougar,0,0,train::00373_cougar::exemplar_0
train,train_novel_ep00035_pair004,35,25,novel,00448_doormat,0,1,train::00448_doormat::exemplar_0
train,train_novel_ep00035_pair004,35,25,novel,00294_chipmunk,0,0,train::00294_chipmunk::exemplar_0
train,train_novel_ep00035_pair005,35,25,novel,00342_combination_lock,0,1,train::00342_combination_lock::exemplar_0
train,train_novel_ep00035_pair005,35,25,novel,00555_footbath,0,0,train::00555_footbath::exemplar_0
train,train_novel_ep00035_pair006,35,25,novel,00307_cinnamon,0,1,train::00307_cinnamon::exemplar_0
train,train_novel_ep00035_pair006,35,25,novel,00609_gourd,0,0,train::00609_gourd::exemplar_0
train,train_novel_ep00035_pair007,35,25,novel,00627_grinder,0,1,train::00627_grinder::exemplar_0
train,train_novel_ep00035_pair007,35,25,novel,00454_dresser,0,0,train::00454_dresser::exemplar_0
train,train_novel_ep00035_pair008,35,25,novel,00604_goggles,0,1,train::00604_goggles::exemplar_0
train,train_novel_ep00035_pair008,35,25,novel,00395_crystal2,0,0,train::00395_crystal2::exemplar_0
train,train_novel_ep00035_pair009,35,25,novel,00654_handcuff,0,1,train::00654_handcuff::exemplar_0
train,train_novel_ep00035_pair009,35,25,novel,00728_incense,0,0,train::00728_incense::exemplar_0
train,train_novel_ep00035_pair010,35,25,novel,00502_fence,0,1,train::00502_fence::exemplar_0
train,train_novel_ep00035_pair010,35,25,novel,00527_fishbowl,0,0,train::00527_fishbowl::exemplar_0
train,train_novel_ep00035_pair011,35,25,novel,00523_firewood,0,1,train::00523_firewood::exemplar_0
train,train_novel_ep00035_pair011,35,25,novel,00327_cockatoo,0,0,train::00327_cockatoo::exemplar_0
train,train_novel_ep00035_pair012,35,25,novel,00774_kiwi,0,1,train::00774_kiwi::exemplar_0
train,train_novel_ep00035_pair012,35,25,novel,00281_chest1,0,0,train::00281_chest1::exemplar_0
train,train_novel_ep00035_pair013,35,25,novel,00462_duct_tape,0,1,train::00462_duct_tape::exemplar_0
train,train_novel_ep00035_pair013,35,25,novel,00536_flashlight,0,0,train::00536_flashlight::exemplar_0
train,train_novel_ep00035_pair014,35,25,novel,00267_chalk,0,1,train::00267_chalk::exemplar_0
train,train_novel_ep00035_pair014,35,25,novel,00622_gravestone,0,0,train::00622_gravestone::exemplar_0
train,train_novel_ep00035_pair015,35,25,novel,00634_guitar,0,1,train::00634_guitar::exemplar_0
train,train_novel_ep00035_pair015,35,25,novel,00679_heater,0,0,train::00679_heater::exemplar_0
train,train_novel_ep00035_pair016,35,25,novel,00491_extinguisher,0,1,train::00491_extinguisher::exemplar_0
train,train_novel_ep00035_pair016,35,25,novel,00632_guillotine,0,0,train::00632_guillotine::exemplar_0
train,train_novel_ep00035_pair017,35,25,novel,00433_dogfood,0,1,train::00433_dogfood::exemplar_0
train,train_novel_ep00035_pair017,35,25,novel,00597_glasses,0,0,train::00597_glasses::exemplar_0
train,train_novel_ep00035_pair018,35,25,novel,00645_hairbrush,0,1,train::00645_hairbrush::exemplar_0
train,train_novel_ep00035_pair018,35,25,novel,00278_cherry,0,0,train::00278_cherry::exemplar_0
train,train_novel_ep00035_pair019,35,25,novel,00326_coat_rack,0,1,train::00326_coat_rack::exemplar_0
train,train_novel_ep00035_pair019,35,25,novel,00576_garbage_truck,0,0,train::00576_garbage_truck::exemplar_0
train,train_novel_ep00035_pair020,35,25,novel,00694_honey,0,1,train::00694_honey::exemplar_0
train,train_novel_ep00035_pair020,35,25,novel,00782_lab_coat,0,0,train::00782_lab_coat::exemplar_0
train,train_novel_ep00035_pair021,35,25,novel,00452_drawer,0,1,train::00452_drawer::exemplar_0
train,train_novel_ep00035_pair021,35,25,novel,00624_green_beans,0,0,train::00624_green_beans::exemplar_0
train,train_novel_ep00035_pair022,35,25,novel,00308_clam,0,1,train::00308_clam::exemplar_0
train,train_novel_ep00035_pair022,35,25,novel,00721_ice-cream_cone,0,0,train::00721_ice-cream_cone::exemplar_0
train,train_novel_ep00035_pair023,35,25,novel,00269_champagne,0,1,train::00269_champagne::exemplar_0
train,train_novel_ep00035_pair023,35,25,novel,00383_crayon,0,0,train::00383_crayon::exemplar_0
train,train_novel_ep00035_pair024,35,25,novel,00412_dartboard,0,1,train::00412_dartboard::exemplar_0
train,train_novel_ep00035_pair024,35,25,novel,00468_dustpan,0,0,train::00468_dustpan::exemplar_0
train,train_novel_ep00035_pair025,35,25,novel,00320_clothespin,0,1,train::00320_clothespin::exemplar_0
train,train_novel_ep00035_pair025,35,25,novel,00504_fern,0,0,train::00504_fern::exemplar_0
train,train_exemplar_ep00036_pair001,36,26,exemplar,00585_gazelle,0,1,train::00585_gazelle::exemplar_0
train,train_exemplar_ep00036_pair001,36,26,exemplar,00585_gazelle,1,0,train::00585_gazelle::exemplar_1
train,train_exemplar_ep00036_pair002,36,26,exemplar,00692_holster,0,1,train::00692_holster::exemplar_0
train,train_exemplar_ep00036_pair002,36,26,exemplar,00692_holster,1,0,train::00692_holster::exemplar_1
train,train_exemplar_ep00036_pair003,36,26,exemplar,00760_kaleidoscope,0,1,train::00760_kaleidoscope::exemplar_0
train,train_exemplar_ep00036_pair003,36,26,exemplar,00760_kaleidoscope,1,0,train::00760_kaleidoscope::exemplar_1
train,train_exemplar_ep00036_pair004,36,26,exemplar,00270_chandelier,0,1,train::00270_chandelier::exemplar_0
train,train_exemplar_ep00036_pair004,36,26,exemplar,00270_chandelier,1,0,train::00270_chandelier::exemplar_1
train,train_exemplar_ep00036_pair005,36,26,exemplar,00745_jellyfish,0,1,train::00745_jellyfish::exemplar_0
train,train_exemplar_ep00036_pair005,36,26,exemplar,00745_jellyfish,1,0,train::00745_jellyfish::exemplar_1
train,train_exemplar_ep00036_pair006,36,26,exemplar,00349_contact_lens,0,1,train::00349_contact_lens::exemplar_0
train,train_exemplar_ep00036_pair006,36,26,exemplar,00349_contact_lens,1,0,train::00349_contact_lens::exemplar_1
train,train_exemplar_ep00036_pair007,36,26,exemplar,00268_chalkboard,0,1,train::00268_chalkboard::exemplar_0
train,train_exemplar_ep00036_pair007,36,26,exemplar,00268_chalkboard,1,0,train::00268_chalkboard::exemplar_1
train,train_exemplar_ep00036_pair008,36,26,exemplar,00562_frame,0,1,train::00562_frame::exemplar_0
train,train_exemplar_ep00036_pair008,36,26,exemplar,00562_frame,1,0,train::00562_frame::exemplar_1
train,train_exemplar_ep00036_pair009,36,26,exemplar,00214_calf2,0,1,train::00214_calf2::exemplar_0
train,train_exemplar_ep00036_pair009,36,26,exemplar,00214_calf2,1,0,train::00214_calf2::exemplar_1
train,train_exemplar_ep00036_pair010,36,26,exemplar,00541_float,0,1,train::00541_float::exemplar_0
train,train_exemplar_ep00036_pair010,36,26,exemplar,00541_float,1,0,train::00541_float::exemplar_1
train,train_exemplar_ep00036_pair011,36,26,exemplar,00565_frog,0,1,train::00565_frog::exemplar_0
train,train_exemplar_ep00036_pair011,36,26,exemplar,00565_frog,1,0,train::00565_frog::exemplar_1
train,train_exemplar_ep00036_pair012,36,26,exemplar,00628_grits,0,1,train::00628_grits::exemplar_0
train,train_exemplar_ep00036_pair012,36,26,exemplar,00628_grits,1,0,train::00628_grits::exemplar_1
train,train_exemplar_ep00036_pair013,36,26,exemplar,00794_latch,0,1,train::00794_latch::exemplar_0
train,train_exemplar_ep00036_pair013,36,26,exemplar,00794_latch,1,0,train::00794_latch::exemplar_1
train,train_exemplar_ep00036_pair014,36,26,exemplar,00625_grill,0,1,train::00625_grill::exemplar_0
train,train_exemplar_ep00036_pair014,36,26,exemplar,00625_grill,1,0,train::00625_grill::exemplar_1
train,train_exemplar_ep00036_pair015,36,26,exemplar,00729_incubator,0,1,train::00729_incubator::exemplar_0
train,train_exemplar_ep00036_pair015,36,26,exemplar,00729_incubator,1,0,train::00729_incubator::exemplar_1
train,train_exemplar_ep00036_pair016,36,26,exemplar,00597_glasses,0,1,train::00597_glasses::exemplar_0
train,train_exemplar_ep00036_pair016,36,26,exemplar,00597_glasses,1,0,train::00597_glasses::exemplar_1
train,train_exemplar_ep00036_pair017,36,26,exemplar,00361_corkscrew,0,1,train::00361_corkscrew::exemplar_0
train,train_exemplar_ep00036_pair017,36,26,exemplar,00361_corkscrew,1,0,train::00361_corkscrew::exemplar_1
train,train_exemplar_ep00036_pair018,36,26,exemplar,00311_clay,0,1,train::00311_clay::exemplar_0
train,train_exemplar_ep00036_pair018,36,26,exemplar,00311_clay,1,0,train::00311_clay::exemplar_1
train,train_exemplar_ep00036_pair019,36,26,exemplar,00419_detonator,0,1,train::00419_detonator::exemplar_0
train,train_exemplar_ep00036_pair019,36,26,exemplar,00419_detonator,1,0,train::00419_detonator::exemplar_1
train,train_exemplar_ep00036_pair020,36,26,exemplar,00608_gong,0,1,train::00608_gong::exemplar_0
train,train_exemplar_ep00036_pair020,36,26,exemplar,00608_gong,1,0,train::00608_gong::exemplar_1
train,train_exemplar_ep00036_pair021,36,26,exemplar,00716_hummus,0,1,train::00716_hummus::exemplar_0
train,train_exemplar_ep00036_pair021,36,26,exemplar,00716_hummus,1,0,train::00716_hummus::exemplar_1
train,train_exemplar_ep00036_pair022,36,26,exemplar,00307_cinnamon,0,1,train::00307_cinnamon::exemplar_0
train,train_exemplar_ep00036_pair022,36,26,exemplar,00307_cinnamon,1,0,train::00307_cinnamon::exemplar_1
train,train_exemplar_ep00036_pair023,36,26,exemplar,00412_dartboard,0,1,train::00412_dartboard::exemplar_0
train,train_exemplar_ep00036_pair023,36,26,exemplar,00412_dartboard,1,0,train::00412_dartboard::exemplar_1
train,train_exemplar_ep00036_pair024,36,26,exemplar,00328_cockroach,0,1,train::00328_cockroach::exemplar_0
train,train_exemplar_ep00036_pair024,36,26,exemplar,00328_cockroach,1,0,train::00328_cockroach::exemplar_1
train,train_exemplar_ep00036_pair025,36,26,exemplar,00606_goldfish,0,1,train::00606_goldfish::exemplar_0
train,train_exemplar_ep00036_pair025,36,26,exemplar,00606_goldfish,1,0,train::00606_goldfish::exemplar_1
train,train_exemplar_ep00036_pair026,36,26,exemplar,00620_grater,0,1,train::00620_grater::exemplar_0
train,train_exemplar_ep00036_pair026,36,26,exemplar,00620_grater,1,0,train::00620_grater::exemplar_1
train,train_novel_ep00037_pair001,37,16,novel,00733_insole,0,1,train::00733_insole::exemplar_0
train,train_novel_ep00037_pair001,37,16,novel,00495_eyeliner,0,0,train::00495_eyeliner::exemplar_0
train,train_novel_ep00037_pair002,37,16,novel,00411_dart,0,1,train::00411_dart::exemplar_0
train,train_novel_ep00037_pair002,37,16,novel,00546_fly,0,0,train::00546_fly::exemplar_0
train,train_novel_ep00037_pair003,37,16,novel,00613_granite,0,1,train::00613_granite::exemplar_0
train,train_novel_ep00037_pair003,37,16,novel,00469_dynamite,0,0,train::00469_dynamite::exemplar_0
train,train_novel_ep00037_pair004,37,16,novel,00780_knot,0,1,train::00780_knot::exemplar_0
train,train_novel_ep00037_pair004,37,16,novel,00387_cross,0,0,train::00387_cross::exemplar_0
train,train_novel_ep00037_pair005,37,16,novel,00274_checkbook,0,1,train::00274_checkbook::exemplar_0
train,train_novel_ep00037_pair005,37,16,novel,00245_cardinal,0,0,train::00245_cardinal::exemplar_0
train,train_novel_ep00037_pair006,37,16,novel,00477_egg_roll,0,1,train::00477_egg_roll::exemplar_0
train,train_novel_ep00037_pair006,37,16,novel,00523_firewood,0,0,train::00523_firewood::exemplar_0
train,train_novel_ep00037_pair007,37,16,novel,00660_hard_disk,0,1,train::00660_hard_disk::exemplar_0
train,train_novel_ep00037_pair007,37,16,novel,00289_chimney,0,0,train::00289_chimney::exemplar_0
train,train_novel_ep00037_pair008,37,16,novel,00650_ham,0,1,train::00650_ham::exemplar_0
train,train_novel_ep00037_pair008,37,16,novel,00351_cooker,0,0,train::00351_cooker::exemplar_0
train,train_novel_ep00037_pair009,37,16,novel,00208_cactus,0,1,train::00208_cactus::exemplar_0
train,train_novel_ep00037_pair009,37,16,novel,00438_dolly,0,0,train::00438_dolly::exemplar_0
train,train_novel_ep00037_pair010,37,16,novel,00576_garbage_truck,0,1,train::00576_garbage_truck::exemplar_0
train,train_novel_ep00037_pair010,37,16,novel,00466_dumpster,0,0,train::00466_dumpster::exemplar_0
train,train_novel_ep00037_pair011,37,16,novel,00396_crystal_ball,0,1,train::00396_crystal_ball::exemplar_0
train,train_novel_ep00037_pair011,37,16,novel,00501_feather,0,0,train::00501_feather::exemplar_0
train,train_novel_ep00037_pair012,37,16,novel,00492_eye,0,1,train::00492_eye::exemplar_0
train,train_novel_ep00037_pair012,37,16,novel,00575_garbage,0,0,train::00575_garbage::exemplar_0
train,train_novel_ep00037_pair013,37,16,novel,00710_hotdog,0,1,train::00710_hotdog::exemplar_0
train,train_novel_ep00037_pair013,37,16,novel,00231_cannon,0,0,train::00231_cannon::exemplar_0
train,train_novel_ep00037_pair014,37,16,novel,00482_elbow,0,1,train::00482_elbow::exemplar_0
train,train_novel_ep00037_pair014,37,16,novel,00690_hoe,0,0,train::00690_hoe::exemplar_0
train,train_novel_ep00037_pair015,37,16,novel,00386_credit_card,0,1,train::00386_credit_card::exemplar_0
train,train_novel_ep00037_pair015,37,16,novel,00292_chinchilla,0,0,train::00292_chinchilla::exemplar_0
train,train_novel_ep00037_pair016,37,16,novel,00584_gavel,0,1,train::00584_gavel::exemplar_0
train,train_novel_ep00037_pair016,37,16,novel,00382_crayfish,0,0,train::00382_crayfish::exemplar_0
train,train_exemplar_ep00038_pair001,38,19,exemplar,00590_generator,0,1,train::00590_generator::exemplar_0
train,train_exemplar_ep00038_pair001,38,19,exemplar,00590_generator,1,0,train::00590_generator::exemplar_1
train,train_exemplar_ep00038_pair002,38,19,exemplar,00676_headset,0,1,train::00676_headset::exemplar_0
train,train_exemplar_ep00038_pair002,38,19,exemplar,00676_headset,1,0,train::00676_headset::exemplar_1
train,train_exemplar_ep00038_pair003,38,19,exemplar,00634_guitar,0,1,train::00634_guitar::exemplar_0
train,train_exemplar_ep00038_pair003,38,19,exemplar,00634_guitar,1,0,train::00634_guitar::exemplar_1
train,train_exemplar_ep00038_pair004,38,19,exemplar,00560_fountain_pen,0,1,train::00560_fountain_pen::exemplar_0
train,train_exemplar_ep00038_pair004,38,19,exemplar,00560_fountain_pen,1,0,train::00560_fountain_pen::exemplar_1
train,train_exemplar_ep00038_pair005,38,19,exemplar,00626_grille,0,1,train::00626_grille::exemplar_0
train,train_exemplar_ep00038_pair005,38,19,exemplar,00626_grille,1,0,train::00626_grille::exemplar_1
train,train_exemplar_ep00038_pair006,38,19,exemplar,00301_chute,0,1,train::00301_chute::exemplar_0
train,train_exemplar_ep00038_pair006,38,19,exemplar,00301_chute,1,0,train::00301_chute::exemplar_1
train,train_exemplar_ep00038_pair007,38,19,exemplar,00221_camper,0,1,train::00221_camper::exemplar_0
train,train_exemplar_ep00038_pair007,38,19,exemplar,00221_camper,1,0,train::00221_camper::exemplar_1
train,train_exemplar_ep00038_pair008,38,19,exemplar,00467_duster,0,1,train::00467_duster::exemplar_0
train,train_exemplar_ep00038_pair008,38,19,exemplar,00467_duster,1,0,train::00467_duster::exemplar_1
train,train_exemplar_ep00038_pair009,38,19,exemplar,00382_crayfish,0,1,train::00382_crayfish::exemplar_0
train,train_exemplar_ep00038_pair009,38,19,exemplar,00382_crayfish,1,0,train::00382_crayfish::exemplar_1
train,train_exemplar_ep00038_pair010,38,19,exemplar,00445_doorhandle,0,1,train::00445_doorhandle::exemplar_0
train,train_exemplar_ep00038_pair010,38,19,exemplar,00445_doorhandle,1,0,train::00445_doorhandle::exemplar_1
train,train_exemplar_ep00038_pair011,38,19,exemplar,00272_charger,0,1,train::00272_charger::exemplar_0
train,train_exemplar_ep00038_pair011,38,19,exemplar,00272_charger,1,0,train::00272_charger::exemplar_1
train,train_exemplar_ep00038_pair012,38,19,exemplar,00210_cake,0,1,train::00210_cake::exemplar_0
train,train_exemplar_ep00038_pair012,38,19,exemplar,00210_cake,1,0,train::00210_cake::exemplar_1
train,train_exemplar_ep00038_pair013,38,19,exemplar,00217_camel,0,1,train::00217_camel::exemplar_0
train,train_exemplar_ep00038_pair013,38,19,exemplar,00217_camel,1,0,train::00217_camel::exemplar_1
train,train_exemplar_ep00038_pair014,38,19,exemplar,00310_clasp,0,1,train::00310_clasp::exemplar_0
train,train_exemplar_ep00038_pair014,38,19,exemplar,00310_clasp,1,0,train::00310_clasp::exemplar_1
train,train_exemplar_ep00038_pair015,38,19,exemplar,00625_grill,0,1,train::00625_grill::exemplar_0
train,train_exemplar_ep00038_pair015,38,19,exemplar,00625_grill,1,0,train::00625_grill::exemplar_1
train,train_exemplar_ep00038_pair016,38,19,exemplar,00444_doorbell,0,1,train::00444_doorbell::exemplar_0
train,train_exemplar_ep00038_pair016,38,19,exemplar,00444_doorbell,1,0,train::00444_doorbell::exemplar_1
train,train_exemplar_ep00038_pair017,38,19,exemplar,00377_cracker,0,1,train::00377_cracker::exemplar_0
train,train_exemplar_ep00038_pair017,38,19,exemplar,00377_cracker,1,0,train::00377_cracker::exemplar_1
train,train_exemplar_ep00038_pair018,38,19,exemplar,00409_daisy,0,1,train::00409_daisy::exemplar_0
train,train_exemplar_ep00038_pair018,38,19,exemplar,00409_daisy,1,0,train::00409_daisy::exemplar_1
train,train_exemplar_ep00038_pair019,38,19,exemplar,00665_hat,0,1,train::00665_hat::exemplar_0
train,train_exemplar_ep00038_pair019,38,19,exemplar,00665_hat,1,0,train::00665_hat::exemplar_1
train,train_novel_ep00039_pair001,39,25,novel,00392_crucifix,0,1,train::00392_crucifix::exemplar_0
train,train_novel_ep00039_pair001,39,25,novel,00653_hand,0,0,train::00653_hand::exemplar_0
train,train_novel_ep00039_pair002,39,25,novel,00540_flipper,0,1,train::00540_flipper::exemplar_0
train,train_novel_ep00039_pair002,39,25,novel,00374_counter,0,0,train::00374_counter::exemplar_0
train,train_novel_ep00039_pair003,39,25,novel,00310_clasp,0,1,train::00310_clasp::exemplar_0
train,train_novel_ep00039_pair003,39,25,novel,00575_garbage,0,0,train::00575_garbage::exemplar_0
train,train_novel_ep00039_pair004,39,25,novel,00755_juicer1,0,1,train::00755_juicer1::exemplar_0
train,train_novel_ep00039_pair004,39,25,novel,00709_hot_tub,0,0,train::00709_hot_tub::exemplar_0
train,train_novel_ep00039_pair005,39,25,novel,00643_hail,0,1,train::00643_hail::exemplar_0
train,train_novel_ep00039_pair005,39,25,novel,00403_curling_iron,0,0,train::00403_curling_iron::exemplar_0
train,train_novel_ep00039_pair006,39,25,novel,00738_jacket,0,1,train::00738_jacket::exemplar_0
train,train_novel_ep00039_pair006,39,25,novel,00466_dumpster,0,0,train::00466_dumpster::exemplar_0
train,train_novel_ep00039_pair007,39,25,novel,00282_chick,0,1,train::00282_chick::exemplar_0
train,train_novel_ep00039_pair007,39,25,novel,00741_jam,0,0,train::00741_jam::exemplar_0
train,train_novel_ep00039_pair008,39,25,novel,00323_clover,0,1,train::00323_clover::exemplar_0
train,train_novel_ep00039_pair008,39,25,novel,00625_grill,0,0,train::00625_grill::exemplar_0
train,train_novel_ep00039_pair009,39,25,novel,00634_guitar,0,1,train::00634_guitar::exemplar_0
train,train_novel_ep00039_pair009,39,25,novel,00525_first-aid_kit,0,0,train::00525_first-aid_kit::exemplar_0
train,train_novel_ep00039_pair010,39,25,novel,00797_lavender,0,1,train::00797_lavender::exemplar_0
train,train_novel_ep00039_pair010,39,25,novel,00476_eclair,0,0,train::00476_eclair::exemplar_0
train,train_novel_ep00039_pair011,39,25,novel,00609_gourd,0,1,train::00609_gourd::exemplar_0
train,train_novel_ep00039_pair011,39,25,novel,00585_gazelle,0,0,train::00585_gazelle::exemplar_0
train,train_novel_ep00039_pair012,39,25,novel,00256_caviar,0,1,train::00256_caviar::exemplar_0
train,train_novel_ep00039_pair012,39,25,novel,00357_coral,0,0,train::00357_coral::exemplar_0
train,train_novel_ep00039_pair013,39,25,novel,00658_handprint,0,1,train::00658_handprint::exemplar_0
train,train_novel_ep00039_pair013,39,25,novel,00531_flag,0,0,train::00531_flag::exemplar_0
train,train_novel_ep00039_pair014,39,25,novel,00501_feather,0,1,train::00501_feather::exemplar_0
train,train_novel_ep00039_pair014,39,25,novel,00766_ketchup,0,0,train::00766_ketchup::exemplar_0
train,train_novel_ep00039_pair015,39,25,novel,00265_chair,0,1,train::00265_chair::exemplar_0
train,train_novel_ep00039_pair015,39,25,novel,00234_cantaloupe,0,0,train::00234_cantaloupe::exemplar_0
train,train_novel_ep00039_pair016,39,25,novel,00784_ladybug,0,1,train::00784_ladybug::exemplar_0
train,train_novel_ep00039_pair016,39,25,novel,00286_chickpea,0,0,train::00286_chickpea::exemplar_0
train,train_novel_ep00039_pair017,39,25,novel,00519_fire_pit,0,1,train::00519_fire_pit::exemplar_0
train,train_novel_ep00039_pair017,39,25,novel,00702_horn,0,0,train::00702_horn::exemplar_0
train,train_novel_ep00039_pair018,39,25,novel,00462_duct_tape,0,1,train::00462_duct_tape::exemplar_0
train,train_novel_ep00039_pair018,39,25,novel,00414_deer,0,0,train::00414_deer::exemplar_0
train,train_novel_ep00039_pair019,39,25,novel,00410_dandelion,0,1,train::00410_dandelion::exemplar_0
train,train_novel_ep00039_pair019,39,25,novel,00635_gum,0,0,train::00635_gum::exemplar_0
train,train_novel_ep00039_pair020,39,25,novel,00316_clock,0,1,train::00316_clock::exemplar_0
train,train_novel_ep00039_pair020,39,25,novel,00751_jigsaw_puzzle,0,0,train::00751_jigsaw_puzzle::exemplar_0
train,train_novel_ep00039_pair021,39,25,novel,00692_holster,0,1,train::00692_holster::exemplar_0
train,train_novel_ep00039_pair021,39,25,novel,00500_faucet,0,0,train::00500_faucet::exemplar_0
train,train_novel_ep00039_pair022,39,25,novel,00275_checkers,0,1,train::00275_checkers::exemplar_0
train,train_novel_ep00039_pair022,39,25,novel,00554_football_helmet,0,0,train::00554_football_helmet::exemplar_0
train,train_novel_ep00039_pair023,39,25,novel,00680_hedge,0,1,train::00680_hedge::exemplar_0
train,train_novel_ep00039_pair023,39,25,novel,00638_gun,0,0,train::00638_gun::exemplar_0
train,train_novel_ep00039_pair024,39,25,novel,00238_car,0,1,train::00238_car::exemplar_0
train,train_novel_ep00039_pair024,39,25,novel,00409_daisy,0,0,train::00409_daisy::exemplar_0
train,train_novel_ep00039_pair025,39,25,novel,00502_fence,0,1,train::00502_fence::exemplar_0
train,train_novel_ep00039_pair025,39,25,novel,00597_glasses,0,0,train::00597_glasses::exemplar_0
train,train_exemplar_ep00040_pair001,40,19,exemplar,00252_cassette,0,1,train::00252_cassette::exemplar_0
train,train_exemplar_ep00040_pair001,40,19,exemplar,00252_cassette,1,0,train::00252_cassette::exemplar_1
train,train_exemplar_ep00040_pair002,40,19,exemplar,00692_holster,0,1,train::00692_holster::exemplar_0
train,train_exemplar_ep00040_pair002,40,19,exemplar,00692_holster,1,0,train::00692_holster::exemplar_1
train,train_exemplar_ep00040_pair003,40,19,exemplar,00617_grapevine,0,1,train::00617_grapevine::exemplar_0
train,train_exemplar_ep00040_pair003,40,19,exemplar,00617_grapevine,1,0,train::00617_grapevine::exemplar_1
train,train_exemplar_ep00040_pair004,40,19,exemplar,00719_hyena,0,1,train::00719_hyena::exemplar_0
train,train_exemplar_ep00040_pair004,40,19,exemplar,00719_hyena,1,0,train::00719_hyena::exemplar_1
train,train_exemplar_ep00040_pair005,40,19,exemplar,00781_koala,0,1,train::00781_koala::exemplar_0
train,train_exemplar_ep00040_pair005,40,19,exemplar,00781_koala,1,0,train::00781_koala::exemplar_1
train,train_exemplar_ep00040_pair006,40,19,exemplar,00211_cake_mix,0,1,train::00211_cake_mix::exemplar_0
train,train_exemplar_ep00040_pair006,40,19,exemplar,00211_cake_mix,1,0,train::00211_cake_mix::exemplar_1
train,train_exemplar_ep00040_pair007,40,19,exemplar,00540_flipper,0,1,train::00540_flipper::exemplar_0
train,train_exemplar_ep00040_pair007,40,19,exemplar,00540_flipper,1,0,train::00540_flipper::exemplar_1
train,train_exemplar_ep00040_pair008,40,19,exemplar,00486_engine,0,1,train::00486_engine::exemplar_0
train,train_exemplar_ep00040_pair008,40,19,exemplar,00486_engine,1,0,train::00486_engine::exemplar_1
train,train_exemplar_ep00040_pair009,40,19,exemplar,00513_filter,0,1,train::00513_filter::exemplar_0
train,train_exemplar_ep00040_pair009,40,19,exemplar,00513_filter,1,0,train::00513_filter::exemplar_1
train,train_exemplar_ep00040_pair010,40,19,exemplar,00279_chess_piece,0,1,train::00279_chess_piece::exemplar_0
train,train_exemplar_ep00040_pair010,40,19,exemplar,00279_chess_piece,1,0,train::00279_chess_piece::exemplar_1
train,train_exemplar_ep00040_pair011,40,19,exemplar,00635_gum,0,1,train::00635_gum::exemplar_0
train,train_exemplar_ep00040_pair011,40,19,exemplar,00635_gum,1,0,train::00635_gum::exemplar_1
train,train_exemplar_ep00040_pair012,40,19,exemplar,00283_chicken1,0,1,train::00283_chicken1::exemplar_0
train,train_exemplar_ep00040_pair012,40,19,exemplar,00283_chicken1,1,0,train::00283_chicken1::exemplar_1
train,train_exemplar_ep00040_pair013,40,19,exemplar,00765_keg,0,1,train::00765_keg::exemplar_0
train,train_exemplar_ep00040_pair013,40,19,exemplar,00765_keg,1,0,train::00765_keg::exemplar_1
train,train_exemplar_ep00040_pair014,40,19,exemplar,00255_cauliflower,0,1,train::00255_cauliflower::exemplar_0
train,train_exemplar_ep00040_pair014,40,19,exemplar,00255_cauliflower,1,0,train::00255_cauliflower::exemplar_1
train,train_exemplar_ep00040_pair015,40,19,exemplar,00447_doorknocker,0,1,train::00447_doorknocker::exemplar_0
train,train_exemplar_ep00040_pair015,40,19,exemplar,00447_doorknocker,1,0,train::00447_doorknocker::exemplar_1
train,train_exemplar_ep00040_pair016,40,19,exemplar,00415_defibrillator,0,1,train::00415_defibrillator::exemplar_0
train,train_exemplar_ep00040_pair016,40,19,exemplar,00415_defibrillator,1,0,train::00415_defibrillator::exemplar_1
train,train_exemplar_ep00040_pair017,40,19,exemplar,00276_cheeseburger,0,1,train::00276_cheeseburger::exemplar_0
train,train_exemplar_ep00040_pair017,40,19,exemplar,00276_cheeseburger,1,0,train::00276_cheeseburger::exemplar_1
train,train_exemplar_ep00040_pair018,40,19,exemplar,00767_key,0,1,train::00767_key::exemplar_0
train,train_exemplar_ep00040_pair018,40,19,exemplar,00767_key,1,0,train::00767_key::exemplar_1
train,train_exemplar_ep00040_pair019,40,19,exemplar,00651_hammock,0,1,train::00651_hammock::exemplar_0
train,train_exemplar_ep00040_pair019,40,19,exemplar,00651_hammock,1,0,train::00651_hammock::exemplar_1
train,train_novel_ep00041_pair001,41,1,novel,00332_coffee_filter,0,1,train::00332_coffee_filter::exemplar_0
train,train_novel_ep00041_pair001,41,1,novel,00673_headlight,0,0,train::00673_headlight::exemplar_0
train,train_exemplar_ep00042_pair001,42,16,exemplar,00415_defibrillator,0,1,train::00415_defibrillator::exemplar_0
train,train_exemplar_ep00042_pair001,42,16,exemplar,00415_defibrillator,1,0,train::00415_defibrillator::exemplar_1
train,train_exemplar_ep00042_pair002,42,16,exemplar,00204_button2,0,1,train::00204_button2::exemplar_0
train,train_exemplar_ep00042_pair002,42,16,exemplar,00204_button2,1,0,train::00204_button2::exemplar_1
train,train_exemplar_ep00042_pair003,42,16,exemplar,00213_calf1,0,1,train::00213_calf1::exemplar_0
train,train_exemplar_ep00042_pair003,42,16,exemplar,00213_calf1,1,0,train::00213_calf1::exemplar_1
train,train_exemplar_ep00042_pair004,42,16,exemplar,00311_clay,0,1,train::00311_clay::exemplar_0
train,train_exemplar_ep00042_pair004,42,16,exemplar,00311_clay,1,0,train::00311_clay::exemplar_1
train,train_exemplar_ep00042_pair005,42,16,exemplar,00388_crossbow,0,1,train::00388_crossbow::exemplar_0
train,train_exemplar_ep00042_pair005,42,16,exemplar,00388_crossbow,1,0,train::00388_crossbow::exemplar_1
train,train_exemplar_ep00042_pair006,42,16,exemplar,00239_car_door,0,1,train::00239_car_door::exemplar_0
train,train_exemplar_ep00042_pair006,42,16,exemplar,00239_car_door,1,0,train::00239_car_door::exemplar_1
train,train_exemplar_ep00042_pair007,42,16,exemplar,00719_hyena,0,1,train::00719_hyena::exemplar_0
train,train_exemplar_ep00042_pair007,42,16,exemplar,00719_hyena,1,0,train::00719_hyena::exemplar_1
train,train_exemplar_ep00042_pair008,42,16,exemplar,00329_cocktail,0,1,train::00329_cocktail::exemplar_0
train,train_exemplar_ep00042_pair008,42,16,exemplar,00329_cocktail,1,0,train::00329_cocktail::exemplar_1
train,train_exemplar_ep00042_pair009,42,16,exemplar,00503_fencepost,0,1,train::00503_fencepost::exemplar_0
train,train_exemplar_ep00042_pair009,42,16,exemplar,00503_fencepost,1,0,train::00503_fencepost::exemplar_1
train,train_exemplar_ep00042_pair010,42,16,exemplar,00506_ferris_wheel,0,1,train::00506_ferris_wheel::exemplar_0
train,train_exemplar_ep00042_pair010,42,16,exemplar,00506_ferris_wheel,1,0,train::00506_ferris_wheel::exemplar_1
train,train_exemplar_ep00042_pair011,42,16,exemplar,00795_latte,0,1,train::00795_latte::exemplar_0
train,train_exemplar_ep00042_pair011,42,16,exemplar,00795_latte,1,0,train::00795_latte::exemplar_1
train,train_exemplar_ep00042_pair012,42,16,exemplar,00658_handprint,0,1,train::00658_handprint::exemplar_0
train,train_exemplar_ep00042_pair012,42,16,exemplar,00658_handprint,1,0,train::00658_handprint::exemplar_1
train,train_exemplar_ep00042_pair013,42,16,exemplar,00656_handle,0,1,train::00656_handle::exemplar_0
train,train_exemplar_ep00042_pair013,42,16,exemplar,00656_handle,1,0,train::00656_handle::exemplar_1
train,train_exemplar_ep00042_pair014,42,16,exemplar,00302_cigar,0,1,train::00302_cigar::exemplar_0
train,train_exemplar_ep00042_pair014,42,16,exemplar,00302_cigar,1,0,train::00302_cigar::exemplar_1
train,train_exemplar_ep00042_pair015,42,16,exemplar,00504_fern,0,1,train::00504_fern::exemplar_0
train,train_exemplar_ep00042_pair015,42,16,exemplar,00504_fern,1,0,train::00504_fern::exemplar_1
train,train_exemplar_ep00042_pair016,42,16,exemplar,00599_glue,0,1,train::00599_glue::exemplar_0
train,train_exemplar_ep00042_pair016,42,16,exemplar,00599_glue,1,0,train::00599_glue::exemplar_1
train,train_novel_ep00043_pair001,43,8,novel,00237_cape,0,1,train::00237_cape::exemplar_0
train,train_novel_ep00043_pair001,43,8,novel,00307_cinnamon,0,0,train::00307_cinnamon::exemplar_0
train,train_novel_ep00043_pair002,43,8,novel,00213_calf1,0,1,train::00213_calf1::exemplar_0
train,train_novel_ep00043_pair002,43,8,novel,00232_cannonball,0,0,train::00232_cannonball::exemplar_0
train,train_novel_ep00043_pair003,43,8,novel,00698_hook1,0,1,train::00698_hook1::exemplar_0
train,train_novel_ep00043_pair003,43,8,novel,00550_fondue,0,0,train::00550_fondue::exemplar_0
train,train_novel_ep00043_pair004,43,8,novel,00482_elbow,0,1,train::00482_elbow::exemplar_0
train,train_novel_ep00043_pair004,43,8,novel,00759_kale,0,0,train::00759_kale::exemplar_0
train,train_novel_ep00043_pair005,43,8,novel,00689_hockey_stick,0,1,train::00689_hockey_stick::exemplar_0
train,train_novel_ep00043_pair005,43,8,novel,00740_jalapeno,0,0,train::00740_jalapeno::exemplar_0
train,train_novel_ep00043_pair006,43,8,novel,00735_ironing_board,0,1,train::00735_ironing_board::exemplar_0
train,train_novel_ep00043_pair006,43,8,novel,00228_candy_cane,0,0,train::00228_candy_cane::exemplar_0
train,train_novel_ep00043_pair007,43,8,novel,00389_crouton,0,1,train::00389_crouton::exemplar_0
train,train_novel_ep00043_pair007,43,8,novel,00244_cardigan,0,0,train::00244_cardigan::exemplar_0
train,train_novel_ep00043_pair008,43,8,novel,00347_computer_screen,0,1,train::00347_computer_screen::exemplar_0
train,train_novel_ep00043_pair008,43,8,novel,00477_egg_roll,0,0,train::00477_egg_roll::exemplar_0
train,train_exemplar_ep00044_pair001,44,6,exemplar,00485_enchilada,0,1,train::00485_enchilada::exemplar_0
train,train_exemplar_ep00044_pair001,44,6,exemplar,00485_enchilada,1,0,train::00485_enchilada::exemplar_1
train,train_exemplar_ep00044_pair002,44,6,exemplar,00528_fishhook,0,1,train::00528_fishhook::exemplar_0
train,train_exemplar_ep00044_pair002,44,6,exemplar,00528_fishhook,1,0,train::00528_fishhook::exemplar_1
train,train_exemplar_ep00044_pair003,44,6,exemplar,00593_gingerbread_man,0,1,train::00593_gingerbread_man::exemplar_0
train,train_exemplar_ep00044_pair003,44,6,exemplar,00593_gingerbread_man,1,0,train::00593_gingerbread_man::exemplar_1
train,train_exemplar_ep00044_pair004,44,6,exemplar,00565_frog,0,1,train::00565_frog::exemplar_0
train,train_exemplar_ep00044_pair004,44,6,exemplar,00565_frog,1,0,train::00565_frog::exemplar_1
train,train_exemplar_ep00044_pair005,44,6,exemplar,00433_dogfood,0,1,train::00433_dogfood::exemplar_0
train,train_exemplar_ep00044_pair005,44,6,exemplar,00433_dogfood,1,0,train::00433_dogfood::exemplar_1
train,train_exemplar_ep00044_pair006,44,6,exemplar,00415_defibrillator,0,1,train::00415_defibrillator::exemplar_0
train,train_exemplar_ep00044_pair006,44,6,exemplar,00415_defibrillator,1,0,train::00415_defibrillator::exemplar_1
train,train_novel_ep00045_pair001,45,10,novel,00776_knife,0,1,train::00776_knife::exemplar_0
train,train_novel_ep00045_pair001,45,10,novel,00408_cymbal,0,0,train::00408_cymbal::exemplar_0
train,train_novel_ep00045_pair002,45,10,novel,00431_diving_board,0,1,train::00431_diving_board::exemplar_0
train,train_novel_ep00045_pair002,45,10,novel,00680_hedge,0,0,train::00680_hedge::exemplar_0
train,train_novel_ep00045_pair003,45,10,novel,00535_flashbulb,0,1,train::00535_flashbulb::exemplar_0
train,train_novel_ep00045_pair003,45,10,novel,00681_hedgehog,0,0,train::00681_hedgehog::exemplar_0
train,train_novel_ep00045_pair004,45,10,novel,00533_flamethrower,0,1,train::00533_flamethrower::exemplar_0
train,train_novel_ep00045_pair004,45,10,novel,00462_duct_tape,0,0,train::00462_duct_tape::exemplar_0
train,train_novel_ep00045_pair005,45,10,novel,00279_chess_piece,0,1,train::00279_chess_piece::exemplar_0
train,train_novel_ep00045_pair005,45,10,novel,00247_carriage,0,0,train::00247_carriage::exemplar_0
train,train_novel_ep00045_pair006,45,10,novel,00592_ginger,0,1,train::00592_ginger::exemplar_0
train,train_novel_ep00045_pair006,45,10,novel,00287_chihuahua,0,0,train::00287_chihuahua::exemplar_0
train,train_novel_ep00045_pair007,45,10,novel,00381_crate,0,1,train::00381_crate::exemplar_0
train,train_novel_ep00045_pair007,45,10,novel,00259_cellphone,0,0,train::00259_cellphone::exemplar_0
train,train_novel_ep00045_pair008,45,10,novel,00241_caramel,0,1,train::00241_caramel::exemplar_0
train,train_novel_ep00045_pair008,45,10,novel,00274_checkbook,0,0,train::00274_checkbook::exemplar_0
train,train_novel_ep00045_pair009,45,10,novel,00336_coil,0,1,train::00336_coil::exemplar_0
train,train_novel_ep00045_pair009,45,10,novel,00474_easel,0,0,train::00474_easel::exemplar_0
train,train_novel_ep00045_pair010,45,10,novel,00746_jersey,0,1,train::00746_jersey::exemplar_0
train,train_novel_ep00045_pair010,45,10,novel,00685_hinge,0,0,train::00685_hinge::exemplar_0
train,train_exemplar_ep00046_pair001,46,4,exemplar,00684_highlighter,0,1,train::00684_highlighter::exemplar_0
train,train_exemplar_ep00046_pair001,46,4,exemplar,00684_highlighter,1,0,train::00684_highlighter::exemplar_1
train,train_exemplar_ep00046_pair002,46,4,exemplar,00554_football_helmet,0,1,train::00554_football_helmet::exemplar_0
train,train_exemplar_ep00046_pair002,46,4,exemplar,00554_football_helmet,1,0,train::00554_football_helmet::exemplar_1
train,train_exemplar_ep00046_pair003,46,4,exemplar,00457_drumstick,0,1,train::00457_drumstick::exemplar_0
train,train_exemplar_ep00046_pair003,46,4,exemplar,00457_drumstick,1,0,train::00457_drumstick::exemplar_1
train,train_exemplar_ep00046_pair004,46,4,exemplar,00685_hinge,0,1,train::00685_hinge::exemplar_0
train,train_exemplar_ep00046_pair004,46,4,exemplar,00685_hinge,1,0,train::00685_hinge::exemplar_1
train,train_novel_ep00047_pair001,47,30,novel,00227_candy_bar,0,1,train::00227_candy_bar::exemplar_0
train,train_novel_ep00047_pair001,47,30,novel,00723_icemaker,0,0,train::00723_icemaker::exemplar_0
train,train_novel_ep00047_pair002,47,30,novel,00331_coffee,0,1,train::00331_coffee::exemplar_0
train,train_novel_ep00047_pair002,47,30,novel,00661_harmonica,0,0,train::00661_harmonica::exemplar_0
train,train_novel_ep00047_pair003,47,30,novel,00536_flashlight,0,1,train::00536_flashlight::exemplar_0
train,train_novel_ep00047_pair003,47,30,novel,00547_flypaper,0,0,train::00547_flypaper::exemplar_0
train,train_novel_ep00047_pair004,47,30,novel,00732_inkwell,0,1,train::00732_inkwell::exemplar_0
train,train_novel_ep00047_pair004,47,30,novel,00726_icicle,0,0,train::00726_icicle::exemplar_0
train,train_novel_ep00047_pair005,47,30,novel,00498_fan,0,1,train::00498_fan::exemplar_0
train,train_novel_ep00047_pair005,47,30,novel,00779_knob,0,0,train::00779_knob::exemplar_0
train,train_novel_ep00047_pair006,47,30,novel,00379_crane,0,1,train::00379_crane::exemplar_0
train,train_novel_ep00047_pair006,47,30,novel,00573_gallows,0,0,train::00573_gallows::exemplar_0
train,train_novel_ep00047_pair007,47,30,novel,00497_face,0,1,train::00497_face::exemplar_0
train,train_novel_ep00047_pair007,47,30,novel,00202_butterfly,0,0,train::00202_butterfly::exemplar_0
train,train_novel_ep00047_pair008,47,30,novel,00594_giraffe,0,1,train::00594_giraffe::exemplar_0
train,train_novel_ep00047_pair008,47,30,novel,00414_deer,0,0,train::00414_deer::exemplar_0
train,train_novel_ep00047_pair009,47,30,novel,00460_duckling,0,1,train::00460_duckling::exemplar_0
train,train_novel_ep00047_pair009,47,30,novel,00210_cake,0,0,train::00210_cake::exemplar_0
train,train_novel_ep00047_pair010,47,30,novel,00558_forklift,0,1,train::00558_forklift::exemplar_0
train,train_novel_ep00047_pair010,47,30,novel,00796_lava,0,0,train::00796_lava::exemplar_0
train,train_novel_ep00047_pair011,47,30,novel,00629_groundhog,0,1,train::00629_groundhog::exemplar_0
train,train_novel_ep00047_pair011,47,30,novel,00731_ink,0,0,train::00731_ink::exemplar_0
train,train_novel_ep00047_pair012,47,30,novel,00675_headrest,0,1,train::00675_headrest::exemplar_0
train,train_novel_ep00047_pair012,47,30,novel,00630_guacamole,0,0,train::00630_guacamole::exemplar_0
train,train_novel_ep00047_pair013,47,30,novel,00746_jersey,0,1,train::00746_jersey::exemplar_0
train,train_novel_ep00047_pair013,47,30,novel,00716_hummus,0,0,train::00716_hummus::exemplar_0
train,train_novel_ep00047_pair014,47,30,novel,00616_grapefruit,0,1,train::00616_grapefruit::exemplar_0
train,train_novel_ep00047_pair014,47,30,novel,00505_ferret,0,0,train::00505_ferret::exemplar_0
train,train_novel_ep00047_pair015,47,30,novel,00374_counter,0,1,train::00374_counter::exemplar_0
train,train_novel_ep00047_pair015,47,30,novel,00600_go-kart,0,0,train::00600_go-kart::exemplar_0
train,train_novel_ep00047_pair016,47,30,novel,00424_dip,0,1,train::00424_dip::exemplar_0
train,train_novel_ep00047_pair016,47,30,novel,00358_cord,0,0,train::00358_cord::exemplar_0
train,train_novel_ep00047_pair017,47,30,novel,00265_chair,0,1,train::00265_chair::exemplar_0
train,train_novel_ep00047_pair017,47,30,novel,00458_dryer,0,0,train::00458_dryer::exemplar_0
train,train_novel_ep00047_pair018,47,30,novel,00373_cougar,0,1,train::00373_cougar::exemplar_0
train,train_novel_ep00047_pair018,47,30,novel,00728_incense,0,0,train::00728_incense::exemplar_0
train,train_novel_ep00047_pair019,47,30,novel,00679_heater,0,1,train::00679_heater::exemplar_0
train,train_novel_ep00047_pair019,47,30,novel,00238_car,0,0,train::00238_car::exemplar_0
train,train_novel_ep00047_pair020,47,30,novel,00447_doorknocker,0,1,train::00447_doorknocker::exemplar_0
train,train_novel_ep00047_pair020,47,30,novel,00254_catfish,0,0,train::00254_catfish::exemplar_0
train,train_novel_ep00047_pair021,47,30,novel,00730_inhaler,0,1,train::00730_inhaler::exemplar_0
train,train_novel_ep00047_pair021,47,30,novel,00800_leash,0,0,train::00800_leash::exemplar_0
train,train_novel_ep00047_pair022,47,30,novel,00637_gumdrop,0,1,train::00637_gumdrop::exemplar_0
train,train_novel_ep00047_pair022,47,30,novel,00624_green_beans,0,0,train::00624_green_beans::exemplar_0
train,train_novel_ep00047_pair023,47,30,novel,00354_cooler,0,1,train::00354_cooler::exemplar_0
train,train_novel_ep00047_pair023,47,30,novel,00432_dog,0,0,train::00432_dog::exemplar_0
train,train_novel_ep00047_pair024,47,30,novel,00350_container,0,1,train::00350_container::exemplar_0
train,train_novel_ep00047_pair024,47,30,novel,00533_flamethrower,0,0,train::00533_flamethrower::exemplar_0
train,train_novel_ep00047_pair025,47,30,novel,00247_carriage,0,1,train::00247_carriage::exemplar_0
train,train_novel_ep00047_pair025,47,30,novel,00362_corn,0,0,train::00362_corn::exemplar_0
train,train_novel_ep00047_pair026,47,30,novel,00534_flan,0,1,train::00534_flan::exemplar_0
train,train_novel_ep00047_pair026,47,30,novel,00314_clipper2,0,0,train::00314_clipper2::exemplar_0
train,train_novel_ep00047_pair027,47,30,novel,00346_computer,0,1,train::00346_computer::exemplar_0
train,train_novel_ep00047_pair027,47,30,novel,00259_cellphone,0,0,train::00259_cellphone::exemplar_0
train,train_novel_ep00047_pair028,47,30,novel,00548_flyswatter,0,1,train::00548_flyswatter::exemplar_0
train,train_novel_ep00047_pair028,47,30,novel,00318_clothes,0,0,train::00318_clothes::exemplar_0
train,train_novel_ep00047_pair029,47,30,novel,00305_cigarette_holder,0,1,train::00305_cigarette_holder::exemplar_0
train,train_novel_ep00047_pair029,47,30,novel,00688_hobbyhorse,0,0,train::00688_hobbyhorse::exemplar_0
train,train_novel_ep00047_pair030,47,30,novel,00775_knee,0,1,train::00775_knee::exemplar_0
train,train_novel_ep00047_pair030,47,30,novel,00380_crank,0,0,train::00380_crank::exemplar_0
train,train_exemplar_ep00048_pair001,48,22,exemplar,00329_cocktail,0,1,train::00329_cocktail::exemplar_0
train,train_exemplar_ep00048_pair001,48,22,exemplar,00329_cocktail,1,0,train::00329_cocktail::exemplar_1
train,train_exemplar_ep00048_pair002,48,22,exemplar,00623_gravy,0,1,train::00623_gravy::exemplar_0
train,train_exemplar_ep00048_pair002,48,22,exemplar,00623_gravy,1,0,train::00623_gravy::exemplar_1
train,train_exemplar_ep00048_pair003,48,22,exemplar,00362_corn,0,1,train::00362_corn::exemplar_0
train,train_exemplar_ep00048_pair003,48,22,exemplar,00362_corn,1,0,train::00362_corn::exemplar_1
train,train_exemplar_ep00048_pair004,48,22,exemplar,00639_gurney,0,1,train::00639_gurney::exemplar_0
train,train_exemplar_ep00048_pair004,48,22,exemplar,00639_gurney,1,0,train::00639_gurney::exemplar_1
train,train_exemplar_ep00048_pair005,48,22,exemplar,00792_lasagna,0,1,train::00792_lasagna::exemplar_0
train,train_exemplar_ep00048_pair005,48,22,exemplar,00792_lasagna,1,0,train::00792_lasagna::exemplar_1
train,train_exemplar_ep00048_pair006,48,22,exemplar,00467_duster,0,1,train::00467_duster::exemplar_0
train,train_exemplar_ep00048_pair006,48,22,exemplar,00467_duster,1,0,train::00467_duster::exemplar_1
train,train_exemplar_ep00048_pair007,48,22,exemplar,00419_detonator,0,1,train::00419_detonator::exemplar_0
train,train_exemplar_ep00048_pair007,48,22,exemplar,00419_detonator,1,0,train::00419_detonator::exemplar_1
train,train_exemplar_ep00048_pair008,48,22,exemplar,00737_jack,0,1,train::00737_jack::exemplar_0
train,train_exemplar_ep00048_pair008,48,22,exemplar,00737_jack,1,0,train::00737_jack::exemplar_1
train,train_exemplar_ep00048_pair009,48,22,exemplar,00725_iceskate,0,1,train::00725_iceskate::exemplar_0
train,train_exemplar_ep00048_pair009,48,22,exemplar,00725_iceskate,1,0,train::00725_iceskate::exemplar_1
train,train_exemplar_ep00048_pair010,48,22,exemplar,00206_cabinet,0,1,train::00206_cabinet::exemplar_0
train,train_exemplar_ep00048_pair010,48,22,exemplar,00206_cabinet,1,0,train::00206_cabinet::exemplar_1
train,train_exemplar_ep00048_pair011,48,22,exemplar,00247_carriage,0,1,train::00247_carriage::exemplar_0
train,train_exemplar_ep00048_pair011,48,22,exemplar,00247_carriage,1,0,train::00247_carriage::exemplar_1
train,train_exemplar_ep00048_pair012,48,22,exemplar,00621_gravel,0,1,train::00621_gravel::exemplar_0
train,train_exemplar_ep00048_pair012,48,22,exemplar,00621_gravel,1,0,train::00621_gravel::exemplar_1
train,train_exemplar_ep00048_pair013,48,22,exemplar,00425_dirt_bike,0,1,train::00425_dirt_bike::exemplar_0
train,train_exemplar_ep00048_pair013,48,22,exemplar,00425_dirt_bike,1,0,train::00425_dirt_bike::exemplar_1
train,train_exemplar_ep00048_pair014,48,22,exemplar,00679_heater,0,1,train::00679_heater::exemplar_0
train,train_exemplar_ep00048_pair014,48,22,exemplar,00679_heater,1,0,train::00679_heater::exemplar_1
train,train_exemplar_ep00048_pair015,48,22,exemplar,00448_doormat,0,1,train::00448_doormat::exemplar_0
train,train_exemplar_ep00048_pair015,48,22,exemplar,00448_doormat,1,0,train::00448_doormat::exemplar_1
train,train_exemplar_ep00048_pair016,48,22,exemplar,00654_handcuff,0,1,train::00654_handcuff::exemplar_0
train,train_exemplar_ep00048_pair016,48,22,exemplar,00654_handcuff,1,0,train::00654_handcuff::exemplar_1
train,train_exemplar_ep00048_pair017,48,22,exemplar,00486_engine,0,1,train::00486_engine::exemplar_0
train,train_exemplar_ep00048_pair017,48,22,exemplar,00486_engine,1,0,train::00486_engine::exemplar_1
train,train_exemplar_ep00048_pair018,48,22,exemplar,00741_jam,0,1,train::00741_jam::exemplar_0
train,train_exemplar_ep00048_pair018,48,22,exemplar,00741_jam,1,0,train::00741_jam::exemplar_1
train,train_exemplar_ep00048_pair019,48,22,exemplar,00502_fence,0,1,train::00502_fence::exemplar_0
train,train_exemplar_ep00048_pair019,48,22,exemplar,00502_fence,1,0,train::00502_fence::exemplar_1
train,train_exemplar_ep00048_pair020,48,22,exemplar,00410_dandelion,0,1,train::00410_dandelion::exemplar_0
train,train_exemplar_ep00048_pair020,48,22,exemplar,00410_dandelion,1,0,train::00410_dandelion::exemplar_1
train,train_exemplar_ep00048_pair021,48,22,exemplar,00703_horse,0,1,train::00703_horse::exemplar_0
train,train_exemplar_ep00048_pair021,48,22,exemplar,00703_horse,1,0,train::00703_horse::exemplar_1
train,train_exemplar_ep00048_pair022,48,22,exemplar,00262_centrifuge,0,1,train::00262_centrifuge::exemplar_0
train,train_exemplar_ep00048_pair022,48,22,exemplar,00262_centrifuge,1,0,train::00262_centrifuge::exemplar_1
train,train_novel_ep00049_pair001,49,27,novel,00623_gravy,0,1,train::00623_gravy::exemplar_0
train,train_novel_ep00049_pair001,49,27,novel,00780_knot,0,0,train::00780_knot::exemplar_0
train,train_novel_ep00049_pair002,49,27,novel,00480_eggplant,0,1,train::00480_eggplant::exemplar_0
train,train_novel_ep00049_pair002,49,27,novel,00323_clover,0,0,train::00323_clover::exemplar_0
train,train_novel_ep00049_pair003,49,27,novel,00724_icepick,0,1,train::00724_icepick::exemplar_0
train,train_novel_ep00049_pair003,49,27,novel,00702_horn,0,0,train::00702_horn::exemplar_0
train,train_novel_ep00049_pair004,49,27,novel,00316_clock,0,1,train::00316_clock::exemplar_0
train,train_novel_ep00049_pair004,49,27,novel,00246_carousel,0,0,train::00246_carousel::exemplar_0
train,train_novel_ep00049_pair005,49,27,novel,00565_frog,0,1,train::00565_frog::exemplar_0
train,train_novel_ep00049_pair005,49,27,novel,00298_chocolate,0,0,train::00298_chocolate::exemplar_0
train,train_novel_ep00049_pair006,49,27,novel,00530_fishnet_stockings,0,1,train::00530_fishnet_stockings::exemplar_0
train,train_novel_ep00049_pair006,49,27,novel,00737_jack,0,0,train::00737_jack::exemplar_0
train,train_novel_ep00049_pair007,49,27,novel,00662_harness,0,1,train::00662_harness::exemplar_0
train,train_novel_ep00049_pair007,49,27,novel,00765_keg,0,0,train::00765_keg::exemplar_0
train,train_novel_ep00049_pair008,49,27,novel,00663_harp,0,1,train::00663_harp::exemplar_0
train,train_novel_ep00049_pair008,49,27,novel,00712_hourglass,0,0,train::00712_hourglass::exemplar_0
train,train_novel_ep00049_pair009,49,27,novel,00442_donut,0,1,train::00442_donut::exemplar_0
train,train_novel_ep00049_pair009,49,27,novel,00300_christmas_tree,0,0,train::00300_christmas_tree::exemplar_0
train,train_novel_ep00049_pair010,49,27,novel,00525_first-aid_kit,0,1,train::00525_first-aid_kit::exemplar_0
train,train_novel_ep00049_pair010,49,27,novel,00440_domino,0,0,train::00440_domino::exemplar_0
train,train_novel_ep00049_pair011,49,27,novel,00331_coffee,0,1,train::00331_coffee::exemplar_0
train,train_novel_ep00049_pair011,49,27,novel,00293_chip,0,0,train::00293_chip::exemplar_0
train,train_novel_ep00049_pair012,49,27,novel,00540_flipper,0,1,train::00540_flipper::exemplar_0
train,train_novel_ep00049_pair012,49,27,novel,00668_hawk,0,0,train::00668_hawk::exemplar_0
train,train_novel_ep00049_pair013,49,27,novel,00434_doghouse,0,1,train::00434_doghouse::exemplar_0
train,train_novel_ep00049_pair013,49,27,novel,00289_chimney,0,0,train::00289_chimney::exemplar_0
train,train_novel_ep00049_pair014,49,27,novel,00470_ear,0,1,train::00470_ear::exemplar_0
train,train_novel_ep00049_pair014,49,27,novel,00670_headband,0,0,train::00670_headband::exemplar_0
train,train_novel_ep00049_pair015,49,27,novel,00400_cummerbund,0,1,train::00400_cummerbund::exemplar_0
train,train_novel_ep00049_pair015,49,27,novel,00638_gun,0,0,train::00638_gun::exemplar_0
train,train_novel_ep00049_pair016,49,27,novel,00522_firetruck,0,1,train::00522_firetruck::exemplar_0
train,train_novel_ep00049_pair016,49,27,novel,00756_juicer2,0,0,train::00756_juicer2::exemplar_0
train,train_novel_ep00049_pair017,49,27,novel,00593_gingerbread_man,0,1,train::00593_gingerbread_man::exemplar_0
train,train_novel_ep00049_pair017,49,27,novel,00484_emerald,0,0,train::00484_emerald::exemplar_0
train,train_novel_ep00049_pair018,49,27,novel,00381_crate,0,1,train::00381_crate::exemplar_0
train,train_novel_ep00049_pair018,49,27,novel,00325_coaster,0,0,train::00325_coaster::exemplar_0
train,train_novel_ep00049_pair019,49,27,novel,00551_food_processor,0,1,train::00551_food_processor::exemplar_0
train,train_novel_ep00049_pair019,49,27,novel,00231_cannon,0,0,train::00231_cannon::exemplar_0
train,train_novel_ep00049_pair020,49,27,novel,00746_jersey,0,1,train::00746_jersey::exemplar_0
train,train_novel_ep00049_pair020,49,27,novel,00770_kilt,0,0,train::00770_kilt::exemplar_0
train,train_novel_ep00049_pair021,49,27,novel,00550_fondue,0,1,train::00550_fondue::exemplar_0
train,train_novel_ep00049_pair021,49,27,novel,00422_diaper,0,0,train::00422_diaper::exemplar_0
train,train_novel_ep00049_pair022,49,27,novel,00679_heater,0,1,train::00679_heater::exemplar_0
train,train_novel_ep00049_pair022,49,27,novel,00242_card,0,0,train::00242_card::exemplar_0
train,train_novel_ep00049_pair023,49,27,novel,00239_car_door,0,1,train::00239_car_door::exemplar_0
train,train_novel_ep00049_pair023,49,27,novel,00760_kaleidoscope,0,0,train::00760_kaleidoscope::exemplar_0
train,train_novel_ep00049_pair024,49,27,novel,00675_headrest,0,1,train::00675_headrest::exemplar_0
train,train_novel_ep00049_pair024,49,27,novel,00516_fire,0,0,train::00516_fire::exemplar_0
train,train_novel_ep00049_pair025,49,27,novel,00602_goat,0,1,train::00602_goat::exemplar_0
train,train_novel_ep00049_pair025,49,27,novel,00543_flour,0,0,train::00543_flour::exemplar_0
train,train_novel_ep00049_pair026,49,27,novel,00583_gauze,0,1,train::00583_gauze::exemplar_0
train,train_novel_ep00049_pair026,49,27,novel,00326_coat_rack,0,0,train::00326_coat_rack::exemplar_0
train,train_novel_ep00049_pair027,49,27,novel,00601_goalpost,0,1,train::00601_goalpost::exemplar_0
train,train_novel_ep00049_pair027,49,27,novel,00478_eggbeater,0,0,train::00478_eggbeater::exemplar_0
train,train_exemplar_ep00050_pair001,50,6,exemplar,00330_cocoon,0,1,train::00330_cocoon::exemplar_0
train,train_exemplar_ep00050_pair001,50,6,exemplar,00330_cocoon,1,0,train::00330_cocoon::exemplar_1
train,train_exemplar_ep00050_pair002,50,6,exemplar,00758_jumpsuit,0,1,train::00758_jumpsuit::exemplar_0
train,train_exemplar_ep00050_pair002,50,6,exemplar,00758_jumpsuit,1,0,train::00758_jumpsuit::exemplar_1
train,train_exemplar_ep00050_pair003,50,6,exemplar,00773_kitten,0,1,train::00773_kitten::exemplar_0
train,train_exemplar_ep00050_pair003,50,6,exemplar,00773_kitten,1,0,train::00773_kitten::exemplar_1
train,train_exemplar_ep00050_pair004,50,6,exemplar,00611_grain,0,1,train::00611_grain::exemplar_0
train,train_exemplar_ep00050_pair004,50,6,exemplar,00611_grain,1,0,train::00611_grain::exemplar_1
train,train_exemplar_ep00050_pair005,50,6,exemplar,00420_dial,0,1,train::00420_dial::exemplar_0
train,train_exemplar_ep00050_pair005,50,6,exemplar,00420_dial,1,0,train::00420_dial::exemplar_1
train,train_exemplar_ep00050_pair006,50,6,exemplar,00332_coffee_filter,0,1,train::00332_coffee_filter::exemplar_0
train,train_exemplar_ep00050_pair006,50,6,exemplar,00332_coffee_filter,1,0,train::00332_coffee_filter::exemplar_1
train,train_novel_ep00051_pair001,51,6,novel,00792_lasagna,0,1,train::00792_lasagna::exemplar_0
train,train_novel_ep00051_pair001,51,6,novel,00730_inhaler,0,0,train::00730_inhaler::exemplar_0
train,train_novel_ep00051_pair002,51,6,novel,00383_crayon,0,1,train::00383_crayon::exemplar_0
train,train_novel_ep00051_pair002,51,6,novel,00712_hourglass,0,0,train::00712_hourglass::exemplar_0
train,train_novel_ep00051_pair003,51,6,novel,00460_duckling,0,1,train::00460_duckling::exemplar_0
train,train_novel_ep00051_pair003,51,6,novel,00405_curtain,0,0,train::00405_curtain::exemplar_0
train,train_novel_ep00051_pair004,51,6,novel,00715_hula_hoop,0,1,train::00715_hula_hoop::exemplar_0
train,train_novel_ep00051_pair004,51,6,novel,00522_firetruck,0,0,train::00522_firetruck::exemplar_0
train,train_novel_ep00051_pair005,51,6,novel,00798_lawnmower,0,1,train::00798_lawnmower::exemplar_0
train,train_novel_ep00051_pair005,51,6,novel,00468_dustpan,0,0,train::00468_dustpan::exemplar_0
train,train_novel_ep00051_pair006,51,6,novel,00776_knife,0,1,train::00776_knife::exemplar_0
train,train_novel_ep00051_pair006,51,6,novel,00658_handprint,0,0,train::00658_handprint::exemplar_0
train,train_exemplar_ep00052_pair001,52,20,exemplar,00313_clipper1,0,1,train::00313_clipper1::exemplar_0
train,train_exemplar_ep00052_pair001,52,20,exemplar,00313_clipper1,1,0,train::00313_clipper1::exemplar_1
train,train_exemplar_ep00052_pair002,52,20,exemplar,00568_fungus,0,1,train::00568_fungus::exemplar_0
train,train_exemplar_ep00052_pair002,52,20,exemplar,00568_fungus,1,0,train::00568_fungus::exemplar_1
train,train_exemplar_ep00052_pair003,52,20,exemplar,00301_chute,0,1,train::00301_chute::exemplar_0
train,train_exemplar_ep00052_pair003,52,20,exemplar,00301_chute,1,0,train::00301_chute::exemplar_1
train,train_exemplar_ep00052_pair004,52,20,exemplar,00571_furnace,0,1,train::00571_furnace::exemplar_0
train,train_exemplar_ep00052_pair004,52,20,exemplar,00571_furnace,1,0,train::00571_furnace::exemplar_1
train,train_exemplar_ep00052_pair005,52,20,exemplar,00261_centerpiece,0,1,train::00261_centerpiece::exemplar_0
train,train_exemplar_ep00052_pair005,52,20,exemplar,00261_centerpiece,1,0,train::00261_centerpiece::exemplar_1
train,train_exemplar_ep00052_pair006,52,20,exemplar,00448_doormat,0,1,train::00448_doormat::exemplar_0
train,train_exemplar_ep00052_pair006,52,20,exemplar,00448_doormat,1,0,train::00448_doormat::exemplar_1
train,train_exemplar_ep00052_pair007,52,20,exemplar,00539_flip_flop,0,1,train::00539_flip_flop::exemplar_0
train,train_exemplar_ep00052_pair007,52,20,exemplar,00539_flip_flop,1,0,train::00539_flip_flop::exemplar_1
train,train_exemplar_ep00052_pair008,52,20,exemplar,00456_drink,0,1,train::00456_drink::exemplar_0
train,train_exemplar_ep00052_pair008,52,20,exemplar,00456_drink,1,0,train::00456_drink::exemplar_1
train,train_exemplar_ep00052_pair009,52,20,exemplar,00230_canister,0,1,train::00230_canister::exemplar_0
train,train_exemplar_ep00052_pair009,52,20,exemplar,00230_canister,1,0,train::00230_canister::exemplar_1
train,train_exemplar_ep00052_pair010,52,20,exemplar,00793_laser_pointer,0,1,train::00793_laser_pointer::exemplar_0
train,train_exemplar_ep00052_pair010,52,20,exemplar,00793_laser_pointer,1,0,train::00793_laser_pointer::exemplar_1
train,train_exemplar_ep00052_pair011,52,20,exemplar,00318_clothes,0,1,train::00318_clothes::exemplar_0
train,train_exemplar_ep00052_pair011,52,20,exemplar,00318_clothes,1,0,train::00318_clothes::exemplar_1
train,train_exemplar_ep00052_pair012,52,20,exemplar,00549_foam,0,1,train::00549_foam::exemplar_0
train,train_exemplar_ep00052_pair012,52,20,exemplar,00549_foam,1,0,train::00549_foam::exemplar_1
train,train_exemplar_ep00052_pair013,52,20,exemplar,00416_denture,0,1,train::00416_denture::exemplar_0
train,train_exemplar_ep00052_pair013,52,20,exemplar,00416_denture,1,0,train::00416_denture::exemplar_1
train,train_exemplar_ep00052_pair014,52,20,exemplar,00740_jalapeno,0,1,train::00740_jalapeno::exemplar_0
train,train_exemplar_ep00052_pair014,52,20,exemplar,00740_jalapeno,1,0,train::00740_jalapeno::exemplar_1
train,train_exemplar_ep00052_pair015,52,20,exemplar,00745_jellyfish,0,1,train::00745_jellyfish::exemplar_0
train,train_exemplar_ep00052_pair015,52,20,exemplar,00745_jellyfish,1,0,train::00745_jellyfish::exemplar_1
train,train_exemplar_ep00052_pair016,52,20,exemplar,00213_calf1,0,1,train::00213_calf1::exemplar_0
train,train_exemplar_ep00052_pair016,52,20,exemplar,00213_calf1,1,0,train::00213_calf1::exemplar_1
train,train_exemplar_ep00052_pair017,52,20,exemplar,00492_eye,0,1,train::00492_eye::exemplar_0
train,train_exemplar_ep00052_pair017,52,20,exemplar,00492_eye,1,0,train::00492_eye::exemplar_1
train,train_exemplar_ep00052_pair018,52,20,exemplar,00252_cassette,0,1,train::00252_cassette::exemplar_0
train,train_exemplar_ep00052_pair018,52,20,exemplar,00252_cassette,1,0,train::00252_cassette::exemplar_1
train,train_exemplar_ep00052_pair019,52,20,exemplar,00320_clothespin,0,1,train::00320_clothespin::exemplar_0
train,train_exemplar_ep00052_pair019,52,20,exemplar,00320_clothespin,1,0,train::00320_clothespin::exemplar_1
train,train_exemplar_ep00052_pair020,52,20,exemplar,00378_cranberry,0,1,train::00378_cranberry::exemplar_0
train,train_exemplar_ep00052_pair020,52,20,exemplar,00378_cranberry,1,0,train::00378_cranberry::exemplar_1
train,train_novel_ep00053_pair001,53,2,novel,00656_handle,0,1,train::00656_handle::exemplar_0
train,train_novel_ep00053_pair001,53,2,novel,00543_flour,0,0,train::00543_flour::exemplar_0
train,train_novel_ep00053_pair002,53,2,novel,00348_confetti,0,1,train::00348_confetti::exemplar_0
train,train_novel_ep00053_pair002,53,2,novel,00268_chalkboard,0,0,train::00268_chalkboard::exemplar_0
train,train_exemplar_ep00054_pair001,54,18,exemplar,00293_chip,0,1,train::00293_chip::exemplar_0
train,train_exemplar_ep00054_pair001,54,18,exemplar,00293_chip,1,0,train::00293_chip::exemplar_1
train,train_exemplar_ep00054_pair002,54,18,exemplar,00598_globe,0,1,train::00598_globe::exemplar_0
train,train_exemplar_ep00054_pair002,54,18,exemplar,00598_globe,1,0,train::00598_globe::exemplar_1
train,train_exemplar_ep00054_pair003,54,18,exemplar,00547_flypaper,0,1,train::00547_flypaper::exemplar_0
train,train_exemplar_ep00054_pair003,54,18,exemplar,00547_flypaper,1,0,train::00547_flypaper::exemplar_1
train,train_exemplar_ep00054_pair004,54,18,exemplar,00789_lantern,0,1,train::00789_lantern::exemplar_0
train,train_exemplar_ep00054_pair004,54,18,exemplar,00789_lantern,1,0,train::00789_lantern::exemplar_1
train,train_exemplar_ep00054_pair005,54,18,exemplar,00422_diaper,0,1,train::00422_diaper::exemplar_0
train,train_exemplar_ep00054_pair005,54,18,exemplar,00422_diaper,1,0,train::00422_diaper::exemplar_1
train,train_exemplar_ep00054_pair006,54,18,exemplar,00768_keyboard,0,1,train::00768_keyboard::exemplar_0
train,train_exemplar_ep00054_pair006,54,18,exemplar,00768_keyboard,1,0,train::00768_keyboard::exemplar_1
train,train_exemplar_ep00054_pair007,54,18,exemplar,00549_foam,0,1,train::00549_foam::exemplar_0
train,train_exemplar_ep00054_pair007,54,18,exemplar,00549_foam,1,0,train::00549_foam::exemplar_1
train,train_exemplar_ep00054_pair008,54,18,exemplar,00625_grill,0,1,train::00625_grill::exemplar_0
train,train_exemplar_ep00054_pair008,54,18,exemplar,00625_grill,1,0,train::00625_grill::exemplar_1
train,train_exemplar_ep00054_pair009,54,18,exemplar,00366_cornucopia,0,1,train::00366_cornucopia::exemplar_0
train,train_exemplar_ep00054_pair009,54,18,exemplar,00366_cornucopia,1,0,train::00366_cornucopia::exemplar_1
train,train_exemplar_ep00054_pair010,54,18,exemplar,00759_kale,0,1,train::00759_kale::exemplar_0
train,train_exemplar_ep00054_pair010,54,18,exemplar,00759_kale,1,0,train::00759_kale::exemplar_1
train,train_exemplar_ep00054_pair011,54,18,exemplar,00250_cash_register,0,1,train::00250_cash_register::exemplar_0
train,train_exemplar_ep00054_pair011,54,18,exemplar,00250_cash_register,1,0,train::00250_cash_register::exemplar_1
train,train_exemplar_ep00054_pair012,54,18,exemplar,00506_ferris_wheel,0,1,train::00506_ferris_wheel::exemplar_0
train,train_exemplar_ep00054_pair012,54,18,exemplar,00506_ferris_wheel,1,0,train::00506_ferris_wheel::exemplar_1
train,train_exemplar_ep00054_pair013,54,18,exemplar,00561_fox,0,1,train::00561_fox::exemplar_0
train,train_exemplar_ep00054_pair013,54,18,exemplar,00561_fox,1,0,train::00561_fox::exemplar_1
train,train_exemplar_ep00054_pair014,54,18,exemplar,00426_dish,0,1,train::00426_dish::exemplar_0
train,train_exemplar_ep00054_pair014,54,18,exemplar,00426_dish,1,0,train::00426_dish::exemplar_1
train,train_exemplar_ep00054_pair015,54,18,exemplar,00709_hot_tub,0,1,train::00709_hot_tub::exemplar_0
train,train_exemplar_ep00054_pair015,54,18,exemplar,00709_hot_tub,1,0,train::00709_hot_tub::exemplar_1
train,train_exemplar_ep00054_pair016,54,18,exemplar,00202_butterfly,0,1,train::00202_butterfly::exemplar_0
train,train_exemplar_ep00054_pair016,54,18,exemplar,00202_butterfly,1,0,train::00202_butterfly::exemplar_1
train,train_exemplar_ep00054_pair017,54,18,exemplar,00794_latch,0,1,train::00794_latch::exemplar_0
train,train_exemplar_ep00054_pair017,54,18,exemplar,00794_latch,1,0,train::00794_latch::exemplar_1
train,train_exemplar_ep00054_pair018,54,18,exemplar,00334_coffee_table,0,1,train::00334_coffee_table::exemplar_0
train,train_exemplar_ep00054_pair018,54,18,exemplar,00334_coffee_table,1,0,train::00334_coffee_table::exemplar_1
train,train_novel_ep00055_pair001,55,29,novel,00659_hanger,0,1,train::00659_hanger::exemplar_0
train,train_novel_ep00055_pair001,55,29,novel,00451_drain,0,0,train::00451_drain::exemplar_0
train,train_novel_ep00055_pair002,55,29,novel,00311_clay,0,1,train::00311_clay::exemplar_0
train,train_novel_ep00055_pair002,55,29,novel,00459_duck,0,0,train::00459_duck::exemplar_0
train,train_novel_ep00055_pair003,55,29,novel,00296_chisel,0,1,train::00296_chisel::exemplar_0
train,train_novel_ep00055_pair003,55,29,novel,00253_catapult,0,0,train::00253_catapult::exemplar_0
train,train_novel_ep00055_pair004,55,29,novel,00278_cherry,0,1,train::00278_cherry::exemplar_0
train,train_novel_ep00055_pair004,55,29,novel,00694_honey,0,0,train::00694_honey::exemplar_0
train,train_novel_ep00055_pair005,55,29,novel,00460_duckling,0,1,train::00460_duckling::exemplar_0
train,train_novel_ep00055_pair005,55,29,novel,00675_headrest,0,0,train::00675_headrest::exemplar_0
train,train_novel_ep00055_pair006,55,29,novel,00415_defibrillator,0,1,train::00415_defibrillator::exemplar_0
train,train_novel_ep00055_pair006,55,29,novel,00505_ferret,0,0,train::00505_ferret::exemplar_0
train,train_novel_ep00055_pair007,55,29,novel,00580_gasket,0,1,train::00580_gasket::exemplar_0
train,train_novel_ep00055_pair007,55,29,novel,00438_dolly,0,0,train::00438_dolly::exemplar_0
train,train_novel_ep00055_pair008,55,29,novel,00696_honeypot,0,1,train::00696_honeypot::exemplar_0
train,train_novel_ep00055_pair008,55,29,novel,00488_eraser,0,0,train::00488_eraser::exemplar_0
train,train_novel_ep00055_pair009,55,29,novel,00685_hinge,0,1,train::00685_hinge::exemplar_0
train,train_novel_ep00055_pair009,55,29,novel,00724_icepick,0,0,train::00724_icepick::exemplar_0
train,train_novel_ep00055_pair010,55,29,novel,00510_file2,0,1,train::00510_file2::exemplar_0
train,train_novel_ep00055_pair010,55,29,novel,00245_cardinal,0,0,train::00245_cardinal::exemplar_0
train,train_novel_ep00055_pair011,55,29,novel,00353_cookie_sheet,0,1,train::00353_cookie_sheet::exemplar_0
train,train_novel_ep00055_pair011,55,29,novel,00491_extinguisher,0,0,train::00491_extinguisher::exemplar_0
train,train_novel_ep00055_pair012,55,29,novel,00549_foam,0,1,train::00549_foam::exemplar_0
train,train_novel_ep00055_pair012,55,29,novel,00670_headband,0,0,train::00670_headband::exemplar_0
train,train_novel_ep00055_pair013,55,29,novel,00716_hummus,0,1,train::00716_hummus::exemplar_0
train,train_novel_ep00055_pair013,55,29,novel,00354_cooler,0,0,train::00354_cooler::exemplar_0
train,train_novel_ep00055_pair014,55,29,novel,00330_cocoon,0,1,train::00330_cocoon::exemplar_0
train,train_novel_ep00055_pair014,55,29,novel,00525_first-aid_kit,0,0,train::00525_first-aid_kit::exemplar_0
train,train_novel_ep00055_pair015,55,29,novel,00555_footbath,0,1,train::00555_footbath::exemplar_0
train,train_novel_ep00055_pair015,55,29,novel,00559_fossil,0,0,train::00559_fossil::exemplar_0
train,train_novel_ep00055_pair016,55,29,novel,00749_jewel,0,1,train::00749_jewel::exemplar_0
train,train_novel_ep00055_pair016,55,29,novel,00433_dogfood,0,0,train::00433_dogfood::exemplar_0
train,train_novel_ep00055_pair017,55,29,novel,00300_christmas_tree,0,1,train::00300_christmas_tree::exemplar_0
train,train_novel_ep00055_pair017,55,29,novel,00219_camera2,0,0,train::00219_camera2::exemplar_0
train,train_novel_ep00055_pair018,55,29,novel,00662_harness,0,1,train::00662_harness::exemplar_0
train,train_novel_ep00055_pair018,55,29,novel,00569_funnel,0,0,train::00569_funnel::exemplar_0
train,train_novel_ep00055_pair019,55,29,novel,00312_clipboard,0,1,train::00312_clipboard::exemplar_0
train,train_novel_ep00055_pair019,55,29,novel,00726_icicle,0,0,train::00726_icicle::exemplar_0
train,train_novel_ep00055_pair020,55,29,novel,00665_hat,0,1,train::00665_hat::exemplar_0
train,train_novel_ep00055_pair020,55,29,novel,00403_curling_iron,0,0,train::00403_curling_iron::exemplar_0
train,train_novel_ep00055_pair021,55,29,novel,00317_closet,0,1,train::00317_closet::exemplar_0
train,train_novel_ep00055_pair021,55,29,novel,00329_cocktail,0,0,train::00329_cocktail::exemplar_0
train,train_novel_ep00055_pair022,55,29,novel,00570_fur_coat,0,1,train::00570_fur_coat::exemplar_0
train,train_novel_ep00055_pair022,55,29,novel,00718_hydrant,0,0,train::00718_hydrant::exemplar_0
train,train_novel_ep00055_pair023,55,29,novel,00254_catfish,0,1,train::00254_catfish::exemplar_0
train,train_novel_ep00055_pair023,55,29,novel,00318_clothes,0,0,train::00318_clothes::exemplar_0
train,train_novel_ep00055_pair024,55,29,novel,00678_hearse,0,1,train::00678_hearse::exemplar_0
train,train_novel_ep00055_pair024,55,29,novel,00327_cockatoo,0,0,train::00327_cockatoo::exemplar_0
train,train_novel_ep00055_pair025,55,29,novel,00793_laser_pointer,0,1,train::00793_laser_pointer::exemplar_0
train,train_novel_ep00055_pair025,55,29,novel,00487_envelope,0,0,train::00487_envelope::exemplar_0
train,train_novel_ep00055_pair026,55,29,novel,00697_hood,0,1,train::00697_hood::exemplar_0
train,train_novel_ep00055_pair026,55,29,novel,00759_kale,0,0,train::00759_kale::exemplar_0
train,train_novel_ep00055_pair027,55,29,novel,00480_eggplant,0,1,train::00480_eggplant::exemplar_0
train,train_novel_ep00055_pair027,55,29,novel,00414_deer,0,0,train::00414_deer::exemplar_0
train,train_novel_ep00055_pair028,55,29,novel,00791_laptop,0,1,train::00791_laptop::exemplar_0
train,train_novel_ep00055_pair028,55,29,novel,00286_chickpea,0,0,train::00286_chickpea::exemplar_0
train,train_novel_ep00055_pair029,55,29,novel,00217_camel,0,1,train::00217_camel::exemplar_0
train,train_novel_ep00055_pair029,55,29,novel,00757_jump_rope,0,0,train::00757_jump_rope::exemplar_0
train,train_exemplar_ep00056_pair001,56,16,exemplar,00482_elbow,0,1,train::00482_elbow::exemplar_0
train,train_exemplar_ep00056_pair001,56,16,exemplar,00482_elbow,1,0,train::00482_elbow::exemplar_1
train,train_exemplar_ep00056_pair002,56,16,exemplar,00507_fig,0,1,train::00507_fig::exemplar_0
train,train_exemplar_ep00056_pair002,56,16,exemplar,00507_fig,1,0,train::00507_fig::exemplar_1
train,train_exemplar_ep00056_pair003,56,16,exemplar,00349_contact_lens,0,1,train::00349_contact_lens::exemplar_0
train,train_exemplar_ep00056_pair003,56,16,exemplar,00349_contact_lens,1,0,train::00349_contact_lens::exemplar_1
train,train_exemplar_ep00056_pair004,56,16,exemplar,00625_grill,0,1,train::00625_grill::exemplar_0
train,train_exemplar_ep00056_pair004,56,16,exemplar,00625_grill,1,0,train::00625_grill::exemplar_1
train,train_exemplar_ep00056_pair005,56,16,exemplar,00590_generator,0,1,train::00590_generator::exemplar_0
train,train_exemplar_ep00056_pair005,56,16,exemplar,00590_generator,1,0,train::00590_generator::exemplar_1
train,train_exemplar_ep00056_pair006,56,16,exemplar,00587_gearshift,0,1,train::00587_gearshift::exemplar_0
train,train_exemplar_ep00056_pair006,56,16,exemplar,00587_gearshift,1,0,train::00587_gearshift::exemplar_1
train,train_exemplar_ep00056_pair007,56,16,exemplar,00511_filing_cabinet,0,1,train::00511_filing_cabinet::exemplar_0
train,train_exemplar_ep00056_pair007,56,16,exemplar,00511_filing_cabinet,1,0,train::00511_filing_cabinet::exemplar_1
train,train_exemplar_ep00056_pair008,56,16,exemplar,00343_comic_book,0,1,train::00343_comic_book::exemplar_0
train,train_exemplar_ep00056_pair008,56,16,exemplar,00343_comic_book,1,0,train::00343_comic_book::exemplar_1
train,train_exemplar_ep00056_pair009,56,16,exemplar,00316_clock,0,1,train::00316_clock::exemplar_0
train,train_exemplar_ep00056_pair009,56,16,exemplar,00316_clock,1,0,train::00316_clock::exemplar_1
train,train_exemplar_ep00056_pair010,56,16,exemplar,00540_flipper,0,1,train::00540_flipper::exemplar_0
train,train_exemplar_ep00056_pair010,56,16,exemplar,00540_flipper,1,0,train::00540_flipper::exemplar_1
train,train_exemplar_ep00056_pair011,56,16,exemplar,00278_cherry,0,1,train::00278_cherry::exemplar_0
train,train_exemplar_ep00056_pair011,56,16,exemplar,00278_cherry,1,0,train::00278_cherry::exemplar_1
train,train_exemplar_ep00056_pair012,56,16,exemplar,00468_dustpan,0,1,train::00468_dustpan::exemplar_0
train,train_exemplar_ep00056_pair012,56,16,exemplar,00468_dustpan,1,0,train::00468_dustpan::exemplar_1
train,train_exemplar_ep00056_pair013,56,16,exemplar,00214_calf2,0,1,train::00214_calf2::exemplar_0
train,train_exemplar_ep00056_pair013,56,16,exemplar,00214_calf2,1,0,train::00214_calf2::exemplar_1
train,train_exemplar_ep00056_pair014,56,16,exemplar,00362_corn,0,1,train::00362_corn::exemplar_0
train,train_exemplar_ep00056_pair014,56,16,exemplar,00362_corn,1,0,train::00362_corn::exemplar_1
train,train_exemplar_ep00056_pair015,56,16,exemplar,00770_kilt,0,1,train::00770_kilt::exemplar_0
train,train_exemplar_ep00056_pair015,56,16,exemplar,00770_kilt,1,0,train::00770_kilt::exemplar_1
train,train_exemplar_ep00056_pair016,56,16,exemplar,00692_holster,0,1,train::00692_holster::exemplar_0
train,train_exemplar_ep00056_pair016,56,16,exemplar,00692_holster,1,0,train::00692_holster::exemplar_1
train,train_novel_ep00057_pair001,57,20,novel,00749_jewel,0,1,train::00749_jewel::exemplar_0
train,train_novel_ep00057_pair001,57,20,novel,00441_donkey,0,0,train::00441_donkey::exemplar_0
train,train_novel_ep00057_pair002,57,20,novel,00327_cockatoo,0,1,train::00327_cockatoo::exemplar_0
train,train_novel_ep00057_pair002,57,20,novel,00249_cash_machine,0,0,train::00249_cash_machine::exemplar_0
train,train_novel_ep00057_pair003,57,20,novel,00684_highlighter,0,1,train::00684_highlighter::exemplar_0
train,train_novel_ep00057_pair003,57,20,novel,00468_dustpan,0,0,train::00468_dustpan::exemplar_0
train,train_novel_ep00057_pair004,57,20,novel,00412_dartboard,0,1,train::00412_dartboard::exemplar_0
train,train_novel_ep00057_pair004,57,20,novel,00722_ice_cream,0,0,train::00722_ice_cream::exemplar_0
train,train_novel_ep00057_pair005,57,20,novel,00724_icepick,0,1,train::00724_icepick::exemplar_0
train,train_novel_ep00057_pair005,57,20,novel,00377_cracker,0,0,train::00377_cracker::exemplar_0
train,train_novel_ep00057_pair006,57,20,novel,00422_diaper,0,1,train::00422_diaper::exemplar_0
train,train_novel_ep00057_pair006,57,20,novel,00246_carousel,0,0,train::00246_carousel::exemplar_0
train,train_novel_ep00057_pair007,57,20,novel,00600_go-kart,0,1,train::00600_go-kart::exemplar_0
train,train_novel_ep00057_pair007,57,20,novel,00425_dirt_bike,0,0,train::00425_dirt_bike::exemplar_0
train,train_novel_ep00057_pair008,57,20,novel,00351_cooker,0,1,train::00351_cooker::exemplar_0
train,train_novel_ep00057_pair008,57,20,novel,00360_corkboard,0,0,train::00360_corkboard::exemplar_0
train,train_novel_ep00057_pair009,57,20,novel,00575_garbage,0,1,train::00575_garbage::exemplar_0
train,train_novel_ep00057_pair009,57,20,novel,00598_globe,0,0,train::00598_globe::exemplar_0
train,train_novel_ep00057_pair010,57,20,novel,00455_drill,0,1,train::00455_drill::exemplar_0
train,train_novel_ep00057_pair010,57,20,novel,00779_knob,0,0,train::00779_knob::exemplar_0
train,train_novel_ep00057_pair011,57,20,novel,00376_coyote,0,1,train::00376_coyote::exemplar_0
train,train_novel_ep00057_pair011,57,20,novel,00537_flask,0,0,train::00537_flask::exemplar_0
train,train_novel_ep00057_pair012,57,20,novel,00316_clock,0,1,train::00316_clock::exemplar_0
train,train_novel_ep00057_pair012,57,20,novel,00694_honey,0,0,train::00694_honey::exemplar_0
train,train_novel_ep00057_pair013,57,20,novel,00690_hoe,0,1,train::00690_hoe::exemplar_0
train,train_novel_ep00057_pair013,57,20,novel,00665_hat,0,0,train::00665_hat::exemplar_0
train,train_novel_ep00057_pair014,57,20,novel,00202_butterfly,0,1,train::00202_butterfly::exemplar_0
train,train_novel_ep00057_pair014,57,20,novel,00736_ivy,0,0,train::00736_ivy::exemplar_0
train,train_novel_ep00057_pair015,57,20,novel,00594_giraffe,0,1,train::00594_giraffe::exemplar_0
train,train_novel_ep00057_pair015,57,20,novel,00741_jam,0,0,train::00741_jam::exemplar_0
train,train_novel_ep00057_pair016,57,20,novel,00569_funnel,0,1,train::00569_funnel::exemplar_0
train,train_novel_ep00057_pair016,57,20,novel,00433_dogfood,0,0,train::00433_dogfood::exemplar_0
train,train_novel_ep00057_pair017,57,20,novel,00705_hose,0,1,train::00705_hose::exemplar_0
train,train_novel_ep00057_pair017,57,20,novel,00662_harness,0,0,train::00662_harness::exemplar_0
train,train_novel_ep00057_pair018,57,20,novel,00483_electric_chair,0,1,train::00483_electric_chair::exemplar_0
train,train_novel_ep00057_pair018,57,20,novel,00459_duck,0,0,train::00459_duck::exemplar_0
train,train_novel_ep00057_pair019,57,20,novel,00454_dresser,0,1,train::00454_dresser::exemplar_0
train,train_novel_ep00057_pair019,57,20,novel,00769_keyhole,0,0,train::00769_keyhole::exemplar_0
train,train_novel_ep00057_pair020,57,20,novel,00745_jellyfish,0,1,train::00745_jellyfish::exemplar_0
train,train_novel_ep00057_pair020,57,20,novel,00345_compost,0,0,train::00345_compost::exemplar_0
train,train_exemplar_ep00058_pair001,58,5,exemplar,00506_ferris_wheel,0,1,train::00506_ferris_wheel::exemplar_0
train,train_exemplar_ep00058_pair001,58,5,exemplar,00506_ferris_wheel,1,0,train::00506_ferris_wheel::exemplar_1
train,train_exemplar_ep00058_pair002,58,5,exemplar,00490_exhaust_pipe,0,1,train::00490_exhaust_pipe::exemplar_0
train,train_exemplar_ep00058_pair002,58,5,exemplar,00490_exhaust_pipe,1,0,train::00490_exhaust_pipe::exemplar_1
train,train_exemplar_ep00058_pair003,58,5,exemplar,00781_koala,0,1,train::00781_koala::exemplar_0
train,train_exemplar_ep00058_pair003,58,5,exemplar,00781_koala,1,0,train::00781_koala::exemplar_1
train,train_exemplar_ep00058_pair004,58,5,exemplar,00749_jewel,0,1,train::00749_jewel::exemplar_0
train,train_exemplar_ep00058_pair004,58,5,exemplar,00749_jewel,1,0,train::00749_jewel::exemplar_1
train,train_exemplar_ep00058_pair005,58,5,exemplar,00281_chest1,0,1,train::00281_chest1::exemplar_0
train,train_exemplar_ep00058_pair005,58,5,exemplar,00281_chest1,1,0,train::00281_chest1::exemplar_1
train,train_novel_ep00059_pair001,59,30,novel,00270_chandelier,0,1,train::00270_chandelier::exemplar_0
train,train_novel_ep00059_pair001,59,30,novel,00650_ham,0,0,train::00650_ham::exemplar_0
train,train_novel_ep00059_pair002,59,30,novel,00379_crane,0,1,train::00379_crane::exemplar_0
train,train_novel_ep00059_pair002,59,30,novel,00783_ladder,0,0,train::00783_ladder::exemplar_0
train,train_novel_ep00059_pair003,59,30,novel,00717_humvee,0,1,train::00717_humvee::exemplar_0
train,train_novel_ep00059_pair003,59,30,novel,00447_doorknocker,0,0,train::00447_doorknocker::exemplar_0
train,train_novel_ep00059_pair004,59,30,novel,00347_computer_screen,0,1,train::00347_computer_screen::exemplar_0
train,train_novel_ep00059_pair004,59,30,novel,00207_cable,0,0,train::00207_cable::exemplar_0
train,train_novel_ep00059_pair005,59,30,novel,00474_easel,0,1,train::00474_easel::exemplar_0
train,train_novel_ep00059_pair005,59,30,novel,00215_calzone,0,0,train::00215_calzone::exemplar_0
train,train_novel_ep00059_pair006,59,30,novel,00502_fence,0,1,train::00502_fence::exemplar_0
train,train_novel_ep00059_pair006,59,30,novel,00382_crayfish,0,0,train::00382_crayfish::exemplar_0
train,train_novel_ep00059_pair007,59,30,novel,00471_earplug,0,1,train::00471_earplug::exemplar_0
train,train_novel_ep00059_pair007,59,30,novel,00268_chalkboard,0,0,train::00268_chalkboard::exemplar_0
train,train_novel_ep00059_pair008,59,30,novel,00518_fire_hydrant,0,1,train::00518_fire_hydrant::exemplar_0
train,train_novel_ep00059_pair008,59,30,novel,00481_eggshell,0,0,train::00481_eggshell::exemplar_0
train,train_novel_ep00059_pair009,59,30,novel,00733_insole,0,1,train::00733_insole::exemplar_0
train,train_novel_ep00059_pair009,59,30,novel,00367_corsage,0,0,train::00367_corsage::exemplar_0
train,train_novel_ep00059_pair010,59,30,novel,00687_hippopotamus,0,1,train::00687_hippopotamus::exemplar_0
train,train_novel_ep00059_pair010,59,30,novel,00357_coral,0,0,train::00357_coral::exemplar_0
train,train_novel_ep00059_pair011,59,30,novel,00727_iguana,0,1,train::00727_iguana::exemplar_0
train,train_novel_ep00059_pair011,59,30,novel,00341_comb,0,0,train::00341_comb::exemplar_0
train,train_novel_ep00059_pair012,59,30,novel,00585_gazelle,0,1,train::00585_gazelle::exemplar_0
train,train_novel_ep00059_pair012,59,30,novel,00375_cow,0,0,train::00375_cow::exemplar_0
train,train_novel_ep00059_pair013,59,30,novel,00360_corkboard,0,1,train::00360_corkboard::exemplar_0
train,train_novel_ep00059_pair013,59,30,novel,00285_chicken_wire,0,0,train::00285_chicken_wire::exemplar_0
train,train_novel_ep00059_pair014,59,30,novel,00249_cash_machine,0,1,train::00249_cash_machine::exemplar_0
train,train_novel_ep00059_pair014,59,30,novel,00254_catfish,0,0,train::00254_catfish::exemplar_0
train,train_novel_ep00059_pair015,59,30,novel,00572_fuse,0,1,train::00572_fuse::exemplar_0
train,train_novel_ep00059_pair015,59,30,novel,00414_deer,0,0,train::00414_deer::exemplar_0
train,train_novel_ep00059_pair016,59,30,novel,00293_chip,0,1,train::00293_chip::exemplar_0
train,train_novel_ep00059_pair016,59,30,novel,00250_cash_register,0,0,train::00250_cash_register::exemplar_0
train,train_novel_ep00059_pair017,59,30,novel,00677_hearing_aid,0,1,train::00677_hearing_aid::exemplar_0
train,train_novel_ep00059_pair017,59,30,novel,00606_goldfish,0,0,train::00606_goldfish::exemplar_0
train,train_novel_ep00059_pair018,59,30,novel,00772_kite,0,1,train::00772_kite::exemplar_0
train,train_novel_ep00059_pair018,59,30,novel,00785_lamb_chop,0,0,train::00785_lamb_chop::exemplar_0
train,train_novel_ep00059_pair019,59,30,novel,00553_football,0,1,train::00553_football::exemplar_0
train,train_novel_ep00059_pair019,59,30,novel,00663_harp,0,0,train::00663_harp::exemplar_0
train,train_novel_ep00059_pair020,59,30,novel,00622_gravestone,0,1,train::00622_gravestone::exemplar_0
train,train_novel_ep00059_pair020,59,30,novel,00543_flour,0,0,train::00543_flour::exemplar_0
train,train_novel_ep00059_pair021,59,30,novel,00332_coffee_filter,0,1,train::00332_coffee_filter::exemplar_0
train,train_novel_ep00059_pair021,59,30,novel,00569_funnel,0,0,train::00569_funnel::exemplar_0
train,train_novel_ep00059_pair022,59,30,novel,00496_eyepiece,0,1,train::00496_eyepiece::exemplar_0
train,train_novel_ep00059_pair022,59,30,novel,00592_ginger,0,0,train::00592_ginger::exemplar_0
train,train_novel_ep00059_pair023,59,30,novel,00799_leaf,0,1,train::00799_leaf::exemplar_0
train,train_novel_ep00059_pair023,59,30,novel,00230_canister,0,0,train::00230_canister::exemplar_0
train,train_novel_ep00059_pair024,59,30,novel,00523_firewood,0,1,train::00523_firewood::exemplar_0
train,train_novel_ep00059_pair024,59,30,novel,00398_cucumber,0,0,train::00398_cucumber::exemplar_0
train,train_novel_ep00059_pair025,59,30,novel,00723_icemaker,0,1,train::00723_icemaker::exemplar_0
train,train_novel_ep00059_pair025,59,30,novel,00603_goblet,0,0,train::00603_goblet::exemplar_0
train,train_novel_ep00059_pair026,59,30,novel,00719_hyena,0,1,train::00719_hyena::exemplar_0
train,train_novel_ep00059_pair026,59,30,novel,00373_cougar,0,0,train::00373_cougar::exemplar_0
train,train_novel_ep00059_pair027,59,30,novel,00590_generator,0,1,train::00590_generator::exemplar_0
train,train_novel_ep00059_pair027,59,30,novel,00595_girl,0,0,train::00595_girl::exemplar_0
train,train_novel_ep00059_pair028,59,30,novel,00298_chocolate,0,1,train::00298_chocolate::exemplar_0
train,train_novel_ep00059_pair028,59,30,novel,00559_fossil,0,0,train::00559_fossil::exemplar_0
train,train_novel_ep00059_pair029,59,30,novel,00672_headlamp,0,1,train::00672_headlamp::exemplar_0
train,train_novel_ep00059_pair029,59,30,novel,00317_closet,0,0,train::00317_closet::exemplar_0
train,train_novel_ep00059_pair030,59,30,novel,00495_eyeliner,0,1,train::00495_eyeliner::exemplar_0
train,train_novel_ep00059_pair030,59,30,novel,00364_cornhusk,0,0,train::00364_cornhusk::exemplar_0
train,train_exemplar_ep00060_pair001,60,3,exemplar,00577_gargoyle,0,1,train::00577_gargoyle::exemplar_0
train,train_exemplar_ep00060_pair001,60,3,exemplar,00577_gargoyle,1,0,train::00577_gargoyle::exemplar_1
train,train_exemplar_ep00060_pair002,60,3,exemplar,00654_handcuff,0,1,train::00654_handcuff::exemplar_0
train,train_exemplar_ep00060_pair002,60,3,exemplar,00654_handcuff,1,0,train::00654_handcuff::exemplar_1
train,train_exemplar_ep00060_pair003,60,3,exemplar,00640_gutter,0,1,train::00640_gutter::exemplar_0
train,train_exemplar_ep00060_pair003,60,3,exemplar,00640_gutter,1,0,train::00640_gutter::exemplar_1
train,train_novel_ep00061_pair001,61,20,novel,00606_goldfish,0,1,train::00606_goldfish::exemplar_0
train,train_novel_ep00061_pair001,61,20,novel,00586_gear,0,0,train::00586_gear::exemplar_0
train,train_novel_ep00061_pair002,61,20,novel,00742_jar,0,1,train::00742_jar::exemplar_0
train,train_novel_ep00061_pair002,61,20,novel,00755_juicer1,0,0,train::00755_juicer1::exemplar_0
train,train_novel_ep00061_pair003,61,20,novel,00342_combination_lock,0,1,train::00342_combination_lock::exemplar_0
train,train_novel_ep00061_pair003,61,20,novel,00365_cornmeal,0,0,train::00365_cornmeal::exemplar_0
train,train_novel_ep00061_pair004,61,20,novel,00431_diving_board,0,1,train::00431_diving_board::exemplar_0
train,train_novel_ep00061_pair004,61,20,novel,00715_hula_hoop,0,0,train::00715_hula_hoop::exemplar_0
train,train_novel_ep00061_pair005,61,20,novel,00409_daisy,0,1,train::00409_daisy::exemplar_0
train,train_novel_ep00061_pair005,61,20,novel,00595_girl,0,0,train::00595_girl::exemplar_0
train,train_novel_ep00061_pair006,61,20,novel,00641_gyro,0,1,train::00641_gyro::exemplar_0
train,train_novel_ep00061_pair006,61,20,novel,00693_home_plate,0,0,train::00693_home_plate::exemplar_0
train,train_novel_ep00061_pair007,61,20,novel,00537_flask,0,1,train::00537_flask::exemplar_0
train,train_novel_ep00061_pair007,61,20,novel,00578_garter,0,0,train::00578_garter::exemplar_0
train,train_novel_ep00061_pair008,61,20,novel,00290_chin,0,1,train::00290_chin::exemplar_0
train,train_novel_ep00061_pair008,61,20,novel,00539_flip_flop,0,0,train::00539_flip_flop::exemplar_0
train,train_novel_ep00061_pair009,61,20,novel,00316_clock,0,1,train::00316_clock::exemplar_0
train,train_novel_ep00061_pair009,61,20,novel,00660_hard_disk,0,0,train::00660_hard_disk::exemplar_0
train,train_novel_ep00061_pair010,61,20,novel,00505_ferret,0,1,train::00505_ferret::exemplar_0
train,train_novel_ep00061_pair010,61,20,novel,00247_carriage,0,0,train::00247_carriage::exemplar_0
train,train_novel_ep00061_pair011,61,20,novel,00240_car_seat,0,1,train::00240_car_seat::exemplar_0
train,train_novel_ep00061_pair011,61,20,novel,00651_hammock,0,0,train::00651_hammock::exemplar_0
train,train_novel_ep00061_pair012,61,20,novel,00426_dish,0,1,train::00426_dish::exemplar_0
train,train_novel_ep00061_pair012,61,20,novel,00305_cigarette_holder,0,0,train::00305_cigarette_holder::exemplar_0
train,train_novel_ep00061_pair013,61,20,novel,00714_hubcap,0,1,train::00714_hubcap::exemplar_0
train,train_novel_ep00061_pair013,61,20,novel,00799_leaf,0,0,train::00799_leaf::exemplar_0
train,train_novel_ep00061_pair014,61,20,novel,00233_canoe,0,1,train::00233_canoe::exemplar_0
train,train_novel_ep00061_pair014,61,20,novel,00326_coat_rack,0,0,train::00326_coat_rack::exemplar_0
train,train_novel_ep00061_pair015,61,20,novel,00274_checkbook,0,1,train::00274_checkbook::exemplar_0
train,train_novel_ep00061_pair015,61,20,novel,00245_cardinal,0,0,train::00245_cardinal::exemplar_0
train,train_novel_ep00061_pair016,61,20,novel,00417_deodorant,0,1,train::00417_deodorant::exemplar_0
train,train_novel_ep00061_pair016,61,20,novel,00515_fingerprint,0,0,train::00515_fingerprint::exemplar_0
train,train_novel_ep00061_pair017,61,20,novel,00461_duct,0,1,train::00461_duct::exemplar_0
train,train_novel_ep00061_pair017,61,20,novel,00796_lava,0,0,train::00796_lava::exemplar_0
train,train_novel_ep00061_pair018,61,20,novel,00224_candelabra,0,1,train::00224_candelabra::exemplar_0
train,train_novel_ep00061_pair018,61,20,novel,00795_latte,0,0,train::00795_latte::exemplar_0
train,train_novel_ep00061_pair019,61,20,novel,00389_crouton,0,1,train::00389_crouton::exemplar_0
train,train_novel_ep00061_pair019,61,20,novel,00592_ginger,0,0,train::00592_ginger::exemplar_0
train,train_novel_ep00061_pair020,61,20,novel,00797_lavender,0,1,train::00797_lavender::exemplar_0
train,train_novel_ep00061_pair020,61,20,novel,00302_cigar,0,0,train::00302_cigar::exemplar_0
train,train_exemplar_ep00062_pair001,62,2,exemplar,00543_flour,0,1,train::00543_flour::exemplar_0
train,train_exemplar_ep00062_pair001,62,2,exemplar,00543_flour,1,0,train::00543_flour::exemplar_1
train,train_exemplar_ep00062_pair002,62,2,exemplar,00607_golf_club,0,1,train::00607_golf_club::exemplar_0
train,train_exemplar_ep00062_pair002,62,2,exemplar,00607_golf_club,1,0,train::00607_golf_club::exemplar_1
train,train_novel_ep00063_pair001,63,14,novel,00311_clay,0,1,train::00311_clay::exemplar_0
train,train_novel_ep00063_pair001,63,14,novel,00532_flagpole,0,0,train::00532_flagpole::exemplar_0
train,train_novel_ep00063_pair002,63,14,novel,00494_eyedropper,0,1,train::00494_eyedropper::exemplar_0
train,train_novel_ep00063_pair002,63,14,novel,00552_foot,0,0,train::00552_foot::exemplar_0
train,train_novel_ep00063_pair003,63,14,novel,00668_hawk,0,1,train::00668_hawk::exemplar_0
train,train_novel_ep00063_pair003,63,14,novel,00720_ice,0,0,train::00720_ice::exemplar_0
train,train_novel_ep00063_pair004,63,14,novel,00542_floss,0,1,train::00542_floss::exemplar_0
train,train_novel_ep00063_pair004,63,14,novel,00384_cream,0,0,train::00384_cream::exemplar_0
train,train_novel_ep00063_pair005,63,14,novel,00728_incense,0,1,train::00728_incense::exemplar_0
train,train_novel_ep00063_pair005,63,14,novel,00704_horseshoe,0,0,train::00704_horseshoe::exemplar_0
train,train_novel_ep00063_pair006,63,14,novel,00713_hovercraft,0,1,train::00713_hovercraft::exemplar_0
train,train_novel_ep00063_pair006,63,14,novel,00626_grille,0,0,train::00626_grille::exemplar_0
train,train_novel_ep00063_pair007,63,14,novel,00661_harmonica,0,1,train::00661_harmonica::exemplar_0
train,train_novel_ep00063_pair007,63,14,novel,00221_camper,0,0,train::00221_camper::exemplar_0
train,train_novel_ep00063_pair008,63,14,novel,00624_green_beans,0,1,train::00624_green_beans::exemplar_0
train,train_novel_ep00063_pair008,63,14,novel,00543_flour,0,0,train::00543_flour::exemplar_0
train,train_novel_ep00063_pair009,63,14,novel,00583_gauze,0,1,train::00583_gauze::exemplar_0
train,train_novel_ep00063_pair009,63,14,novel,00424_dip,0,0,train::00424_dip::exemplar_0
train,train_novel_ep00063_pair010,63,14,novel,00736_ivy,0,1,train::00736_ivy::exemplar_0
train,train_novel_ep00063_pair010,63,14,novel,00428_dishwasher,0,0,train::00428_dishwasher::exemplar_0
train,train_novel_ep00063_pair011,63,14,novel,00256_caviar,0,1,train::00256_caviar::exemplar_0
train,train_novel_ep00063_pair011,63,14,novel,00360_corkboard,0,0,train::00360_corkboard::exemplar_0
train,train_novel_ep00063_pair012,63,14,novel,00492_eye,0,1,train::00492_eye::exemplar_0
train,train_novel_ep00063_pair012,63,14,novel,00554_football_helmet,0,0,train::00554_football_helmet::exemplar_0
train,train_novel_ep00063_pair013,63,14,novel,00446_doorknob,0,1,train::00446_doorknob::exemplar_0
train,train_novel_ep00063_pair013,63,14,novel,00690_hoe,0,0,train::00690_hoe::exemplar_0
train,train_novel_ep00063_pair014,63,14,novel,00793_laser_pointer,0,1,train::00793_laser_pointer::exemplar_0
train,train_novel_ep00063_pair014,63,14,novel,00224_candelabra,0,0,train::00224_candelabra::exemplar_0
train,train_exemplar_ep00064_pair001,64,15,exemplar,00358_cord,0,1,train::00358_cord::exemplar_0
train,train_exemplar_ep00064_pair001,64,15,exemplar,00358_cord,1,0,train::00358_cord::exemplar_1
train,train_exemplar_ep00064_pair002,64,15,exemplar,00474_easel,0,1,train::00474_easel::exemplar_0
train,train_exemplar_ep00064_pair002,64,15,exemplar,00474_easel,1,0,train::00474_easel::exemplar_1
train,train_exemplar_ep00064_pair003,64,15,exemplar,00531_flag,0,1,train::00531_flag::exemplar_0
train,train_exemplar_ep00064_pair003,64,15,exemplar,00531_flag,1,0,train::00531_flag::exemplar_1
train,train_exemplar_ep00064_pair004,64,15,exemplar,00614_granola,0,1,train::00614_granola::exemplar_0
train,train_exemplar_ep00064_pair004,64,15,exemplar,00614_granola,1,0,train::00614_granola::exemplar_1
train,train_exemplar_ep00064_pair005,64,15,exemplar,00718_hydrant,0,1,train::00718_hydrant::exemplar_0
train,train_exemplar_ep00064_pair005,64,15,exemplar,00718_hydrant,1,0,train::00718_hydrant::exemplar_1
train,train_exemplar_ep00064_pair006,64,15,exemplar,00341_comb,0,1,train::00341_comb::exemplar_0
train,train_exemplar_ep00064_pair006,64,15,exemplar,00341_comb,1,0,train::00341_comb::exemplar_1
train,train_exemplar_ep00064_pair007,64,15,exemplar,00738_jacket,0,1,train::00738_jacket::exemplar_0
train,train_exemplar_ep00064_pair007,64,15,exemplar,00738_jacket,1,0,train::00738_jacket::exemplar_1
train,train_exemplar_ep00064_pair008,64,15,exemplar,00418_desk,0,1,train::00418_desk::exemplar_0
train,train_exemplar_ep00064_pair008,64,15,exemplar,00418_desk,1,0,train::00418_desk::exemplar_1
train,train_exemplar_ep00064_pair009,64,15,exemplar,00473_earwig,0,1,train::00473_earwig::exemplar_0
train,train_exemplar_ep00064_pair009,64,15,exemplar,00473_earwig,1,0,train::00473_earwig::exemplar_1
train,train_exemplar_ep00064_pair010,64,15,exemplar,00297_chive,0,1,train::00297_chive::exemplar_0
train,train_exemplar_ep00064_pair010,64,15,exemplar,00297_chive,1,0,train::00297_chive::exemplar_1
train,train_exemplar_ep00064_pair011,64,15,exemplar,00652_hamster,0,1,train::00652_hamster::exemplar_0
train,train_exemplar_ep00064_pair011,64,15,exemplar,00652_hamster,1,0,train::00652_hamster::exemplar_1
train,train_exemplar_ep00064_pair012,64,15,exemplar,00714_hubcap,0,1,train::00714_hubcap::exemplar_0
train,train_exemplar_ep00064_pair012,64,15,exemplar,00714_hubcap,1,0,train::00714_hubcap::exemplar_1
train,train_exemplar_ep00064_pair013,64,15,exemplar,00742_jar,0,1,train::00742_jar::exemplar_0
train,train_exemplar_ep00064_pair013,64,15,exemplar,00742_jar,1,0,train::00742_jar::exemplar_1
train,train_exemplar_ep00064_pair014,64,15,exemplar,00263_cereal,0,1,train::00263_cereal::exemplar_0
train,train_exemplar_ep00064_pair014,64,15,exemplar,00263_cereal,1,0,train::00263_cereal::exemplar_1
train,train_exemplar_ep00064_pair015,64,15,exemplar,00599_glue,0,1,train::00599_glue::exemplar_0
train,train_exemplar_ep00064_pair015,64,15,exemplar,00599_glue,1,0,train::00599_glue::exemplar_1
train,train_novel_ep00065_pair001,65,9,novel,00342_combination_lock,0,1,train::00342_combination_lock::exemplar_0
train,train_novel_ep00065_pair001,65,9,novel,00254_catfish,0,0,train::00254_catfish::exemplar_0
train,train_novel_ep00065_pair002,65,9,novel,00474_easel,0,1,train::00474_easel::exemplar_0
train,train_novel_ep00065_pair002,65,9,novel,00273_chariot,0,0,train::00273_chariot::exemplar_0
train,train_novel_ep00065_pair003,65,9,novel,00698_hook1,0,1,train::00698_hook1::exemplar_0
train,train_novel_ep00065_pair003,65,9,novel,00615_grape,0,0,train::00615_grape::exemplar_0
train,train_novel_ep00065_pair004,65,9,novel,00786_lamp,0,1,train::00786_lamp::exemplar_0
train,train_novel_ep00065_pair004,65,9,novel,00731_ink,0,0,train::00731_ink::exemplar_0
train,train_novel_ep00065_pair005,65,9,novel,00695_honeycomb,0,1,train::00695_honeycomb::exemplar_0
train,train_novel_ep00065_pair005,65,9,novel,00430_diskette,0,0,train::00430_diskette::exemplar_0
train,train_novel_ep00065_pair006,65,9,novel,00689_hockey_stick,0,1,train::00689_hockey_stick::exemplar_0
train,train_novel_ep00065_pair006,65,9,novel,00655_handkerchief,0,0,train::00655_handkerchief::exemplar_0
train,train_novel_ep00065_pair007,65,9,novel,00480_eggplant,0,1,train::00480_eggplant::exemplar_0
train,train_novel_ep00065_pair007,65,9,novel,00582_gauge,0,0,train::00582_gauge::exemplar_0
train,train_novel_ep00065_pair008,65,9,novel,00283_chicken1,0,1,train::00283_chicken1::exemplar_0
train,train_novel_ep00065_pair008,65,9,novel,00664_hash,0,0,train::00664_hash::exemplar_0
train,train_novel_ep00065_pair009,65,9,novel,00491_extinguisher,0,1,train::00491_extinguisher::exemplar_0
train,train_novel_ep00065_pair009,65,9,novel,00772_kite,0,0,train::00772_kite::exemplar_0
train,train_exemplar_ep00066_pair001,66,4,exemplar,00413_dashboard,0,1,train::00413_dashboard::exemplar_0
train,train_exemplar_ep00066_pair001,66,4,exemplar,00413_dashboard,1,0,train::00413_dashboard::exemplar_1
train,train_exemplar_ep00066_pair002,66,4,exemplar,00432_dog,0,1,train::00432_dog::exemplar_0
train,train_exemplar_ep00066_pair002,66,4,exemplar,00432_dog,1,0,train::00432_dog::exemplar_1
train,train_exemplar_ep00066_pair003,66,4,exemplar,00791_laptop,0,1,train::00791_laptop::exemplar_0
train,train_exemplar_ep00066_pair003,66,4,exemplar,00791_laptop,1,0,train::00791_laptop::exemplar_1
train,train_exemplar_ep00066_pair004,66,4,exemplar,00300_christmas_tree,0,1,train::00300_christmas_tree::exemplar_0
train,train_exemplar_ep00066_pair004,66,4,exemplar,00300_christmas_tree,1,0,train::00300_christmas_tree::exemplar_1
train,train_exemplar_ep00067_pair001,67,15,exemplar,00458_dryer,0,1,train::00458_dryer::exemplar_0
train,train_exemplar_ep00067_pair001,67,15,exemplar,00458_dryer,1,0,train::00458_dryer::exemplar_1
train,train_exemplar_ep00067_pair002,67,15,exemplar,00443_door,0,1,train::00443_door::exemplar_0
train,train_exemplar_ep00067_pair002,67,15,exemplar,00443_door,1,0,train::00443_door::exemplar_1
train,train_exemplar_ep00067_pair003,67,15,exemplar,00581_gate,0,1,train::00581_gate::exemplar_0
train,train_exemplar_ep00067_pair003,67,15,exemplar,00581_gate,1,0,train::00581_gate::exemplar_1
train,train_exemplar_ep00067_pair004,67,15,exemplar,00357_coral,0,1,train::00357_coral::exemplar_0
train,train_exemplar_ep00067_pair004,67,15,exemplar,00357_coral,1,0,train::00357_coral::exemplar_1
train,train_exemplar_ep00067_pair005,67,15,exemplar,00725_iceskate,0,1,train::00725_iceskate::exemplar_0
train,train_exemplar_ep00067_pair005,67,15,exemplar,00725_iceskate,1,0,train::00725_iceskate::exemplar_1
train,train_exemplar_ep00067_pair006,67,15,exemplar,00201_butter,0,1,train::00201_butter::exemplar_0
train,train_exemplar_ep00067_pair006,67,15,exemplar,00201_butter,1,0,train::00201_butter::exemplar_1
train,train_exemplar_ep00067_pair007,67,15,exemplar,00576_garbage_truck,0,1,train::00576_garbage_truck::exemplar_0
train,train_exemplar_ep00067_pair007,67,15,exemplar,00576_garbage_truck,1,0,train::00576_garbage_truck::exemplar_1
train,train_exemplar_ep00067_pair008,67,15,exemplar,00501_feather,0,1,train::00501_feather::exemplar_0
train,train_exemplar_ep00067_pair008,67,15,exemplar,00501_feather,1,0,train::00501_feather::exemplar_1
train,train_exemplar_ep00067_pair009,67,15,exemplar,00767_key,0,1,train::00767_key::exemplar_0
train,train_exemplar_ep00067_pair009,67,15,exemplar,00767_key,1,0,train::00767_key::exemplar_1
train,train_exemplar_ep00067_pair010,67,15,exemplar,00324_coal,0,1,train::00324_coal::exemplar_0
train,train_exemplar_ep00067_pair010,67,15,exemplar,00324_coal,1,0,train::00324_coal::exemplar_1
train,train_exemplar_ep00067_pair011,67,15,exemplar,00556_footprint,0,1,train::00556_footprint::exemplar_0
train,train_exemplar_ep00067_pair011,67,15,exemplar,00556_footprint,1,0,train::00556_footprint::exemplar_1
train,train_exemplar_ep00067_pair012,67,15,exemplar,00636_gumball,0,1,train::00636_gumball::exemplar_0
train,train_exemplar_ep00067_pair012,67,15,exemplar,00636_gumball,1,0,train::00636_gumball::exemplar_1
train,train_exemplar_ep00067_pair013,67,15,exemplar,00642_gyroscope,0,1,train::00642_gyroscope::exemplar_0
train,train_exemplar_ep00067_pair013,67,15,exemplar,00642_gyroscope,1,0,train::00642_gyroscope::exemplar_1
train,train_exemplar_ep00067_pair014,67,15,exemplar,00615_grape,0,1,train::00615_grape::exemplar_0
train,train_exemplar_ep00067_pair014,67,15,exemplar,00615_grape,1,0,train::00615_grape::exemplar_1
train,train_exemplar_ep00067_pair015,67,15,exemplar,00416_denture,0,1,train::00416_denture::exemplar_0
train,train_exemplar_ep00067_pair015,67,15,exemplar,00416_denture,1,0,train::00416_denture::exemplar_1
train,train_exemplar_ep00068_pair001,68,7,exemplar,00720_ice,0,1,train::00720_ice::exemplar_0
train,train_exemplar_ep00068_pair001,68,7,exemplar,00720_ice,1,0,train::00720_ice::exemplar_1
train,train_exemplar_ep00068_pair002,68,7,exemplar,00391_crown,0,1,train::00391_crown::exemplar_0
train,train_exemplar_ep00068_pair002,68,7,exemplar,00391_crown,1,0,train::00391_crown::exemplar_1
train,train_exemplar_ep00068_pair003,68,7,exemplar,00316_clock,0,1,train::00316_clock::exemplar_0
train,train_exemplar_ep00068_pair003,68,7,exemplar,00316_clock,1,0,train::00316_clock::exemplar_1
train,train_exemplar_ep00068_pair004,68,7,exemplar,00427_dishrag,0,1,train::00427_dishrag::exemplar_0
train,train_exemplar_ep00068_pair004,68,7,exemplar,00427_dishrag,1,0,train::00427_dishrag::exemplar_1
train,train_exemplar_ep00068_pair005,68,7,exemplar,00773_kitten,0,1,train::00773_kitten::exemplar_0
train,train_exemplar_ep00068_pair005,68,7,exemplar,00773_kitten,1,0,train::00773_kitten::exemplar_1
train,train_exemplar_ep00068_pair006,68,7,exemplar,00283_chicken1,0,1,train::00283_chicken1::exemplar_0
train,train_exemplar_ep00068_pair006,68,7,exemplar,00283_chicken1,1,0,train::00283_chicken1::exemplar_1
train,train_exemplar_ep00068_pair007,68,7,exemplar,00566_fruitcake,0,1,train::00566_fruitcake::exemplar_0
train,train_exemplar_ep00068_pair007,68,7,exemplar,00566_fruitcake,1,0,train::00566_fruitcake::exemplar_1
train,train_exemplar_ep00069_pair001,69,7,exemplar,00215_calzone,0,1,train::00215_calzone::exemplar_0
train,train_exemplar_ep00069_pair001,69,7,exemplar,00215_calzone,1,0,train::00215_calzone::exemplar_1
train,train_exemplar_ep00069_pair002,69,7,exemplar,00767_key,0,1,train::00767_key::exemplar_0
train,train_exemplar_ep00069_pair002,69,7,exemplar,00767_key,1,0,train::00767_key::exemplar_1
train,train_exemplar_ep00069_pair003,69,7,exemplar,00417_deodorant,0,1,train::00417_deodorant::exemplar_0
train,train_exemplar_ep00069_pair003,69,7,exemplar,00417_deodorant,1,0,train::00417_deodorant::exemplar_1
train,train_exemplar_ep00069_pair004,69,7,exemplar,00476_eclair,0,1,train::00476_eclair::exemplar_0
train,train_exemplar_ep00069_pair004,69,7,exemplar,00476_eclair,1,0,train::00476_eclair::exemplar_1
train,train_exemplar_ep00069_pair005,69,7,exemplar,00571_furnace,0,1,train::00571_furnace::exemplar_0
train,train_exemplar_ep00069_pair005,69,7,exemplar,00571_furnace,1,0,train::00571_furnace::exemplar_1
train,train_exemplar_ep00069_pair006,69,7,exemplar,00231_cannon,0,1,train::00231_cannon::exemplar_0
train,train_exemplar_ep00069_pair006,69,7,exemplar,00231_cannon,1,0,train::00231_cannon::exemplar_1
train,train_exemplar_ep00069_pair007,69,7,exemplar,00363_cornbread,0,1,train::00363_cornbread::exemplar_0
train,train_exemplar_ep00069_pair007,69,7,exemplar,00363_cornbread,1,0,train::00363_cornbread::exemplar_1
