{
    "ViT-Base": {
        "metrics": {
            "accuracy": 0.5,
            "hit_rate": 0.0,
            "false_alarm_rate": 0.0,
            "d_prime": Infinity,
            "criterion": Infinity,
            "counts": {
                "hits": 0,
                "misses": 50,
                "false_alarms": 0,
                "correct_rejections": 50
            }
        },
        "delays": [
            2,
            2,
            2,
            10,
            8,
            4,
            6,
            3,
            24,
            19,
            4,
            20,
            22,
            5,
            8,
            20,
            17,
            7,
            11,
            34,
            42,
            11,
            6,
            5,
            7,
            13,
            45,
            3,
            2,
            43,
            7,
            28,
            4,
            17,
            16,
            10,
            57,
            22,
            4,
            4,
            3,
            3,
            13,
            2,
            19,
            2,
            25,
            15,
            8,
            4
        ],
        "hits": [
            0,
            0,
            0,
            0,
            0,
            0,
            0,
            0,
            0,
            0,
            0,
            0,
            0,
            0,
            0,
            0,
            0,
            0,
            0,
            0,
            0,
            0,
            0,
            0,
            0,
            0,
            0,
            0,
            0,
            0,
            0,
            0,
            0,
            0,
            0,
            0,
            0,
            0,
            0,
            0,
            0,
            0,
            0,
            0,
            0,
            0,
            0,
            0,
            0,
            0
        ]
    },
    "MambaVision-Mock": {
        "metrics": {
            "accuracy": 0.42,
            "hit_rate": 0.46,
            "false_alarm_rate": 0.62,
            "d_prime": -0.40591450861086714,
            "criterion": -0.10252353379396381,
            "counts": {
                "hits": 23,
                "misses": 27,
                "false_alarms": 31,
                "correct_rejections": 19
            }
        },
        "delays": [
            2,
            2,
            2,
            10,
            8,
            4,
            6,
            3,
            24,
            19,
            4,
            20,
            22,
            5,
            8,
            20,
            17,
            7,
            11,
            34,
            42,
            11,
            6,
            5,
            7,
            13,
            45,
            3,
            2,
            43,
            7,
            28,
            4,
            17,
            16,
            10,
            57,
            22,
            4,
            4,
            3,
            3,
            13,
            2,
            19,
            2,
            25,
            15,
            8,
            4
        ],
        "hits": [
            1,
            0,
            0,
            1,
            1,
            0,
            0,
            1,
            0,
            1,
            0,
            1,
            1,
            1,
            1,
            1,
            0,
            0,
            1,
            1,
            0,
            0,
            0,
            1,
            0,
            0,
            0,
            0,
            0,
            1,
            1,
            0,
            0,
            1,
            0,
            1,
            1,
            0,
            0,
            1,
            0,
            0,
            0,
            1,
            1,
            0,
            0,
            1,
            0,
            1
        ]
    },
    "VisionTitans-Mock": {
        "metrics": {
            "accuracy": 0.51,
            "hit_rate": 0.56,
            "false_alarm_rate": 0.54,
            "d_prime": 0.0505354949853075,
            "criterion": -0.12570146800412363,
            "counts": {
                "hits": 28,
                "misses": 22,
                "false_alarms": 27,
                "correct_rejections": 23
            }
        },
        "delays": [
            2,
            2,
            2,
            10,
            8,
            4,
            6,
            3,
            24,
            19,
            4,
            20,
            22,
            5,
            8,
            20,
            17,
            7,
            11,
            34,
            42,
            11,
            6,
            5,
            7,
            13,
            45,
            3,
            2,
            43,
            7,
            28,
            4,
            17,
            16,
            10,
            57,
            22,
            4,
            4,
            3,
            3,
            13,
            2,
            19,
            2,
            25,
            15,
            8,
            4
        ],
        "hits": [
            1,
            1,
            1,
            1,
            0,
            0,
            0,
            0,
            1,
            1,
            0,
            0,
            1,
            0,
            0,
            0,
            0,
            1,
            1,
            1,
            1,
            0,
            1,
            1,
            1,
            1,
            0,
            0,
            1,
            1,
            1,
            1,
            1,
            0,
            0,
            1,
            1,
            0,
            0,
            0,
            1,
            1,
            0,
            1,
            1,
            0,
            1,
            0,
            0,
            1
        ]
    },
    "Gemini-Mock": {
        "metrics": {
            "accuracy": 0.53,
            "hit_rate": 0.52,
            "false_alarm_rate": 0.46,
            "d_prime": 0.1505873039762034,
            "criterion": 0.025140068523368038,
            "counts": {
                "hits": 26,
                "misses": 24,
                "false_alarms": 23,
                "correct_rejections": 27
            }
        },
        "delays": [
            2,
            2,
            2,
            10,
            8,
            4,
            6,
            3,
            24,
            19,
            4,
            20,
            22,
            5,
            8,
            20,
            17,
            7,
            11,
            34,
            42,
            11,
            6,
            5,
            7,
            13,
            45,
            3,
            2,
            43,
            7,
            28,
            4,
            17,
            16,
            10,
            57,
            22,
            4,
            4,
            3,
            3,
            13,
            2,
            19,
            2,
            25,
            15,
            8,
            4
        ],
        "hits": [
            1,
            1,
            0,
            1,
            0,
            1,
            1,
            1,
            0,
            0,
            0,
            1,
            1,
            1,
            0,
            1,
            1,
            0,
            0,
            0,
            1,
            1,
            0,
            1,
            1,
            1,
            1,
            1,
            0,
            0,
            0,
            1,
            0,
            0,
            0,
            0,
            1,
            0,
            1,
            1,
            0,
            0,
            0,
            0,
            1,
            0,
            1,
            1,
            1,
            0
        ]
    }
}