foil_type,sequence_length,episode_index,trial_index_within_episode,study_length,target_name,foil_name,old_beta_mean,foil_beta_mean,old_delta_s_norm,foil_delta_s_norm,old_mean_conf_self,foil_mean_conf_self,beta_accuracy,delta_s_accuracy,conf_self_accuracy
exemplar,1,6,1,1,reportfile1.jpg,reportfile2.jpg,0.0,49.6153564453125,0.0,571738560.0,1.2171707153320312,1.9304592609405518,0.0,1.0,0.0
exemplar,1,7,1,1,holepunch1.jpg,holepunch2.jpg,0.0,0.0,0.0,0.0,2.8769588470458984,5.300355911254883,0.5,0.5,0.0
exemplar,1,9,1,1,coathanger1.jpg,coathanger2.jpg,4.0,0.0,2751.910888671875,0.0,3.4766321182250977,1.72282874584198,1.0,0.0,1.0
exemplar,1,11,1,1,pizza1.jpg,pizza2.jpg,0.0,4.0,0.0,31498.4921875,4.067040920257568,4.375959396362305,0.0,1.0,0.0
exemplar,1,12,1,1,kayak1.jpg,kayak2.jpg,0.0,0.0,0.0,0.0,3.3128905296325684,4.254976272583008,0.5,0.5,0.0
exemplar,1,14,1,1,pictureframe1.jpg,pictureframe2.jpg,-128.0,-128.0,87009.53125,87257.0078125,1.0301060676574707,3.4076735973358154,0.5,1.0,0.0
exemplar,1,15,1,1,key1.jpg,key2.jpg,4.0,4.0,2766.946044921875,2761.627685546875,8.396279335021973,8.31788444519043,0.5,0.0,1.0
exemplar,1,16,1,1,horn1.jpg,horn2.jpg,4.0,0.0,2743.85107421875,0.0,2.4751429557800293,2.6635217666625977,1.0,0.0,0.0
exemplar,1,17,1,1,lei1.jpg,lei2.jpg,0.0,0.0,0.0,0.0,5.308653354644775,2.7931251525878906,0.5,0.5,1.0
exemplar,1,21,1,1,parkmet1.jpg,parkmet2.jpg,0.0,0.0,0.0,0.0,2.8307814598083496,7.8185858726501465,0.5,0.5,0.0
exemplar,1,22,1,1,calculator1.jpg,calculator2.jpg,0.0,0.0,0.0,0.0,7.569461822509766,5.020007133483887,0.5,0.5,1.0
exemplar,1,26,1,1,feather1.jpg,feather2.jpg,0.0,0.0,0.0,0.0,5.375685691833496,4.913144111633301,0.5,0.5,1.0
exemplar,1,27,1,1,block1.jpg,block2.jpg,0.0,-112.0,0.0,76309.6484375,3.1863811016082764,5.356231689453125,1.0,1.0,0.0
exemplar,1,28,1,1,chisel1.jpg,chisel2.jpg,0.0,0.0,0.0,0.0,3.326349973678589,3.1285958290100098,0.5,0.5,1.0
exemplar,1,30,1,1,flask1.jpg,flask2.jpg,0.0,0.0,0.0,0.0,3.431614398956299,4.2163801193237305,0.5,0.5,0.0
exemplar,1,36,1,1,grandpiano1.jpg,grandpiano2.jpg,4.0,0.0,2747.33251953125,0.0,3.8570494651794434,3.045252799987793,1.0,0.0,1.0
exemplar,1,39,1,1,camera1.jpg,camera2.jpg,0.0,0.0,0.0,0.0,4.762756824493408,5.764134883880615,0.5,0.5,0.0
exemplar,1,41,1,1,grapes1.jpg,grapes2.jpg,32.0,4.0,22088.103515625,2801.705322265625,10.068110466003418,13.64795970916748,1.0,0.0,0.0
exemplar,1,42,1,1,sharpener1.jpg,sharpener2.jpg,0.0,0.0,0.0,0.0,3.333472728729248,3.383607864379883,0.5,0.5,0.0
exemplar,1,46,1,1,potatochips1.jpg,potatochips2.jpg,0.0,0.0,0.0,0.0,10.556011199951172,10.12625789642334,0.5,0.5,1.0
exemplar,1,47,1,1,globe1.jpg,globe2.jpg,0.0,0.0,0.0,0.0,3.467142105102539,1.9015042781829834,0.5,0.5,1.0
exemplar,1,48,1,1,bonzai1.jpg,bonzai2.jpg,0.0,0.0,0.0,0.0,4.027901649475098,3.288604259490967,0.5,0.5,1.0
exemplar,1,49,1,1,wineglass1.jpg,wineglass2.jpg,0.0,0.0,0.0,0.0,2.7900197505950928,1.7696688175201416,0.5,0.5,1.0
exemplar,1,50,1,1,lighter1.jpg,lighter2.jpg,0.0,4.0,0.0,2716.17431640625,1.9809551239013672,3.741218090057373,0.0,1.0,0.0
exemplar,1,53,1,1,razor1.jpg,razor2.jpg,0.0,0.0,0.0,0.0,2.157304286956787,4.758708953857422,0.5,0.5,0.0
exemplar,1,55,1,1,toyairplane1.jpg,toyairplane2.jpg,-112.0,0.0,77266.671875,0.0,5.7316083908081055,7.940426826477051,0.0,0.0,0.0
exemplar,1,56,1,1,dogpresent1.JPG,dogpresent2.JPG,0.0,0.0,0.0,0.0,7.554206848144531,12.482170104980469,0.5,0.5,0.0
exemplar,1,57,1,1,rabbitstuffed1.jpg,rabbitstuffed2.jpg,4.0,0.0,2720.531005859375,0.0,1.5656756162643433,4.014172077178955,1.0,0.0,0.0
exemplar,1,63,1,1,spraybottle1.jpg,spraybottle2.jpg,0.0,-128.0,0.0,87978.859375,1.4814505577087402,3.9226014614105225,1.0,1.0,0.0
exemplar,1,64,1,1,anchor1.jpg,anchor2.jpg,4.0,0.0,6498285.0,0.0,5.038263320922852,3.423128128051758,1.0,0.0,1.0
exemplar,1,66,1,1,skull1.jpg,skull2.jpg,4.0,4.0,30685.234375,30690.24609375,3.121814727783203,6.101560115814209,0.5,1.0,0.0
exemplar,1,68,1,1,graduatedcylinder1.jpg,graduatedcylinder2.jpg,16.0,0.0,10796.3388671875,0.0,4.66123104095459,1.0136932134628296,1.0,0.0,1.0
exemplar,1,69,1,1,doorway1.jpg,doorway2.jpg,0.0,-128.0,0.0,87071.609375,2.7040863037109375,1.0026015043258667,1.0,1.0,1.0
exemplar,1,70,1,1,stapleremover1.jpg,stapleremover2.jpg,0.0,33.738929748535156,0.0,23522.642578125,5.796785354614258,4.608030319213867,0.0,1.0,1.0
exemplar,1,72,1,1,muffin1.jpg,muffin2.jpg,0.0,1.6823015213012695,0.0,13243.1943359375,5.1296772956848145,3.78414249420166,0.0,1.0,1.0
exemplar,1,73,1,1,bathingsuit1.jpg,bathingsuit2.jpg,0.0,0.0,0.0,0.0,3.737623929977417,3.653926372528076,0.5,0.5,1.0
exemplar,1,77,1,1,money1.jpg,money2.jpg,0.0,-128.0,0.0,88144.6875,5.017626762390137,4.661494255065918,1.0,1.0,1.0
exemplar,1,80,1,1,spraynozzle1.jpg,spraynozzle2.jpg,4.0,0.0,2735.156982421875,0.0,3.884911298751831,5.7510833740234375,1.0,0.0,0.0
exemplar,1,83,1,1,toyhandorn1.jpg,toyhandorn2.jpg,0.0,0.0,0.0,0.0,5.1375861167907715,5.044198036193848,0.5,0.5,1.0
exemplar,1,84,1,1,hotair1.jpg,hotair2.jpg,0.0,4.0,0.0,752510.8125,4.356647491455078,4.859370231628418,0.0,1.0,0.0
exemplar,1,85,1,1,log1.jpg,log2.jpg,0.0,4.0,0.0,2778.9375,4.874673366546631,7.5485053062438965,0.0,1.0,0.0
exemplar,1,90,1,1,tractor1.jpg,tractor2.jpg,0.0,0.0,0.0,0.0,2.437081813812256,3.804232358932495,0.5,0.5,0.0
exemplar,1,91,1,1,soccerball1.jpg,soccerball2.jpg,0.0,4.0,0.0,2742.753173828125,9.467395782470703,3.5472333431243896,0.0,1.0,1.0
exemplar,1,93,1,1,fishbowl1.jpg,fishbowl2.jpg,0.0,4.0,0.0,46039856.0,2.7070322036743164,4.663367748260498,0.0,1.0,0.0
exemplar,1,95,1,1,microscope1.jpg,microscope2.jpg,0.0,4.0,0.0,2728.41259765625,4.467062473297119,3.6795082092285156,0.0,1.0,1.0
exemplar,1,96,1,1,wheelchair1.jpg,wheelchair2.jpg,0.0,4.0,0.0,2756.3037109375,1.4873309135437012,2.210737705230713,0.0,1.0,0.0
exemplar,1,97,1,1,bracelet1.jpg,bracelet2.jpg,0.0,-128.0,0.0,997077.875,3.1802353858947754,2.7889857292175293,1.0,1.0,1.0
exemplar,1,102,1,1,guitar1.jpg,guitar2.jpg,0.0,-128.0,0.0,88122.8515625,4.38923454284668,4.39246129989624,1.0,1.0,0.0
exemplar,1,103,1,1,soapdish1.jpg,soapdish2.jpg,0.0,0.0,0.0,0.0,3.868314266204834,6.0097246170043945,0.5,0.5,0.0
exemplar,1,105,1,1,cow1.jpg,cow2.jpg,4.0,4.0,30320.7421875,30319.626953125,2.8477907180786133,1.8426902294158936,0.5,0.0,1.0
exemplar,1,106,1,1,bassguitar1.jpg,bassguitar2.jpg,0.0,-128.0,0.0,4869907.0,5.505439281463623,2.4905223846435547,1.0,1.0,1.0
exemplar,1,107,1,1,tongs1.jpg,tongs2.jpg,0.0,0.0,0.0,0.0,4.504754066467285,5.752580165863037,0.5,0.5,0.0
exemplar,1,111,1,1,bikehelmet1.jpg,bikehelmet2.jpg,0.0,0.0,0.0,0.0,3.833927869796753,4.693808555603027,0.5,0.5,0.0
exemplar,1,113,1,1,spool1.jpg,spool2.jpg,-48.0,0.0,33198.69921875,0.0,11.088333129882812,7.481998443603516,0.0,0.0,1.0
exemplar,1,114,1,1,balloon1.jpg,balloon2.jpg,0.0,4.0,0.0,2758.564453125,3.2561872005462646,6.722415447235107,0.0,1.0,0.0
exemplar,1,116,1,1,turtle1.jpg,turtle2.jpg,0.0,4.0,0.0,2718.25390625,7.9326324462890625,1.4479281902313232,0.0,1.0,1.0
exemplar,1,121,1,1,train1.jpg,train2.jpg,4.0,0.0,2744.607177734375,0.0,4.08610725402832,5.9140448570251465,1.0,0.0,0.0
exemplar,1,122,1,1,candy1.jpg,candy2.jpg,0.0,0.0,0.0,0.0,4.762776851654053,4.45670223236084,0.5,0.5,1.0
exemplar,1,126,1,1,fan1.jpg,fan2.jpg,1.003908395767212,0.0,699.9503173828125,0.0,1.9531750679016113,3.3084583282470703,1.0,0.0,0.0
exemplar,1,127,1,1,basket1.jpg,basket2.jpg,0.0,0.0,0.0,0.0,4.807501316070557,10.448997497558594,0.5,0.5,0.0
exemplar,1,128,1,1,chocolatebar1.jpg,chocolatebar2.jpg,0.0,0.0,0.0,0.0,9.58354377746582,5.225412845611572,0.5,0.5,1.0
exemplar,1,132,1,1,oritable1.jpg,oritable2.jpg,0.0,0.0,0.0,0.0,5.508674621582031,6.628293991088867,0.5,0.5,0.0
exemplar,1,135,1,1,toykeys1.jpg,toykeys2.JPG,0.0,0.0,0.0,0.0,4.3394904136657715,6.8872504234313965,0.5,0.5,0.0
exemplar,1,141,1,1,cabinet1.jpg,cabinet2.jpg,80.0,0.0,54794.91796875,0.0,8.474064826965332,5.7430572509765625,1.0,0.0,1.0
exemplar,1,146,1,1,bicycle1.jpg,bicycle2.jpg,0.0,0.4184553623199463,0.0,3268.059326171875,3.5223090648651123,6.138552665710449,0.0,1.0,0.0
exemplar,1,149,1,1,bell1.jpg,bell2.jpg,-128.0,0.0,969836.3125,0.0,3.137349843978882,2.387500286102295,0.0,0.0,1.0
exemplar,1,150,1,1,chocolatecake.jpg,chocolatecake2.jpg,0.0,0.0,0.0,0.0,2.346224308013916,3.0571842193603516,0.5,0.5,0.0
exemplar,1,152,1,1,icecream1.jpg,icecream2.jpg,0.0,0.0,0.0,0.0,8.154378890991211,6.079822540283203,0.5,0.5,1.0
exemplar,1,153,1,1,rabbit1.jpg,rabbit2.jpg,0.0,0.0,0.0,0.0,9.049925804138184,5.851415634155273,0.5,0.5,1.0
exemplar,1,155,1,1,breadloaf1.jpg,breadloaf2.jpg,0.0,0.0,0.0,0.0,5.90750789642334,7.336646556854248,0.5,0.5,0.0
exemplar,1,156,1,1,citroen1.jpg,citroen2.jpg,0.0,4.0,0.0,2769.92529296875,5.871415615081787,4.42498254776001,0.0,1.0,1.0
exemplar,1,158,1,1,peppers1.jpg,peppers2.jpg,0.0,112.0,0.0,76758.4375,8.416894912719727,4.2210283279418945,0.0,1.0,1.0
exemplar,1,159,1,1,pliers1.jpg,pliers2.jpg,-112.0,0.0,77305.28125,0.0,7.152430534362793,10.344438552856445,0.0,0.0,0.0
exemplar,1,160,1,1,headphone1.jpg,headphone2.jpg,96.0,4.0,64830.50390625,2737.027587890625,2.4269423484802246,7.059028625488281,1.0,0.0,0.0
exemplar,1,161,1,1,scroll1.jpg,scroll2.jpg,0.0,4.0,0.0,30584.880859375,1.7371490001678467,4.736590385437012,0.0,1.0,0.0
exemplar,1,164,1,1,soother1.jpg,soother2.jpg,4.0,0.0,2728.86767578125,0.0,3.3747568130493164,3.3603885173797607,1.0,0.0,1.0
exemplar,1,165,1,1,baseballglove1.jpg,baseballglove2.jpg,4.0,0.0,2801.6220703125,0.0,9.375936508178711,13.772958755493164,1.0,0.0,0.0
exemplar,1,166,1,1,remote1.jpg,remote2.jpg,0.0,4.0,0.0,30998.888671875,5.655696868896484,5.356060028076172,0.0,1.0,1.0
exemplar,1,167,1,1,ship1.jpg,ship2.jpg,0.0,0.0,0.0,0.0,3.5090243816375732,3.5919692516326904,0.5,0.5,0.0
exemplar,1,168,1,1,binoculars1.jpg,binoculars2.jpg,0.0,4.0,0.0,2735.649169921875,5.083803176879883,2.3307430744171143,0.0,1.0,1.0
exemplar,1,170,1,1,starfish1.jpg,starfish2.jpg,0.0,4.0,0.0,2750.108642578125,4.469013690948486,5.1708807945251465,0.0,1.0,0.0
exemplar,1,171,1,1,toydinosaur1.jpg,toydinosaur2.jpg,0.0,0.0,0.0,0.0,9.24592399597168,3.9359560012817383,0.5,0.5,1.0
exemplar,1,177,1,1,sunglasses1.jpg,sunglasses2.jpg,0.0,16.0,0.0,123266.46875,2.245238780975342,2.3595457077026367,0.0,1.0,0.0
exemplar,1,178,1,1,suitcase1.jpg,suitcase2.jpg,4.0,0.0,31015.810546875,0.0,4.7314653396606445,4.692341327667236,1.0,0.0,1.0
exemplar,1,179,1,1,cone1.jpg,cone2.jpg,0.0,0.0,0.0,0.0,2.5993881225585938,1.1852737665176392,0.5,0.5,1.0
exemplar,1,180,1,1,trophy1.jpg,trophy2.jpg,4.0,0.0,1050989.375,0.0,10.617355346679688,6.469183921813965,1.0,0.0,1.0
exemplar,1,181,1,1,teapot1.JPG,teapot2.JPG,4.0,4.0,2771.0107421875,2783.093017578125,5.780717372894287,5.84239387512207,0.5,1.0,0.0
exemplar,1,185,1,1,goggles1.jpg,goggles2.jpg,4.0,0.0,2755.485107421875,0.0,5.204933166503906,5.4426116943359375,1.0,0.0,0.0
exemplar,1,186,1,1,backgammon1.jpg,backgammon2.jpg,0.0,0.0,0.0,0.0,16.124744415283203,12.508395195007324,0.5,0.5,1.0
exemplar,1,187,1,1,stapler1.jpg,stapler2.jpg,0.0,0.0,0.0,0.0,4.2402729988098145,4.50319766998291,0.5,0.5,0.0
exemplar,1,188,1,1,metalpin1.jpg,metalpin2.jpg,0.0,0.0,0.0,0.0,8.893383026123047,8.156340599060059,0.5,0.5,1.0
exemplar,1,189,1,1,stool1.jpg,stool2.jpg,0.0,0.0,0.0,0.0,3.5217318534851074,3.445882797241211,0.5,0.5,1.0
exemplar,1,190,1,1,soapbottle1.jpg,soapbottle2.jpg,0.0,0.0,0.0,0.0,1.2515628337860107,2.309011936187744,0.5,0.5,0.0
exemplar,1,191,1,1,plate1.jpg,plate2.jpg,0.0,0.0,0.0,0.0,9.44611930847168,1.1640713214874268,0.5,0.5,1.0
exemplar,1,192,1,1,rake1.jpg,rake2.jpg,0.0,-128.0,0.0,87697.0,5.903419494628906,4.774103164672852,1.0,1.0,1.0
exemplar,1,193,1,1,toywrench1.jpg,toywrench2.jpg,4.0,0.0,2745.529296875,0.0,5.948581218719482,3.9770655632019043,1.0,0.0,1.0
exemplar,1,196,1,1,woodenbarrel1.jpg,woodenbarrel2.jpg,80.0,0.0,55120.234375,0.0,5.741039276123047,5.368278503417969,1.0,0.0,1.0
exemplar,1,197,1,1,cheesecrackers1.jpg,cheesecrackers2.jpg,4.0,32.0,2787.559326171875,22135.7734375,9.204727172851562,6.2724127769470215,0.0,1.0,1.0
exemplar,1,198,1,1,santahat1.jpg,santahat2.jpg,4.0,0.0,2736.318359375,0.0,4.304791450500488,4.394526481628418,1.0,0.0,0.0
exemplar,1,199,1,1,gardeningshovel1.jpg,gardeningshovel2.jpg,0.0,0.0,0.0,0.0,3.1511735916137695,4.976663589477539,0.5,0.5,0.0
novel,1,1,1,1,accord1.jpg,36407726.thl.jpg,0.0,0.0,0.0,0.0,1.4067399501800537,3.6103363037109375,0.5,0.5,0.0
novel,1,2,1,1,waterbottle1.JPG,Aantiquerota7.jpg,-128.0,0.0,9798227.0,0.0,7.089541435241699,1.5577119588851929,0.0,0.0,1.0
novel,1,3,1,1,container1.JPG,ABOWARRO8.jpg,0.0,80.0,0.0,354350912.0,6.245193004608154,1.169513463973999,0.0,1.0,1.0
novel,1,4,1,1,bread1.jpg,26423812.thl.jpg,4.0,4.0,30566.392578125,30561.28125,4.865475654602051,1.7421438694000244,0.5,0.0,1.0
novel,1,5,1,1,apple1.jpg,batslbir.jpg,4.0,4.0,2787.889404296875,2743.672607421875,6.465786933898926,5.628725051879883,0.5,0.0,1.0
novel,1,6,1,1,reportfile1.jpg,ATHERMO4.jpg,0.0,0.0,0.0,0.0,1.2171707153320312,4.565749645233154,0.5,0.5,0.0
novel,1,7,1,1,holepunch1.jpg,AOPGLASS.jpg,0.0,0.0,0.0,0.0,2.8769588470458984,1.6056745052337646,0.5,0.5,1.0
novel,1,8,1,1,patiota1.jpg,slide.jpg,0.0,4.0,0.0,2713.4423828125,2.03879451751709,5.789093017578125,0.0,1.0,0.0
novel,1,9,1,1,coathanger1.jpg,26431205.thl.jpg,4.0,4.0,2751.910888671875,2719.731689453125,3.4766321182250977,3.042275905609131,0.5,0.0,1.0
novel,1,10,1,1,books1.JPG,decorativesquash.jpg,0.0,0.0,0.0,0.0,6.846236705780029,12.238851547241211,0.5,0.5,0.0
novel,1,11,1,1,pizza1.jpg,Ajewisho2.jpg,0.0,0.0,0.0,0.0,4.067040920257568,1.0158814191818237,0.5,0.5,1.0
novel,1,12,1,1,kayak1.jpg,Aallterrain10.jpg,0.0,112.0,0.0,853886.0625,3.3128905296325684,4.366148948669434,0.0,1.0,0.0
novel,1,13,1,1,dishwash1.jpg,AHOSPBED.jpg,0.0,-38.170204162597656,0.0,26880.154296875,7.132010459899902,5.768496513366699,1.0,1.0,1.0
novel,1,14,1,1,pictureframe1.jpg,TTtvehiclesCyborg.jpg,0.0,4.0,0.0,2770.22021484375,1.0074968338012695,7.996133804321289,0.0,1.0,0.0
novel,1,15,1,1,key1.jpg,Atoypanda.jpg,4.0,0.0,2766.946044921875,0.0,8.396279335021973,13.397799491882324,1.0,0.0,0.0
novel,1,16,1,1,horn1.jpg,Agardeningrak.jpg,0.2890896499156952,0.0,202.8739471435547,0.0,2.578399658203125,4.151711463928223,1.0,0.0,0.0
novel,1,17,1,1,lei1.jpg,Astackingtoy2.jpg,0.0,0.0,0.0,0.0,5.308653354644775,1.9713189601898193,0.5,0.5,1.0
novel,1,18,1,1,crayon1.jpg,Araisins4.jpg,0.0,0.0,0.0,0.0,3.2090728282928467,9.930212020874023,0.5,0.5,0.0
novel,1,19,1,1,player1.jpg,promdress.jpg,0.0,0.0,0.0,0.0,3.2798662185668945,5.437457084655762,0.5,0.5,0.0
novel,1,20,1,1,dryer1.jpg,26443034.thl.jpg,0.0,-112.0,0.0,76820.5078125,8.4734525680542,4.21818733215332,1.0,1.0,1.0
novel,1,21,1,1,parkmet1.jpg,Achair618.jpg,0.0,0.0,0.0,0.0,2.8307814598083496,5.004602432250977,0.5,0.5,0.0
novel,1,22,1,1,calculator1.jpg,ABABYDOLL.jpg,0.0,0.0,0.0,0.0,7.569461822509766,2.9973230361938477,0.5,0.5,1.0
novel,1,23,1,1,abacus1.jpg,Agardeningpai.jpg,0.0,0.0,0.0,0.0,4.385133743286133,6.318514823913574,0.5,0.5,0.0
novel,1,24,1,1,antiquechest1.jpg,Aseat3.jpg,0.0,0.0,0.0,0.0,8.785338401794434,2.6846976280212402,0.5,0.5,1.0
novel,1,25,1,1,theasea1.jpg,22857084.thl.jpg,4.0,-128.0,2775.45263671875,86703.1796875,3.7444796562194824,2.1293163299560547,1.0,1.0,1.0
novel,1,26,1,1,feather1.jpg,26687972.thl.jpg,0.0,0.0,0.0,0.0,5.375685691833496,4.288905143737793,0.5,0.5,1.0
novel,1,27,1,1,block1.jpg,AANGLEME2.jpg,0.0,4.0,0.0,2724.52685546875,3.1863811016082764,3.015913486480713,0.0,1.0,1.0
novel,1,28,1,1,chisel1.jpg,medievalknight.jpg,0.0,-128.0,0.0,979434.75,3.326349973678589,2.5423760414123535,1.0,1.0,1.0
novel,1,29,1,1,tent1.jpg,Acementfinish.jpg,1.8068113327026367,4.0,20866662.0,45540848.0,3.9213457107543945,12.915392875671387,0.0,1.0,0.0
novel,1,30,1,1,flask1.jpg,Abeaver.jpg,4.0,4.0,354250.375,354250.4375,3.5574793815612793,1.8527930974960327,0.5,1.0,1.0
novel,1,31,1,1,scales1.jpg,ABEERBOT5.jpg,-128.0,-128.0,86806.984375,87113.734375,3.0633959770202637,4.3507843017578125,0.5,1.0,0.0
novel,1,32,1,1,filebox1.jpg,26419670.thl.jpg,0.0,4.0,0.0,2710.310791015625,15.370677947998047,3.6873693466186523,0.0,1.0,1.0
novel,1,33,1,1,antiquephone1.jpg,ACOCKSPA4.jpg,0.0,-16.0,0.0,3402001.75,1.7660932540893555,3.3362512588500977,1.0,1.0,0.0
novel,1,34,1,1,pie1.JPG,razorscooter.jpg,0.0,0.0,0.0,0.0,6.6504340171813965,2.640615940093994,0.5,0.5,1.0
novel,1,35,1,1,napdisp1.jpg,APYRITE7.jpg,4.0,0.0,2758.881591796875,0.0,4.15385103225708,1.8756908178329468,1.0,0.0,1.0
novel,1,36,1,1,grandpiano1.jpg,ATVLAMP.jpg,0.0,-128.0,0.0,88063.578125,3.917325496673584,1.9055299758911133,1.0,1.0,1.0
novel,1,37,1,1,apples1.JPG,948_01.jpg,4.0,0.0,17416480.0,0.0,3.504603147506714,1.9629621505737305,1.0,0.0,1.0
novel,1,38,1,1,servdis1.jpg,Alanter59.jpg,4.0,0.24920639395713806,2715.9091796875,173.41856384277344,3.4606568813323975,3.0551135540008545,1.0,0.0,1.0
novel,1,39,1,1,camera1.jpg,carbattery.jpg,0.0,0.0,0.0,0.0,4.762756824493408,3.3098182678222656,0.5,0.5,1.0
novel,1,40,1,1,alligatorsk1.jpg,35310232.thl.jpg,0.0,4.0,0.0,518971.03125,2.952540874481201,5.090359687805176,0.0,1.0,0.0
novel,1,41,1,1,grapes1.jpg,AGLASSBA4.jpg,0.0,0.0,0.0,0.0,10.020933151245117,4.213810443878174,0.5,0.5,1.0
novel,1,42,1,1,sharpener1.jpg,AFUNNEL4.jpg,0.0,80.0,0.0,54423.85546875,3.519047498703003,2.5198495388031006,0.0,1.0,1.0
novel,1,43,1,1,schoolbag1.JPG,Adolphin3.jpg,0.0,0.0,0.0,0.0,4.462464332580566,3.3274755477905273,0.5,0.5,1.0
novel,1,44,1,1,traffic1.jpg,toy2A.JPG,0.0,34.36918640136719,0.0,24381.220703125,2.780385971069336,15.479146957397461,0.0,1.0,0.0
novel,1,45,1,1,dice1.jpg,AFIREPANT.jpg,46.15948486328125,80.0,354406.375,607731.625,2.6314897537231445,1.4997085332870483,0.0,1.0,1.0
novel,1,46,1,1,potatochips1.jpg,ACEDAR.jpg,0.0,4.0,0.0,2793.458740234375,10.556011199951172,4.158559322357178,0.0,1.0,1.0
novel,1,47,1,1,globe1.jpg,26466347.thl.jpg,0.0,0.0,0.0,0.0,3.467142105102539,3.6941542625427246,0.5,0.5,0.0
novel,1,48,1,1,bonzai1.jpg,26392231.thl.jpg,32.0,0.0,21845.474609375,0.0,4.4026198387146,8.500442504882812,1.0,0.0,0.0
novel,1,49,1,1,wineglass1.jpg,ADEEPFRY5.jpg,0.0,64.0,0.0,44287.08984375,2.7900197505950928,12.773557662963867,0.0,1.0,0.0
novel,1,50,1,1,lighter1.jpg,Achickendinne.jpg,0.0,0.0,0.0,0.0,1.9809551239013672,4.2426652908325195,0.5,0.5,0.0
novel,1,51,1,1,twofingers1.JPG,8052266.thl.jpg,0.0,0.0,0.0,0.0,3.2453346252441406,4.212394714355469,0.5,0.5,0.0
novel,1,52,1,1,handshake1.JPG,AWATEHOSE.jpg,0.0,0.0,0.0,0.0,4.568276405334473,3.05220103263855,0.5,0.5,1.0
novel,1,53,1,1,razor1.jpg,8079080.thl.jpg,0.0,0.0,0.0,0.0,2.4040842056274414,2.2792601585388184,0.5,0.5,1.0
novel,1,54,1,1,racketball1.jpg,supersmilefloss.jpg,0.0,0.0,0.0,0.0,2.7840707302093506,17.986127853393555,0.5,0.5,0.0
novel,1,55,1,1,toyairplane1.jpg,AAPPCOVE2.jpg,0.0,4.0,0.0,2780.4189453125,5.858519554138184,8.4761323928833,0.0,1.0,0.0
novel,1,56,1,1,dogpresent1.JPG,ACOFFTRA2.jpg,0.0,4.0,0.0,2804.32861328125,7.554206848144531,5.258406639099121,0.0,1.0,1.0
novel,1,57,1,1,rabbitstuffed1.jpg,AHYPBOTT.jpg,0.0,0.0,0.0,0.0,1.599388599395752,3.6682305335998535,0.5,0.5,0.0
novel,1,58,1,1,dishes1.JPG,AALMOND1.jpg,16.0,0.0,10992.6171875,0.0,13.538673400878906,7.893453121185303,1.0,0.0,1.0
novel,1,59,1,1,redbox1.jpg,AWALKTA25.jpg,0.0,4.0,0.0,6460093.0,10.414994239807129,5.370089530944824,0.0,1.0,1.0
novel,1,60,1,1,pumpkinpie1.jpg,8056402.thl.jpg,0.0,0.0,0.0,0.0,8.886544227600098,8.688791275024414,0.5,0.5,1.0
novel,1,61,1,1,iron1.jpg,Astackingtoy2.jpg,0.0,4.0,0.0,30281.875,2.9100990295410156,2.170462131500244,0.0,1.0,1.0
novel,1,62,1,1,briefcasece1.jpg,Arubberworksh.jpg,4.0,0.0,353932.71875,0.0,4.019380569458008,3.488184690475464,1.0,0.0,1.0
novel,1,63,1,1,spraybottle1.jpg,10049257.thl.jpg,0.0,0.0,0.0,0.0,1.4814505577087402,2.6696696281433105,0.5,0.5,0.0
novel,1,64,1,1,anchor1.jpg,Acprmask2.jpg,0.0,0.0,0.0,0.0,4.281460762023926,1.1626112461090088,0.5,0.5,1.0
novel,1,65,1,1,groomingset1.jpg,ABALLBEAR.jpg,4.0,0.0,2765.68505859375,0.0,6.131722927093506,1.3531522750854492,1.0,0.0,1.0
novel,1,66,1,1,skull1.jpg,Ashoeform2.jpg,0.0,0.0,0.0,0.0,3.235431671142578,4.600436687469482,0.5,0.5,0.0
novel,1,67,1,1,cerobj1.jpg,Alock34.jpg,0.0,4.0,0.0,2777.2587890625,3.890554428100586,3.818464756011963,0.0,1.0,1.0
novel,1,68,1,1,graduatedcylinder1.jpg,Ahotdogplain.jpg,0.0,0.0,0.0,0.0,4.246951580047607,4.961418151855469,0.5,0.5,0.0
novel,1,69,1,1,doorway1.jpg,ABUSINEST.jpg,0.0,4.0,0.0,2714.07763671875,2.7040863037109375,1.9530996084213257,0.0,1.0,1.0
novel,1,70,1,1,stapleremover1.jpg,ABACKSPAC.jpg,0.0,0.0,0.0,0.0,5.796785354614258,3.655086040496826,0.5,0.5,1.0
novel,1,71,1,1,dresser1.JPG,potatomr.jpg,0.0,1.0,0.0,4366978.0,3.9780843257904053,6.070230007171631,0.0,1.0,0.0
novel,1,72,1,1,muffin1.jpg,Ascanner11.jpg,0.0,0.0,0.0,0.0,5.1296772956848145,2.0509531497955322,0.5,0.5,1.0
novel,1,73,1,1,bathingsuit1.jpg,ASERVICEB.jpg,0.0,0.0,0.0,0.0,3.737623929977417,1.1406477689743042,0.5,0.5,1.0
novel,1,74,1,1,scissors1.JPG,AWASHSIGN.jpg,-34.35490798950195,0.0,24005.16796875,0.0,3.874049186706543,3.0166213512420654,0.0,0.0,1.0
novel,1,75,1,1,lunchbox1.jpg,locomotive.jpg,0.0,0.0,0.0,0.0,4.8250627517700195,3.461195468902588,0.5,0.5,1.0
novel,1,76,1,1,sweater1.jpg,ABARPEAR.jpg,0.0,4.0,0.0,2765.66259765625,6.598489284515381,9.488035202026367,0.0,1.0,0.0
novel,1,77,1,1,money1.jpg,22991767.thl.jpg,-128.0,4.0,88519.109375,2753.025390625,5.742062568664551,5.33810567855835,0.0,0.0,1.0
novel,1,78,1,1,drum1.jpg,APERSRUG.jpg,0.0,0.0,0.0,0.0,8.495698928833008,3.1940598487854004,0.5,0.5,1.0
novel,1,79,1,1,piggybank1.jpg,ASCREEN3.jpg,0.0,0.0,0.0,0.0,2.83589243888855,3.1783671379089355,0.5,0.5,0.0
novel,1,80,1,1,spraynozzle1.jpg,AFLOURSCO.jpg,80.0,0.0,54703.140625,0.0,3.884911298751831,5.782463073730469,1.0,0.0,0.0
novel,1,81,1,1,oldbook1.JPG,moistureproduct.jpg,0.0,0.0,0.0,0.0,7.664244651794434,1.303712248802185,0.5,0.5,1.0
novel,1,82,1,1,present1.jpg,Aplasticbot10.jpg,0.0,4.0,0.0,2746.810546875,4.013192176818848,6.755870819091797,0.0,1.0,0.0
novel,1,83,1,1,toyhandorn1.jpg,outdoorheater.jpg,0.0,0.0,0.0,0.0,5.1375861167907715,3.2848575115203857,0.5,0.5,1.0
novel,1,84,1,1,hotair1.jpg,Atelescope2.jpg,0.0,4.0,0.0,752510.875,4.356647491455078,1.984045386314392,0.0,1.0,1.0
novel,1,85,1,1,log1.jpg,8065674.thl.jpg,4.0,-128.0,2770.29296875,88008.6953125,4.723423480987549,5.7531256675720215,1.0,1.0,0.0
novel,1,86,1,1,notebook1.jpg,AASPHEQUA.jpg,0.0,0.0,0.0,0.0,1.0039894580841064,4.76747465133667,0.5,0.5,0.0
novel,1,87,1,1,typewriter1.jpg,mixer.jpg,0.0,0.0,0.0,0.0,8.72529411315918,3.6070048809051514,0.5,0.5,1.0
novel,1,88,1,1,bottle1.jpg,26282587.thl.jpg,4.0,4.0,2742.10107421875,2718.3017578125,2.5943760871887207,1.0056533813476562,0.5,0.0,1.0
novel,1,89,1,1,telephone1.JPG,ASHARK3.jpg,0.0,4.0,0.0,2752.498291015625,7.294045925140381,1.4262698888778687,0.0,1.0,1.0
novel,1,90,1,1,tractor1.jpg,Awindow19.jpg,64.0,0.0,43497.63671875,0.0,2.406686305999756,2.769742012023926,1.0,0.0,0.0
novel,1,91,1,1,soccerball1.jpg,Asaltgrinder.jpg,4.0,0.0,2786.234130859375,0.0,9.740798950195312,4.158944606781006,1.0,0.0,1.0
novel,1,92,1,1,cookingpot1.JPG,Alaundrybask5.jpg,4.0,-128.0,2736.540771484375,88416.8359375,3.7844457626342773,3.8413100242614746,1.0,1.0,0.0
novel,1,93,1,1,fishbowl1.jpg,Ataperecorde4.jpg,-112.0,4.0,1289115904.0,46039856.0,2.6660585403442383,2.8658359050750732,0.0,0.0,0.0
novel,1,94,1,1,boxcookies1.JPG,Abedspringsam.jpg,0.0,4.0,0.0,2762.264892578125,13.730596542358398,4.6514716148376465,0.0,1.0,1.0
novel,1,95,1,1,microscope1.jpg,Acarjack2.jpg,0.0,-96.0,0.0,65179.88671875,4.467062473297119,5.183047771453857,1.0,1.0,0.0
novel,1,96,1,1,wheelchair1.jpg,sandbox.jpg,0.0,0.0,0.0,0.0,1.4873309135437012,7.645922660827637,0.5,0.5,0.0
novel,1,97,1,1,bracelet1.jpg,26423905.thl.jpg,0.0,0.0,0.0,0.0,3.1802353858947754,4.9833173751831055,0.5,0.5,0.0
novel,1,98,1,1,breadbox1.JPG,APOGO4.jpg,4.0,0.0,2752.47314453125,0.0,9.322198867797852,14.474586486816406,1.0,0.0,0.0
novel,1,99,1,1,clipboard1.jpg,Abuilding116.jpg,16.0,0.0,11035.3662109375,0.0,7.192748546600342,1.0059012174606323,1.0,0.0,1.0
novel,1,100,1,1,carton1.jpg,ACANTELOP.jpg,0.0,0.0,0.0,0.0,1.5166162252426147,16.73279571533203,0.5,0.5,0.0
state,1,1,1,1,accord1.jpg,accord2.jpg,0.0,16.0,0.0,121629.7578125,1.4067399501800537,2.884425640106201,0.0,1.0,0.0
state,1,2,1,1,waterbottle1.JPG,waterbottle2.JPG,-128.0,0.0,9798227.0,0.0,7.089541435241699,5.002408027648926,0.0,0.0,1.0
state,1,3,1,1,container1.JPG,container2.JPG,0.0,0.0,0.0,0.0,6.245193004608154,4.880215644836426,0.5,0.5,1.0
state,1,4,1,1,bread1.jpg,bread2.jpg,0.0,2.4845967292785645,0.0,19347.625,4.865475654602051,4.062901496887207,0.0,1.0,1.0
state,1,5,1,1,apple1.jpg,apple2.jpg,0.0,0.0,0.0,0.0,6.1716461181640625,6.612918853759766,0.5,0.5,0.0
state,1,8,1,1,patiota1.jpg,patiota2.jpg,-128.0,4.0,87148.203125,2730.904296875,1.9119994640350342,2.626801013946533,0.0,0.0,0.0
state,1,10,1,1,books1.JPG,books2.JPG,0.0,-45.976478576660156,0.0,32666.75,6.846236705780029,21.031578063964844,1.0,1.0,0.0
state,1,13,1,1,dishwash1.jpg,dishwash2.jpg,-128.0,0.0,88075.2890625,0.0,6.704253196716309,7.8196024894714355,0.0,0.0,0.0
state,1,18,1,1,crayon1.jpg,crayon2.jpg,32.0,-8.981030464172363,21887.603515625,6304.56201171875,3.2444331645965576,4.070199966430664,1.0,0.0,0.0
state,1,19,1,1,player1.jpg,player2.jpg,0.0,0.0,0.0,0.0,3.2798662185668945,1.356815218925476,0.5,0.5,1.0
state,1,20,1,1,dryer1.jpg,dryer2.jpg,4.0,25.655975341796875,2754.62255859375,18037.8046875,11.422354698181152,8.618614196777344,0.0,1.0,1.0
state,1,23,1,1,abacus1.jpg,abacus2.jpg,0.0,0.0,0.0,0.0,3.8186614513397217,4.572640419006348,0.5,0.5,0.0
state,1,24,1,1,antiquechest1.jpg,antiquechest2.jpg,-16.0,0.0,11082.744140625,0.0,8.717630386352539,11.904500961303711,0.0,0.0,0.0
state,1,25,1,1,theasea1.jpg,theasea2.jpg,-128.0,0.0,88814.484375,0.0,3.7444796562194824,4.147850036621094,0.0,0.0,0.0
state,1,29,1,1,tent1.jpg,tent2.jpg,0.0,-128.0,0.0,1457307136.0,3.9213457107543945,6.846994400024414,1.0,1.0,0.0
state,1,31,1,1,scales1.jpg,scales2.jpg,-128.0,0.0,86806.984375,0.0,3.0633959770202637,2.7708938121795654,0.0,0.0,1.0
state,1,32,1,1,filebox1.jpg,filebox2.jpg,0.0,0.0,0.0,0.0,15.370677947998047,15.409244537353516,0.5,0.5,0.0
state,1,33,1,1,antiquephone1.jpg,antiquephone2.jpg,0.0,0.0,0.0,0.0,1.7660932540893555,1.9740465879440308,0.5,0.5,0.0
state,1,34,1,1,pie1.JPG,pie2.JPG,0.0,0.0,0.0,0.0,6.6504340171813965,7.3350019454956055,0.5,0.5,0.0
state,1,35,1,1,napdisp1.jpg,napdisp2.jpg,0.0,0.0,0.0,0.0,4.0516581535339355,3.70867919921875,0.5,0.5,1.0
state,1,37,1,1,apples1.JPG,apples2.JPG,0.0,4.0,0.0,17416480.0,2.827181577682495,6.518927574157715,0.0,1.0,0.0
state,1,38,1,1,servdis1.jpg,servdis2.jpg,16.0,-128.0,10863.63671875,87107.3828125,3.4606568813323975,4.309473991394043,1.0,1.0,0.0
state,1,40,1,1,alligatorsk1.jpg,alligatorsk2.jpg,0.0,32.0,0.0,4151768.0,2.952540874481201,2.8812355995178223,0.0,1.0,1.0
state,1,43,1,1,schoolbag1.JPG,schoolbag2.JPG,0.0,0.0,0.0,0.0,4.462464332580566,8.303962707519531,0.5,0.5,0.0
state,1,44,1,1,traffic1.jpg,traffic2.jpg,0.0,4.0,0.0,2734.79638671875,2.780385971069336,3.2062015533447266,0.0,1.0,0.0
state,1,45,1,1,dice1.jpg,dice2.jpg,-128.0,0.0,972346.75,0.0,2.4312233924865723,3.071343183517456,0.0,0.0,0.0
state,1,51,1,1,twofingers1.JPG,twofingers2.JPG,0.0,0.0,0.0,0.0,3.2453346252441406,3.082263708114624,0.5,0.5,1.0
state,1,52,1,1,handshake1.JPG,handshake2.JPG,-128.0,4.0,982462.125,30701.375,4.568276405334473,5.924111843109131,0.0,0.0,0.0
state,1,54,1,1,racketball1.jpg,racketball2.jpg,0.0,4.0,0.0,2759.826171875,2.7840707302093506,6.42034912109375,0.0,1.0,0.0
state,1,58,1,1,dishes1.JPG,dishes2.JPG,0.0,4.0,0.0,2777.349609375,13.538673400878906,16.666160583496094,0.0,1.0,0.0
state,1,59,1,1,redbox1.jpg,redbox2.jpg,4.0,4.0,6460093.0,6460093.0,10.24958324432373,7.1679301261901855,0.5,0.5,1.0
state,1,60,1,1,pumpkinpie1.jpg,pumpkinpie2.jpg,0.0,0.0,0.0,0.0,8.886544227600098,12.165246963500977,0.5,0.5,0.0
state,1,61,1,1,iron1.jpg,iron2.jpg,0.0,-128.0,0.0,969093.0625,2.9100990295410156,6.440163612365723,1.0,1.0,0.0
state,1,62,1,1,briefcasece1.jpg,briefcasece2.jpg,0.0,0.0,0.0,0.0,3.33442759513855,4.413134574890137,0.5,0.5,0.0
state,1,65,1,1,groomingset1.jpg,groomingset2.jpg,0.0,-128.0,0.0,88647.4140625,6.831828594207764,5.8999762535095215,1.0,1.0,1.0
state,1,67,1,1,cerobj1.jpg,cerobj2.jpg,4.0,0.0,2757.314208984375,0.0,3.7879042625427246,4.849607467651367,1.0,0.0,0.0
state,1,71,1,1,dresser1.JPG,dresser2.JPG,0.0,0.0,0.0,0.0,3.9780843257904053,6.353265762329102,0.5,0.5,0.0
state,1,74,1,1,scissors1.JPG,scissors2.JPG,0.0,4.0,0.0,2758.1787109375,3.874049186706543,6.957275390625,0.0,1.0,0.0
state,1,75,1,1,lunchbox1.jpg,lunchbox2.jpg,0.0,0.0,0.0,0.0,4.8250627517700195,5.745129585266113,0.5,0.5,0.0
state,1,76,1,1,sweater1.jpg,sweater2.jpg,-32.0,-128.0,22148.90234375,87990.4765625,6.752185821533203,5.550992488861084,1.0,1.0,1.0
state,1,78,1,1,drum1.jpg,drum2.jpg,96.0,0.0,66943.6640625,0.0,8.824797630310059,5.80413818359375,1.0,0.0,1.0
state,1,79,1,1,piggybank1.jpg,piggybank2.jpg,0.0,4.0,0.0,2767.27392578125,3.0019633769989014,18.57828712463379,0.0,1.0,0.0
state,1,81,1,1,oldbook1.JPG,oldbook2.JPG,4.0,0.0,2756.86865234375,0.0,8.137965202331543,11.1934814453125,1.0,0.0,0.0
state,1,82,1,1,present1.jpg,present2.jpg,0.0,0.0,0.0,0.0,4.0554704666137695,8.090280532836914,0.5,0.5,0.0
state,1,86,1,1,notebook1.jpg,notebook2.jpg,4.0,4.0,29833.3515625,29835.935546875,1.00642728805542,1.3993680477142334,0.5,1.0,0.0
state,1,87,1,1,typewriter1.jpg,typewriter2.jpg,0.0,0.0,0.0,0.0,8.72529411315918,1.030861496925354,0.5,0.5,1.0
state,1,88,1,1,bottle1.jpg,bottle2.jpg,0.0,48.0,0.0,32867.0859375,2.5605809688568115,3.3814539909362793,0.0,1.0,0.0
state,1,89,1,1,telephone1.JPG,telephone2.JPG,4.0,-128.0,2763.359375,88531.8203125,7.385615825653076,13.177752494812012,1.0,1.0,0.0
state,1,92,1,1,cookingpot1.JPG,cookingpot2.JPG,0.0,0.0,0.0,0.0,3.6979949474334717,4.2135443687438965,0.5,0.5,0.0
state,1,94,1,1,boxcookies1.JPG,boxcookies2.JPG,0.0,0.0,0.0,0.0,13.730596542358398,8.322662353515625,0.5,0.5,1.0
state,1,98,1,1,breadbox1.JPG,breadbox2.JPG,-128.0,0.0,88079.140625,0.0,9.322198867797852,6.105098724365234,0.0,0.0,1.0
state,1,99,1,1,clipboard1.jpg,clipboard2.jpg,0.0,0.0,0.0,0.0,7.341861724853516,8.114173889160156,0.5,0.5,0.0
state,1,100,1,1,carton1.jpg,carton2.jpg,80.0,0.0,53624.53515625,0.0,1.8117707967758179,1.7113854885101318,1.0,0.0,1.0
state,1,101,1,1,bagel1.JPG,bagel2.jpg,0.0,4.0,0.0,2795.423583984375,8.908609390258789,10.382475852966309,0.0,1.0,0.0
state,1,104,1,1,rhinoceros1.jpg,rhinoceros2.jpg,0.0,4.0,0.0,2763.377685546875,6.742959022521973,5.717384338378906,0.0,1.0,1.0
state,1,108,1,1,redumbrella1.jpg,redumbrella2.jpg,4.0,0.0,2734.8837890625,0.0,2.010639190673828,6.89408016204834,1.0,0.0,0.0
state,1,109,1,1,glassjuice1.JPG,glassjuice2.JPG,0.0,0.0,0.0,0.0,1.1209990978240967,1.6191489696502686,0.5,0.5,0.0
state,1,110,1,1,padlock1.jpg,padlock2.jpg,0.0,0.0,0.0,0.0,3.4648895263671875,4.6480255126953125,0.5,0.5,0.0
state,1,112,1,1,giftbag1.jpg,giftbag2.jpg,-128.0,0.0,89208.6171875,0.0,10.14080810546875,5.933605194091797,0.0,0.0,1.0
state,1,115,1,1,coffeemaker1.JPG,coffeemaker2.JPG,9.489728927612305,-80.0,6622.25390625,55032.41015625,6.216127395629883,4.895439147949219,1.0,1.0,1.0
state,1,117,1,1,bulletandca1.jpg,bulletandca2.jpg,-128.0,0.0,85858.609375,0.0,1.2530553340911865,1.0831483602523804,0.0,0.0,1.0
state,1,118,1,1,belt1.jpg,belt2.jpg,0.0,0.0,0.0,0.0,21.31965446472168,3.9957141876220703,0.5,0.5,1.0
state,1,119,1,1,babytoy1.JPG,babytoy2.JPG,4.0,4.0,2754.371337890625,2724.32470703125,3.652620315551758,3.1767897605895996,0.5,0.0,1.0
state,1,120,1,1,waffleiron1.jpg,waffleiron2.jpg,0.0,0.0,0.0,0.0,1.5805854797363281,4.358510494232178,0.5,0.5,0.0
state,1,123,1,1,toilet1.JPG,toilet2.JPG,0.0,0.0,0.0,0.0,5.084987163543701,6.7272186279296875,0.5,0.5,0.0
state,1,124,1,1,metronome1.jpg,metronome2.JPG,4.0,-128.0,644501.0625,20624036.0,3.434802770614624,1.964874029159546,1.0,1.0,1.0
state,1,125,1,1,cabinet1.jpg,cabinet2.jpg,-16.0,-128.0,10968.25,86819.390625,7.048316955566406,3.439997434616089,1.0,1.0,1.0
state,1,129,1,1,tiger1.jpg,tiger2.jpg,0.0,0.0,0.0,0.0,10.114649772644043,5.021007061004639,0.5,0.5,1.0
state,1,130,1,1,deepfryer1.jpg,deepfryer2.jpg,4.0,4.0,45244260.0,45244260.0,4.500797271728516,2.505192279815674,0.5,0.5,1.0
state,1,131,1,1,tomato1.jpg,tomato2.jpg,-128.0,0.0,88678.9921875,0.0,4.735422134399414,4.257243633270264,0.0,0.0,1.0
state,1,133,1,1,coffeegrind1.jpg,coffeegrind2.jpg,-112.0,0.0,76956.4375,0.0,3.1958212852478027,5.8440680503845215,0.0,0.0,0.0
state,1,134,1,1,laptop1.JPG,laptop2.JPG,0.0,0.0,0.0,0.0,3.955249786376953,5.03340482711792,0.5,0.5,0.0
state,1,136,1,1,basketofpeppers1.jpg,basketofpeppers2.jpg,0.0,0.0,0.0,0.0,7.8523969650268555,7.302273750305176,0.5,0.5,1.0
state,1,137,1,1,barnmail1.jpg,barnmail2.jpg,0.0,0.0,0.0,0.0,5.798608303070068,6.0360636711120605,0.5,0.5,0.0
state,1,138,1,1,cantaloupe1.jpg,cantaloupe2.jpg,0.0,0.0,0.0,0.0,5.258761882781982,9.486004829406738,0.5,0.5,0.0
state,1,139,1,1,seatbelt1.jpg,seatbelt2.jpg,0.0,0.0,0.0,0.0,2.26347279548645,5.658873558044434,0.5,0.5,0.0
state,1,140,1,1,whitebox1.jpg,whitebox2.jpg,0.0,0.0,0.0,0.0,3.332101345062256,1.6426208019256592,0.5,0.5,1.0
state,1,142,1,1,containero1.jpg,containero2.jpg,0.0,4.0,0.0,2722.0234375,9.908224105834961,4.334822654724121,0.0,1.0,1.0
state,1,143,1,1,garbagecans1.jpg,garbagecans2.jpg,4.0,-128.0,2777.9296875,89179.25,13.230802536010742,18.31574058532715,1.0,1.0,0.0
state,1,144,1,1,cheese1.JPG,cheese2.JPG,0.0,0.0,0.0,0.0,6.445972442626953,5.02720832824707,0.5,0.5,1.0
state,1,145,1,1,bandagetape1.jpg,bandagetape2.jpg,0.0,0.34237009286880493,0.0,747.9608764648438,2.8174514770507812,2.713731288909912,0.0,1.0,1.0
state,1,147,1,1,teacupplate1.jpg,teacupplate2.jpg,0.0,0.0,0.0,0.0,4.139819622039795,3.876873016357422,0.5,0.5,1.0
state,1,148,1,1,ballofyarn1.jpg,ballofyarn2.jpg,80.0,0.0,617391.0,0.0,3.970378875732422,3.724670171737671,1.0,0.0,1.0
state,1,151,1,1,banana1.jpg,banana2.jpg,0.0,-128.0,0.0,87492.765625,3.5879740715026855,1.8649981021881104,1.0,1.0,1.0
state,1,154,1,1,donut1.jpg,donut2.jpg,0.0,80.0,0.0,55207.33984375,11.89844799041748,12.986132621765137,0.0,1.0,0.0
state,1,157,1,1,mirror1.jpg,mirror2.jpg,4.0,0.0,2748.52587890625,0.0,5.7346906661987305,5.125482082366943,1.0,0.0,1.0
state,1,162,1,1,briefcase1.JPG,briefcase2.JPG,0.0,0.0,0.0,0.0,12.15673828125,7.672091960906982,0.5,0.5,1.0
state,1,163,1,1,purplecoffee1.jpg,purplecoffee2.jpg,4.0,0.0,2709.103271484375,0.0,1.7479064464569092,1.7348051071166992,1.0,0.0,1.0
state,1,169,1,1,eggplant1.jpg,eggplant2.jpg,0.0,4.0,0.0,2794.4677734375,4.4712605476379395,12.268341064453125,0.0,1.0,0.0
state,1,172,1,1,biscuit1.jpg,biscuit2.jpg,0.0,0.0,0.0,0.0,15.176338195800781,8.99671459197998,0.5,0.5,1.0
state,1,173,1,1,basketofapples1.jpg,basketofapples2.jpg,-128.0,0.0,89014.2109375,0.0,8.884767532348633,1.9321016073226929,0.0,0.0,1.0
state,1,174,1,1,accordion1.JPG,accordion2.JPG,0.0,4.0,0.0,2758.5380859375,5.013275623321533,8.622414588928223,0.0,1.0,0.0
state,1,175,1,1,egg1.jpg,egg2.jpg,-128.0,0.0,980006.375,0.0,4.1680779457092285,4.633297920227051,0.0,0.0,0.0
state,1,176,1,1,polarbear1.jpg,polarbear2.jpg,0.0,0.0,0.0,0.0,8.797491073608398,6.133443355560303,0.5,0.5,1.0
state,1,182,1,1,toast1.jpg,toast2.jpg,0.0,0.0,0.0,0.0,6.476759910583496,3.529879331588745,0.5,0.5,1.0
state,1,183,1,1,scanner1.JPG,scanner2.JPG,0.0,0.0,0.0,0.0,2.08280611038208,1.5368661880493164,0.5,0.5,1.0
state,1,184,1,1,dough1.jpg,dough2.jpg,0.0,0.0,0.0,0.0,3.231818675994873,4.908998012542725,0.5,0.5,0.0
state,1,194,1,1,diapers1.jpg,diapers2.jpg,0.0,0.0,0.0,0.0,2.6158578395843506,3.5091805458068848,0.5,0.5,0.0
state,1,195,1,1,redcabbage1.jpg,redcabbage2.jpg,0.0,4.0,0.0,307239.875,4.489151477813721,3.6812877655029297,0.0,1.0,1.0
state,1,200,1,1,firetrucktoy1.jpg,firetrucktoy2.jpg,0.0,4.0,0.0,2758.28759765625,1.8036611080169678,5.305233001708984,0.0,1.0,0.0
exemplar,10,1,1,10,bikehelmet1.jpg,bikehelmet2.jpg,0.0,4.0,0.0,6836282.5,3.6105880737304688,4.961086750030518,0.0,1.0,0.0
exemplar,10,1,2,10,dogpresent1.JPG,dogpresent2.JPG,0.0,0.0,0.0,0.0,7.60103178024292,6.094136714935303,0.5,0.5,1.0
exemplar,10,1,3,10,suitcase1.jpg,suitcase2.jpg,1.0,0.0,1709070.625,0.0,8.388728141784668,5.912187099456787,1.0,0.0,1.0
exemplar,10,1,4,10,tractor1.jpg,tractor2.jpg,0.0,4.0,0.0,6836282.5,12.460616111755371,6.571769714355469,0.0,1.0,1.0
exemplar,10,1,5,10,parkmet1.jpg,parkmet2.jpg,0.0,0.0,0.0,0.0,4.413806915283203,8.062128067016602,0.5,0.5,0.0
exemplar,10,2,1,10,coathanger1.jpg,coathanger2.jpg,0.0,-112.0,0.0,171000004608.0,1.8013427257537842,1.3875408172607422,1.0,1.0,1.0
exemplar,10,2,2,10,binoculars1.jpg,binoculars2.jpg,0.0,0.0,0.0,0.0,2.583630323410034,1.7333195209503174,0.5,0.5,1.0
exemplar,10,2,3,10,tongs1.jpg,tongs2.jpg,0.0,0.0,0.0,0.0,1.8113584518432617,2.1823763847351074,0.5,0.5,0.0
exemplar,10,2,4,10,bathingsuit1.jpg,bathingsuit2.jpg,0.0,0.0,0.0,0.0,1.8971481323242188,1.8446464538574219,0.5,0.5,1.0
exemplar,10,3,1,10,wheelchair1.jpg,wheelchair2.jpg,0.0,0.0,0.0,0.0,1.657029151916504,1.676814079284668,0.5,0.5,0.0
exemplar,10,3,2,10,graduatedcylinder1.jpg,graduatedcylinder2.jpg,0.0,0.0,0.0,0.0,1.144957423210144,1.0309736728668213,0.5,0.5,1.0
exemplar,10,3,3,10,kayak1.jpg,kayak2.jpg,0.0,0.0,0.0,0.0,1.8074121475219727,3.312023878097534,0.5,0.5,0.0
exemplar,10,3,4,10,metalpin1.jpg,metalpin2.jpg,4.0,-128.0,4410022912.0,141120733184.0,4.608037948608398,3.67862606048584,1.0,1.0,1.0
exemplar,10,3,5,10,cow1.jpg,cow2.jpg,4.0,4.0,4410022912.0,4410022912.0,1.3377044200897217,1.2048557996749878,0.5,0.5,1.0
exemplar,10,3,6,10,pictureframe1.jpg,pictureframe2.jpg,0.0,0.0,0.0,0.0,1.0332283973693848,1.0556186437606812,0.5,0.5,0.0
exemplar,10,3,7,10,cabinet1.jpg,cabinet2.jpg,1.8426752090454102,0.0,2066796416.0,0.0,1.1189498901367188,1.6430912017822266,1.0,0.0,0.0
exemplar,10,4,1,10,toydinosaur1.jpg,toydinosaur2.jpg,0.0,16.0,0.0,1417096986624.0,6.083947658538818,4.741179466247559,0.0,1.0,1.0
exemplar,10,4,2,10,feather1.jpg,feather2.jpg,0.0,0.0,0.0,0.0,6.529888153076172,6.345855712890625,0.5,0.5,1.0
exemplar,10,4,3,10,bonzai1.jpg,bonzai2.jpg,1.0,4.0,88568561664.0,354274246656.0,3.1027612686157227,6.8410964012146,0.0,1.0,0.0
exemplar,10,5,1,10,balloon1.jpg,balloon2.jpg,4.0,0.0,1235451904000.0,0.0,2.406362295150757,4.601558208465576,1.0,0.0,0.0
exemplar,10,5,2,10,microscope1.jpg,microscope2.jpg,-48.0,0.0,14825422848000.0,0.0,5.176684379577637,2.5497865676879883,0.0,0.0,1.0
exemplar,10,5,3,10,hotair1.jpg,hotair2.jpg,0.0,32.0,0.0,9883615232000.0,2.9502170085906982,4.051413536071777,0.0,1.0,0.0
exemplar,10,6,1,10,log1.jpg,log2.jpg,4.0,-48.0,20202474.0,242429680.0,5.47009801864624,4.397331714630127,1.0,1.0,1.0
exemplar,10,6,2,10,bassguitar1.jpg,bassguitar2.jpg,0.0,0.0,0.0,0.0,8.624526977539062,3.973057270050049,0.5,0.5,1.0
exemplar,10,6,3,10,scroll1.jpg,scroll2.jpg,0.0,16.0,0.0,80809896.0,2.8710649013519287,7.821043968200684,0.0,1.0,0.0
exemplar,10,6,4,10,fan1.jpg,fan2.jpg,-128.0,-48.0,646479168.0,242429680.0,3.574977397918701,6.036891937255859,0.0,0.0,0.0
exemplar,10,6,5,10,horn1.jpg,horn2.jpg,0.0,4.0,0.0,20202474.0,4.663117408752441,4.211579322814941,0.0,1.0,1.0
exemplar,10,6,6,10,gardeningshovel1.jpg,gardeningshovel2.jpg,0.0,0.0,0.0,0.0,5.864330291748047,6.944125652313232,0.5,0.5,0.0
exemplar,10,7,1,10,breadloaf1.jpg,breadloaf2.jpg,0.0,4.0,0.0,1.3933286225084416e+19,5.054727554321289,4.7545013427734375,0.0,1.0,1.0
exemplar,10,7,2,10,wineglass1.jpg,wineglass2.jpg,0.0,0.0,0.0,0.0,1.7573680877685547,1.3902552127838135,0.5,0.5,1.0
exemplar,10,7,3,10,teapot1.JPG,teapot2.JPG,4.0,0.0,1.3933286225084416e+19,0.0,3.3021085262298584,4.571515083312988,1.0,0.0,0.0
exemplar,10,8,1,10,icecream1.jpg,icecream2.jpg,0.0,16.0,0.0,5238983.0,4.512799263000488,5.437767028808594,0.0,1.0,0.0
exemplar,10,8,2,10,basket1.jpg,basket2.jpg,64.0,0.0,20955932.0,0.0,2.255830764770508,3.4855029582977295,1.0,0.0,0.0
exemplar,10,8,3,10,stapler1.jpg,stapler2.jpg,4.0,-32.0,1309745.75,10477966.0,4.670366287231445,4.891654014587402,1.0,1.0,0.0
exemplar,10,8,4,10,remote1.jpg,remote2.jpg,0.0,0.0,0.0,0.0,8.683248519897461,7.4249091148376465,0.5,0.5,1.0
exemplar,10,9,1,10,candy1.jpg,candy2.jpg,-128.0,4.0,1016321146880.0,31760035840.0,5.438438415527344,6.346809387207031,0.0,0.0,0.0
exemplar,10,9,2,10,block1.jpg,block2.jpg,0.0,0.0,0.0,0.0,2.9222326278686523,2.706857681274414,0.5,0.5,1.0
exemplar,10,9,3,10,skull1.jpg,skull2.jpg,0.0,0.0,0.0,0.0,4.458835601806641,8.849267959594727,0.5,0.5,0.0
exemplar,10,9,4,10,muffin1.jpg,muffin2.jpg,4.0,4.0,31760035840.0,31760035840.0,7.279731750488281,4.721091270446777,0.5,0.5,1.0
exemplar,10,9,5,10,baseballglove1.jpg,baseballglove2.jpg,-112.0,0.0,889280987136.0,0.0,8.553047180175781,6.239072322845459,0.0,0.0,1.0
exemplar,10,10,1,10,stapleremover1.jpg,stapleremover2.jpg,0.0,0.0,0.0,0.0,3.0394349098205566,3.234325408935547,0.5,0.5,0.0
exemplar,10,10,2,10,globe1.jpg,globe2.jpg,0.0,16.0,0.0,179984580739072.0,2.577360153198242,1.7027490139007568,0.0,1.0,1.0
exemplar,10,10,3,10,sharpener1.jpg,sharpener2.jpg,0.0,0.0,0.0,0.0,1.7675931453704834,2.7825164794921875,0.5,0.5,0.0
exemplar,10,10,4,10,toyairplane1.jpg,toyairplane2.jpg,0.0,0.0,0.0,0.0,4.4734787940979,6.1821088790893555,0.5,0.5,0.0
exemplar,10,10,5,10,starfish1.jpg,starfish2.jpg,0.0,0.0,0.0,0.0,2.5631349086761475,4.679831504821777,0.5,0.5,0.0
exemplar,10,11,1,10,rake1.jpg,rake2.jpg,48.0,0.0,177002672.0,0.0,5.298128128051758,3.691059112548828,1.0,0.0,1.0
exemplar,10,11,2,10,camera1.jpg,camera2.jpg,0.0,64.0,0.0,236003552.0,3.1512327194213867,5.499122619628906,0.0,1.0,0.0
exemplar,10,11,3,10,peppers1.jpg,peppers2.jpg,0.0,4.0,0.0,14750222.0,7.506898403167725,5.544062614440918,0.0,1.0,1.0
exemplar,10,11,4,10,calculator1.jpg,calculator2.jpg,0.0,0.0,0.0,0.0,6.1426496505737305,4.468928813934326,0.5,0.5,1.0
exemplar,10,11,5,10,lei1.jpg,lei2.jpg,0.0,4.0,0.0,14750222.0,1.9621366262435913,5.1378173828125,0.0,1.0,0.0
exemplar,10,11,6,10,goggles1.jpg,goggles2.jpg,-128.0,112.0,472007104.0,413006240.0,3.9454402923583984,3.4776077270507812,0.0,0.0,1.0
exemplar,10,11,7,10,anchor1.jpg,anchor2.jpg,0.0,112.0,0.0,413006240.0,6.2042646408081055,5.575040817260742,0.0,1.0,1.0
exemplar,10,12,1,10,toyhandorn1.jpg,toyhandorn2.jpg,4.0,0.0,123619296.0,0.0,3.9992895126342773,2.333649158477783,1.0,0.0,1.0
exemplar,10,12,2,10,spraynozzle1.jpg,spraynozzle2.jpg,0.0,0.0,0.0,0.0,4.459001064300537,5.950798988342285,0.5,0.5,0.0
exemplar,10,12,3,10,rabbit1.jpg,rabbit2.jpg,0.0,-57.33527755737305,0.0,1758495616.0,4.27548885345459,4.731950759887695,1.0,1.0,0.0
exemplar,10,12,4,10,holepunch1.jpg,holepunch2.jpg,0.0,0.0,0.0,0.0,3.0872912406921387,5.0220537185668945,0.5,0.5,0.0
exemplar,10,12,5,10,pizza1.jpg,pizza2.jpg,0.0,0.0,0.0,0.0,9.15490436553955,7.32187032699585,0.5,0.5,1.0
exemplar,10,12,6,10,chocolatebar1.jpg,chocolatebar2.jpg,4.0,0.0,123619296.0,0.0,12.285346984863281,5.345515251159668,1.0,0.0,1.0
exemplar,10,12,7,10,citroen1.jpg,citroen2.jpg,0.0,0.0,0.0,0.0,7.241855621337891,4.625018119812012,0.5,0.5,1.0
exemplar,10,13,1,10,bracelet1.jpg,bracelet2.jpg,1.0,112.0,166516981760.0,18649901432832.0,5.036360263824463,3.5830752849578857,0.0,1.0,1.0
exemplar,10,13,2,10,bicycle1.jpg,bicycle2.jpg,0.0,4.0,0.0,666067927040.0,2.748383045196533,3.678575277328491,0.0,1.0,0.0
exemplar,10,14,1,10,key1.jpg,key2.jpg,0.0,0.0,0.0,0.0,4.263160705566406,4.237585067749023,0.5,0.5,1.0
exemplar,10,14,2,10,potatochips1.jpg,potatochips2.jpg,-48.0,0.0,31608098.0,0.0,3.6880156993865967,4.314713001251221,0.0,0.0,0.0
exemplar,10,14,3,10,backgammon1.jpg,backgammon2.jpg,0.0,0.0,0.0,0.0,5.82138204574585,5.448036193847656,0.5,0.5,1.0
exemplar,10,15,1,10,headphone1.jpg,headphone2.jpg,0.4480148255825043,0.0,29662.080078125,0.0,4.0940704345703125,3.240537166595459,1.0,0.0,1.0
exemplar,10,15,2,10,soapdish1.jpg,soapdish2.jpg,0.0,0.0,0.0,0.0,4.582257270812988,7.991551876068115,0.5,0.5,0.0
exemplar,10,15,3,10,turtle1.jpg,turtle2.jpg,0.0,0.0,0.0,0.0,3.713894844055176,1.4568467140197754,0.5,0.5,1.0
exemplar,10,15,4,10,flask1.jpg,flask2.jpg,0.0,0.0,0.0,0.0,6.862760543823242,7.56002950668335,0.5,0.5,0.0
exemplar,10,15,5,10,plate1.jpg,plate2.jpg,0.0,4.0,0.0,261318.296875,3.3855185508728027,2.587461471557617,0.0,1.0,1.0
exemplar,10,15,6,10,sunglasses1.jpg,sunglasses2.jpg,0.0,80.0,0.0,5226366.0,2.90588641166687,3.874072551727295,0.0,1.0,0.0
exemplar,10,15,7,10,guitar1.jpg,guitar2.jpg,0.0,0.0,0.0,0.0,5.508256435394287,5.30523681640625,0.5,0.5,1.0
exemplar,10,15,8,10,stool1.jpg,stool2.jpg,0.0,0.0,0.0,0.0,1.674616813659668,2.28454852104187,0.5,0.5,0.0
exemplar,10,16,1,10,spraybottle1.jpg,spraybottle2.jpg,4.0,4.0,407013920.0,407013920.0,1.6183581352233887,4.0186967849731445,0.5,0.5,0.0
exemplar,10,16,2,10,chocolatecake.jpg,chocolatecake2.jpg,4.0,4.0,407013920.0,407013920.0,4.093694686889648,4.882664680480957,0.5,0.5,0.0
exemplar,10,16,3,10,fishbowl1.jpg,fishbowl2.jpg,4.0,0.0,407013920.0,0.0,3.818213939666748,5.607022762298584,1.0,0.0,0.0
exemplar,10,16,4,10,money1.jpg,money2.jpg,0.0,0.0,0.0,0.0,7.506793022155762,5.419685363769531,0.5,0.5,1.0
exemplar,10,16,5,10,ship1.jpg,ship2.jpg,0.0,0.0,0.0,0.0,3.6377112865448,4.417142391204834,0.5,0.5,0.0
exemplar,10,16,6,10,trophy1.jpg,trophy2.jpg,0.0,-48.0,0.0,4884166656.0,4.331450462341309,4.015841484069824,1.0,1.0,1.0
exemplar,10,17,1,10,cheesecrackers1.jpg,cheesecrackers2.jpg,4.0,0.0,506034176.0,0.0,4.8358917236328125,4.689570903778076,1.0,0.0,1.0
exemplar,10,17,2,10,soapbottle1.jpg,soapbottle2.jpg,0.0,0.0,0.0,0.0,2.2369203567504883,2.7685461044311523,0.5,0.5,0.0
exemplar,10,17,3,10,spool1.jpg,spool2.jpg,0.0,0.0,0.0,0.0,4.671291351318359,3.2783913612365723,0.5,0.5,1.0
exemplar,10,17,4,10,toykeys1.jpg,toykeys2.JPG,0.0,4.0,0.0,506034176.0,2.849573850631714,5.038846015930176,0.0,1.0,0.0
exemplar,10,17,5,10,woodenbarrel1.jpg,woodenbarrel2.jpg,0.0,0.0,0.0,0.0,4.4909539222717285,2.8433828353881836,0.5,0.5,1.0
exemplar,10,17,6,10,toywrench1.jpg,toywrench2.jpg,0.0,4.0,0.0,506034176.0,4.891516208648682,2.5526857376098633,0.0,1.0,1.0
exemplar,10,18,1,10,grapes1.jpg,grapes2.jpg,0.0,0.0,0.0,0.0,7.145501136779785,8.372474670410156,0.5,0.5,0.0
exemplar,10,18,2,10,reportfile1.jpg,reportfile2.jpg,0.0,0.4677116870880127,0.0,1709859.625,1.4770936965942383,1.284589409828186,0.0,1.0,1.0
exemplar,10,18,3,10,cone1.jpg,cone2.jpg,0.0,0.0,0.0,0.0,6.279949188232422,1.9757578372955322,0.5,0.5,1.0
exemplar,10,18,4,10,grandpiano1.jpg,grandpiano2.jpg,112.0,4.0,393781344.0,14063619.0,7.112264633178711,8.284656524658203,1.0,0.0,0.0
exemplar,10,18,5,10,soother1.jpg,soother2.jpg,0.0,0.0,0.0,0.0,2.884122848510742,2.510497570037842,0.5,0.5,1.0
exemplar,10,18,6,10,bell1.jpg,bell2.jpg,0.0,-128.0,0.0,450035808.0,4.585550785064697,2.6859588623046875,1.0,1.0,1.0
exemplar,10,19,1,10,doorway1.jpg,doorway2.jpg,16.0,0.0,10918.2080078125,0.0,3.139164447784424,1.001827597618103,1.0,0.0,1.0
exemplar,10,19,2,10,rabbitstuffed1.jpg,rabbitstuffed2.jpg,0.0,0.0,0.0,0.0,1.599388599395752,4.014172077178955,0.5,0.5,0.0
exemplar,10,19,3,10,pliers1.jpg,pliers2.jpg,112.0,4.0,77305.28125,2764.084228515625,7.152430534362793,10.551525115966797,1.0,0.0,0.0
exemplar,10,19,4,10,chisel1.jpg,chisel2.jpg,1.0,0.0,687.600341796875,0.0,9.390002250671387,5.200350761413574,1.0,0.0,1.0
exemplar,10,19,5,10,razor1.jpg,razor2.jpg,0.0,0.0,0.0,0.0,2.157304286956787,4.758708953857422,0.5,0.5,0.0
exemplar,10,19,6,10,train1.jpg,train2.jpg,0.0,4.0,0.0,2766.281982421875,4.08610725402832,6.074335098266602,0.0,1.0,0.0
exemplar,10,19,7,10,soccerball1.jpg,soccerball2.jpg,0.0,0.0,0.0,0.0,9.467395782470703,3.5172600746154785,0.5,0.5,1.0
exemplar,10,20,1,10,lighter1.jpg,lighter2.jpg,0.0,16.0,0.0,2268991744.0,3.0764212608337402,2.8298919200897217,0.0,1.0,1.0
exemplar,10,20,2,10,oritable1.jpg,oritable2.jpg,4.0,0.0,567247936.0,0.0,4.048661231994629,4.90705680847168,1.0,0.0,0.0
exemplar,10,20,3,10,santahat1.jpg,santahat2.jpg,0.0,4.0,0.0,567247936.0,2.387481451034546,2.916182279586792,0.0,1.0,0.0
novel,10,1,1,10,cabinet1.jpg,seesaw.jpg,0.0,0.0,0.0,0.0,2.4115817546844482,6.837952613830566,0.5,0.5,0.0
novel,10,1,2,10,whitebox1.jpg,AGRAINSI5.jpg,0.0,4.0,0.0,6836282.5,4.738051414489746,2.536708354949951,0.0,1.0,1.0
novel,10,1,3,10,bread1.jpg,Adeer20.jpg,4.0,112.0,6836282.5,191415904.0,8.359237670898438,1.6088221073150635,0.0,1.0,1.0
novel,10,1,4,10,dishwash1.jpg,Acanopener5.jpg,0.0,0.0,0.0,0.0,7.602267265319824,3.4465651512145996,0.5,0.5,1.0
novel,10,1,5,10,bikehelmet1.jpg,9821274.thl.jpg,0.0,-58.79020309448242,0.0,102267936.0,3.6105880737304688,1.8128077983856201,1.0,1.0,1.0
novel,10,2,1,10,metronome1.jpg,AHAMPER.jpg,80.0,0.0,122142859264.0,0.0,3.2713065147399902,4.673306465148926,1.0,0.0,0.0
novel,10,2,2,10,bathingsuit1.jpg,Aeagle.jpg,0.0,4.0,0.0,6107142656.0,1.8834762573242188,1.5110807418823242,0.0,1.0,1.0
novel,10,2,3,10,iron1.jpg,AMUSISTA2.jpg,0.0,0.0,0.0,0.0,1.570392370223999,1.2247556447982788,0.5,0.5,1.0
novel,10,2,4,10,binoculars1.jpg,Abar8.jpg,0.0,50.12157440185547,0.0,77644529664.0,2.583630323410034,1.1784014701843262,0.0,1.0,1.0
novel,10,2,5,10,cerobj1.jpg,Aheartmonito4.jpg,0.0,0.0,0.0,0.0,2.1764180660247803,2.9264822006225586,0.5,0.5,0.0
novel,10,3,1,10,accord1.jpg,26420956.thl.jpg,-128.0,0.0,141120733184.0,0.0,1.1764183044433594,4.316462516784668,0.0,0.0,0.0
novel,10,3,2,10,kayak1.jpg,Atoyswing.jpg,0.0,0.0,0.0,0.0,1.8074121475219727,1.015785813331604,0.5,0.5,1.0
novel,10,3,3,10,metalpin1.jpg,Apulley71.jpg,0.0,0.0,0.0,0.0,4.630158424377441,1.4008071422576904,0.5,0.5,1.0
novel,10,3,4,10,cabinet1.jpg,Axmastre5.jpg,0.0,0.0,0.0,0.0,1.1189498901367188,1.2856073379516602,0.5,0.5,0.0
novel,10,3,5,10,dryer1.jpg,ronald.jpg,-48.0,112.0,52920270848.0,123480637440.0,2.070551872253418,2.2945594787597656,0.0,1.0,0.0
novel,10,4,1,10,drum1.jpg,ASKYDIVE.jpg,0.0,4.0,0.0,354274246656.0,8.198068618774414,10.661982536315918,0.0,1.0,0.0
novel,10,4,2,10,crayon1.jpg,22925624.thl.jpg,0.0,80.0,0.0,7085484933120.0,5.4732818603515625,2.448417901992798,0.0,1.0,1.0
novel,10,4,3,10,container1.JPG,Aangel37.jpg,0.0,0.0,0.0,0.0,7.818794250488281,1.9303401708602905,0.5,0.5,1.0
novel,10,4,4,10,feather1.jpg,ATHERMO12.jpg,0.0,0.0,0.0,0.0,6.529888153076172,6.988759517669678,0.5,0.5,0.0
novel,10,4,5,10,toydinosaur1.jpg,Avacuum13.jpg,4.0,0.0,354274246656.0,0.0,6.341484069824219,4.1351237297058105,1.0,0.0,1.0
novel,10,5,1,10,briefcasece1.jpg,APARKMET6.jpg,4.0,0.0,1235451904000.0,0.0,4.898009300231934,2.7645182609558105,1.0,0.0,1.0
novel,10,5,2,10,sweater1.jpg,ACOFFPOT7.jpg,0.0,112.0,0.0,34592652263424.0,3.5648956298828125,3.3017497062683105,0.0,1.0,1.0
novel,10,5,3,10,balloon1.jpg,26374798.thl.jpg,0.0,-128.0,0.0,39534460928000.0,2.6870627403259277,5.286299228668213,1.0,1.0,0.0
novel,10,5,4,10,apple1.jpg,22859028.thl.jpg,4.0,4.0,1235451904000.0,1235451904000.0,5.051825523376465,1.0111150741577148,0.5,0.5,1.0
novel,10,5,5,10,belt1.jpg,Atrumpetwith2.jpg,-128.0,-128.0,39534460928000.0,39534460928000.0,5.683064937591553,1.085325837135315,0.5,0.5,1.0
novel,10,6,1,10,pumpkinpie1.jpg,Abicyclegear2.jpg,4.0,0.0,20202474.0,0.0,5.23353385925293,4.337124824523926,1.0,0.0,1.0
novel,10,6,2,10,horn1.jpg,AEXERCBIK.jpg,4.0,0.0,20202474.0,0.0,4.5353546142578125,2.42083740234375,1.0,0.0,1.0
novel,10,6,3,10,fan1.jpg,Ahat47.jpg,0.0,0.0,0.0,0.0,3.5868663787841797,1.2137352228164673,0.5,0.5,1.0
novel,10,6,4,10,scroll1.jpg,Aoutdoorprop3.jpg,0.0,-48.0,0.0,242429680.0,2.8710649013519287,2.21494197845459,1.0,1.0,1.0
novel,10,6,5,10,clipboard1.jpg,ALITTERB2.jpg,0.0,4.0,0.0,20202474.0,9.849772453308105,12.095548629760742,0.0,1.0,0.0
novel,10,7,1,10,breadloaf1.jpg,Atool152.jpg,0.0,0.0,0.0,0.0,5.054727554321289,1.4728829860687256,0.5,0.5,1.0
novel,10,7,2,10,bagel1.JPG,Atoothbrush3.jpg,14.936057090759277,0.0,inf,0.0,9.909954071044922,1.9408669471740723,1.0,0.0,1.0
novel,10,7,3,10,theasea1.jpg,Adeer16.jpg,1.0,4.0,3.483321556271104e+18,1.3933286225084416e+19,2.8914592266082764,4.102872371673584,0.0,1.0,0.0
novel,10,7,4,10,teapot1.JPG,26388148.thl.jpg,0.0,4.0,0.0,1.3933286225084416e+19,3.2655961513519287,3.1077170372009277,0.0,1.0,1.0
novel,10,7,5,10,biscuit1.jpg,26466344.thl.jpg,-112.0,4.0,inf,1.3933286225084416e+19,6.815399169921875,2.763124465942383,0.0,0.0,1.0
novel,10,8,1,10,icecream1.jpg,Afoodgrinder2.jpg,16.0,0.0,5238983.0,0.0,5.0960493087768555,6.253171920776367,1.0,0.0,0.0
novel,10,8,2,10,dresser1.JPG,ABOAT16.jpg,0.0,30.46578598022461,0.0,9624102.0,4.1922760009765625,4.971871376037598,0.0,1.0,0.0
novel,10,8,3,10,seatbelt1.jpg,AFLUTE6.jpg,0.0,0.0,0.0,0.0,2.456285238265991,5.324648857116699,0.5,0.5,0.0
novel,10,8,4,10,carton1.jpg,AOVEN.jpg,4.0,0.0,1309745.75,0.0,4.364477157592773,4.490739345550537,1.0,0.0,0.0
novel,10,8,5,10,purplecoffee1.jpg,Adecorativem2.jpg,0.0,0.0,0.0,0.0,2.105013370513916,5.701608180999756,0.5,0.5,0.0
novel,10,9,1,10,coffeegrind1.jpg,ABABYSH33.jpg,-128.0,-128.0,1016321146880.0,1016321146880.0,4.367205619812012,5.063601493835449,0.5,0.5,0.0
novel,10,9,2,10,groomingset1.jpg,26390189.thl.jpg,0.0,0.0,0.0,0.0,7.112665176391602,7.023787498474121,0.5,0.5,1.0
novel,10,9,3,10,baseballglove1.jpg,AHOCKPANT.jpg,0.0,0.0,0.0,0.0,8.637594223022461,3.369577407836914,0.5,0.5,1.0
novel,10,9,4,10,skull1.jpg,AASCENDER.jpg,0.0,0.0,0.0,0.0,4.458835601806641,4.529608249664307,0.5,0.5,0.0
novel,10,9,5,10,muffin1.jpg,Ajoystick10.jpg,16.0,-128.0,127040143360.0,1016321146880.0,7.279731750488281,6.412808895111084,1.0,1.0,1.0
novel,10,10,1,10,breadbox1.JPG,Apeanut3.jpg,1.7942779064178467,4.0,20531556384768.0,44996145184768.0,4.017986297607422,2.5384058952331543,0.0,1.0,1.0
novel,10,10,2,10,scissors1.JPG,ABAROMET2.jpg,0.0,0.0,0.0,0.0,4.501241207122803,2.612971067428589,0.5,0.5,1.0
novel,10,10,3,10,sharpener1.jpg,ACUTPIN.jpg,0.0,4.0,0.0,44996145184768.0,1.7675931453704834,3.722874402999878,0.0,1.0,0.0
novel,10,10,4,10,dishes1.JPG,bobbypins.JPG,4.0,0.0,44996145184768.0,0.0,5.4682135581970215,7.249804973602295,1.0,0.0,0.0
novel,10,10,5,10,stapleremover1.jpg,26374899.thl.jpg,0.4531323313713074,0.0,5180747677696.0,0.0,3.0394349098205566,5.843846797943115,1.0,0.0,0.0
novel,10,11,1,10,abacus1.jpg,thumb-mermaidfamilly.jpg,-64.0,-64.0,236003552.0,236003552.0,1.4134087562561035,5.8018903732299805,0.5,0.5,0.0
novel,10,11,2,10,rake1.jpg,ADOG15.jpg,0.0,0.0,0.0,0.0,5.229669570922852,5.613240718841553,0.5,0.5,0.0
novel,10,11,3,10,peppers1.jpg,ACENTRIF5.jpg,4.0,16.0,14750222.0,59000888.0,8.45889949798584,6.9694976806640625,0.0,1.0,1.0
novel,10,11,4,10,goggles1.jpg,clothpiece.jpg,0.0,4.0,0.0,14750222.0,3.833439826965332,4.289681434631348,0.0,1.0,0.0
novel,10,11,5,10,lei1.jpg,battery.jpg,0.0,112.0,0.0,413006240.0,1.9621366262435913,9.107941627502441,0.0,1.0,0.0
novel,10,12,1,10,player1.jpg,26425370.thl.jpg,4.0,0.0,123619296.0,0.0,4.175267696380615,5.900470733642578,1.0,0.0,0.0
novel,10,12,2,10,holepunch1.jpg,Areceptacle3.jpg,0.0,0.0,0.0,0.0,3.0872912406921387,3.9633445739746094,0.5,0.5,0.0
novel,10,12,3,10,mirror1.jpg,Aelasticbands.jpg,0.0,4.0,0.0,123619296.0,4.050854682922363,1.8088735342025757,0.0,1.0,1.0
novel,10,12,4,10,chocolatebar1.jpg,basketball.JPG,-48.0,1.7929198741912842,1483431552.0,54949576.0,12.285346984863281,6.65656042098999,0.0,0.0,1.0
novel,10,12,5,10,citroen1.jpg,A1991CHE7.jpg,4.0,-128.0,123619296.0,3955817472.0,6.953479290008545,7.423701286315918,1.0,1.0,0.0
novel,10,13,1,10,bandagetape1.jpg,Akitchenisla4.jpg,0.0,0.0,0.0,0.0,2.7729220390319824,2.6264405250549316,0.5,0.5,1.0
novel,10,13,2,10,handshake1.JPG,elecmap.jpg,4.0,4.0,666067927040.0,666067927040.0,6.652623653411865,1.5831369161605835,0.5,0.5,1.0
novel,10,13,3,10,bicycle1.jpg,Akeg6.jpg,0.0,0.0,0.0,0.0,2.748383045196533,3.2915759086608887,0.5,0.5,0.0
novel,10,13,4,10,tiger1.jpg,Atool129.jpg,0.0,0.0,0.0,0.0,5.832945823669434,3.8869903087615967,0.5,0.5,1.0
novel,10,13,5,10,bracelet1.jpg,26375702.thl.jpg,0.0,0.0,0.0,0.0,4.933032512664795,3.3046765327453613,0.5,0.5,1.0
novel,10,14,1,10,polarbear1.jpg,AWINEJUG3.jpg,0.0,0.0,0.0,0.0,4.990941524505615,5.979034423828125,0.5,0.5,0.0
novel,10,14,2,10,potatochips1.jpg,8023286.thl.jpg,0.0,4.0,0.0,2634008.0,3.6248691082000732,2.7489049434661865,0.0,1.0,1.0
novel,10,14,3,10,apples1.JPG,ACOFGRIN2.jpg,4.0,0.0,2634008.0,0.0,3.502775192260742,1.9348788261413574,1.0,0.0,1.0
novel,10,14,4,10,traffic1.jpg,26387587.thl.jpg,0.0,-112.0,0.0,73752224.0,2.5552167892456055,2.2215230464935303,1.0,1.0,1.0
novel,10,14,5,10,basketofapples1.jpg,311-863-217.jpg,0.0,0.0,0.0,0.0,9.523313522338867,3.5318753719329834,0.5,0.5,1.0
novel,10,15,1,10,plate1.jpg,Ainflatable10.jpg,0.0,0.0,0.0,0.0,3.3855185508728027,3.2938761711120605,0.5,0.5,1.0
novel,10,15,2,10,coffeemaker1.JPG,AAIRGRIN2.jpg,0.0,0.0,0.0,0.0,4.293825149536133,2.951267957687378,0.5,0.5,1.0
novel,10,15,3,10,padlock1.jpg,Aeastcho6.jpg,0.0,0.0,0.0,0.0,4.874486923217773,2.413438558578491,0.5,0.5,1.0
novel,10,15,4,10,turtle1.jpg,Abowloffruit4.jpg,-48.0,4.0,3135819.75,261318.28125,4.150276184082031,3.5073909759521484,0.0,0.0,1.0
novel,10,15,5,10,guitar1.jpg,Aammonitefo14.jpg,-48.0,0.0,3135820.5,0.0,6.433860778808594,1.8507602214813232,0.0,0.0,1.0
novel,10,16,1,10,ship1.jpg,8257273.thl.jpg,0.0,0.0,0.0,0.0,3.844467878341675,2.5711193084716797,0.5,0.5,1.0
novel,10,16,2,10,bulletandca1.jpg,AMAGNIFL2.jpg,0.0,-112.0,0.0,11396389888.0,5.47852087020874,2.5677413940429688,1.0,1.0,1.0
novel,10,16,3,10,trophy1.jpg,8026084.thl.jpg,0.0,35.31401062011719,0.0,3652459008.0,4.331450462341309,3.7607314586639404,0.0,1.0,1.0
novel,10,16,4,10,banana1.jpg,AMEASDEVI.jpg,1.8012723922729492,0.0,186272480.0,0.0,6.097726345062256,5.187567710876465,1.0,0.0,1.0
novel,10,16,5,10,twofingers1.JPG,26424784.thl.jpg,0.0,-128.0,0.0,13024445440.0,4.085162162780762,1.974815845489502,1.0,1.0,1.0
novel,10,17,1,10,spool1.jpg,AABSTRACT.jpg,1.8026732206344604,0.0,220466320.0,0.0,4.671291351318359,1.7799222469329834,1.0,0.0,1.0
novel,10,17,2,10,toywrench1.jpg,ACURLINGI.jpg,4.0,112.0,506034176.0,14168955904.0,4.891516208648682,3.8946313858032227,0.0,1.0,1.0
novel,10,17,3,10,toykeys1.jpg,ABLUCAND5.jpg,4.0,0.0,506034176.0,0.0,2.9264562129974365,7.27271842956543,1.0,0.0,0.0
novel,10,17,4,10,soapbottle1.jpg,26387568.thl.jpg,-112.0,4.0,14168955904.0,506034176.0,2.1619925498962402,2.5476231575012207,0.0,0.0,0.0
novel,10,17,5,10,containero1.jpg,ASPIDERW2.jpg,0.0,0.0,0.0,0.0,5.380488395690918,2.406306028366089,0.5,0.5,1.0
novel,10,18,1,10,bell1.jpg,26419025.thl.jpg,0.0,0.0,0.0,0.0,4.585550785064697,2.9368629455566406,0.5,0.5,1.0
novel,10,18,2,10,garbagecans1.jpg,Afusehousing.jpg,-112.0,-96.0,393781344.0,337526848.0,6.830310344696045,2.824728012084961,0.0,0.0,1.0
novel,10,18,3,10,soother1.jpg,Alei23.jpg,0.0,0.0,0.0,0.0,2.951155424118042,2.2261688709259033,0.5,0.5,1.0
novel,10,18,4,10,toast1.jpg,Achildtoy2.jpg,0.0,0.0,0.0,0.0,3.3666162490844727,1.8028581142425537,0.5,0.5,1.0
novel,10,18,5,10,grapes1.jpg,AWHISTLE4.jpg,0.0,4.0,0.0,14063619.0,7.145501136779785,2.0186586380004883,0.0,1.0,1.0
novel,10,19,1,10,redbox1.jpg,Ajuicer27.jpg,0.29212528467178345,0.0,204.12644958496094,0.0,4.403986930847168,2.767879009246826,1.0,0.0,1.0
novel,10,19,2,10,pliers1.jpg,AWOODFLUT.jpg,0.0,0.0,0.0,0.0,7.374745845794678,4.104043960571289,0.5,0.5,1.0
novel,10,19,3,10,tomato1.jpg,AAMMO4.jpg,0.0,0.0,0.0,0.0,4.708651542663574,3.6291568279266357,0.5,0.5,1.0
novel,10,19,4,10,rabbitstuffed1.jpg,ALAB13.jpg,0.0,-16.0,0.0,11122.4765625,1.599388599395752,5.878146171569824,1.0,1.0,0.0
novel,10,19,5,10,soccerball1.jpg,footballhelmet.jpg,16.0,4.0,11144.9365234375,2758.079833984375,9.740798950195312,5.679549217224121,1.0,0.0,1.0
novel,10,20,1,10,basketofpeppers1.jpg,22903148.thl.jpg,1.0,0.0,141811984.0,0.0,3.707552671432495,3.489497661590576,1.0,0.0,1.0
novel,10,20,2,10,oritable1.jpg,ACRANE9.jpg,4.0,0.0,567247936.0,0.0,4.048661231994629,2.8408994674682617,1.0,0.0,1.0
novel,10,20,3,10,lighter1.jpg,ADART3.jpg,0.0,0.0,0.0,0.0,3.0764212608337402,2.4724950790405273,0.5,0.5,1.0
novel,10,20,4,10,antiquephone1.jpg,26421357.thl.jpg,0.0,4.0,0.0,567247936.0,2.5923609733581543,2.1675639152526855,0.0,1.0,1.0
novel,10,20,5,10,alligatorsk1.jpg,Atoyworm.jpg,4.0,0.4647079408168793,567247936.0,66728292.0,3.1099021434783936,3.1632132530212402,1.0,0.0,0.0
state,10,1,1,10,dishwash1.jpg,dishwash2.jpg,0.0,0.0,0.0,0.0,7.602267265319824,10.716341018676758,0.5,0.5,0.0
state,10,1,2,10,whitebox1.jpg,whitebox2.jpg,0.0,0.0,0.0,0.0,4.738051414489746,8.055445671081543,0.5,0.5,0.0
state,10,1,3,10,cabinet1.jpg,cabinet2.jpg,0.0,0.0,0.0,0.0,2.322859287261963,2.037790060043335,0.5,0.5,1.0
state,10,1,4,10,oldbook1.JPG,oldbook2.JPG,0.0,0.0,0.0,0.0,6.440372467041016,8.117931365966797,0.5,0.5,0.0
state,10,1,5,10,bread1.jpg,bread2.jpg,0.0,4.0,0.0,6836282.5,7.684258937835693,7.007246971130371,0.0,1.0,1.0
state,10,2,1,10,antiquechest1.jpg,antiquechest2.jpg,0.0,0.0,0.0,0.0,3.4299209117889404,4.145937919616699,0.5,0.5,0.0
state,10,2,2,10,egg1.jpg,egg2.jpg,0.0,4.0,0.0,6107142656.0,4.512622833251953,5.13692569732666,0.0,1.0,0.0
state,10,2,3,10,briefcase1.JPG,briefcase2.JPG,0.0,0.0,0.0,0.0,3.384134292602539,2.895930767059326,0.5,0.5,1.0
state,10,2,4,10,cerobj1.jpg,cerobj2.jpg,0.0,64.0,0.0,97714282496.0,2.1764180660247803,2.0231189727783203,0.0,1.0,1.0
state,10,2,5,10,metronome1.jpg,metronome2.JPG,4.0,4.0,6107142656.0,6107142656.0,3.2713065147399902,2.3583250045776367,0.5,0.5,1.0
state,10,2,6,10,iron1.jpg,iron2.jpg,4.0,0.0,6107142656.0,0.0,1.5836429595947266,1.7901010513305664,1.0,0.0,0.0
state,10,3,1,10,dryer1.jpg,dryer2.jpg,-64.0,0.0,70560366592.0,0.0,2.070551872253418,6.550375938415527,0.0,0.0,0.0
state,10,3,2,10,accord1.jpg,accord2.jpg,0.0,0.0,0.0,0.0,1.2171915769577026,1.874245047569275,0.5,0.5,0.0
state,10,3,3,10,accordion1.JPG,accordion2.JPG,4.0,0.0,4410022912.0,0.0,3.400723457336426,4.443624496459961,1.0,0.0,0.0
state,10,4,1,10,crayon1.jpg,crayon2.jpg,0.0,0.0,0.0,0.0,5.6928863525390625,4.836862087249756,0.5,0.5,1.0
state,10,4,2,10,ballofyarn1.jpg,ballofyarn2.jpg,0.0,0.0,0.0,0.0,6.219693660736084,5.026803970336914,0.5,0.5,1.0
state,10,4,3,10,container1.JPG,container2.JPG,0.0,0.0,0.0,0.0,7.818794250488281,4.953291893005371,0.5,0.5,1.0
state,10,4,4,10,cookingpot1.JPG,cookingpot2.JPG,42.36649703979492,48.0,3802808713216.0,4251290959872.0,3.991218328475952,4.835139274597168,0.0,1.0,0.0
state,10,4,5,10,waterbottle1.JPG,waterbottle2.JPG,4.0,4.0,354274246656.0,354274246656.0,5.2377214431762695,4.311871528625488,0.5,0.5,1.0
state,10,4,6,10,filebox1.jpg,filebox2.jpg,0.0,4.0,0.0,354274246656.0,11.698211669921875,14.133649826049805,0.0,1.0,0.0
state,10,4,7,10,drum1.jpg,drum2.jpg,4.0,0.0,354274246656.0,0.0,8.68081283569336,7.574252128601074,1.0,0.0,1.0
state,10,5,1,10,apple1.jpg,apple2.jpg,4.0,0.0,1235451904000.0,0.0,5.051825523376465,3.8654980659484863,1.0,0.0,1.0
state,10,5,2,10,briefcasece1.jpg,briefcasece2.jpg,0.0,4.0,0.0,1235451904000.0,4.898009300231934,4.59507942199707,0.0,1.0,1.0
state,10,5,3,10,racketball1.jpg,racketball2.jpg,4.0,0.0,1235451904000.0,0.0,1.0850112438201904,1.2746468782424927,1.0,0.0,0.0
state,10,5,4,10,schoolbag1.JPG,schoolbag2.JPG,0.0,4.0,0.0,1235451904000.0,1.6350959539413452,2.47202467918396,0.0,1.0,0.0
state,10,5,5,10,donut1.jpg,donut2.jpg,0.0,0.0,0.0,0.0,4.870278358459473,4.778111934661865,0.5,0.5,1.0
state,10,5,6,10,sweater1.jpg,sweater2.jpg,0.0,0.0,0.0,0.0,3.5648956298828125,3.128314971923828,0.5,0.5,1.0
state,10,5,7,10,belt1.jpg,belt2.jpg,0.0,0.0,0.0,0.0,6.4900360107421875,2.1675260066986084,0.5,0.5,1.0
state,10,6,1,10,firetrucktoy1.jpg,firetrucktoy2.jpg,0.0,0.0,0.0,0.0,4.056180953979492,2.8085544109344482,0.5,0.5,1.0
state,10,6,2,10,pumpkinpie1.jpg,pumpkinpie2.jpg,0.0,48.0,0.0,242429680.0,5.23353385925293,4.27243185043335,0.0,1.0,1.0
state,10,6,3,10,clipboard1.jpg,clipboard2.jpg,80.0,0.0,404049472.0,0.0,9.77626895904541,10.780726432800293,1.0,0.0,0.0
state,10,6,4,10,eggplant1.jpg,eggplant2.jpg,0.0,0.0,0.0,0.0,9.872241020202637,9.132095336914062,0.5,0.5,1.0
state,10,7,1,10,theasea1.jpg,theasea2.jpg,0.0,0.0,0.0,0.0,2.8075881004333496,2.695075035095215,0.5,0.5,1.0
state,10,7,2,10,scanner1.JPG,scanner2.JPG,0.0,0.0,0.0,0.0,1.4707883596420288,2.0805699825286865,0.5,0.5,0.0
state,10,7,3,10,biscuit1.jpg,biscuit2.jpg,0.0,4.0,0.0,1.3933286225084416e+19,6.815399169921875,4.964443206787109,0.0,1.0,1.0
state,10,7,4,10,piggybank1.jpg,piggybank2.jpg,0.0,4.0,0.0,1.3933286225084416e+19,1.7766770124435425,3.6056783199310303,0.0,1.0,0.0
state,10,7,5,10,teacupplate1.jpg,teacupplate2.jpg,4.0,-112.0,1.3933286225084416e+19,inf,2.3517603874206543,3.4470927715301514,1.0,1.0,0.0
state,10,7,6,10,bagel1.JPG,bagel2.jpg,4.0,-128.0,1.3933286225084416e+19,inf,9.768282890319824,8.345088005065918,1.0,1.0,1.0
state,10,7,7,10,napdisp1.jpg,napdisp2.jpg,-58.378692626953125,4.0,inf,1.3933286225084416e+19,3.499080181121826,2.568702220916748,0.0,0.0,1.0
state,10,8,1,10,carton1.jpg,carton2.jpg,0.0,0.0,0.0,0.0,2.7474143505096436,6.952889919281006,0.5,0.5,0.0
state,10,8,2,10,dresser1.JPG,dresser2.JPG,0.0,0.0,0.0,0.0,4.1922760009765625,6.803171157836914,0.5,0.5,0.0
state,10,8,3,10,purplecoffee1.jpg,purplecoffee2.jpg,0.0,0.0,0.0,0.0,2.0134623050689697,2.4484543800354004,0.5,0.5,0.0
state,10,8,4,10,waffleiron1.jpg,waffleiron2.jpg,4.0,4.0,1309745.75,1309745.75,3.4259402751922607,3.724287986755371,0.5,0.5,0.0
state,10,8,5,10,seatbelt1.jpg,seatbelt2.jpg,0.0,4.0,0.0,1309745.75,2.456285238265991,4.189979076385498,0.0,1.0,0.0
state,10,8,6,10,lunchbox1.jpg,lunchbox2.jpg,0.0,0.0,0.0,0.0,6.531409740447998,7.369216442108154,0.5,0.5,0.0
state,10,9,1,10,typewriter1.jpg,typewriter2.jpg,0.0,4.0,0.0,31760035840.0,6.011960506439209,1.8794777393341064,0.0,1.0,1.0
state,10,9,2,10,rhinoceros1.jpg,rhinoceros2.jpg,0.0,0.0,0.0,0.0,5.367410659790039,5.078123092651367,0.5,0.5,1.0
state,10,9,3,10,coffeegrind1.jpg,coffeegrind2.jpg,-128.0,0.0,1016321146880.0,0.0,4.367205619812012,7.437669277191162,0.0,0.0,0.0
state,10,9,4,10,groomingset1.jpg,groomingset2.jpg,0.0,16.0,0.0,127040143360.0,7.112665176391602,6.444735527038574,0.0,1.0,1.0
state,10,9,5,10,tent1.jpg,tent2.jpg,-128.0,16.0,1016321146880.0,127040143360.0,3.5960681438446045,6.705783843994141,0.0,0.0,0.0
state,10,10,1,10,dishes1.JPG,dishes2.JPG,0.0,-128.0,0.0,1439876645912576.0,2.7923693656921387,8.145976066589355,1.0,1.0,0.0
state,10,10,2,10,bottle1.jpg,bottle2.jpg,0.0,4.0,0.0,44996145184768.0,2.1099417209625244,2.4327850341796875,0.0,1.0,0.0
state,10,10,3,10,barnmail1.jpg,barnmail2.jpg,0.0,0.0,0.0,0.0,8.900640487670898,8.183753967285156,0.5,0.5,1.0
state,10,10,4,10,scissors1.JPG,scissors2.JPG,0.0,4.0,0.0,44996145184768.0,4.501241207122803,5.251189231872559,0.0,1.0,0.0
state,10,10,5,10,breadbox1.JPG,breadbox2.JPG,0.0,4.0,0.0,44996145184768.0,4.017986297607422,5.411921501159668,0.0,1.0,0.0
state,10,11,1,10,abacus1.jpg,abacus2.jpg,4.0,0.0,14750222.0,0.0,1.4134087562561035,1.46871018409729,1.0,0.0,0.0
state,10,11,2,10,redcabbage1.jpg,redcabbage2.jpg,0.0,0.0,0.0,0.0,5.56721305847168,6.250283718109131,0.5,0.5,0.0
state,10,11,3,10,redumbrella1.jpg,redumbrella2.jpg,48.0,-56.99950408935547,177002672.0,227585248.0,1.817845344543457,5.624564170837402,1.0,1.0,0.0
state,10,12,1,10,mirror1.jpg,mirror2.jpg,80.0,0.0,2472385792.0,0.0,4.396843910217285,2.889580488204956,1.0,0.0,1.0
state,10,12,2,10,pie1.JPG,pie2.JPG,0.0,0.0,0.0,0.0,4.782203197479248,6.438493251800537,0.5,0.5,0.0
state,10,12,3,10,player1.jpg,player2.jpg,0.0,0.0,0.0,0.0,4.342804908752441,1.7356128692626953,0.5,0.5,1.0
state,10,13,1,10,bandagetape1.jpg,bandagetape2.jpg,4.0,4.0,666067927040.0,666067927040.0,2.7729220390319824,2.7527103424072266,0.5,0.5,1.0
state,10,13,2,10,cheese1.JPG,cheese2.JPG,0.0,0.0,0.0,0.0,5.994040489196777,5.079594135284424,0.5,0.5,1.0
state,10,13,3,10,servdis1.jpg,servdis2.jpg,0.0,16.0,0.0,2664271708160.0,3.818730115890503,2.4204583168029785,0.0,1.0,1.0
state,10,13,4,10,books1.JPG,books2.JPG,0.0,0.0,0.0,0.0,3.213207960128784,8.229269981384277,0.5,0.5,0.0
state,10,13,5,10,boxcookies1.JPG,boxcookies2.JPG,0.0,4.0,0.0,666067927040.0,7.232086181640625,6.792841911315918,0.0,1.0,1.0
state,10,13,6,10,notebook1.jpg,notebook2.jpg,0.0,0.0,0.0,0.0,1.3027172088623047,1.0417903661727905,0.5,0.5,1.0
state,10,13,7,10,handshake1.JPG,handshake2.JPG,0.42610543966293335,0.0,68543229952.0,0.0,6.549252986907959,6.493924140930176,1.0,0.0,1.0
state,10,13,8,10,tiger1.jpg,tiger2.jpg,4.0,0.0,666067927040.0,0.0,5.8179731369018555,4.197021484375,1.0,0.0,1.0
state,10,14,1,10,laptop1.JPG,laptop2.JPG,4.0,0.0,2634008.0,0.0,4.4973554611206055,3.357217311859131,1.0,0.0,1.0
state,10,14,2,10,traffic1.jpg,traffic2.jpg,0.0,0.0,0.0,0.0,2.5552167892456055,2.5751452445983887,0.5,0.5,0.0
state,10,14,3,10,scales1.jpg,scales2.jpg,0.0,4.0,0.0,2634008.0,2.1326546669006348,2.6552681922912598,0.0,1.0,0.0
state,10,14,4,10,apples1.JPG,apples2.JPG,0.0,0.0,0.0,0.0,3.502775192260742,6.5672101974487305,0.5,0.5,0.0
state,10,14,5,10,babytoy1.JPG,babytoy2.JPG,0.0,4.0,0.0,2634008.0,3.0939273834228516,2.1247000694274902,0.0,1.0,1.0
state,10,14,6,10,polarbear1.jpg,polarbear2.jpg,0.0,0.0,0.0,0.0,4.990941524505615,3.8252334594726562,0.5,0.5,1.0
state,10,14,7,10,basketofapples1.jpg,basketofapples2.jpg,-112.0,0.0,73752224.0,0.0,9.468673706054688,2.259744644165039,0.0,0.0,1.0
state,10,15,1,10,padlock1.jpg,padlock2.jpg,-112.0,0.0,7316914.0,0.0,4.956699371337891,5.286776542663574,0.0,0.0,0.0
state,10,15,2,10,coffeemaker1.JPG,coffeemaker2.JPG,0.0,0.0,0.0,0.0,4.293825149536133,4.162703514099121,0.5,0.5,1.0
state,10,16,1,10,twofingers1.JPG,twofingers2.JPG,0.0,0.0,0.0,0.0,4.085162162780762,4.513336181640625,0.5,0.5,0.0
state,10,16,2,10,bulletandca1.jpg,bulletandca2.jpg,4.0,4.0,407013920.0,407013920.0,5.47852087020874,2.1459388732910156,0.5,0.5,1.0
state,10,16,3,10,banana1.jpg,banana2.jpg,0.0,0.0,0.0,0.0,6.097726345062256,2.2200005054473877,0.5,0.5,1.0
state,10,16,4,10,present1.jpg,present2.jpg,0.0,0.0,0.0,0.0,5.970765590667725,5.22047233581543,0.5,0.5,1.0
state,10,17,1,10,cantaloupe1.jpg,cantaloupe2.jpg,0.0,0.0,0.0,0.0,2.8851757049560547,4.938655853271484,0.5,0.5,0.0
state,10,17,2,10,giftbag1.jpg,giftbag2.jpg,4.0,0.0,506034176.0,0.0,5.0997138023376465,5.247415542602539,1.0,0.0,0.0
state,10,17,3,10,dice1.jpg,dice2.jpg,0.0,4.0,0.0,506034176.0,2.836371898651123,3.4747233390808105,0.0,1.0,0.0
state,10,17,4,10,containero1.jpg,containero2.jpg,1.8144549131393433,0.0,222096112.0,0.0,5.353578090667725,2.7771825790405273,1.0,0.0,1.0
state,10,18,1,10,toast1.jpg,toast2.jpg,0.0,0.0,0.0,0.0,3.4206156730651855,1.9583877325057983,0.5,0.5,1.0
state,10,18,2,10,toilet1.JPG,toilet2.JPG,4.0,0.0,14063619.0,0.0,4.562410354614258,6.934765815734863,1.0,0.0,0.0
state,10,18,3,10,garbagecans1.jpg,garbagecans2.jpg,4.0,0.0,14063619.0,0.0,6.830310344696045,4.829038143157959,1.0,0.0,1.0
state,10,18,4,10,dough1.jpg,dough2.jpg,0.0,0.0,0.0,0.0,3.857567310333252,5.887876033782959,0.5,0.5,0.0
state,10,19,1,10,deepfryer1.jpg,deepfryer2.jpg,0.0,0.2876412868499756,0.0,200.14427185058594,2.7201457023620605,1.2250877618789673,0.0,1.0,1.0
state,10,19,2,10,redbox1.jpg,redbox2.jpg,4.0,4.0,2747.736328125,2762.500732421875,4.177206516265869,5.446099758148193,0.5,1.0,0.0
state,10,19,3,10,tomato1.jpg,tomato2.jpg,0.0,0.0,0.0,0.0,4.708651542663574,4.257243633270264,0.5,0.5,1.0
state,10,20,1,10,telephone1.JPG,telephone2.JPG,-112.0,0.0,15882942464.0,0.0,3.3303580284118652,4.446231365203857,0.0,0.0,0.0
state,10,20,2,10,glassjuice1.JPG,glassjuice2.JPG,112.0,0.0,15882942464.0,0.0,1.234177827835083,1.6458462476730347,1.0,0.0,0.0
state,10,20,3,10,antiquephone1.jpg,antiquephone2.jpg,0.0,0.0,0.0,0.0,2.5923609733581543,3.190106153488159,0.5,0.5,0.0
state,10,20,4,10,patiota1.jpg,patiota2.jpg,0.0,4.0,0.0,567247936.0,3.2954111099243164,2.7208266258239746,0.0,1.0,1.0
state,10,20,5,10,alligatorsk1.jpg,alligatorsk2.jpg,0.0,4.0,0.0,567247936.0,3.04890513420105,3.3035178184509277,0.0,1.0,0.0
state,10,20,6,10,diapers1.jpg,diapers2.jpg,16.0,0.0,2268991744.0,0.0,3.3904223442077637,3.429074764251709,1.0,0.0,0.0
state,10,20,7,10,basketofpeppers1.jpg,basketofpeppers2.jpg,0.0,0.0,0.0,0.0,3.707552671432495,3.188708782196045,0.5,0.5,1.0
exemplar,100,1,1,100,pizza1.jpg,pizza2.jpg,0.0,4.0,0.0,2220046.0,4.207629203796387,4.375311851501465,0.0,1.0,0.0
exemplar,100,1,2,100,toywrench1.jpg,toywrench2.jpg,0.0,0.0,0.0,0.0,3.697327136993408,2.723129987716675,0.5,0.5,1.0
exemplar,100,1,3,100,turtle1.jpg,turtle2.jpg,0.0,0.0,0.0,0.0,2.1533870697021484,1.5507516860961914,0.5,0.5,1.0
exemplar,100,1,4,100,basket1.jpg,basket2.jpg,0.0,0.0,0.0,0.0,1.442809820175171,2.6724119186401367,0.5,0.5,0.0
exemplar,100,1,5,100,spraybottle1.jpg,spraybottle2.jpg,0.0,0.0,0.0,0.0,1.5913279056549072,3.4731812477111816,0.5,0.5,0.0
exemplar,100,1,6,100,lighter1.jpg,lighter2.jpg,0.0,0.0,0.0,0.0,1.5090529918670654,1.6954829692840576,0.5,0.5,0.0
exemplar,100,1,7,100,starfish1.jpg,starfish2.jpg,0.0,4.0,0.0,2220046.0,1.9597911834716797,2.538820266723633,0.0,1.0,0.0
exemplar,100,1,8,100,toykeys1.jpg,toykeys2.JPG,4.0,4.0,2220046.0,2220046.0,3.8846728801727295,5.632598400115967,0.5,0.5,0.0
exemplar,100,1,9,100,microscope1.jpg,microscope2.jpg,4.0,0.0,2220046.0,0.0,5.903810024261475,1.5819454193115234,1.0,0.0,1.0
exemplar,100,1,10,100,graduatedcylinder1.jpg,graduatedcylinder2.jpg,16.0,0.0,8880184.0,0.0,1.2911462783813477,1.1397031545639038,1.0,0.0,1.0
exemplar,100,1,11,100,oritable1.jpg,oritable2.jpg,0.0,0.0,0.0,0.0,4.145351409912109,3.811142683029175,0.5,0.5,1.0
exemplar,100,1,12,100,bathingsuit1.jpg,bathingsuit2.jpg,0.0,0.0,0.0,0.0,2.541227340698242,2.575960874557495,0.5,0.5,0.0
exemplar,100,1,13,100,horn1.jpg,horn2.jpg,0.0,0.0,0.0,0.0,2.917912244796753,3.476274251937866,0.5,0.5,0.0
exemplar,100,1,14,100,skull1.jpg,skull2.jpg,0.0,4.0,0.0,2220046.0,2.5487945079803467,4.455571174621582,0.0,1.0,0.0
exemplar,100,1,15,100,coathanger1.jpg,coathanger2.jpg,0.0,4.0,0.0,2220046.0,1.346325159072876,1.4609031677246094,0.0,1.0,0.0
exemplar,100,1,16,100,cabinet1.jpg,cabinet2.jpg,0.0,0.0,0.0,0.0,1.7545795440673828,1.6605312824249268,0.5,0.5,1.0
exemplar,100,1,17,100,toyairplane1.jpg,toyairplane2.jpg,4.0,0.0,2220046.0,0.0,4.833806037902832,4.0559892654418945,1.0,0.0,1.0
exemplar,100,1,18,100,feather1.jpg,feather2.jpg,0.0,0.0,0.0,0.0,3.458653450012207,3.3934245109558105,0.5,0.5,1.0
exemplar,100,1,19,100,flask1.jpg,flask2.jpg,0.39872023463249207,0.0,226405.359375,0.0,4.348548889160156,6.726044654846191,1.0,0.0,0.0
exemplar,100,1,20,100,pliers1.jpg,pliers2.jpg,4.0,0.0,2220046.0,0.0,3.658710479736328,3.363518476486206,1.0,0.0,1.0
exemplar,100,1,21,100,cow1.jpg,cow2.jpg,0.0,0.0,0.0,0.0,1.2930688858032227,1.1708898544311523,0.5,0.5,1.0
exemplar,100,1,22,100,suitcase1.jpg,suitcase2.jpg,0.0,0.0,0.0,0.0,4.094477653503418,4.325723648071289,0.5,0.5,0.0
exemplar,100,1,23,100,sharpener1.jpg,sharpener2.jpg,0.0,0.0,0.0,0.0,2.9391751289367676,2.534367561340332,0.5,0.5,1.0
exemplar,100,1,24,100,grandpiano1.jpg,grandpiano2.jpg,0.0,0.0,0.0,0.0,5.320577621459961,6.644052505493164,0.5,0.5,0.0
exemplar,100,1,25,100,tractor1.jpg,tractor2.jpg,4.0,1.0,2220046.0,555011.5,7.3790435791015625,3.2709503173828125,1.0,0.0,1.0
exemplar,100,1,26,100,gardeningshovel1.jpg,gardeningshovel2.jpg,1.0,0.0,555011.5,0.0,5.145088195800781,6.181720733642578,1.0,0.0,0.0
exemplar,100,1,27,100,doorway1.jpg,doorway2.jpg,0.0,0.0,0.0,0.0,1.2148780822753906,1.1250611543655396,0.5,0.5,1.0
exemplar,100,1,28,100,citroen1.jpg,citroen2.jpg,0.0,0.0,0.0,0.0,4.274299621582031,2.9732112884521484,0.5,0.5,1.0
exemplar,100,1,29,100,spraynozzle1.jpg,spraynozzle2.jpg,0.0,0.0,0.0,0.0,5.0514044761657715,5.171506881713867,0.5,0.5,0.0
exemplar,100,1,30,100,key1.jpg,key2.jpg,0.0,4.0,0.0,2220046.0,2.606712818145752,1.9634301662445068,0.0,1.0,1.0
exemplar,100,1,31,100,pictureframe1.jpg,pictureframe2.jpg,0.0,4.0,0.0,2220046.0,1.558424472808838,1.0918960571289062,0.0,1.0,1.0
exemplar,100,1,32,100,wheelchair1.jpg,wheelchair2.jpg,0.0,0.0,0.0,0.0,1.9161494970321655,2.2947630882263184,0.5,0.5,0.0
exemplar,100,1,33,100,bracelet1.jpg,bracelet2.jpg,0.0,0.0,0.0,0.0,2.5309929847717285,2.6375889778137207,0.5,0.5,0.0
exemplar,100,1,34,100,backgammon1.jpg,backgammon2.jpg,0.0,0.0,0.0,0.0,4.092530250549316,4.2833251953125,0.5,0.5,0.0
exemplar,100,1,35,100,train1.jpg,train2.jpg,0.0,0.0,0.0,0.0,1.5895309448242188,2.4761836528778076,0.5,0.5,0.0
exemplar,100,1,36,100,rabbitstuffed1.jpg,rabbitstuffed2.jpg,0.0,0.0,0.0,0.0,1.5168389081954956,2.6111414432525635,0.5,0.5,0.0
exemplar,100,1,37,100,stool1.jpg,stool2.jpg,0.0,-16.0,0.0,8880184.0,1.997132658958435,1.4486033916473389,1.0,1.0,1.0
exemplar,100,1,38,100,binoculars1.jpg,binoculars2.jpg,-128.0,0.0,71041472.0,0.0,4.827706336975098,2.266590118408203,0.0,0.0,1.0
exemplar,100,1,39,100,soapdish1.jpg,soapdish2.jpg,0.0,0.0,0.0,0.0,3.2153544425964355,4.251059532165527,0.5,0.5,0.0
exemplar,100,1,40,100,globe1.jpg,globe2.jpg,-48.0,0.0,26640550.0,0.0,3.4309024810791016,1.460716962814331,0.0,0.0,1.0
exemplar,100,1,41,100,guitar1.jpg,guitar2.jpg,-32.0,4.0,17760368.0,2220046.0,3.284529209136963,4.255465507507324,0.0,0.0,0.0
exemplar,100,1,42,100,teapot1.JPG,teapot2.JPG,-128.0,0.0,71041472.0,0.0,4.545536518096924,4.198166847229004,0.0,0.0,1.0
exemplar,100,1,43,100,stapleremover1.jpg,stapleremover2.jpg,0.0,0.0,0.0,0.0,3.9686360359191895,3.968214750289917,0.5,0.5,1.0
exemplar,100,1,44,100,tongs1.jpg,tongs2.jpg,0.0,0.0,0.0,0.0,5.15137243270874,4.586629867553711,0.5,0.5,1.0
exemplar,100,1,45,100,soother1.jpg,soother2.jpg,4.0,0.0,2220046.0,0.0,2.277879238128662,2.9782657623291016,1.0,0.0,0.0
exemplar,100,1,46,100,bassguitar1.jpg,bassguitar2.jpg,0.0,0.0,0.0,0.0,4.439939498901367,2.514373302459717,0.5,0.5,1.0
exemplar,100,1,47,100,razor1.jpg,razor2.jpg,0.0,0.0,0.0,0.0,1.6463887691497803,2.5016582012176514,0.5,0.5,0.0
exemplar,100,1,48,100,spool1.jpg,spool2.jpg,0.0,0.0,0.0,0.0,4.176480770111084,1.9829609394073486,0.5,0.5,1.0
exemplar,100,1,49,100,money1.jpg,money2.jpg,0.0,4.0,0.0,2220046.0,4.4829912185668945,5.0025787353515625,0.0,1.0,0.0
exemplar,100,1,50,100,peppers1.jpg,peppers2.jpg,4.0,0.0,2220046.0,0.0,4.730123996734619,3.4968199729919434,1.0,0.0,1.0
exemplar,100,1,51,100,trophy1.jpg,trophy2.jpg,12.487998962402344,4.0,7086790.0,2220046.0,3.4658164978027344,2.754723072052002,1.0,0.0,1.0
exemplar,100,1,52,100,anchor1.jpg,anchor2.jpg,4.0,0.0,2220046.0,0.0,4.997465133666992,3.459975242614746,1.0,0.0,1.0
exemplar,100,1,53,100,baseballglove1.jpg,baseballglove2.jpg,4.0,0.37753766775131226,2220046.0,215546.421875,4.824643611907959,2.392209053039551,1.0,0.0,1.0
exemplar,100,1,54,100,chocolatecake.jpg,chocolatecake2.jpg,0.0,0.0,0.0,0.0,2.017284393310547,2.302147388458252,0.5,0.5,0.0
exemplar,100,1,55,100,metalpin1.jpg,metalpin2.jpg,0.0,0.0,0.0,0.0,2.521313190460205,2.250002861022949,0.5,0.5,1.0
exemplar,100,1,56,100,holepunch1.jpg,holepunch2.jpg,-48.0,112.0,26640550.0,62161284.0,2.9008243083953857,5.015201091766357,0.0,1.0,0.0
exemplar,100,2,1,100,goggles1.jpg,goggles2.jpg,nan,nan,nan,nan,2.1540307998657227,2.1540307998657227,0.5,0.5,0.5
exemplar,100,2,2,100,remote1.jpg,remote2.jpg,nan,0.0,nan,nan,2.1540307998657227,2.1540307998657227,0.5,0.5,0.5
exemplar,100,2,3,100,bonzai1.jpg,bonzai2.jpg,nan,0.0,nan,nan,2.1540307998657227,2.1540307998657227,0.5,0.5,0.5
exemplar,100,2,4,100,reportfile1.jpg,reportfile2.jpg,nan,nan,nan,nan,2.1540307998657227,2.1540307998657227,0.5,0.5,0.5
exemplar,100,2,5,100,stapler1.jpg,stapler2.jpg,4.0,nan,nan,nan,2.1540307998657227,2.1540307998657227,0.5,0.5,0.5
exemplar,100,2,6,100,rake1.jpg,rake2.jpg,nan,16.0,nan,nan,2.1540307998657227,2.1540307998657227,0.5,0.5,0.5
exemplar,100,2,7,100,soapbottle1.jpg,soapbottle2.jpg,nan,nan,nan,nan,2.1540307998657227,2.1540307998657227,0.5,0.5,0.5
exemplar,100,2,8,100,cone1.jpg,cone2.jpg,nan,nan,nan,nan,2.1540307998657227,2.1540307998657227,0.5,0.5,0.5
exemplar,100,2,9,100,muffin1.jpg,muffin2.jpg,4.0,4.0,nan,nan,2.1540307998657227,2.1540307998657227,0.5,0.5,0.5
exemplar,100,2,10,100,breadloaf1.jpg,breadloaf2.jpg,nan,nan,nan,nan,2.1540307998657227,2.1540307998657227,0.5,0.5,0.5
exemplar,100,2,11,100,block1.jpg,block2.jpg,4.0,nan,nan,nan,2.1540307998657227,2.1540307998657227,0.5,0.5,0.5
exemplar,100,2,12,100,sunglasses1.jpg,sunglasses2.jpg,nan,nan,nan,nan,2.1540307998657227,2.1540307998657227,0.5,0.5,0.5
exemplar,100,2,13,100,wineglass1.jpg,wineglass2.jpg,nan,nan,nan,nan,2.1540307998657227,2.1540307998657227,0.5,0.5,0.5
exemplar,100,2,14,100,rabbit1.jpg,rabbit2.jpg,nan,nan,nan,nan,2.1540307998657227,2.1540307998657227,0.5,0.5,0.5
exemplar,100,2,15,100,cheesecrackers1.jpg,cheesecrackers2.jpg,4.0,nan,nan,nan,2.1540307998657227,2.1540307998657227,0.5,0.5,0.5
exemplar,100,2,16,100,bikehelmet1.jpg,bikehelmet2.jpg,4.0,nan,nan,nan,2.1540307998657227,2.1540307998657227,0.5,0.5,0.5
exemplar,100,2,17,100,bicycle1.jpg,bicycle2.jpg,nan,nan,nan,nan,2.1540307998657227,2.1540307998657227,0.5,0.5,0.5
exemplar,100,2,18,100,bell1.jpg,bell2.jpg,nan,nan,nan,nan,2.1540307998657227,2.1540307998657227,0.5,0.5,0.5
exemplar,100,2,19,100,parkmet1.jpg,parkmet2.jpg,nan,0.0,nan,nan,2.1540307998657227,2.1540307998657227,0.5,0.5,0.5
exemplar,100,2,20,100,headphone1.jpg,headphone2.jpg,nan,4.0,nan,nan,2.1540307998657227,2.1540307998657227,0.5,0.5,0.5
exemplar,100,2,21,100,balloon1.jpg,balloon2.jpg,nan,0.0,nan,nan,2.1540307998657227,2.1540307998657227,0.5,0.5,0.5
exemplar,100,2,22,100,kayak1.jpg,kayak2.jpg,nan,nan,nan,nan,2.1540307998657227,2.1540307998657227,0.5,0.5,0.5
exemplar,100,2,23,100,scroll1.jpg,scroll2.jpg,nan,4.0,nan,nan,2.1540307998657227,2.1540307998657227,0.5,0.5,0.5
exemplar,100,2,24,100,grapes1.jpg,grapes2.jpg,4.0,0.0,nan,nan,2.1540307998657227,2.1540307998657227,1.0,0.5,0.5
exemplar,100,2,25,100,woodenbarrel1.jpg,woodenbarrel2.jpg,4.0,-48.0,nan,nan,2.1540307998657227,2.1540307998657227,1.0,0.5,0.5
exemplar,100,2,26,100,log1.jpg,log2.jpg,0.0,nan,nan,nan,2.1540307998657227,2.1540307998657227,0.5,0.5,0.5
exemplar,100,2,27,100,icecream1.jpg,icecream2.jpg,nan,4.0,nan,nan,2.1540307998657227,2.1540307998657227,0.5,0.5,0.5
exemplar,100,2,28,100,fishbowl1.jpg,fishbowl2.jpg,nan,nan,nan,nan,2.1540307998657227,2.1540307998657227,0.5,0.5,0.5
exemplar,100,2,29,100,dogpresent1.JPG,dogpresent2.JPG,-128.0,-48.0,nan,nan,2.1540307998657227,2.1540307998657227,0.0,0.5,0.5
exemplar,100,2,30,100,plate1.jpg,plate2.jpg,nan,-112.0,nan,nan,2.1540307998657227,2.1540307998657227,0.5,0.5,0.5
exemplar,100,2,31,100,calculator1.jpg,calculator2.jpg,4.0,4.0,nan,nan,2.1540307998657227,2.1540307998657227,0.5,0.5,0.5
exemplar,100,2,32,100,lei1.jpg,lei2.jpg,0.0,nan,nan,nan,2.1540307998657227,2.1540307998657227,0.5,0.5,0.5
exemplar,100,2,33,100,camera1.jpg,camera2.jpg,nan,4.0,nan,nan,2.1540307998657227,2.1540307998657227,0.5,0.5,0.5
exemplar,100,2,34,100,ship1.jpg,ship2.jpg,nan,-48.0,nan,nan,2.1540307998657227,2.1540307998657227,0.5,0.5,0.5
exemplar,100,2,35,100,soccerball1.jpg,soccerball2.jpg,nan,0.0,nan,nan,2.1540307998657227,2.1540307998657227,0.5,0.5,0.5
exemplar,100,2,36,100,fan1.jpg,fan2.jpg,nan,0.0,nan,nan,2.1540307998657227,2.1540307998657227,0.5,0.5,0.5
exemplar,100,2,37,100,potatochips1.jpg,potatochips2.jpg,4.0,nan,nan,nan,2.1540307998657227,2.1540307998657227,0.5,0.5,0.5
exemplar,100,2,38,100,hotair1.jpg,hotair2.jpg,nan,80.0,nan,nan,2.1540307998657227,2.1540307998657227,0.5,0.5,0.5
exemplar,100,2,39,100,toyhandorn1.jpg,toyhandorn2.jpg,nan,nan,nan,nan,2.1540307998657227,2.1540307998657227,0.5,0.5,0.5
exemplar,100,2,40,100,santahat1.jpg,santahat2.jpg,nan,nan,nan,nan,2.1540307998657227,2.1540307998657227,0.5,0.5,0.5
exemplar,100,2,41,100,chisel1.jpg,chisel2.jpg,nan,nan,nan,nan,2.1540307998657227,2.1540307998657227,0.5,0.5,0.5
exemplar,100,2,42,100,candy1.jpg,candy2.jpg,nan,80.0,nan,nan,2.1540307998657227,2.1540307998657227,0.5,0.5,0.5
exemplar,100,2,43,100,chocolatebar1.jpg,chocolatebar2.jpg,nan,4.0,nan,nan,2.1540307998657227,2.1540307998657227,0.5,0.5,0.5
exemplar,100,2,44,100,toydinosaur1.jpg,toydinosaur2.jpg,-48.0,4.0,nan,nan,2.1540307998657227,2.1540307998657227,0.0,0.5,0.5
novel,100,1,1,100,microscope1.jpg,Abuilding5.jpg,0.0,0.0,0.0,0.0,6.067755699157715,1.270164132118225,0.5,0.5,1.0
novel,100,1,2,100,tongs1.jpg,Avicegriptool.jpg,0.0,-48.0,0.0,26640550.0,5.15137243270874,2.2401022911071777,1.0,1.0,1.0
novel,100,1,3,100,dresser1.JPG,Ababmonit.jpg,4.0,0.0,2220046.0,0.0,2.9271812438964844,2.858898162841797,1.0,0.0,1.0
novel,100,1,4,100,present1.jpg,8074514.thl.jpg,0.0,1.0,0.0,555011.5,5.075955867767334,2.2967007160186768,0.0,1.0,1.0
novel,100,1,5,100,turtle1.jpg,Aeasteregg14.jpg,0.0,0.0,0.0,0.0,2.1533870697021484,2.651602268218994,0.5,0.5,0.0
novel,100,1,6,100,spool1.jpg,AHONEYJA2.jpg,4.0,0.0,2220046.0,0.0,4.353907585144043,2.163398027420044,1.0,0.0,1.0
novel,100,1,7,100,flask1.jpg,Acardinal2.jpg,0.0,4.0,0.0,2220046.0,4.348548889160156,1.1638236045837402,0.0,1.0,1.0
novel,100,1,8,100,coffeemaker1.JPG,Atrafficsign2.jpg,0.0,0.38869142532348633,0.0,219916.296875,3.3552939891815186,2.5191879272460938,0.0,1.0,1.0
novel,100,1,9,100,skull1.jpg,Apaintroller3.jpg,4.0,0.0,2220046.0,0.0,2.8463706970214844,2.867720365524292,1.0,0.0,0.0
novel,100,1,10,100,suitcase1.jpg,licorice.jpg,0.0,4.0,0.0,2220046.0,4.271854400634766,2.087890386581421,0.0,1.0,1.0
novel,100,1,11,100,spraynozzle1.jpg,Afloweredsan3.jpg,0.0,0.0,0.0,0.0,5.0514044761657715,1.2864396572113037,0.5,0.5,1.0
novel,100,1,12,100,backgammon1.jpg,12955.JPG,4.0,0.0,2220046.0,0.0,4.316340446472168,1.1003916263580322,1.0,0.0,1.0
novel,100,1,13,100,dice1.jpg,Acementfinish.jpg,4.0,0.0,2220046.0,0.0,3.267482280731201,6.852269172668457,1.0,0.0,0.0
novel,100,1,14,100,toyairplane1.jpg,ASHADES11.jpg,0.0,4.0,0.0,2220046.0,4.845912933349609,1.7778352499008179,0.0,1.0,1.0
novel,100,1,15,100,toykeys1.jpg,AGOLDCUP6.jpg,0.0,0.0,0.0,0.0,3.5200424194335938,1.9457166194915771,0.5,0.5,1.0
novel,100,1,16,100,pizza1.jpg,8029214.thl.jpg,4.0,-112.0,2220046.0,62161284.0,4.457705974578857,1.9050325155258179,1.0,1.0,1.0
novel,100,1,17,100,pliers1.jpg,Adeer20.jpg,4.0,0.0,2220046.0,0.0,3.658710479736328,1.2756330966949463,1.0,0.0,1.0
novel,100,1,18,100,belt1.jpg,10049566.thl.jpg,0.0,4.0,0.0,2220046.0,3.1592984199523926,1.5853374004364014,0.0,1.0,1.0
novel,100,1,19,100,sharpener1.jpg,APLANMOD2.jpg,0.0,0.0,0.0,0.0,2.9391751289367676,2.1792707443237305,0.5,0.5,1.0
novel,100,1,20,100,bandagetape1.jpg,Acannedaspa10.jpg,0.0,-128.0,0.0,71041472.0,3.373549222946167,3.4348018169403076,1.0,1.0,0.0
novel,100,1,21,100,cookingpot1.JPG,VMS7B.jpg,0.0,0.0,0.0,0.0,2.700995445251465,3.4698410034179688,0.5,0.5,0.0
novel,100,1,22,100,chocolatecake.jpg,AFULVOUST.jpg,0.0,80.0,0.0,44400920.0,2.188420295715332,2.9073586463928223,0.0,1.0,0.0
novel,100,1,23,100,egg1.jpg,Abasket110.jpg,0.0,4.0,0.0,2220046.0,5.475700378417969,1.299411654472351,0.0,1.0,1.0
novel,100,1,24,100,metalpin1.jpg,AGERMANH4.jpg,4.0,0.0,2220046.0,0.0,2.6809592247009277,1.6980781555175781,1.0,0.0,1.0
novel,100,1,25,100,stool1.jpg,26426417.thl.jpg,4.0,0.0,2220046.0,0.0,2.0677459239959717,2.306022882461548,1.0,0.0,0.0
novel,100,1,26,100,binoculars1.jpg,Aroadsignin15.jpg,0.0,4.0,0.0,2220046.0,4.443412780761719,2.861321449279785,0.0,1.0,1.0
novel,100,1,27,100,oldbook1.JPG,AKNIFE13.jpg,0.0,0.4072032868862152,0.0,230831.296875,5.639101982116699,6.007290840148926,0.0,1.0,0.0
novel,100,1,28,100,trophy1.jpg,ASPACEHE5.jpg,4.0,0.0,2220046.0,0.0,3.7748208045959473,2.338075637817383,1.0,0.0,1.0
novel,100,1,29,100,coathanger1.jpg,26421583.thl.jpg,0.0,25.486366271972656,0.0,14458007.0,1.346325159072876,3.557795286178589,0.0,1.0,0.0
novel,100,1,30,100,piggybank1.jpg,AOLIVE.jpg,-49.921348571777344,0.0,28287802.0,0.0,2.3643980026245117,3.1966748237609863,0.0,0.0,0.0
novel,100,1,31,100,gardeningshovel1.jpg,Ascientifice6.jpg,0.0,0.0,0.0,0.0,4.669042587280273,3.0065059661865234,0.5,0.5,1.0
novel,100,1,32,100,citroen1.jpg,AGLASSFL4.jpg,4.0,0.0,2220046.0,0.0,4.42490291595459,6.029974937438965,1.0,0.0,0.0
novel,100,1,33,100,stapleremover1.jpg,9815480.thl.jpg,0.0,4.0,0.0,2220046.0,3.9686360359191895,1.0313981771469116,0.0,1.0,1.0
novel,100,1,34,100,bread1.jpg,ALIONWALK.jpg,0.0,80.0,0.0,44400920.0,5.368700981140137,2.554708957672119,0.0,1.0,1.0
novel,100,1,35,100,starfish1.jpg,AFRENCHF2.jpg,0.0,4.0,0.0,2220046.0,1.9597911834716797,1.633718490600586,0.0,1.0,1.0
novel,100,1,36,100,alligatorsk1.jpg,8256348.thl.jpg,0.0,4.0,0.0,2220046.0,2.3137590885162354,1.383650779724121,0.0,1.0,1.0
novel,100,1,37,100,peppers1.jpg,AWISHWELL.jpg,0.0,0.0,0.0,0.0,4.340739727020264,2.3634283542633057,0.5,0.5,1.0
novel,100,1,38,100,patiota1.jpg,ABATHTAP.jpg,0.0,4.0,0.0,2220046.0,2.1134889125823975,2.822450637817383,0.0,1.0,0.0
novel,100,1,39,100,cabinet1.jpg,Abucket51.jpg,-112.0,4.0,62161284.0,2220046.0,2.1299924850463867,2.6969470977783203,0.0,0.0,0.0
novel,100,1,40,100,containero1.jpg,22853544.thl.jpg,0.0,4.0,0.0,2220046.0,5.4259772300720215,3.0345425605773926,0.0,1.0,1.0
novel,100,1,41,100,guitar1.jpg,Abarn4.jpg,4.0,4.0,2220046.0,2220046.0,3.284529209136963,1.568865180015564,0.5,0.5,1.0
novel,100,1,42,100,doorway1.jpg,ASADDLE2.jpg,0.0,4.0,0.0,2220046.0,1.1934531927108765,1.8825232982635498,0.0,1.0,0.0
novel,100,1,43,100,feather1.jpg,ACHRIST14.jpg,4.0,0.0,2220046.0,0.0,3.458653450012207,1.6992912292480469,1.0,0.0,1.0
novel,100,1,44,100,typewriter1.jpg,26425025.thl.jpg,4.0,0.0,2220046.0,0.0,3.054830551147461,1.4619348049163818,1.0,0.0,1.0
novel,100,1,45,100,lighter1.jpg,ACARDFRA2.jpg,4.0,0.0,2220046.0,0.0,1.3955358266830444,2.0942161083221436,1.0,0.0,0.0
novel,100,1,46,100,globe1.jpg,ACOFFTA18.jpg,0.0,0.0,0.0,0.0,3.251026153564453,2.026094913482666,0.5,0.5,1.0
novel,100,1,47,100,abacus1.jpg,26377777.thl.jpg,0.0,0.0,0.0,0.0,1.2585864067077637,1.822853446006775,0.5,0.5,0.0
novel,100,1,48,100,donut1.jpg,AAMMO4.jpg,0.0,4.0,0.0,2220046.0,3.5190131664276123,3.0289037227630615,0.0,1.0,1.0
novel,100,1,49,100,oritable1.jpg,Achildtoy2.jpg,0.0,-112.0,0.0,62161284.0,4.145351409912109,1.8048255443572998,1.0,1.0,1.0
novel,100,1,50,100,briefcasece1.jpg,Acroissant.jpg,0.0,0.0,0.0,0.0,2.6942672729492188,2.3834996223449707,0.5,0.5,1.0
novel,100,2,1,100,ship1.jpg,Afruitcake.jpg,4.0,nan,nan,nan,2.1540307998657227,2.1540307998657227,0.5,0.5,0.5
novel,100,2,2,100,parkmet1.jpg,Aboots56.jpg,nan,nan,nan,nan,2.1540307998657227,2.1540307998657227,0.5,0.5,0.5
novel,100,2,3,100,tomato1.jpg,Aintercom6.jpg,-128.0,nan,nan,nan,2.1540307998657227,2.1540307998657227,0.5,0.5,0.5
novel,100,2,4,100,boxcookies1.JPG,Abandage3.jpg,nan,nan,nan,nan,2.1540307998657227,2.1540307998657227,0.5,0.5,0.5
novel,100,2,5,100,telephone1.JPG,ASCREW7.jpg,4.0,nan,nan,nan,2.1540307998657227,2.1540307998657227,0.5,0.5,0.5
novel,100,2,6,100,toyhandorn1.jpg,26442719.thl.jpg,4.0,nan,nan,nan,2.1540307998657227,2.1540307998657227,0.5,0.5,0.5
novel,100,2,7,100,toast1.jpg,36411474.thl.jpg,nan,80.0,nan,nan,2.1540307998657227,2.1540307998657227,0.5,0.5,0.5
novel,100,2,8,100,soapbottle1.jpg,Agasblower2.jpg,nan,4.0,nan,nan,2.1540307998657227,2.1540307998657227,0.5,0.5,0.5
novel,100,2,9,100,balloon1.jpg,26687931.thl.jpg,16.0,nan,nan,nan,2.1540307998657227,2.1540307998657227,0.5,0.5,0.5
novel,100,2,10,100,waffleiron1.jpg,Akitchenisla4.jpg,4.0,nan,nan,nan,2.1540307998657227,2.1540307998657227,0.5,0.5,0.5
novel,100,2,11,100,plate1.jpg,Akiddcup2.jpg,nan,4.0,nan,nan,2.1540307998657227,2.1540307998657227,0.5,0.5,0.5
novel,100,2,12,100,scanner1.JPG,AJEEPBOA2.jpg,-48.0,nan,nan,nan,2.1540307998657227,2.1540307998657227,0.5,0.5,0.5
novel,100,2,13,100,hotair1.jpg,Abib2.jpg,nan,4.0,nan,nan,2.1540307998657227,2.1540307998657227,0.5,0.5,0.5
novel,100,2,14,100,notebook1.jpg,Aperfumebottl.jpg,nan,nan,nan,nan,2.1540307998657227,2.1540307998657227,0.5,0.5,0.5
novel,100,2,15,100,woodenbarrel1.jpg,Agroundhog.jpg,nan,4.0,nan,nan,2.1540307998657227,2.1540307998657227,0.5,0.5,0.5
novel,100,2,16,100,cabinet1.jpg,clothpiece.jpg,-112.0,4.0,nan,nan,2.1540307998657227,2.1540307998657227,0.0,0.5,0.5
novel,100,2,17,100,rabbit1.jpg,Abasketandch2.jpg,nan,-48.0,nan,nan,2.1540307998657227,2.1540307998657227,0.5,0.5,0.5
novel,100,2,18,100,cone1.jpg,Acampingtoolk.jpg,0.0,4.0,nan,nan,2.1540307998657227,2.1540307998657227,0.0,0.5,0.5
novel,100,2,19,100,sunglasses1.jpg,ASHOULDE4.jpg,nan,4.0,nan,nan,2.1540307998657227,2.1540307998657227,0.5,0.5,0.5
novel,100,2,20,100,napdisp1.jpg,Acamera111.jpg,nan,4.0,nan,nan,2.1540307998657227,2.1540307998657227,0.5,0.5,0.5
novel,100,2,21,100,candy1.jpg,AAIRBLOW.jpg,nan,nan,nan,nan,2.1540307998657227,2.1540307998657227,0.5,0.5,0.5
novel,100,2,22,100,redumbrella1.jpg,8060342.thl.jpg,4.0,nan,nan,nan,2.1540307998657227,2.1540307998657227,0.5,0.5,0.5
novel,100,2,23,100,rhinoceros1.jpg,batslbir.jpg,4.0,0.0,nan,nan,2.1540307998657227,2.1540307998657227,1.0,0.5,0.5
novel,100,2,24,100,apples1.JPG,Agreenleaf3.jpg,0.0,nan,nan,nan,2.1540307998657227,2.1540307998657227,0.5,0.5,0.5
novel,100,2,25,100,fan1.jpg,AELEMENT3.jpg,0.0,nan,nan,nan,2.1540307998657227,2.1540307998657227,0.5,0.5,0.5
novel,100,2,26,100,schoolbag1.JPG,Achildsplaype.jpg,4.0,4.0,nan,nan,2.1540307998657227,2.1540307998657227,0.5,0.5,0.5
novel,100,2,27,100,toydinosaur1.jpg,Aflashlight3.jpg,nan,nan,nan,nan,2.1540307998657227,2.1540307998657227,0.5,0.5,0.5
novel,100,2,28,100,cheese1.JPG,AFUNNEL4.jpg,nan,nan,nan,nan,2.1540307998657227,2.1540307998657227,0.5,0.5,0.5
novel,100,2,29,100,bonzai1.jpg,Atoyhomeoffi4.jpg,0.0,nan,nan,nan,2.1540307998657227,2.1540307998657227,0.5,0.5,0.5
novel,100,2,30,100,antiquechest1.jpg,Atrumpetwith2.jpg,nan,-128.0,nan,nan,2.1540307998657227,2.1540307998657227,0.5,0.5,0.5
novel,100,2,31,100,laptop1.JPG,orientalvase.jpg,nan,nan,nan,nan,2.1540307998657227,2.1540307998657227,0.5,0.5,0.5
novel,100,2,32,100,calculator1.jpg,ADINROO16.jpg,4.0,-128.0,nan,nan,2.1540307998657227,2.1540307998657227,1.0,0.5,0.5
novel,100,2,33,100,potatochips1.jpg,26282693.thl.jpg,nan,4.0,nan,nan,2.1540307998657227,2.1540307998657227,0.5,0.5,0.5
novel,100,2,34,100,metronome1.jpg,fireextinguisher.jpg,nan,4.0,nan,nan,2.1540307998657227,2.1540307998657227,0.5,0.5,0.5
novel,100,2,35,100,clipboard1.jpg,Acow60.jpg,nan,nan,nan,nan,2.1540307998657227,2.1540307998657227,0.5,0.5,0.5
novel,100,2,36,100,seatbelt1.jpg,AFERRY5.jpg,nan,nan,nan,nan,2.1540307998657227,2.1540307998657227,0.5,0.5,0.5
novel,100,2,37,100,goggles1.jpg,ABALLER29.jpg,4.0,nan,nan,nan,2.1540307998657227,2.1540307998657227,0.5,0.5,0.5
novel,100,2,38,100,tiger1.jpg,AWILDPIG.jpg,nan,nan,nan,nan,2.1540307998657227,2.1540307998657227,0.5,0.5,0.5
novel,100,2,39,100,dogpresent1.JPG,Acheque.jpg,4.0,nan,nan,nan,2.1540307998657227,2.1540307998657227,0.5,0.5,0.5
novel,100,2,40,100,dishes1.JPG,ACHRIST14.jpg,4.0,0.0,nan,nan,2.1540307998657227,2.1540307998657227,1.0,0.5,0.5
novel,100,2,41,100,block1.jpg,AANTRAD24.jpg,0.0,nan,nan,nan,2.1540307998657227,2.1540307998657227,0.5,0.5,0.5
novel,100,2,42,100,breadbox1.JPG,ASWANWHIT.jpg,32.0,nan,nan,nan,2.1540307998657227,2.1540307998657227,0.5,0.5,0.5
novel,100,2,43,100,apple1.jpg,funlamp.jpg,nan,-64.0,nan,nan,2.1540307998657227,2.1540307998657227,0.5,0.5,0.5
novel,100,2,44,100,ballofyarn1.jpg,23029830.thl.jpg,nan,4.0,nan,nan,2.1540307998657227,2.1540307998657227,0.5,0.5,0.5
novel,100,2,45,100,dough1.jpg,26423242.thl.jpg,nan,4.0,nan,nan,2.1540307998657227,2.1540307998657227,0.5,0.5,0.5
novel,100,2,46,100,lunchbox1.jpg,scooter.jpg,4.0,nan,nan,nan,2.1540307998657227,2.1540307998657227,0.5,0.5,0.5
novel,100,2,47,100,headphone1.jpg,Atoymerrygoro.jpg,nan,nan,nan,nan,2.1540307998657227,2.1540307998657227,0.5,0.5,0.5
novel,100,2,48,100,carton1.jpg,driedbeans.jpg,4.0,nan,nan,nan,2.1540307998657227,2.1540307998657227,0.5,0.5,0.5
novel,100,2,49,100,servdis1.jpg,26373735.thl.jpg,4.0,4.0,nan,nan,2.1540307998657227,2.1540307998657227,0.5,0.5,0.5
novel,100,2,50,100,cheesecrackers1.jpg,Aladder2.jpg,nan,nan,nan,nan,2.1540307998657227,2.1540307998657227,0.5,0.5,0.5
state,100,1,1,100,donut1.jpg,donut2.jpg,0.0,0.0,0.0,0.0,3.777012348175049,3.177574872970581,0.5,0.5,1.0
state,100,1,2,100,coffeemaker1.JPG,coffeemaker2.JPG,4.0,0.0,2220046.0,0.0,3.2909674644470215,3.0311203002929688,1.0,0.0,1.0
state,100,1,3,100,scales1.jpg,scales2.jpg,0.0,0.0,0.0,0.0,1.6587564945220947,1.7490777969360352,0.5,0.5,0.0
state,100,1,4,100,bread1.jpg,bread2.jpg,0.0,4.0,0.0,2220046.0,4.631475448608398,4.788451671600342,0.0,1.0,0.0
state,100,1,5,100,pie1.JPG,pie2.JPG,-112.0,0.0,62161284.0,0.0,2.6941182613372803,3.182654857635498,0.0,0.0,0.0
state,100,1,6,100,dishwash1.jpg,dishwash2.jpg,1.0,0.0,555011.5,0.0,6.5828375816345215,9.961727142333984,1.0,0.0,0.0
state,100,1,7,100,cookingpot1.JPG,cookingpot2.JPG,0.0,4.0,0.0,2220046.0,2.700995445251465,3.0819015502929688,0.0,1.0,0.0
state,100,1,8,100,pumpkinpie1.jpg,pumpkinpie2.jpg,0.0,0.0,0.0,0.0,2.84767484664917,2.053102970123291,0.5,0.5,1.0
state,100,1,9,100,biscuit1.jpg,biscuit2.jpg,0.0,0.0,0.0,0.0,3.0662848949432373,3.2025020122528076,0.5,0.5,0.0
state,100,1,10,100,handshake1.JPG,handshake2.JPG,0.0,0.0,0.0,0.0,5.2868475914001465,5.790481090545654,0.5,0.5,0.0
state,100,1,11,100,dresser1.JPG,dresser2.JPG,0.0,4.0,0.0,2220046.0,2.686805248260498,4.249778747558594,0.0,1.0,0.0
state,100,1,12,100,glassjuice1.JPG,glassjuice2.JPG,0.0,0.0,0.0,0.0,1.4353721141815186,2.033200263977051,0.5,0.5,0.0
state,100,1,13,100,waterbottle1.JPG,waterbottle2.JPG,0.0,4.0,0.0,2220046.0,3.2688558101654053,2.127958297729492,0.0,1.0,1.0
state,100,1,14,100,dice1.jpg,dice2.jpg,0.0,0.0,0.0,0.0,3.2943427562713623,3.484464645385742,0.5,0.5,0.0
state,100,1,15,100,bandagetape1.jpg,bandagetape2.jpg,0.0,0.0,0.0,0.0,3.373549222946167,3.202709913253784,0.5,0.5,1.0
state,100,1,16,100,briefcase1.JPG,briefcase2.JPG,1.0,0.0,555011.5,0.0,4.862608909606934,5.661154747009277,1.0,0.0,0.0
state,100,1,17,100,alligatorsk1.jpg,alligatorsk2.jpg,0.0,0.0,0.0,0.0,2.3137590885162354,2.5725438594818115,0.5,0.5,0.0
state,100,1,18,100,abacus1.jpg,abacus2.jpg,0.0,112.0,0.0,62161284.0,1.2585864067077637,1.1551553010940552,0.0,1.0,1.0
state,100,1,19,100,containero1.jpg,containero2.jpg,4.0,0.0,2220046.0,0.0,5.549829006195068,3.2189669609069824,1.0,0.0,1.0
state,100,1,20,100,redcabbage1.jpg,redcabbage2.jpg,-41.27236557006836,0.0,23592078.0,0.0,2.289809226989746,1.7557446956634521,0.0,0.0,1.0
state,100,1,21,100,player1.jpg,player2.jpg,0.0,0.0,0.0,0.0,3.1944117546081543,1.3819787502288818,0.5,0.5,1.0
state,100,1,22,100,container1.JPG,container2.JPG,112.0,-128.0,62161284.0,71041472.0,4.930781841278076,3.5672965049743652,1.0,1.0,1.0
state,100,1,23,100,present1.jpg,present2.jpg,80.0,0.0,44400920.0,0.0,5.553450584411621,4.846771717071533,1.0,0.0,1.0
state,100,1,24,100,patiota1.jpg,patiota2.jpg,0.0,0.0,0.0,0.0,2.2493340969085693,3.524904251098633,0.5,0.5,0.0
state,100,1,25,100,garbagecans1.jpg,garbagecans2.jpg,0.0,0.0,0.0,0.0,4.151980400085449,3.502148389816284,0.5,0.5,1.0
state,100,1,26,100,briefcasece1.jpg,briefcasece2.jpg,0.0,0.0,0.0,0.0,2.6942672729492188,4.02253532409668,0.5,0.5,0.0
state,100,1,27,100,oldbook1.JPG,oldbook2.JPG,0.0,0.0,0.0,0.0,4.934835433959961,5.358742713928223,0.5,0.5,0.0
state,100,1,28,100,piggybank1.jpg,piggybank2.jpg,0.0,0.0,0.0,0.0,2.3643980026245117,1.887955904006958,0.5,0.5,1.0
state,100,1,29,100,belt1.jpg,belt2.jpg,0.0,0.0,0.0,0.0,3.1592984199523926,1.4763325452804565,0.5,0.5,1.0
state,100,1,30,100,purplecoffee1.jpg,purplecoffee2.jpg,0.0,0.0,0.0,0.0,1.9201812744140625,2.144073963165283,0.5,0.5,0.0
state,100,1,31,100,antiquephone1.jpg,antiquephone2.jpg,0.0,0.0,0.0,0.0,2.0743069648742676,2.6468276977539062,0.5,0.5,0.0
state,100,1,32,100,bulletandca1.jpg,bulletandca2.jpg,0.0,0.0,0.0,0.0,4.748847007751465,2.9187517166137695,0.5,0.5,1.0
state,100,1,33,100,filebox1.jpg,filebox2.jpg,0.39211973547935486,0.0,222041.28125,0.0,6.799903869628906,7.089597225189209,1.0,0.0,0.0
state,100,1,34,100,books1.JPG,books2.JPG,0.0,0.0,0.0,0.0,2.130927085876465,6.454482078552246,0.5,0.5,0.0
state,100,1,35,100,egg1.jpg,egg2.jpg,4.0,0.0,2220046.0,0.0,5.475700378417969,4.115515232086182,1.0,0.0,1.0
state,100,1,36,100,redbox1.jpg,redbox2.jpg,0.0,0.0,0.0,0.0,5.715029716491699,3.569293975830078,0.5,0.5,1.0
state,100,1,37,100,banana1.jpg,banana2.jpg,4.0,0.0,2220046.0,0.0,5.9072980880737305,1.8675334453582764,1.0,0.0,1.0
state,100,1,38,100,mirror1.jpg,mirror2.jpg,0.38702163100242615,0.0,220532.40625,0.0,2.838825225830078,2.3559179306030273,1.0,0.0,1.0
state,100,1,39,100,crayon1.jpg,crayon2.jpg,0.0,0.0,0.0,0.0,3.433091640472412,2.958425521850586,0.5,0.5,1.0
state,100,1,40,100,eggplant1.jpg,eggplant2.jpg,4.0,0.0,2220046.0,0.0,5.892046928405762,5.334225654602051,1.0,0.0,1.0
state,100,1,41,100,bottle1.jpg,bottle2.jpg,112.0,0.0,62161288.0,0.0,2.7535152435302734,2.645721673965454,1.0,0.0,1.0
state,100,1,42,100,cantaloupe1.jpg,cantaloupe2.jpg,0.0,0.0,0.0,0.0,3.783773422241211,3.6525230407714844,0.5,0.5,1.0
state,100,1,43,100,typewriter1.jpg,typewriter2.jpg,-48.0,0.0,26640550.0,0.0,3.054830551147461,1.2706655263900757,0.0,0.0,1.0
state,100,1,44,100,coffeegrind1.jpg,coffeegrind2.jpg,4.0,0.0,2220046.0,0.0,3.1646766662597656,4.543668270111084,1.0,0.0,0.0
state,100,2,1,100,telephone1.JPG,telephone2.JPG,nan,nan,nan,nan,2.1540307998657227,2.1540307998657227,0.5,0.5,0.5
state,100,2,2,100,firetrucktoy1.jpg,firetrucktoy2.jpg,16.0,nan,nan,nan,2.1540307998657227,2.1540307998657227,0.5,0.5,0.5
state,100,2,3,100,waffleiron1.jpg,waffleiron2.jpg,nan,nan,nan,nan,2.1540307998657227,2.1540307998657227,0.5,0.5,0.5
state,100,2,4,100,giftbag1.jpg,giftbag2.jpg,nan,4.0,nan,nan,2.1540307998657227,2.1540307998657227,0.5,0.5,0.5
state,100,2,5,100,padlock1.jpg,padlock2.jpg,4.0,nan,nan,nan,2.1540307998657227,2.1540307998657227,0.5,0.5,0.5
state,100,2,6,100,scissors1.JPG,scissors2.JPG,4.0,nan,nan,nan,2.1540307998657227,2.1540307998657227,0.5,0.5,0.5
state,100,2,7,100,boxcookies1.JPG,boxcookies2.JPG,-32.0,nan,nan,nan,2.1540307998657227,2.1540307998657227,0.5,0.5,0.5
state,100,2,8,100,apple1.jpg,apple2.jpg,nan,nan,nan,nan,2.1540307998657227,2.1540307998657227,0.5,0.5,0.5
state,100,2,9,100,toast1.jpg,toast2.jpg,4.0,-128.0,nan,nan,2.1540307998657227,2.1540307998657227,1.0,0.5,0.5
state,100,2,10,100,lunchbox1.jpg,lunchbox2.jpg,32.0,nan,nan,nan,2.1540307998657227,2.1540307998657227,0.5,0.5,0.5
state,100,2,11,100,basketofapples1.jpg,basketofapples2.jpg,16.0,0.0,nan,nan,2.1540307998657227,2.1540307998657227,1.0,0.5,0.5
state,100,2,12,100,seatbelt1.jpg,seatbelt2.jpg,80.0,1.0,nan,nan,2.1540307998657227,2.1540307998657227,1.0,0.5,0.5
state,100,2,13,100,traffic1.jpg,traffic2.jpg,-112.0,nan,nan,nan,2.1540307998657227,2.1540307998657227,0.5,0.5,0.5
state,100,2,14,100,whitebox1.jpg,whitebox2.jpg,nan,4.0,nan,nan,2.1540307998657227,2.1540307998657227,0.5,0.5,0.5
state,100,2,15,100,antiquechest1.jpg,antiquechest2.jpg,4.0,-112.0,nan,nan,2.1540307998657227,2.1540307998657227,1.0,0.5,0.5
state,100,2,16,100,breadbox1.JPG,breadbox2.JPG,nan,nan,nan,nan,2.1540307998657227,2.1540307998657227,0.5,0.5,0.5
state,100,2,17,100,apples1.JPG,apples2.JPG,0.0,nan,nan,nan,2.1540307998657227,2.1540307998657227,0.5,0.5,0.5
state,100,2,18,100,bagel1.JPG,bagel2.jpg,4.0,80.0,nan,nan,2.1540307998657227,2.1540307998657227,0.0,0.5,0.5
state,100,2,19,100,carton1.jpg,carton2.jpg,0.0,4.0,nan,nan,2.1540307998657227,2.1540307998657227,0.0,0.5,0.5
state,100,2,20,100,accordion1.JPG,accordion2.JPG,nan,nan,nan,nan,2.1540307998657227,2.1540307998657227,0.5,0.5,0.5
state,100,2,21,100,barnmail1.jpg,barnmail2.jpg,16.0,nan,nan,nan,2.1540307998657227,2.1540307998657227,0.5,0.5,0.5
state,100,2,22,100,twofingers1.JPG,twofingers2.JPG,nan,4.0,nan,nan,2.1540307998657227,2.1540307998657227,0.5,0.5,0.5
state,100,2,23,100,deepfryer1.jpg,deepfryer2.jpg,-16.0,0.0,nan,nan,2.1540307998657227,2.1540307998657227,0.0,0.5,0.5
state,100,2,24,100,rhinoceros1.jpg,rhinoceros2.jpg,nan,nan,nan,nan,2.1540307998657227,2.1540307998657227,0.5,0.5,0.5
state,100,2,25,100,groomingset1.jpg,groomingset2.jpg,nan,nan,nan,nan,2.1540307998657227,2.1540307998657227,0.5,0.5,0.5
state,100,2,26,100,cheese1.JPG,cheese2.JPG,32.0,nan,nan,nan,2.1540307998657227,2.1540307998657227,0.5,0.5,0.5
state,100,2,27,100,cabinet1.jpg,cabinet2.jpg,4.0,nan,nan,nan,2.1540307998657227,2.1540307998657227,0.5,0.5,0.5
state,100,2,28,100,laptop1.JPG,laptop2.JPG,nan,nan,nan,nan,2.1540307998657227,2.1540307998657227,0.5,0.5,0.5
state,100,2,29,100,accord1.jpg,accord2.jpg,nan,0.0,nan,nan,2.1540307998657227,2.1540307998657227,0.5,0.5,0.5
state,100,2,30,100,basketofpeppers1.jpg,basketofpeppers2.jpg,nan,nan,nan,nan,2.1540307998657227,2.1540307998657227,0.5,0.5,0.5
state,100,2,31,100,napdisp1.jpg,napdisp2.jpg,nan,4.0,nan,nan,2.1540307998657227,2.1540307998657227,0.5,0.5,0.5
state,100,2,32,100,clipboard1.jpg,clipboard2.jpg,nan,nan,nan,nan,2.1540307998657227,2.1540307998657227,0.5,0.5,0.5
state,100,2,33,100,metronome1.jpg,metronome2.JPG,nan,80.0,nan,nan,2.1540307998657227,2.1540307998657227,0.5,0.5,0.5
state,100,2,34,100,notebook1.jpg,notebook2.jpg,nan,nan,nan,nan,2.1540307998657227,2.1540307998657227,0.5,0.5,0.5
state,100,2,35,100,racketball1.jpg,racketball2.jpg,4.0,16.0,nan,nan,2.1540307998657227,2.1540307998657227,0.0,0.5,0.5
state,100,2,36,100,dishes1.JPG,dishes2.JPG,4.0,-128.0,nan,nan,2.1540307998657227,2.1540307998657227,1.0,0.5,0.5
state,100,2,37,100,toilet1.JPG,toilet2.JPG,nan,nan,nan,nan,2.1540307998657227,2.1540307998657227,0.5,0.5,0.5
state,100,2,38,100,tiger1.jpg,tiger2.jpg,nan,112.0,nan,nan,2.1540307998657227,2.1540307998657227,0.5,0.5,0.5
state,100,2,39,100,iron1.jpg,iron2.jpg,nan,4.0,nan,nan,2.1540307998657227,2.1540307998657227,0.5,0.5,0.5
state,100,2,40,100,diapers1.jpg,diapers2.jpg,nan,nan,nan,nan,2.1540307998657227,2.1540307998657227,0.5,0.5,0.5
state,100,2,41,100,dryer1.jpg,dryer2.jpg,4.0,4.0,nan,nan,2.1540307998657227,2.1540307998657227,0.5,0.5,0.5
state,100,2,42,100,drum1.jpg,drum2.jpg,nan,4.0,nan,nan,2.1540307998657227,2.1540307998657227,0.5,0.5,0.5
state,100,2,43,100,babytoy1.JPG,babytoy2.JPG,nan,nan,nan,nan,2.1540307998657227,2.1540307998657227,0.5,0.5,0.5
state,100,2,44,100,sweater1.jpg,sweater2.jpg,nan,nan,nan,nan,2.1540307998657227,2.1540307998657227,0.5,0.5,0.5
state,100,2,45,100,redumbrella1.jpg,redumbrella2.jpg,nan,nan,nan,nan,2.1540307998657227,2.1540307998657227,0.5,0.5,0.5
state,100,2,46,100,tomato1.jpg,tomato2.jpg,0.0,0.0,nan,nan,2.1540307998657227,2.1540307998657227,0.5,0.5,0.5
state,100,2,47,100,scanner1.JPG,scanner2.JPG,0.0,80.0,nan,nan,2.1540307998657227,2.1540307998657227,0.0,0.5,0.5
state,100,2,48,100,dough1.jpg,dough2.jpg,nan,0.0,nan,nan,2.1540307998657227,2.1540307998657227,0.5,0.5,0.5
state,100,2,49,100,schoolbag1.JPG,schoolbag2.JPG,nan,nan,nan,nan,2.1540307998657227,2.1540307998657227,0.5,0.5,0.5
state,100,2,50,100,cerobj1.jpg,cerobj2.jpg,0.0,0.0,nan,nan,2.1540307998657227,2.1540307998657227,0.5,0.5,0.5
state,100,2,51,100,servdis1.jpg,servdis2.jpg,nan,4.0,nan,nan,2.1540307998657227,2.1540307998657227,0.5,0.5,0.5
state,100,2,52,100,teacupplate1.jpg,teacupplate2.jpg,nan,nan,nan,nan,2.1540307998657227,2.1540307998657227,0.5,0.5,0.5
state,100,2,53,100,polarbear1.jpg,polarbear2.jpg,64.0,nan,nan,nan,2.1540307998657227,2.1540307998657227,0.5,0.5,0.5
state,100,2,54,100,ballofyarn1.jpg,ballofyarn2.jpg,-112.0,4.0,nan,nan,2.1540307998657227,2.1540307998657227,0.0,0.5,0.5
state,100,2,55,100,tent1.jpg,tent2.jpg,nan,0.0,nan,nan,2.1540307998657227,2.1540307998657227,0.5,0.5,0.5
state,100,2,56,100,theasea1.jpg,theasea2.jpg,nan,nan,nan,nan,2.1540307998657227,2.1540307998657227,0.5,0.5,0.5
exemplar,1000,1,1,1000,reportfile1.jpg,reportfile2.jpg,nan,nan,nan,nan,2.1540307998657227,2.1540307998657227,0.5,0.5,0.5
exemplar,1000,1,2,1000,holepunch1.jpg,holepunch2.jpg,nan,nan,nan,nan,2.1540307998657227,2.1540307998657227,0.5,0.5,0.5
exemplar,1000,1,3,1000,coathanger1.jpg,coathanger2.jpg,nan,nan,nan,nan,2.1540307998657227,2.1540307998657227,0.5,0.5,0.5
exemplar,1000,1,4,1000,pizza1.jpg,pizza2.jpg,nan,4.0,nan,nan,2.1540307998657227,2.1540307998657227,0.5,0.5,0.5
exemplar,1000,1,5,1000,kayak1.jpg,kayak2.jpg,nan,nan,nan,nan,2.1540307998657227,2.1540307998657227,0.5,0.5,0.5
exemplar,1000,1,6,1000,pictureframe1.jpg,pictureframe2.jpg,4.0,0.0,nan,nan,2.1540307998657227,2.1540307998657227,1.0,0.5,0.5
exemplar,1000,1,7,1000,key1.jpg,key2.jpg,nan,nan,nan,nan,2.1540307998657227,2.1540307998657227,0.5,0.5,0.5
exemplar,1000,1,8,1000,horn1.jpg,horn2.jpg,nan,4.0,nan,nan,2.1540307998657227,2.1540307998657227,0.5,0.5,0.5
exemplar,1000,1,9,1000,lei1.jpg,lei2.jpg,4.0,nan,nan,nan,2.1540307998657227,2.1540307998657227,0.5,0.5,0.5
exemplar,1000,1,10,1000,parkmet1.jpg,parkmet2.jpg,nan,nan,nan,nan,2.1540307998657227,2.1540307998657227,0.5,0.5,0.5
exemplar,1000,1,11,1000,calculator1.jpg,calculator2.jpg,4.0,nan,nan,nan,2.1540307998657227,2.1540307998657227,0.5,0.5,0.5
exemplar,1000,1,12,1000,feather1.jpg,feather2.jpg,nan,nan,nan,nan,2.1540307998657227,2.1540307998657227,0.5,0.5,0.5
exemplar,1000,1,13,1000,block1.jpg,block2.jpg,nan,nan,nan,nan,2.1540307998657227,2.1540307998657227,0.5,0.5,0.5
exemplar,1000,1,14,1000,chisel1.jpg,chisel2.jpg,nan,-128.0,nan,nan,2.1540307998657227,2.1540307998657227,0.5,0.5,0.5
exemplar,1000,1,15,1000,flask1.jpg,flask2.jpg,-112.0,-48.0,nan,nan,2.1540307998657227,2.1540307998657227,0.0,0.5,0.5
exemplar,1000,1,16,1000,grandpiano1.jpg,grandpiano2.jpg,nan,nan,nan,nan,2.1540307998657227,2.1540307998657227,0.5,0.5,0.5
exemplar,1000,1,17,1000,camera1.jpg,camera2.jpg,0.0,nan,nan,nan,2.1540307998657227,2.1540307998657227,0.5,0.5,0.5
exemplar,1000,1,18,1000,grapes1.jpg,grapes2.jpg,nan,nan,nan,nan,2.1540307998657227,2.1540307998657227,0.5,0.5,0.5
exemplar,1000,1,19,1000,sharpener1.jpg,sharpener2.jpg,4.0,nan,nan,nan,2.1540307998657227,2.1540307998657227,0.5,0.5,0.5
exemplar,1000,1,20,1000,potatochips1.jpg,potatochips2.jpg,-48.0,4.0,nan,nan,2.1540307998657227,2.1540307998657227,0.0,0.5,0.5
exemplar,1000,1,21,1000,globe1.jpg,globe2.jpg,-128.0,nan,nan,nan,2.1540307998657227,2.1540307998657227,0.5,0.5,0.5
exemplar,1000,1,22,1000,bonzai1.jpg,bonzai2.jpg,nan,nan,nan,nan,2.1540307998657227,2.1540307998657227,0.5,0.5,0.5
exemplar,1000,1,23,1000,wineglass1.jpg,wineglass2.jpg,4.0,nan,nan,nan,2.1540307998657227,2.1540307998657227,0.5,0.5,0.5
exemplar,1000,1,24,1000,lighter1.jpg,lighter2.jpg,nan,0.0,nan,nan,2.1540307998657227,2.1540307998657227,0.5,0.5,0.5
exemplar,1000,1,25,1000,razor1.jpg,razor2.jpg,nan,-128.0,nan,nan,2.1540307998657227,2.1540307998657227,0.5,0.5,0.5
exemplar,1000,1,26,1000,toyairplane1.jpg,toyairplane2.jpg,nan,0.0,nan,nan,2.1540307998657227,2.1540307998657227,0.5,0.5,0.5
exemplar,1000,1,27,1000,dogpresent1.JPG,dogpresent2.JPG,nan,nan,nan,nan,2.1540307998657227,2.1540307998657227,0.5,0.5,0.5
exemplar,1000,1,28,1000,rabbitstuffed1.jpg,rabbitstuffed2.jpg,0.0,-48.0,nan,nan,2.1540307998657227,2.1540307998657227,1.0,0.5,0.5
exemplar,1000,1,29,1000,spraybottle1.jpg,spraybottle2.jpg,4.0,0.0,nan,nan,2.1540307998657227,2.1540307998657227,1.0,0.5,0.5
exemplar,1000,1,30,1000,anchor1.jpg,anchor2.jpg,nan,nan,nan,nan,2.1540307998657227,2.1540307998657227,0.5,0.5,0.5
exemplar,1000,1,31,1000,skull1.jpg,skull2.jpg,4.0,nan,nan,nan,2.1540307998657227,2.1540307998657227,0.5,0.5,0.5
exemplar,1000,1,32,1000,graduatedcylinder1.jpg,graduatedcylinder2.jpg,nan,4.0,nan,nan,2.1540307998657227,2.1540307998657227,0.5,0.5,0.5
exemplar,1000,1,33,1000,doorway1.jpg,doorway2.jpg,nan,nan,nan,nan,2.1540307998657227,2.1540307998657227,0.5,0.5,0.5
exemplar,1000,1,34,1000,stapleremover1.jpg,stapleremover2.jpg,nan,nan,nan,nan,2.1540307998657227,2.1540307998657227,0.5,0.5,0.5
exemplar,1000,1,35,1000,muffin1.jpg,muffin2.jpg,nan,nan,nan,nan,2.1540307998657227,2.1540307998657227,0.5,0.5,0.5
exemplar,1000,1,36,1000,bathingsuit1.jpg,bathingsuit2.jpg,nan,nan,nan,nan,2.1540307998657227,2.1540307998657227,0.5,0.5,0.5
exemplar,1000,1,37,1000,money1.jpg,money2.jpg,nan,nan,nan,nan,2.1540307998657227,2.1540307998657227,0.5,0.5,0.5
exemplar,1000,1,38,1000,spraynozzle1.jpg,spraynozzle2.jpg,nan,4.0,nan,nan,2.1540307998657227,2.1540307998657227,0.5,0.5,0.5
exemplar,1000,1,39,1000,toyhandorn1.jpg,toyhandorn2.jpg,-80.0,0.0,nan,nan,2.1540307998657227,2.1540307998657227,0.0,0.5,0.5
exemplar,1000,1,40,1000,hotair1.jpg,hotair2.jpg,64.0,4.0,nan,nan,2.1540307998657227,2.1540307998657227,1.0,0.5,0.5
exemplar,1000,1,41,1000,log1.jpg,log2.jpg,64.0,nan,nan,nan,2.1540307998657227,2.1540307998657227,0.5,0.5,0.5
exemplar,1000,1,42,1000,tractor1.jpg,tractor2.jpg,4.0,nan,nan,nan,2.1540307998657227,2.1540307998657227,0.5,0.5,0.5
exemplar,1000,1,43,1000,soccerball1.jpg,soccerball2.jpg,nan,nan,nan,nan,2.1540307998657227,2.1540307998657227,0.5,0.5,0.5
exemplar,1000,1,44,1000,fishbowl1.jpg,fishbowl2.jpg,nan,96.0,nan,nan,2.1540307998657227,2.1540307998657227,0.5,0.5,0.5
exemplar,1000,1,45,1000,microscope1.jpg,microscope2.jpg,4.0,4.0,nan,nan,2.1540307998657227,2.1540307998657227,0.5,0.5,0.5
exemplar,1000,1,46,1000,wheelchair1.jpg,wheelchair2.jpg,4.0,nan,nan,nan,2.1540307998657227,2.1540307998657227,0.5,0.5,0.5
exemplar,1000,1,47,1000,bracelet1.jpg,bracelet2.jpg,nan,0.0,nan,nan,2.1540307998657227,2.1540307998657227,0.5,0.5,0.5
exemplar,1000,1,48,1000,guitar1.jpg,guitar2.jpg,4.0,nan,nan,nan,2.1540307998657227,2.1540307998657227,0.5,0.5,0.5
exemplar,1000,1,49,1000,soapdish1.jpg,soapdish2.jpg,4.0,nan,nan,nan,2.1540307998657227,2.1540307998657227,0.5,0.5,0.5
exemplar,1000,1,50,1000,cow1.jpg,cow2.jpg,-112.0,nan,nan,nan,2.1540307998657227,2.1540307998657227,0.5,0.5,0.5
exemplar,1000,1,51,1000,bassguitar1.jpg,bassguitar2.jpg,nan,nan,nan,nan,2.1540307998657227,2.1540307998657227,0.5,0.5,0.5
exemplar,1000,1,52,1000,tongs1.jpg,tongs2.jpg,nan,nan,nan,nan,2.1540307998657227,2.1540307998657227,0.5,0.5,0.5
exemplar,1000,1,53,1000,bikehelmet1.jpg,bikehelmet2.jpg,nan,nan,nan,nan,2.1540307998657227,2.1540307998657227,0.5,0.5,0.5
exemplar,1000,1,54,1000,spool1.jpg,spool2.jpg,4.0,4.0,nan,nan,2.1540307998657227,2.1540307998657227,0.5,0.5,0.5
exemplar,1000,1,55,1000,balloon1.jpg,balloon2.jpg,4.0,nan,nan,nan,2.1540307998657227,2.1540307998657227,0.5,0.5,0.5
exemplar,1000,1,56,1000,turtle1.jpg,turtle2.jpg,nan,4.0,nan,nan,2.1540307998657227,2.1540307998657227,0.5,0.5,0.5
exemplar,1000,1,57,1000,train1.jpg,train2.jpg,4.0,nan,nan,nan,2.1540307998657227,2.1540307998657227,0.5,0.5,0.5
exemplar,1000,1,58,1000,candy1.jpg,candy2.jpg,-128.0,nan,nan,nan,2.1540307998657227,2.1540307998657227,0.5,0.5,0.5
exemplar,1000,1,59,1000,fan1.jpg,fan2.jpg,4.0,nan,nan,nan,2.1540307998657227,2.1540307998657227,0.5,0.5,0.5
exemplar,1000,1,60,1000,basket1.jpg,basket2.jpg,nan,nan,nan,nan,2.1540307998657227,2.1540307998657227,0.5,0.5,0.5
exemplar,1000,1,61,1000,chocolatebar1.jpg,chocolatebar2.jpg,4.0,nan,nan,nan,2.1540307998657227,2.1540307998657227,0.5,0.5,0.5
exemplar,1000,1,62,1000,oritable1.jpg,oritable2.jpg,nan,nan,nan,nan,2.1540307998657227,2.1540307998657227,0.5,0.5,0.5
exemplar,1000,1,63,1000,toykeys1.jpg,toykeys2.JPG,nan,16.0,nan,nan,2.1540307998657227,2.1540307998657227,0.5,0.5,0.5
exemplar,1000,1,64,1000,cabinet1.jpg,cabinet2.jpg,nan,nan,nan,nan,2.1540307998657227,2.1540307998657227,0.5,0.5,0.5
exemplar,1000,1,65,1000,bicycle1.jpg,bicycle2.jpg,nan,4.0,nan,nan,2.1540307998657227,2.1540307998657227,0.5,0.5,0.5
exemplar,1000,1,66,1000,bell1.jpg,bell2.jpg,nan,nan,nan,nan,2.1540307998657227,2.1540307998657227,0.5,0.5,0.5
exemplar,1000,1,67,1000,chocolatecake.jpg,chocolatecake2.jpg,nan,nan,nan,nan,2.1540307998657227,2.1540307998657227,0.5,0.5,0.5
exemplar,1000,1,68,1000,icecream1.jpg,icecream2.jpg,nan,nan,nan,nan,2.1540307998657227,2.1540307998657227,0.5,0.5,0.5
exemplar,1000,1,69,1000,rabbit1.jpg,rabbit2.jpg,nan,1.0,nan,nan,2.1540307998657227,2.1540307998657227,0.5,0.5,0.5
exemplar,1000,1,70,1000,breadloaf1.jpg,breadloaf2.jpg,4.0,nan,nan,nan,2.1540307998657227,2.1540307998657227,0.5,0.5,0.5
exemplar,1000,1,71,1000,citroen1.jpg,citroen2.jpg,4.0,4.0,nan,nan,2.1540307998657227,2.1540307998657227,0.5,0.5,0.5
exemplar,1000,1,72,1000,peppers1.jpg,peppers2.jpg,nan,0.0,nan,nan,2.1540307998657227,2.1540307998657227,0.5,0.5,0.5
exemplar,1000,1,73,1000,pliers1.jpg,pliers2.jpg,nan,nan,nan,nan,2.1540307998657227,2.1540307998657227,0.5,0.5,0.5
exemplar,1000,1,74,1000,headphone1.jpg,headphone2.jpg,nan,nan,nan,nan,2.1540307998657227,2.1540307998657227,0.5,0.5,0.5
exemplar,1000,1,75,1000,scroll1.jpg,scroll2.jpg,nan,nan,nan,nan,2.1540307998657227,2.1540307998657227,0.5,0.5,0.5
exemplar,1000,1,76,1000,soother1.jpg,soother2.jpg,nan,nan,nan,nan,2.1540307998657227,2.1540307998657227,0.5,0.5,0.5
exemplar,1000,1,77,1000,baseballglove1.jpg,baseballglove2.jpg,nan,nan,nan,nan,2.1540307998657227,2.1540307998657227,0.5,0.5,0.5
exemplar,1000,1,78,1000,remote1.jpg,remote2.jpg,nan,nan,nan,nan,2.1540307998657227,2.1540307998657227,0.5,0.5,0.5
exemplar,1000,1,79,1000,ship1.jpg,ship2.jpg,nan,nan,nan,nan,2.1540307998657227,2.1540307998657227,0.5,0.5,0.5
exemplar,1000,1,80,1000,binoculars1.jpg,binoculars2.jpg,nan,nan,nan,nan,2.1540307998657227,2.1540307998657227,0.5,0.5,0.5
exemplar,1000,1,81,1000,starfish1.jpg,starfish2.jpg,nan,nan,nan,nan,2.1540307998657227,2.1540307998657227,0.5,0.5,0.5
exemplar,1000,1,82,1000,toydinosaur1.jpg,toydinosaur2.jpg,4.0,nan,nan,nan,2.1540307998657227,2.1540307998657227,0.5,0.5,0.5
exemplar,1000,1,83,1000,sunglasses1.jpg,sunglasses2.jpg,nan,nan,nan,nan,2.1540307998657227,2.1540307998657227,0.5,0.5,0.5
exemplar,1000,1,84,1000,suitcase1.jpg,suitcase2.jpg,4.0,nan,nan,nan,2.1540307998657227,2.1540307998657227,0.5,0.5,0.5
exemplar,1000,1,85,1000,cone1.jpg,cone2.jpg,-112.0,nan,nan,nan,2.1540307998657227,2.1540307998657227,0.5,0.5,0.5
exemplar,1000,1,86,1000,trophy1.jpg,trophy2.jpg,4.0,4.0,nan,nan,2.1540307998657227,2.1540307998657227,0.5,0.5,0.5
exemplar,1000,1,87,1000,teapot1.JPG,teapot2.JPG,nan,4.0,nan,nan,2.1540307998657227,2.1540307998657227,0.5,0.5,0.5
exemplar,1000,1,88,1000,goggles1.jpg,goggles2.jpg,4.0,nan,nan,nan,2.1540307998657227,2.1540307998657227,0.5,0.5,0.5
exemplar,1000,1,89,1000,backgammon1.jpg,backgammon2.jpg,nan,nan,nan,nan,2.1540307998657227,2.1540307998657227,0.5,0.5,0.5
exemplar,1000,1,90,1000,stapler1.jpg,stapler2.jpg,nan,nan,nan,nan,2.1540307998657227,2.1540307998657227,0.5,0.5,0.5
exemplar,1000,1,91,1000,metalpin1.jpg,metalpin2.jpg,nan,nan,nan,nan,2.1540307998657227,2.1540307998657227,0.5,0.5,0.5
exemplar,1000,1,92,1000,stool1.jpg,stool2.jpg,4.0,nan,nan,nan,2.1540307998657227,2.1540307998657227,0.5,0.5,0.5
exemplar,1000,1,93,1000,soapbottle1.jpg,soapbottle2.jpg,4.0,nan,nan,nan,2.1540307998657227,2.1540307998657227,0.5,0.5,0.5
exemplar,1000,1,94,1000,plate1.jpg,plate2.jpg,nan,4.0,nan,nan,2.1540307998657227,2.1540307998657227,0.5,0.5,0.5
exemplar,1000,1,95,1000,rake1.jpg,rake2.jpg,nan,nan,nan,nan,2.1540307998657227,2.1540307998657227,0.5,0.5,0.5
exemplar,1000,1,96,1000,toywrench1.jpg,toywrench2.jpg,nan,0.0,nan,nan,2.1540307998657227,2.1540307998657227,0.5,0.5,0.5
exemplar,1000,1,97,1000,woodenbarrel1.jpg,woodenbarrel2.jpg,0.0,nan,nan,nan,2.1540307998657227,2.1540307998657227,0.5,0.5,0.5
exemplar,1000,1,98,1000,cheesecrackers1.jpg,cheesecrackers2.jpg,nan,nan,nan,nan,2.1540307998657227,2.1540307998657227,0.5,0.5,0.5
exemplar,1000,1,99,1000,santahat1.jpg,santahat2.jpg,nan,nan,nan,nan,2.1540307998657227,2.1540307998657227,0.5,0.5,0.5
exemplar,1000,1,100,1000,gardeningshovel1.jpg,gardeningshovel2.jpg,0.0,80.0,nan,nan,2.1540307998657227,2.1540307998657227,0.0,0.5,0.5
novel,1000,1,1,1000,Astirstick.jpg,APROSTLE2.jpg,nan,nan,nan,nan,2.1540307998657227,2.1540307998657227,0.5,0.5,0.5
novel,1000,1,2,1000,traffic1.jpg,ABASTER2.jpg,0.0,4.0,nan,nan,2.1540307998657227,2.1540307998657227,0.0,0.5,0.5
novel,1000,1,3,1000,AFOODBLEN.jpg,Atoothbrush3.jpg,nan,nan,nan,nan,2.1540307998657227,2.1540307998657227,0.5,0.5,0.5
novel,1000,1,4,1000,biblebar.jpg,AFOODTAB2.jpg,nan,nan,nan,nan,2.1540307998657227,2.1540307998657227,0.5,0.5,0.5
novel,1000,1,5,1000,ACAPTAIN9.jpg,Aancientstat3.jpg,nan,0.0,nan,nan,2.1540307998657227,2.1540307998657227,0.5,0.5,0.5
novel,1000,1,6,1000,Awoodplaner2.jpg,Anoismake.jpg,nan,nan,nan,nan,2.1540307998657227,2.1540307998657227,0.5,0.5,0.5
novel,1000,1,7,1000,keys-a.jpg,8026084.thl.jpg,16.0,nan,nan,nan,2.1540307998657227,2.1540307998657227,0.5,0.5,0.5
novel,1000,1,8,1000,showercurtainsuchi.jpg,Adriedleaf.jpg,0.0,80.0,nan,nan,2.1540307998657227,2.1540307998657227,0.0,0.5,0.5
novel,1000,1,9,1000,AARTMELON.jpg,Atoyboxwithb2.jpg,nan,4.0,nan,nan,2.1540307998657227,2.1540307998657227,0.5,0.5,0.5
novel,1000,1,10,1000,AANTIDRES.jpg,AHYPONEE3.jpg,nan,nan,nan,nan,2.1540307998657227,2.1540307998657227,0.5,0.5,0.5
novel,1000,1,11,1000,ACONSTRU9.jpg,Aantiquevege3.jpg,nan,nan,nan,nan,2.1540307998657227,2.1540307998657227,0.5,0.5,0.5
novel,1000,1,12,1000,AOLDBAT2.jpg,ACHRIST14.jpg,nan,4.0,nan,nan,2.1540307998657227,2.1540307998657227,0.5,0.5,0.5
novel,1000,1,13,1000,26443034.thl.jpg,Atoycoffeepo2.jpg,-64.0,nan,nan,nan,2.1540307998657227,2.1540307998657227,0.5,0.5,0.5
novel,1000,1,14,1000,Atwowayradio2.jpg,Acomputerdriv.jpg,nan,0.0,nan,nan,2.1540307998657227,2.1540307998657227,0.5,0.5,0.5
novel,1000,1,15,1000,tent1.jpg,kimono.JPG,-32.0,nan,nan,nan,2.1540307998657227,2.1540307998657227,0.5,0.5,0.5
novel,1000,1,16,1000,iron1.jpg,mixer.jpg,nan,nan,nan,nan,2.1540307998657227,2.1540307998657227,0.5,0.5,0.5
novel,1000,1,17,1000,ASPOTLIG2.jpg,Aaircompress2.jpg,4.0,4.0,nan,nan,2.1540307998657227,2.1540307998657227,0.5,0.5,0.5
novel,1000,1,18,1000,AREDPLUM.jpg,AGHOST.jpg,nan,4.0,nan,nan,2.1540307998657227,2.1540307998657227,0.5,0.5,0.5
novel,1000,1,19,1000,AARTIFLE2.jpg,heartchocolat.jpg,16.0,nan,nan,nan,2.1540307998657227,2.1540307998657227,0.5,0.5,0.5
novel,1000,1,20,1000,muffin1.jpg,AOSTRICH2.jpg,nan,nan,nan,nan,2.1540307998657227,2.1540307998657227,0.5,0.5,0.5
novel,1000,1,21,1000,23025535.thl.jpg,26420979.thl.jpg,-128.0,4.0,nan,nan,2.1540307998657227,2.1540307998657227,0.0,0.5,0.5
novel,1000,1,22,1000,Aeasteregg14.jpg,Aacarthatsbe2.jpg,nan,nan,nan,nan,2.1540307998657227,2.1540307998657227,0.5,0.5,0.5
novel,1000,1,23,1000,ALARGECA2.jpg,Atoyfurnitu14.jpg,nan,nan,nan,nan,2.1540307998657227,2.1540307998657227,0.5,0.5,0.5
novel,1000,1,24,1000,26432899.thl.jpg,AAMBULAN7.jpg,-112.0,nan,nan,nan,2.1540307998657227,2.1540307998657227,0.5,0.5,0.5
novel,1000,1,25,1000,ACHIPPER.jpg,rollerblades.jpg,4.0,nan,nan,nan,2.1540307998657227,2.1540307998657227,0.5,0.5,0.5
novel,1000,1,26,1000,26427111.thl.jpg,butternutsquash.jpg,nan,nan,nan,nan,2.1540307998657227,2.1540307998657227,0.5,0.5,0.5
novel,1000,1,27,1000,goggles1.jpg,22806086.thl.jpg,nan,0.0,nan,nan,2.1540307998657227,2.1540307998657227,0.5,0.5,0.5
novel,1000,1,28,1000,AWHISTLE4.jpg,Agnu.jpg,nan,nan,nan,nan,2.1540307998657227,2.1540307998657227,0.5,0.5,0.5
novel,1000,1,29,1000,AHAZELNU3.jpg,Aruler16.jpg,-128.0,nan,nan,nan,2.1540307998657227,2.1540307998657227,0.5,0.5,0.5
novel,1000,1,30,1000,crayon1.jpg,AGERMANH4.jpg,nan,nan,nan,nan,2.1540307998657227,2.1540307998657227,0.5,0.5,0.5
novel,1000,1,31,1000,B_makeupbag.jpg,26433387.thl.jpg,4.0,nan,nan,nan,2.1540307998657227,2.1540307998657227,0.5,0.5,0.5
novel,1000,1,32,1000,ABEDROOM8.jpg,ACUTBOAR2.jpg,nan,0.0,nan,nan,2.1540307998657227,2.1540307998657227,0.5,0.5,0.5
novel,1000,1,33,1000,redbox1.jpg,ACANE2.jpg,-48.0,nan,nan,nan,2.1540307998657227,2.1540307998657227,0.5,0.5,0.5
novel,1000,1,34,1000,ACASTANET.jpg,ACLOWSTE5.jpg,4.0,nan,nan,nan,2.1540307998657227,2.1540307998657227,0.5,0.5,0.5
novel,1000,1,35,1000,Agrilledmeata.jpg,bobbypins.JPG,nan,nan,nan,nan,2.1540307998657227,2.1540307998657227,0.5,0.5,0.5
novel,1000,1,36,1000,AWINDSU21.jpg,AARCH.jpg,nan,nan,nan,nan,2.1540307998657227,2.1540307998657227,0.5,0.5,0.5
novel,1000,1,37,1000,backgammon1.jpg,ADIRECSI3.jpg,4.0,nan,nan,nan,2.1540307998657227,2.1540307998657227,0.5,0.5,0.5
novel,1000,1,38,1000,26467443.thl.jpg,AAFRICI13.jpg,0.0,96.0,nan,nan,2.1540307998657227,2.1540307998657227,0.0,0.5,0.5
novel,1000,1,39,1000,outdoorheater.jpg,cigarette03.jpg,nan,nan,nan,nan,2.1540307998657227,2.1540307998657227,0.5,0.5,0.5
novel,1000,1,40,1000,311-863-217.jpg,AHEATER3.jpg,nan,nan,nan,nan,2.1540307998657227,2.1540307998657227,0.5,0.5,0.5
novel,1000,1,41,1000,Adayplanner.jpg,26428041.thl.jpg,4.0,nan,nan,nan,2.1540307998657227,2.1540307998657227,0.5,0.5,0.5
novel,1000,1,42,1000,headcomb1.jpg,26437074.thl.jpg,0.0,nan,nan,nan,2.1540307998657227,2.1540307998657227,0.5,0.5,0.5
novel,1000,1,43,1000,Awindow19.jpg,Acombination6.jpg,4.0,-48.0,nan,nan,2.1540307998657227,2.1540307998657227,1.0,0.5,0.5
novel,1000,1,44,1000,APYRITE7.jpg,eutslfl.jpg,0.0,nan,nan,nan,2.1540307998657227,2.1540307998657227,0.5,0.5,0.5
novel,1000,1,45,1000,ASEWING.jpg,26433347.thl.jpg,nan,4.0,nan,nan,2.1540307998657227,2.1540307998657227,0.5,0.5,0.5
novel,1000,1,46,1000,Ahotdogplain.jpg,Adresser11.jpg,-48.0,nan,nan,nan,2.1540307998657227,2.1540307998657227,0.5,0.5,0.5
novel,1000,1,47,1000,seatbelt1.jpg,ADRESSE14.jpg,nan,nan,nan,nan,2.1540307998657227,2.1540307998657227,0.5,0.5,0.5
novel,1000,1,48,1000,26423873.thl.jpg,Awindmill4.jpg,0.0,-112.0,nan,nan,2.1540307998657227,2.1540307998657227,1.0,0.5,0.5
novel,1000,1,49,1000,AANGLEME2.jpg,ADOG15.jpg,nan,nan,nan,nan,2.1540307998657227,2.1540307998657227,0.5,0.5,0.5
novel,1000,1,50,1000,reportfile1.jpg,Aangel37.jpg,nan,16.0,nan,nan,2.1540307998657227,2.1540307998657227,0.5,0.5,0.5
novel,1000,1,51,1000,26451168.thl.jpg,Agame3.jpg,nan,0.0,nan,nan,2.1540307998657227,2.1540307998657227,0.5,0.5,0.5
novel,1000,1,52,1000,ABEERBOT5.jpg,Ataco.jpg,nan,nan,nan,nan,2.1540307998657227,2.1540307998657227,0.5,0.5,0.5
novel,1000,1,53,1000,26374798.thl.jpg,Aspoonofsug11.jpg,nan,nan,nan,nan,2.1540307998657227,2.1540307998657227,0.5,0.5,0.5
novel,1000,1,54,1000,AAGATE.jpg,ACREAME11.jpg,nan,nan,nan,nan,2.1540307998657227,2.1540307998657227,0.5,0.5,0.5
novel,1000,1,55,1000,ACURLER.jpg,APAPYRUS.jpg,nan,nan,nan,nan,2.1540307998657227,2.1540307998657227,0.5,0.5,0.5
novel,1000,1,56,1000,Abutterchurn5.jpg,AAIRGAUGE.jpg,nan,4.0,nan,nan,2.1540307998657227,2.1540307998657227,0.5,0.5,0.5
novel,1000,1,57,1000,10049566.thl.jpg,ABEARIN12.jpg,nan,nan,nan,nan,2.1540307998657227,2.1540307998657227,0.5,0.5,0.5
novel,1000,1,58,1000,peppers1.jpg,AHOUSBOA3.jpg,nan,nan,nan,nan,2.1540307998657227,2.1540307998657227,0.5,0.5,0.5
novel,1000,1,59,1000,ACHINCHI4.jpg,Abathroomcup3.jpg,nan,4.0,nan,nan,2.1540307998657227,2.1540307998657227,0.5,0.5,0.5
novel,1000,1,60,1000,Ahulahoop2.jpg,8022057.thl.jpg,nan,nan,nan,nan,2.1540307998657227,2.1540307998657227,0.5,0.5,0.5
novel,1000,1,61,1000,26379612.thl.jpg,26460317.thl.jpg,nan,nan,nan,nan,2.1540307998657227,2.1540307998657227,0.5,0.5,0.5
novel,1000,1,62,1000,hulk.jpg,Aoilcan11.jpg,nan,112.0,nan,nan,2.1540307998657227,2.1540307998657227,0.5,0.5,0.5
novel,1000,1,63,1000,Abooties4.jpg,ACOWCREAM.jpg,nan,4.0,nan,nan,2.1540307998657227,2.1540307998657227,0.5,0.5,0.5
novel,1000,1,64,1000,22896812.thl.jpg,ASKIPROP2.jpg,nan,nan,nan,nan,2.1540307998657227,2.1540307998657227,0.5,0.5,0.5
novel,1000,1,65,1000,alligatorsk1.jpg,barbwirecoil.jpg,nan,nan,nan,nan,2.1540307998657227,2.1540307998657227,0.5,0.5,0.5
novel,1000,1,66,1000,ADOUBHOOK.jpg,ACHEESESL.jpg,nan,nan,nan,nan,2.1540307998657227,2.1540307998657227,0.5,0.5,0.5
novel,1000,1,67,1000,cookingpot1.JPG,Aboardgame6.jpg,nan,4.0,nan,nan,2.1540307998657227,2.1540307998657227,0.5,0.5,0.5
novel,1000,1,68,1000,carton1.jpg,ACLAM.jpg,nan,nan,nan,nan,2.1540307998657227,2.1540307998657227,0.5,0.5,0.5
novel,1000,1,69,1000,AAFRICI10.jpg,Acocktailumb4.jpg,nan,nan,nan,nan,2.1540307998657227,2.1540307998657227,0.5,0.5,0.5
novel,1000,1,70,1000,AREDBEAN5.jpg,Alogholder.jpg,nan,4.0,nan,nan,2.1540307998657227,2.1540307998657227,0.5,0.5,0.5
novel,1000,1,71,1000,ADRESS2.jpg,Ameasuringsp5.jpg,nan,nan,nan,nan,2.1540307998657227,2.1540307998657227,0.5,0.5,0.5
novel,1000,1,72,1000,Aantiquerota7.jpg,AREEL.jpg,nan,nan,nan,nan,2.1540307998657227,2.1540307998657227,0.5,0.5,0.5
novel,1000,1,73,1000,Aantelope2.jpg,Acane116.jpg,80.0,16.0,nan,nan,2.1540307998657227,2.1540307998657227,1.0,0.5,0.5
novel,1000,1,74,1000,26376346.thl.jpg,23028486.thl.jpg,nan,nan,nan,nan,2.1540307998657227,2.1540307998657227,0.5,0.5,0.5
novel,1000,1,75,1000,8079436.thl.jpg,Apig5.jpg,nan,nan,nan,nan,2.1540307998657227,2.1540307998657227,0.5,0.5,0.5
novel,1000,1,76,1000,accordion1.JPG,ABUGLE2.jpg,nan,4.0,nan,nan,2.1540307998657227,2.1540307998657227,0.5,0.5,0.5
novel,1000,1,77,1000,polarbear1.jpg,ATOOL9.jpg,nan,nan,nan,nan,2.1540307998657227,2.1540307998657227,0.5,0.5,0.5
novel,1000,1,78,1000,AOPGLASS.jpg,sntslrc.jpg,nan,nan,nan,nan,2.1540307998657227,2.1540307998657227,0.5,0.5,0.5
novel,1000,1,79,1000,cd2-a.jpg,ACHINLAMP.jpg,4.0,nan,nan,nan,2.1540307998657227,2.1540307998657227,0.5,0.5,0.5
novel,1000,1,80,1000,ACAMPFIRE.jpg,surfboard.JPG,4.0,4.0,nan,nan,2.1540307998657227,2.1540307998657227,0.5,0.5,0.5
novel,1000,1,81,1000,baseballglove1.jpg,Aspoon14.jpg,nan,nan,nan,nan,2.1540307998657227,2.1540307998657227,0.5,0.5,0.5
novel,1000,1,82,1000,cone1.jpg,Aadjustablec2.jpg,4.0,0.0,nan,nan,2.1540307998657227,2.1540307998657227,1.0,0.5,0.5
novel,1000,1,83,1000,ALAB2.jpg,AMIRRORT2.jpg,nan,-16.0,nan,nan,2.1540307998657227,2.1540307998657227,0.5,0.5,0.5
novel,1000,1,84,1000,champagnbottles.jpg,butterflycross-stitch.jpg,4.0,nan,nan,nan,2.1540307998657227,2.1540307998657227,0.5,0.5,0.5
novel,1000,1,85,1000,10049816.thl.jpg,ABLUBLOTT.jpg,nan,0.0,nan,nan,2.1540307998657227,2.1540307998657227,0.5,0.5,0.5
novel,1000,1,86,1000,ABAGFLOU3.jpg,Abottleofbat2.jpg,0.0,0.0,nan,nan,2.1540307998657227,2.1540307998657227,0.5,0.5,0.5
novel,1000,1,87,1000,gymvaulting2.jpg,8252065.thl.jpg,nan,4.0,nan,nan,2.1540307998657227,2.1540307998657227,0.5,0.5,0.5
novel,1000,1,88,1000,ACOLOGNE.jpg,AKITE5.jpg,nan,nan,nan,nan,2.1540307998657227,2.1540307998657227,0.5,0.5,0.5
novel,1000,1,89,1000,oignonrings.jpg,Apinkshoe.jpg,nan,0.0,nan,nan,2.1540307998657227,2.1540307998657227,0.5,0.5,0.5
novel,1000,1,90,1000,gymvaulting.jpg,22949719.thl.jpg,0.0,-128.0,nan,nan,2.1540307998657227,2.1540307998657227,1.0,0.5,0.5
novel,1000,1,91,1000,ASCREEN3.jpg,26389125.thl.jpg,-48.0,nan,nan,nan,2.1540307998657227,2.1540307998657227,0.5,0.5,0.5
novel,1000,1,92,1000,ADEEPFRY5.jpg,Asafetyrope.jpg,80.0,nan,nan,nan,2.1540307998657227,2.1540307998657227,0.5,0.5,0.5
novel,1000,1,93,1000,butter03.jpg,ASTAMPS.jpg,nan,nan,nan,nan,2.1540307998657227,2.1540307998657227,0.5,0.5,0.5
novel,1000,1,94,1000,clawhairclips.jpg,ALOVSEA10.jpg,nan,nan,nan,nan,2.1540307998657227,2.1540307998657227,0.5,0.5,0.5
novel,1000,1,95,1000,Aelephant9.jpg,Apenguin2.jpg,nan,nan,nan,nan,2.1540307998657227,2.1540307998657227,0.5,0.5,0.5
novel,1000,1,96,1000,handshake1.JPG,Astapler12.jpg,nan,0.0,nan,nan,2.1540307998657227,2.1540307998657227,0.5,0.5,0.5
novel,1000,1,97,1000,ACOMPACT.jpg,26282693.thl.jpg,0.0,nan,nan,nan,2.1540307998657227,2.1540307998657227,0.5,0.5,0.5
novel,1000,1,98,1000,26377183.thl.jpg,Atoyfiretru11.jpg,nan,-64.0,nan,nan,2.1540307998657227,2.1540307998657227,0.5,0.5,0.5
novel,1000,1,99,1000,Atombstone17.jpg,ADRYRACK2.jpg,nan,4.0,nan,nan,2.1540307998657227,2.1540307998657227,0.5,0.5,0.5
novel,1000,1,100,1000,26442719.thl.jpg,moneyslotmachine.jpg,4.0,4.0,nan,nan,2.1540307998657227,2.1540307998657227,0.5,0.5,0.5
state,1000,1,1,1000,accord1.jpg,accord2.jpg,4.0,nan,nan,nan,2.1540307998657227,2.1540307998657227,0.5,0.5,0.5
state,1000,1,2,1000,waterbottle1.JPG,waterbottle2.JPG,0.0,-128.0,nan,nan,2.1540307998657227,2.1540307998657227,1.0,0.5,0.5
state,1000,1,3,1000,container1.JPG,container2.JPG,4.0,nan,nan,nan,2.1540307998657227,2.1540307998657227,0.5,0.5,0.5
state,1000,1,4,1000,bread1.jpg,bread2.jpg,nan,0.0,nan,nan,2.1540307998657227,2.1540307998657227,0.5,0.5,0.5
state,1000,1,5,1000,apple1.jpg,apple2.jpg,nan,4.0,nan,nan,2.1540307998657227,2.1540307998657227,0.5,0.5,0.5
state,1000,1,6,1000,patiota1.jpg,patiota2.jpg,nan,nan,nan,nan,2.1540307998657227,2.1540307998657227,0.5,0.5,0.5
state,1000,1,7,1000,books1.JPG,books2.JPG,nan,nan,nan,nan,2.1540307998657227,2.1540307998657227,0.5,0.5,0.5
state,1000,1,8,1000,dishwash1.jpg,dishwash2.jpg,1.0,nan,nan,nan,2.1540307998657227,2.1540307998657227,0.5,0.5,0.5
state,1000,1,9,1000,crayon1.jpg,crayon2.jpg,4.0,4.0,nan,nan,2.1540307998657227,2.1540307998657227,0.5,0.5,0.5
state,1000,1,10,1000,player1.jpg,player2.jpg,4.0,4.0,nan,nan,2.1540307998657227,2.1540307998657227,0.5,0.5,0.5
state,1000,1,11,1000,dryer1.jpg,dryer2.jpg,-80.0,-128.0,nan,nan,2.1540307998657227,2.1540307998657227,1.0,0.5,0.5
state,1000,1,12,1000,abacus1.jpg,abacus2.jpg,nan,nan,nan,nan,2.1540307998657227,2.1540307998657227,0.5,0.5,0.5
state,1000,1,13,1000,antiquechest1.jpg,antiquechest2.jpg,nan,nan,nan,nan,2.1540307998657227,2.1540307998657227,0.5,0.5,0.5
state,1000,1,14,1000,theasea1.jpg,theasea2.jpg,nan,nan,nan,nan,2.1540307998657227,2.1540307998657227,0.5,0.5,0.5
state,1000,1,15,1000,tent1.jpg,tent2.jpg,nan,nan,nan,nan,2.1540307998657227,2.1540307998657227,0.5,0.5,0.5
state,1000,1,16,1000,scales1.jpg,scales2.jpg,nan,1.0,nan,nan,2.1540307998657227,2.1540307998657227,0.5,0.5,0.5
state,1000,1,17,1000,filebox1.jpg,filebox2.jpg,112.0,nan,nan,nan,2.1540307998657227,2.1540307998657227,0.5,0.5,0.5
state,1000,1,18,1000,antiquephone1.jpg,antiquephone2.jpg,4.0,4.0,nan,nan,2.1540307998657227,2.1540307998657227,0.5,0.5,0.5
state,1000,1,19,1000,pie1.JPG,pie2.JPG,-128.0,nan,nan,nan,2.1540307998657227,2.1540307998657227,0.5,0.5,0.5
state,1000,1,20,1000,napdisp1.jpg,napdisp2.jpg,nan,nan,nan,nan,2.1540307998657227,2.1540307998657227,0.5,0.5,0.5
state,1000,1,21,1000,apples1.JPG,apples2.JPG,nan,nan,nan,nan,2.1540307998657227,2.1540307998657227,0.5,0.5,0.5
state,1000,1,22,1000,servdis1.jpg,servdis2.jpg,nan,0.0,nan,nan,2.1540307998657227,2.1540307998657227,0.5,0.5,0.5
state,1000,1,23,1000,alligatorsk1.jpg,alligatorsk2.jpg,nan,nan,nan,nan,2.1540307998657227,2.1540307998657227,0.5,0.5,0.5
state,1000,1,24,1000,schoolbag1.JPG,schoolbag2.JPG,nan,nan,nan,nan,2.1540307998657227,2.1540307998657227,0.5,0.5,0.5
state,1000,1,25,1000,traffic1.jpg,traffic2.jpg,nan,nan,nan,nan,2.1540307998657227,2.1540307998657227,0.5,0.5,0.5
state,1000,1,26,1000,dice1.jpg,dice2.jpg,4.0,nan,nan,nan,2.1540307998657227,2.1540307998657227,0.5,0.5,0.5
state,1000,1,27,1000,twofingers1.JPG,twofingers2.JPG,nan,nan,nan,nan,2.1540307998657227,2.1540307998657227,0.5,0.5,0.5
state,1000,1,28,1000,handshake1.JPG,handshake2.JPG,nan,-64.0,nan,nan,2.1540307998657227,2.1540307998657227,0.5,0.5,0.5
state,1000,1,29,1000,racketball1.jpg,racketball2.jpg,nan,4.0,nan,nan,2.1540307998657227,2.1540307998657227,0.5,0.5,0.5
state,1000,1,30,1000,dishes1.JPG,dishes2.JPG,nan,nan,nan,nan,2.1540307998657227,2.1540307998657227,0.5,0.5,0.5
state,1000,1,31,1000,redbox1.jpg,redbox2.jpg,-112.0,nan,nan,nan,2.1540307998657227,2.1540307998657227,0.5,0.5,0.5
state,1000,1,32,1000,pumpkinpie1.jpg,pumpkinpie2.jpg,4.0,4.0,nan,nan,2.1540307998657227,2.1540307998657227,0.5,0.5,0.5
state,1000,1,33,1000,iron1.jpg,iron2.jpg,nan,-112.0,nan,nan,2.1540307998657227,2.1540307998657227,0.5,0.5,0.5
state,1000,1,34,1000,briefcasece1.jpg,briefcasece2.jpg,nan,nan,nan,nan,2.1540307998657227,2.1540307998657227,0.5,0.5,0.5
state,1000,1,35,1000,groomingset1.jpg,groomingset2.jpg,nan,nan,nan,nan,2.1540307998657227,2.1540307998657227,0.5,0.5,0.5
state,1000,1,36,1000,cerobj1.jpg,cerobj2.jpg,4.0,nan,nan,nan,2.1540307998657227,2.1540307998657227,0.5,0.5,0.5
state,1000,1,37,1000,dresser1.JPG,dresser2.JPG,nan,nan,nan,nan,2.1540307998657227,2.1540307998657227,0.5,0.5,0.5
state,1000,1,38,1000,scissors1.JPG,scissors2.JPG,nan,nan,nan,nan,2.1540307998657227,2.1540307998657227,0.5,0.5,0.5
state,1000,1,39,1000,lunchbox1.jpg,lunchbox2.jpg,4.0,nan,nan,nan,2.1540307998657227,2.1540307998657227,0.5,0.5,0.5
state,1000,1,40,1000,sweater1.jpg,sweater2.jpg,nan,-48.0,nan,nan,2.1540307998657227,2.1540307998657227,0.5,0.5,0.5
state,1000,1,41,1000,drum1.jpg,drum2.jpg,4.0,nan,nan,nan,2.1540307998657227,2.1540307998657227,0.5,0.5,0.5
state,1000,1,42,1000,piggybank1.jpg,piggybank2.jpg,4.0,4.0,nan,nan,2.1540307998657227,2.1540307998657227,0.5,0.5,0.5
state,1000,1,43,1000,oldbook1.JPG,oldbook2.JPG,nan,nan,nan,nan,2.1540307998657227,2.1540307998657227,0.5,0.5,0.5
state,1000,1,44,1000,present1.jpg,present2.jpg,nan,0.0,nan,nan,2.1540307998657227,2.1540307998657227,0.5,0.5,0.5
state,1000,1,45,1000,notebook1.jpg,notebook2.jpg,4.0,nan,nan,nan,2.1540307998657227,2.1540307998657227,0.5,0.5,0.5
state,1000,1,46,1000,typewriter1.jpg,typewriter2.jpg,nan,nan,nan,nan,2.1540307998657227,2.1540307998657227,0.5,0.5,0.5
state,1000,1,47,1000,bottle1.jpg,bottle2.jpg,nan,nan,nan,nan,2.1540307998657227,2.1540307998657227,0.5,0.5,0.5
state,1000,1,48,1000,telephone1.JPG,telephone2.JPG,nan,0.0,nan,nan,2.1540307998657227,2.1540307998657227,0.5,0.5,0.5
state,1000,1,49,1000,cookingpot1.JPG,cookingpot2.JPG,-128.0,nan,nan,nan,2.1540307998657227,2.1540307998657227,0.5,0.5,0.5
state,1000,1,50,1000,boxcookies1.JPG,boxcookies2.JPG,nan,nan,nan,nan,2.1540307998657227,2.1540307998657227,0.5,0.5,0.5
state,1000,1,51,1000,breadbox1.JPG,breadbox2.JPG,nan,nan,nan,nan,2.1540307998657227,2.1540307998657227,0.5,0.5,0.5
state,1000,1,52,1000,clipboard1.jpg,clipboard2.jpg,nan,-48.0,nan,nan,2.1540307998657227,2.1540307998657227,0.5,0.5,0.5
state,1000,1,53,1000,carton1.jpg,carton2.jpg,nan,nan,nan,nan,2.1540307998657227,2.1540307998657227,0.5,0.5,0.5
state,1000,1,54,1000,bagel1.JPG,bagel2.jpg,nan,-128.0,nan,nan,2.1540307998657227,2.1540307998657227,0.5,0.5,0.5
state,1000,1,55,1000,rhinoceros1.jpg,rhinoceros2.jpg,nan,nan,nan,nan,2.1540307998657227,2.1540307998657227,0.5,0.5,0.5
state,1000,1,56,1000,redumbrella1.jpg,redumbrella2.jpg,nan,nan,nan,nan,2.1540307998657227,2.1540307998657227,0.5,0.5,0.5
state,1000,1,57,1000,glassjuice1.JPG,glassjuice2.JPG,-128.0,nan,nan,nan,2.1540307998657227,2.1540307998657227,0.5,0.5,0.5
state,1000,1,58,1000,padlock1.jpg,padlock2.jpg,nan,nan,nan,nan,2.1540307998657227,2.1540307998657227,0.5,0.5,0.5
state,1000,1,59,1000,giftbag1.jpg,giftbag2.jpg,nan,nan,nan,nan,2.1540307998657227,2.1540307998657227,0.5,0.5,0.5
state,1000,1,60,1000,coffeemaker1.JPG,coffeemaker2.JPG,nan,nan,nan,nan,2.1540307998657227,2.1540307998657227,0.5,0.5,0.5
state,1000,1,61,1000,bulletandca1.jpg,bulletandca2.jpg,nan,4.0,nan,nan,2.1540307998657227,2.1540307998657227,0.5,0.5,0.5
state,1000,1,62,1000,belt1.jpg,belt2.jpg,16.0,nan,nan,nan,2.1540307998657227,2.1540307998657227,0.5,0.5,0.5
state,1000,1,63,1000,babytoy1.JPG,babytoy2.JPG,nan,nan,nan,nan,2.1540307998657227,2.1540307998657227,0.5,0.5,0.5
state,1000,1,64,1000,waffleiron1.jpg,waffleiron2.jpg,nan,nan,nan,nan,2.1540307998657227,2.1540307998657227,0.5,0.5,0.5
state,1000,1,65,1000,toilet1.JPG,toilet2.JPG,-128.0,nan,nan,nan,2.1540307998657227,2.1540307998657227,0.5,0.5,0.5
state,1000,1,66,1000,metronome1.jpg,metronome2.JPG,0.0,4.0,nan,nan,2.1540307998657227,2.1540307998657227,0.0,0.5,0.5
state,1000,1,67,1000,cabinet1.jpg,cabinet2.jpg,4.0,0.0,nan,nan,2.1540307998657227,2.1540307998657227,1.0,0.5,0.5
state,1000,1,68,1000,tiger1.jpg,tiger2.jpg,4.0,4.0,nan,nan,2.1540307998657227,2.1540307998657227,0.5,0.5,0.5
state,1000,1,69,1000,deepfryer1.jpg,deepfryer2.jpg,nan,nan,nan,nan,2.1540307998657227,2.1540307998657227,0.5,0.5,0.5
state,1000,1,70,1000,tomato1.jpg,tomato2.jpg,nan,nan,nan,nan,2.1540307998657227,2.1540307998657227,0.5,0.5,0.5
state,1000,1,71,1000,coffeegrind1.jpg,coffeegrind2.jpg,nan,nan,nan,nan,2.1540307998657227,2.1540307998657227,0.5,0.5,0.5
state,1000,1,72,1000,laptop1.JPG,laptop2.JPG,nan,nan,nan,nan,2.1540307998657227,2.1540307998657227,0.5,0.5,0.5
state,1000,1,73,1000,basketofpeppers1.jpg,basketofpeppers2.jpg,nan,-48.0,nan,nan,2.1540307998657227,2.1540307998657227,0.5,0.5,0.5
state,1000,1,74,1000,barnmail1.jpg,barnmail2.jpg,4.0,nan,nan,nan,2.1540307998657227,2.1540307998657227,0.5,0.5,0.5
state,1000,1,75,1000,cantaloupe1.jpg,cantaloupe2.jpg,nan,nan,nan,nan,2.1540307998657227,2.1540307998657227,0.5,0.5,0.5
state,1000,1,76,1000,seatbelt1.jpg,seatbelt2.jpg,nan,nan,nan,nan,2.1540307998657227,2.1540307998657227,0.5,0.5,0.5
state,1000,1,77,1000,whitebox1.jpg,whitebox2.jpg,4.0,80.0,nan,nan,2.1540307998657227,2.1540307998657227,0.0,0.5,0.5
state,1000,1,78,1000,containero1.jpg,containero2.jpg,4.0,nan,nan,nan,2.1540307998657227,2.1540307998657227,0.5,0.5,0.5
state,1000,1,79,1000,garbagecans1.jpg,garbagecans2.jpg,nan,nan,nan,nan,2.1540307998657227,2.1540307998657227,0.5,0.5,0.5
state,1000,1,80,1000,cheese1.JPG,cheese2.JPG,nan,4.0,nan,nan,2.1540307998657227,2.1540307998657227,0.5,0.5,0.5
state,1000,1,81,1000,bandagetape1.jpg,bandagetape2.jpg,nan,-128.0,nan,nan,2.1540307998657227,2.1540307998657227,0.5,0.5,0.5
state,1000,1,82,1000,teacupplate1.jpg,teacupplate2.jpg,16.0,nan,nan,nan,2.1540307998657227,2.1540307998657227,0.5,0.5,0.5
state,1000,1,83,1000,ballofyarn1.jpg,ballofyarn2.jpg,nan,4.0,nan,nan,2.1540307998657227,2.1540307998657227,0.5,0.5,0.5
state,1000,1,84,1000,banana1.jpg,banana2.jpg,nan,nan,nan,nan,2.1540307998657227,2.1540307998657227,0.5,0.5,0.5
state,1000,1,85,1000,donut1.jpg,donut2.jpg,nan,nan,nan,nan,2.1540307998657227,2.1540307998657227,0.5,0.5,0.5
state,1000,1,86,1000,mirror1.jpg,mirror2.jpg,nan,nan,nan,nan,2.1540307998657227,2.1540307998657227,0.5,0.5,0.5
state,1000,1,87,1000,briefcase1.JPG,briefcase2.JPG,0.0,nan,nan,nan,2.1540307998657227,2.1540307998657227,0.5,0.5,0.5
state,1000,1,88,1000,purplecoffee1.jpg,purplecoffee2.jpg,nan,nan,nan,nan,2.1540307998657227,2.1540307998657227,0.5,0.5,0.5
state,1000,1,89,1000,eggplant1.jpg,eggplant2.jpg,nan,4.0,nan,nan,2.1540307998657227,2.1540307998657227,0.5,0.5,0.5
state,1000,1,90,1000,biscuit1.jpg,biscuit2.jpg,nan,4.0,nan,nan,2.1540307998657227,2.1540307998657227,0.5,0.5,0.5
state,1000,1,91,1000,basketofapples1.jpg,basketofapples2.jpg,nan,nan,nan,nan,2.1540307998657227,2.1540307998657227,0.5,0.5,0.5
state,1000,1,92,1000,accordion1.JPG,accordion2.JPG,nan,nan,nan,nan,2.1540307998657227,2.1540307998657227,0.5,0.5,0.5
state,1000,1,93,1000,egg1.jpg,egg2.jpg,nan,nan,nan,nan,2.1540307998657227,2.1540307998657227,0.5,0.5,0.5
state,1000,1,94,1000,polarbear1.jpg,polarbear2.jpg,nan,nan,nan,nan,2.1540307998657227,2.1540307998657227,0.5,0.5,0.5
state,1000,1,95,1000,toast1.jpg,toast2.jpg,nan,4.0,nan,nan,2.1540307998657227,2.1540307998657227,0.5,0.5,0.5
state,1000,1,96,1000,scanner1.JPG,scanner2.JPG,nan,nan,nan,nan,2.1540307998657227,2.1540307998657227,0.5,0.5,0.5
state,1000,1,97,1000,dough1.jpg,dough2.jpg,nan,nan,nan,nan,2.1540307998657227,2.1540307998657227,0.5,0.5,0.5
state,1000,1,98,1000,diapers1.jpg,diapers2.jpg,nan,nan,nan,nan,2.1540307998657227,2.1540307998657227,0.5,0.5,0.5
state,1000,1,99,1000,redcabbage1.jpg,redcabbage2.jpg,nan,nan,nan,nan,2.1540307998657227,2.1540307998657227,0.5,0.5,0.5
state,1000,1,100,1000,firetrucktoy1.jpg,firetrucktoy2.jpg,nan,nan,nan,nan,2.1540307998657227,2.1540307998657227,0.5,0.5,0.5
