{
  "00016718.jpg": 0.5,
  "00037649.jpg": 0.631579,
  "00041487.jpg": 0.744186,
  "00056060.jpg": 0.878049,
  "00011441.jpg": 0.935484,
  "00045765.jpg": 0.628571,
  "00042036.jpg": 0.766667,
  "00055392.jpg": 0.8,
  "00019252.jpg": 0.673469,
  "00019477.jpg": 0.958333,
  "00034116.jpg": 0.575758,
  "00055666.jpg": 0.727273,
  "00000207.jpg": 0.622222,
  "00023757.jpg": 0.972973,
  "00032273.jpg": 0.885714,
  "00034912.jpg": 0.657143,
  "00043422.jpg": 0.628571,
  "00039843.jpg": 0.891892,
  "00043445.jpg": 0.772727,
  "00048751.jpg": 0.735294,
  "00005006.jpg": 0.78125,
  "00009142.jpg": 0.697674,
  "00001597.jpg": 0.875,
  "00048483.jpg": 0.5,
  "00006128.jpg": 0.675676,
  "00000417.jpg": 0.564103,
  "00025842.jpg": 0.685714,
  "00007702.jpg": 0.878049,
  "00051320.jpg": 0.704545,
  "00030725.jpg": 0.685714,
  "00029151.jpg": 0.925,
  "00030794.jpg": 1.0,
  "00052609.jpg": 0.657143,
  "00037777.jpg": 0.787879,
  "00004971.jpg": 0.904762,
  "00024126.jpg": 0.756757,
  "00027852.jpg": 0.921053,
  "00020695.jpg": 0.414634,
  "00037105.jpg": 0.658537,
  "00053549.jpg": 0.85,
  "00046526.jpg": 0.74359,
  "00039725.jpg": 0.828571,
  "00017572.jpg": 0.73913,
  "00055062.jpg": 0.8,
  "00009413.jpg": 0.76087,
  "00047459.jpg": 0.75,
  "00025057.jpg": 0.844444,
  "00021555.jpg": 0.575,
  "00046623.jpg": 0.680851,
  "00018778.jpg": 0.636364,
  "00044927.jpg": 0.676471,
  "00017730.jpg": 0.930233,
  "00047139.jpg": 0.809524,
  "00052138.jpg": 0.647059,
  "00028673.jpg": 0.852941,
  "00000321.jpg": 0.7,
  "00034751.jpg": 0.714286,
  "00007138.jpg": 0.795918,
  "00042808.jpg": 0.657143,
  "00046051.jpg": 0.731707,
  "00031420.jpg": 0.930233,
  "00003172.jpg": 0.729167,
  "00024191.jpg": 0.7,
  "00044591.jpg": 0.815789,
  "00047414.jpg": 0.896552,
  "00018611.jpg": 0.617647,
  "00050814.jpg": 0.840909,
  "00006231.jpg": 0.575,
  "00038466.jpg": 0.657143,
  "00015959.jpg": 0.694444,
  "00017115.jpg": 0.534884,
  "00035297.jpg": 0.340426,
  "00014621.jpg": 0.8,
  "00023537.jpg": 0.75,
  "00037757.jpg": 0.589744,
  "00003248.jpg": 0.78125,
  "00048915.jpg": 0.85,
  "00053476.jpg": 0.897436,
  "00014316.jpg": 0.769231,
  "00030467.jpg": 0.787234,
  "00012636.jpg": 0.694444,
  "00017650.jpg": 0.789474,
  "00014907.jpg": 0.705882,
  "00045060.jpg": 0.777778,
  "00014576.jpg": 0.971429,
  "00058551.jpg": 0.675676,
  "00049181.jpg": 0.688889,
  "00057073.jpg": 0.717391,
  "00008418.jpg": 0.6,
  "00050098.jpg": 0.791667,
  "00033330.jpg": 0.904762,
  "00007478.jpg": 0.875,
  "00019888.jpg": 0.653061,
  "00002746.jpg": 0.901961,
  "00022989.jpg": 0.785714,
  "00057626.jpg": 0.8,
  "00051899.jpg": 0.688889,
  "00047152.jpg": 0.823529,
  "00033041.jpg": 0.894737,
  "00017334.jpg": 0.727273
}