probe_type,foil_type,sequence_length,episode_index,trial_index_within_episode,study_length,target_key,foil_key,old_familiarity,foil_familiarity,linear_probe_accuracy
loss_probe,novel,1,1,1,1,00067_barbed_wire::exemplar_0,00075_baseball_glove::exemplar_0,0.39284452810219134,0.557490813801972,0.0
loss_probe,novel,1,2,1,1,00176_breathalyzer::exemplar_0,00048_backpack::exemplar_0,0.8625334530984086,0.4181964275069435,1.0
loss_probe,novel,1,3,1,1,00167_bracelet1::exemplar_0,00060_banana_peel::exemplar_0,0.4671125181795538,0.37200977731701457,1.0
loss_probe,novel,1,4,1,1,00171_brake::exemplar_0,00038_artichoke::exemplar_0,0.15011881091485915,0.8776349088513996,0.0
loss_probe,novel,1,5,1,1,00058_ballot_box::exemplar_0,00165_boy::exemplar_0,0.13968995935768067,0.017006951777539123,1.0
loss_probe,novel,1,6,1,1,00188_buckle::exemplar_0,00048_backpack::exemplar_0,0.683247349659757,0.26871111896288197,1.0
loss_probe,novel,1,7,1,1,00034_arch::exemplar_0,00019_ambulance::exemplar_0,0.41834034006280185,0.30874783747094836,1.0
loss_probe,novel,1,8,1,1,00137_board::exemplar_0,00055_baklava::exemplar_0,0.5931284939047645,0.8452911587272361,0.0
loss_probe,novel,1,9,1,1,00191_bulldozer::exemplar_0,00076_basket::exemplar_0,0.9629623714628565,0.7687530872143162,1.0
loss_probe,novel,1,10,1,1,00008_airbag::exemplar_0,00111_bikini::exemplar_0,0.3459285414599813,0.6301542843767874,0.0
loss_probe,novel,1,11,1,1,00033_aquarium::exemplar_0,00176_breathalyzer::exemplar_0,0.8834285745078493,0.6008944471088407,1.0
loss_probe,novel,1,12,1,1,00156_bow2::exemplar_0,00004_acorn::exemplar_0,0.47482764238943664,0.2794007858194807,1.0
loss_probe,novel,1,13,1,1,00071_barnacle::exemplar_0,00038_artichoke::exemplar_0,0.675279981128139,0.62481422966203,1.0
loss_probe,novel,1,14,1,1,00022_ankle::exemplar_0,00068_barbell::exemplar_0,0.6395799863892169,0.31705169332362726,1.0
loss_probe,novel,1,15,1,1,00116_birdbath::exemplar_0,00191_bulldozer::exemplar_0,0.3007874802269291,0.9831059220383097,0.0
loss_probe,novel,1,16,1,1,00112_bin::exemplar_0,00036_armor::exemplar_0,0.9338597821282187,0.37274253945778213,1.0
loss_probe,novel,1,17,1,1,00066_banner::exemplar_0,00092_bean::exemplar_0,0.8224698850265121,0.884531529080396,0.0
loss_probe,novel,1,18,1,1,00060_banana_peel::exemplar_0,00125_blimp::exemplar_0,0.6407740646885657,0.6919288289654486,0.0
loss_probe,novel,1,19,1,1,00194_bumper::exemplar_0,00141_bologna::exemplar_0,0.4106562164721622,0.1377793959449783,1.0
loss_probe,novel,1,20,1,1,00145_bongo::exemplar_0,00110_bib::exemplar_0,0.7721855646108439,0.18285128003204987,1.0
loss_probe,novel,1,21,1,1,00172_branch::exemplar_0,00094_beanie::exemplar_0,0.2942697296431899,0.3323927773747164,0.0
loss_probe,novel,1,22,1,1,00111_bikini::exemplar_0,00164_boxing_gloves::exemplar_0,0.7641701233449996,0.8636209502726934,0.0
loss_probe,novel,1,23,1,1,00081_bathmat::exemplar_0,00168_bracelet2::exemplar_0,0.43577118907701645,0.3483488162445855,1.0
loss_probe,novel,1,24,1,1,00031_applesauce::exemplar_0,00089_beachball::exemplar_0,0.666806030177291,0.3224968137826036,1.0
loss_probe,novel,1,25,1,1,00153_boulder::exemplar_0,00163_boxer_shorts::exemplar_0,0.8972789596543879,0.6337139270588773,1.0
loss_probe,novel,1,26,1,1,00068_barbell::exemplar_0,00177_brick::exemplar_0,0.5559776343771858,0.9547745473765581,0.0
loss_probe,novel,1,27,1,1,00115_bird::exemplar_0,00142_bolt::exemplar_0,0.8590714066214615,0.4755518006942903,1.0
loss_probe,novel,1,28,1,1,00157_bow3::exemplar_0,00192_bulletin_board::exemplar_0,0.8715262414988638,0.3390223663216364,1.0
loss_probe,novel,1,29,1,1,00035_arm::exemplar_0,00113_binder::exemplar_0,0.40505653871621516,0.1440564728410903,1.0
loss_probe,novel,1,30,1,1,00174_breadstick::exemplar_0,00187_bucket::exemplar_0,0.8275193421447019,0.8403394893152606,0.0
loss_probe,novel,1,31,1,1,00114_binoculars::exemplar_0,00138_board_game::exemplar_0,0.044073572517930114,0.9734687663146551,0.0
loss_probe,novel,1,32,1,1,00046_backdrop::exemplar_0,00076_basket::exemplar_0,0.08690675376447482,0.741184242374185,0.0
loss_probe,novel,1,33,1,1,00052_bag::exemplar_0,00046_backdrop::exemplar_0,0.6774805476282822,0.10395580615126283,1.0
loss_probe,novel,1,34,1,1,00134_blueberry::exemplar_0,00092_bean::exemplar_0,0.963932881051948,0.7040070018566905,1.0
loss_probe,novel,1,35,1,1,00065_bank::exemplar_0,00096_beard::exemplar_0,0.7847598022409977,0.16713646826329373,1.0
loss_probe,novel,1,36,1,1,00118_birdhouse::exemplar_0,00068_barbell::exemplar_0,0.8553059948074623,0.28538196332136284,1.0
loss_probe,novel,1,37,1,1,00156_bow2::exemplar_0,00072_barrel::exemplar_0,0.47482764238943664,0.5133229238594541,0.0
loss_probe,novel,1,38,1,1,00102_beer::exemplar_0,00034_arch::exemplar_0,0.8500306773039635,0.17123529913127167,1.0
loss_probe,novel,1,39,1,1,00148_bookmark::exemplar_0,00126_blind::exemplar_0,0.7559041619901019,0.877951486588985,0.0
loss_probe,novel,1,40,1,1,00141_bologna::exemplar_0,00061_banana_split::exemplar_0,0.3838885112242916,0.8825198627337411,0.0
loss_probe,novel,1,41,1,1,00145_bongo::exemplar_0,00061_banana_split::exemplar_0,0.7721855646108439,0.8017881573762424,0.0
loss_probe,novel,1,42,1,1,00050_badge::exemplar_0,00180_brooch::exemplar_0,0.7126839833681269,0.913331118668549,0.0
loss_probe,novel,1,43,1,1,00094_beanie::exemplar_0,00034_arch::exemplar_0,0.39234898333008184,0.19079907789636855,1.0
loss_probe,novel,1,44,1,1,00019_ambulance::exemplar_0,00111_bikini::exemplar_0,0.6177327199908899,0.7401750419336123,0.0
loss_probe,novel,1,45,1,1,00167_bracelet1::exemplar_0,00162_box::exemplar_0,0.4671125181795538,0.28887364261914666,1.0
loss_probe,novel,1,46,1,1,00119_biscuit::exemplar_0,00100_bee::exemplar_0,0.28819982521270465,0.9746217143954045,0.0
loss_probe,novel,1,47,1,1,00001_aardvark::exemplar_0,00185_bubble::exemplar_0,0.3759390260580705,0.25878333678460275,1.0
loss_probe,novel,1,48,1,1,00109_berry::exemplar_0,00012_alligator::exemplar_0,0.7128310770192949,0.677892015571183,1.0
loss_probe,novel,1,49,1,1,00058_ballot_box::exemplar_0,00037_arrow::exemplar_0,0.13968995935768067,0.9978750753282426,0.0
loss_probe,novel,1,50,1,1,00128_blindfold::exemplar_0,00179_broccoli::exemplar_0,0.18705207726381112,0.7978008271829083,0.0
loss_probe,novel,1,51,1,1,00114_binoculars::exemplar_0,00164_boxing_gloves::exemplar_0,0.044073572517930114,0.5111952227141121,0.0
loss_probe,novel,1,52,1,1,00065_bank::exemplar_0,00041_asparagus::exemplar_0,0.7847598022409977,0.9670430952949375,0.0
loss_probe,novel,1,53,1,1,00188_buckle::exemplar_0,00106_bell_pepper::exemplar_0,0.683247349659757,0.9998368659651471,0.0
loss_probe,novel,1,54,1,1,00189_buffet::exemplar_0,00065_bank::exemplar_0,0.7197603737216521,0.8252207567897456,0.0
loss_probe,novel,1,55,1,1,00195_bungee::exemplar_0,00090_bead::exemplar_0,0.9054562768807676,0.3837193876440124,1.0
loss_probe,novel,1,56,1,1,00052_bag::exemplar_0,00181_broom::exemplar_0,0.6774805476282822,0.21796390873099383,1.0
loss_probe,novel,1,57,1,1,00162_box::exemplar_0,00096_beard::exemplar_0,0.48894307252880415,0.11958489931993672,1.0
loss_probe,novel,1,58,1,1,00134_blueberry::exemplar_0,00184_brussels_sprouts::exemplar_0,0.963932881051948,0.8792910012450541,1.0
loss_probe,novel,1,59,1,1,00169_bracket::exemplar_0,00036_armor::exemplar_0,0.22220095575812288,0.16027875723984572,1.0
loss_probe,novel,1,60,1,1,00181_broom::exemplar_0,00155_bow1::exemplar_0,0.39374836660554813,0.7583183739586268,0.0
loss_probe,novel,1,61,1,1,00061_banana_split::exemplar_0,00186_bubble_wrap::exemplar_0,0.848356362874952,0.959153935414986,0.0
loss_probe,novel,1,62,1,1,00128_blindfold::exemplar_0,00055_baklava::exemplar_0,0.18705207726381112,0.8437122065114296,0.0
loss_probe,novel,1,63,1,1,00159_bowler_hat::exemplar_0,00011_album::exemplar_0,0.13480468665599962,0.10687868748680494,1.0
loss_probe,novel,1,64,1,1,00149_bookshelf::exemplar_0,00180_brooch::exemplar_0,0.6640303605735134,0.9508544701791819,0.0
loss_probe,novel,1,65,1,1,00152_bottle::exemplar_0,00010_airplane::exemplar_0,0.8428483882576935,0.536500535192633,1.0
loss_probe,novel,1,66,1,1,00092_bean::exemplar_0,00150_boomerang::exemplar_0,0.8870347670143356,0.4177967095227894,1.0
loss_probe,novel,1,67,1,1,00187_bucket::exemplar_0,00146_bonsai::exemplar_0,0.9157636749813064,0.3297218386361552,1.0
loss_probe,novel,1,68,1,1,00088_bazooka::exemplar_0,00047_backgammon::exemplar_0,0.19393383400742548,0.3888877734351468,0.0
loss_probe,novel,1,69,1,1,00076_basket::exemplar_0,00050_badge::exemplar_0,0.8538910846611334,0.6945205893169932,1.0
loss_probe,novel,1,70,1,1,00043_awning::exemplar_0,00176_breathalyzer::exemplar_0,0.17992049019183862,0.39278219375402645,0.0
loss_probe,novel,1,71,1,1,00143_bomb::exemplar_0,00029_apple::exemplar_0,0.24086122256847584,0.5986049167734782,0.0
loss_probe,novel,1,72,1,1,00058_ballot_box::exemplar_0,00043_awning::exemplar_0,0.13968995935768067,0.2126263106897974,0.0
loss_probe,novel,1,73,1,1,00018_amber::exemplar_0,00110_bib::exemplar_0,0.2729743302837963,0.34087410523747425,0.0
loss_probe,novel,1,74,1,1,00165_boy::exemplar_0,00153_boulder::exemplar_0,0.18074951027650063,0.9495947446740002,0.0
loss_probe,novel,1,75,1,1,00143_bomb::exemplar_0,00140_bolo_tie::exemplar_0,0.24086122256847584,0.028560593923152102,1.0
loss_probe,novel,1,76,1,1,00178_briefcase::exemplar_0,00010_airplane::exemplar_0,0.33874415966121335,0.5193148584058324,0.0
loss_probe,novel,1,77,1,1,00113_binder::exemplar_0,00088_bazooka::exemplar_0,0.1778510533475742,0.12380537993654116,1.0
loss_probe,novel,1,78,1,1,00166_bra::exemplar_0,00024_ant::exemplar_0,0.0843531100495657,0.5093041911768204,0.0
loss_probe,novel,1,79,1,1,00135_boa::exemplar_0,00001_aardvark::exemplar_0,0.6881731197925781,0.236353685233846,1.0
loss_probe,novel,1,80,1,1,00033_aquarium::exemplar_0,00080_bat2::exemplar_0,0.8834285745078493,0.1996417341297829,1.0
loss_probe,novel,1,81,1,1,00032_apron::exemplar_0,00105_bell::exemplar_0,0.2237859513442263,0.04934827423275896,1.0
loss_probe,novel,1,82,1,1,00078_bassinet::exemplar_0,00069_barcode::exemplar_0,0.4001655481995333,0.9494428442657014,0.0
loss_probe,novel,1,83,1,1,00145_bongo::exemplar_0,00153_boulder::exemplar_0,0.7721855646108439,0.8893746762635918,0.0
loss_probe,novel,1,84,1,1,00179_broccoli::exemplar_0,00020_amplifier::exemplar_0,0.7814098738561024,0.8272135609243491,0.0
loss_probe,novel,1,85,1,1,00121_blackberry::exemplar_0,00134_blueberry::exemplar_0,0.6153345624599297,0.9984074433683884,0.0
loss_probe,novel,1,86,1,1,00094_beanie::exemplar_0,00010_airplane::exemplar_0,0.39234898333008184,0.40508771839467594,0.0
loss_probe,novel,1,87,1,1,00002_abacus::exemplar_0,00082_bathrobe::exemplar_0,0.746294691407453,0.06601915057164495,1.0
loss_probe,novel,1,88,1,1,00086_baton3::exemplar_0,00040_ashtray::exemplar_0,0.513082597316692,0.1664499986585533,1.0
loss_probe,novel,1,89,1,1,00128_blindfold::exemplar_0,00144_bone::exemplar_0,0.18705207726381112,0.14956748482342802,1.0
loss_probe,novel,1,90,1,1,00137_board::exemplar_0,00133_blowgun::exemplar_0,0.5931284939047645,0.1841264558769673,1.0
loss_probe,novel,1,91,1,1,00122_blanket::exemplar_0,00058_ballot_box::exemplar_0,0.697066733049636,0.14997112151219644,1.0
loss_probe,novel,1,92,1,1,00172_branch::exemplar_0,00054_bagpipe::exemplar_0,0.2942697296431899,0.6982815741288912,0.0
loss_probe,novel,1,93,1,1,00076_basket::exemplar_0,00009_airboat::exemplar_0,0.8538910846611334,0.33995764479060503,1.0
loss_probe,novel,1,94,1,1,00097_bed::exemplar_0,00129_block::exemplar_0,0.3436839564582111,0.7718002770881027,0.0
loss_probe,novel,1,95,1,1,00183_brush::exemplar_0,00041_asparagus::exemplar_0,0.0668569194010659,0.9879540878320779,0.0
loss_probe,novel,1,96,1,1,00190_bull::exemplar_0,00038_artichoke::exemplar_0,0.5388305068513617,0.9367254728272646,0.0
loss_probe,novel,1,97,1,1,00067_barbed_wire::exemplar_0,00109_berry::exemplar_0,0.39284452810219134,0.489945371784575,0.0
loss_probe,novel,1,98,1,1,00176_breathalyzer::exemplar_0,00056_ball::exemplar_0,0.8625334530984086,0.34592861991549956,1.0
loss_probe,novel,1,99,1,1,00067_barbed_wire::exemplar_0,00109_berry::exemplar_0,0.39284452810219134,0.489945371784575,0.0
loss_probe,novel,1,100,1,1,00151_boot::exemplar_0,00061_banana_split::exemplar_0,0.11818991889133537,0.778751601059582,0.0
loss_probe,novel,10,1,1,10,00092_bean::exemplar_0,00010_airplane::exemplar_0,0.2944093717229166,0.4412057276870969,0.0
loss_probe,novel,10,1,2,10,00198_burner::exemplar_0,00082_bathrobe::exemplar_0,0.41590917827791063,0.4201471521395992,0.0
loss_probe,novel,10,1,3,10,00063_bandanna::exemplar_0,00102_beer::exemplar_0,0.43946115234525224,0.6028827525961801,0.0
loss_probe,novel,10,1,4,10,00152_bottle::exemplar_0,00118_birdhouse::exemplar_0,0.6122982576374407,0.4478220572630615,1.0
loss_probe,novel,10,1,5,10,00074_baseball::exemplar_0,00023_anklet::exemplar_0,0.4662890691018111,0.40549236396403787,1.0
loss_probe,novel,10,1,6,10,00110_bib::exemplar_0,00018_amber::exemplar_0,0.5097451952228313,0.41985891395167124,1.0
loss_probe,novel,10,1,7,10,00053_bagel::exemplar_0,00195_bungee::exemplar_0,0.5437167418674587,0.2948600476644573,1.0
loss_probe,novel,10,1,8,10,00165_boy::exemplar_0,00012_alligator::exemplar_0,0.32559386110923355,0.34608034173616137,0.0
loss_probe,novel,10,1,9,10,00090_bead::exemplar_0,00154_bouquet::exemplar_0,0.47785997390119767,0.38875444861960606,1.0
loss_probe,novel,10,1,10,10,00109_berry::exemplar_0,00002_abacus::exemplar_0,0.4635211743459224,0.506131769818174,0.0
loss_probe,novel,10,2,1,10,00168_bracelet2::exemplar_0,00075_baseball_glove::exemplar_0,0.4316915749086198,0.4497761196739708,0.0
loss_probe,novel,10,2,2,10,00199_burrito::exemplar_0,00136_boar::exemplar_0,0.39774788228500557,0.30401645969221636,1.0
loss_probe,novel,10,2,3,10,00079_bat1::exemplar_0,00112_bin::exemplar_0,0.37324151624207147,0.457459444359764,0.0
loss_probe,novel,10,2,4,10,00049_bacon::exemplar_0,00036_armor::exemplar_0,0.5780360500385807,0.455705297522787,1.0
loss_probe,novel,10,2,5,10,00116_birdbath::exemplar_0,00038_artichoke::exemplar_0,0.44360008232666326,0.4756746304942606,0.0
loss_probe,novel,10,2,6,10,00124_blender::exemplar_0,00014_aloe::exemplar_0,0.5369392145736156,0.46786706956749635,1.0
loss_probe,novel,10,2,7,10,00142_bolt::exemplar_0,00029_apple::exemplar_0,0.512609676835233,0.5229796450676156,0.0
loss_probe,novel,10,2,8,10,00100_bee::exemplar_0,00095_bear::exemplar_0,0.560010168498829,0.2113194937032071,1.0
loss_probe,novel,10,2,9,10,00086_baton3::exemplar_0,00041_asparagus::exemplar_0,0.4318402812221324,0.5648155267862605,0.0
loss_probe,novel,10,2,10,10,00016_altar::exemplar_0,00056_ball::exemplar_0,0.48377136999335535,0.40736339397230703,1.0
loss_probe,novel,10,3,1,10,00079_bat1::exemplar_0,00126_blind::exemplar_0,0.40960067372304526,0.4410997654342543,0.0
loss_probe,novel,10,3,2,10,00078_bassinet::exemplar_0,00114_binoculars::exemplar_0,0.4682762489731897,0.3570010392461853,1.0
loss_probe,novel,10,3,3,10,00155_bow1::exemplar_0,00150_boomerang::exemplar_0,0.5327047287996012,0.5127123774920409,1.0
loss_probe,novel,10,3,4,10,00100_bee::exemplar_0,00112_bin::exemplar_0,0.5377184383847201,0.4265727560464697,1.0
loss_probe,novel,10,3,5,10,00075_baseball_glove::exemplar_0,00012_alligator::exemplar_0,0.43393028098938424,0.40069902282640263,1.0
loss_probe,novel,10,3,6,10,00009_airboat::exemplar_0,00090_bead::exemplar_0,0.49081854515684376,0.34345330464593143,1.0
loss_probe,novel,10,3,7,10,00089_beachball::exemplar_0,00137_board::exemplar_0,0.4432400670980792,0.6120286662429351,0.0
loss_probe,novel,10,3,8,10,00033_aquarium::exemplar_0,00076_basket::exemplar_0,0.5111124477887828,0.45574065597185737,1.0
loss_probe,novel,10,3,9,10,00026_antenna::exemplar_0,00034_arch::exemplar_0,0.5920714009410566,0.5824534196664741,1.0
loss_probe,novel,10,3,10,10,00093_beanbag::exemplar_0,00013_almond::exemplar_0,0.5676153902463855,0.634959499527715,0.0
loss_probe,novel,10,4,1,10,00083_bathtub::exemplar_0,00123_blazer::exemplar_0,0.49596030173634614,0.4502959519929157,1.0
loss_probe,novel,10,4,2,10,00043_awning::exemplar_0,00096_beard::exemplar_0,0.4643209958609532,0.5127525376716346,0.0
loss_probe,novel,10,4,3,10,00140_bolo_tie::exemplar_0,00019_ambulance::exemplar_0,0.4374998010485423,0.29336351424971424,1.0
loss_probe,novel,10,4,4,10,00190_bull::exemplar_0,00089_beachball::exemplar_0,0.40579104788475623,0.36387710176995114,1.0
loss_probe,novel,10,4,5,10,00033_aquarium::exemplar_0,00068_barbell::exemplar_0,0.4951713099551055,0.33460856884461115,1.0
loss_probe,novel,10,4,6,10,00002_abacus::exemplar_0,00055_baklava::exemplar_0,0.5601612398863219,0.5394732540685023,1.0
loss_probe,novel,10,4,7,10,00064_banjo::exemplar_0,00013_almond::exemplar_0,0.44711819218808774,0.672201852799525,0.0
loss_probe,novel,10,4,8,10,00175_breakfast::exemplar_0,00184_brussels_sprouts::exemplar_0,0.4563535354982717,0.5085162379920701,0.0
loss_probe,novel,10,4,9,10,00039_arugula::exemplar_0,00061_banana_split::exemplar_0,0.5015976285113545,0.48566290747832314,1.0
loss_probe,novel,10,4,10,10,00023_anklet::exemplar_0,00171_brake::exemplar_0,0.4542469570449118,0.3552267832431406,1.0
loss_probe,novel,10,5,1,10,00062_bandage::exemplar_0,00030_apple_tree::exemplar_0,0.6152856559016996,0.4345940908282921,1.0
loss_probe,novel,10,5,2,10,00134_blueberry::exemplar_0,00158_bowl::exemplar_0,0.3741949380830781,0.5064103619568069,0.0
loss_probe,novel,10,5,3,10,00196_bunkbed::exemplar_0,00036_armor::exemplar_0,0.5289102962816582,0.4472403524258016,1.0
loss_probe,novel,10,5,4,10,00113_binder::exemplar_0,00137_board::exemplar_0,0.5339421525808309,0.6005706765940382,0.0
loss_probe,novel,10,5,5,10,00050_badge::exemplar_0,00195_bungee::exemplar_0,0.43073538734039546,0.2953799997736914,1.0
loss_probe,novel,10,5,6,10,00147_book::exemplar_0,00095_bear::exemplar_0,0.5167009058572389,0.21096544163663591,1.0
loss_probe,novel,10,5,7,10,00101_beehive::exemplar_0,00102_beer::exemplar_0,0.5486464535948146,0.5627661130257828,0.0
loss_probe,novel,10,5,8,10,00159_bowler_hat::exemplar_0,00077_basketball_hoop::exemplar_0,0.5879265261263622,0.5545790840281914,1.0
loss_probe,novel,10,5,9,10,00014_aloe::exemplar_0,00039_arugula::exemplar_0,0.5212250459632046,0.44060690718877715,1.0
loss_probe,novel,10,5,10,10,00141_bologna::exemplar_0,00140_bolo_tie::exemplar_0,0.4893839597832467,0.40900854418183574,1.0
loss_probe,novel,10,6,1,10,00077_basketball_hoop::exemplar_0,00135_boa::exemplar_0,0.5224596062393724,0.3364391463320179,1.0
loss_probe,novel,10,6,2,10,00067_barbed_wire::exemplar_0,00184_brussels_sprouts::exemplar_0,0.37713001441168487,0.5063946122075005,0.0
loss_probe,novel,10,6,3,10,00023_anklet::exemplar_0,00070_bark::exemplar_0,0.4391904269795665,0.442290363662818,0.0
loss_probe,novel,10,6,4,10,00096_beard::exemplar_0,00024_ant::exemplar_0,0.5461223472711206,0.6225475578763668,0.0
loss_probe,novel,10,6,5,10,00014_aloe::exemplar_0,00086_baton3::exemplar_0,0.49781960993425184,0.35283772665016083,1.0
loss_probe,novel,10,6,6,10,00008_airbag::exemplar_0,00161_bowtie::exemplar_0,0.3935068189283968,0.5127918015342253,0.0
loss_probe,novel,10,6,7,10,00043_awning::exemplar_0,00109_berry::exemplar_0,0.5414215511593423,0.37514898748102876,1.0
loss_probe,novel,10,6,8,10,00187_bucket::exemplar_0,00042_avocado::exemplar_0,0.5936574344123549,0.3549653522422508,1.0
loss_probe,novel,10,6,9,10,00004_acorn::exemplar_0,00160_bowling_ball::exemplar_0,0.5226246652324064,0.22904034702645926,1.0
loss_probe,novel,10,6,10,10,00028_appetizer::exemplar_0,00173_brass_knuckles::exemplar_0,0.4621603691443225,0.45484330530020717,1.0
loss_probe,novel,10,7,1,10,00184_brussels_sprouts::exemplar_0,00121_blackberry::exemplar_0,0.5426746582799478,0.2874029370198165,1.0
loss_probe,novel,10,7,2,10,00180_brooch::exemplar_0,00069_barcode::exemplar_0,0.3423281037868142,0.4333276412476949,0.0
loss_probe,novel,10,7,3,10,00075_baseball_glove::exemplar_0,00039_arugula::exemplar_0,0.4455481116918317,0.44516683674897795,1.0
loss_probe,novel,10,7,4,10,00196_bunkbed::exemplar_0,00116_birdbath::exemplar_0,0.460701762640537,0.39892294534795125,1.0
loss_probe,novel,10,7,5,10,00011_album::exemplar_0,00078_bassinet::exemplar_0,0.4173282390285027,0.42988169117130226,0.0
loss_probe,novel,10,7,6,10,00029_apple::exemplar_0,00001_aardvark::exemplar_0,0.5356660522571572,0.35997944308506236,1.0
loss_probe,novel,10,7,7,10,00025_anteater::exemplar_0,00135_boa::exemplar_0,0.32668542593453814,0.3606976223656638,0.0
loss_probe,novel,10,7,8,10,00079_bat1::exemplar_0,00008_airbag::exemplar_0,0.4239030299454708,0.28445728324091224,1.0
loss_probe,novel,10,7,9,10,00104_beetle::exemplar_0,00137_board::exemplar_0,0.49299945038211446,0.5697032690192572,0.0
loss_probe,novel,10,7,10,10,00100_bee::exemplar_0,00067_barbed_wire::exemplar_0,0.5936489266262276,0.3292177794900396,1.0
loss_probe,novel,10,8,1,10,00071_barnacle::exemplar_0,00067_barbed_wire::exemplar_0,0.36641836444306475,0.3050533483425684,1.0
loss_probe,novel,10,8,2,10,00085_baton2::exemplar_0,00040_ashtray::exemplar_0,0.46177067092973373,0.5069648485105811,0.0
loss_probe,novel,10,8,3,10,00058_ballot_box::exemplar_0,00119_biscuit::exemplar_0,0.5143649192361448,0.43820388962776696,1.0
loss_probe,novel,10,8,4,10,00064_banjo::exemplar_0,00149_bookshelf::exemplar_0,0.44544616560300415,0.5055456220321286,0.0
loss_probe,novel,10,8,5,10,00096_beard::exemplar_0,00138_board_game::exemplar_0,0.5071333123620239,0.5529286281999901,0.0
loss_probe,novel,10,8,6,10,00107_belt::exemplar_0,00050_badge::exemplar_0,0.49665954086031566,0.3375732082871463,1.0
loss_probe,novel,10,8,7,10,00041_asparagus::exemplar_0,00197_buoy::exemplar_0,0.5564677934787923,0.4851575359695904,1.0
loss_probe,novel,10,8,8,10,00196_bunkbed::exemplar_0,00097_bed::exemplar_0,0.5313239979123829,0.41516502523250354,1.0
loss_probe,novel,10,8,9,10,00124_blender::exemplar_0,00183_brush::exemplar_0,0.5518899498782209,0.46705822917802675,1.0
loss_probe,novel,10,8,10,10,00105_bell::exemplar_0,00122_blanket::exemplar_0,0.5660501613475132,0.4856405930699423,1.0
loss_probe,novel,10,9,1,10,00049_bacon::exemplar_0,00151_boot::exemplar_0,0.6138934216894354,0.46402212479971333,1.0
loss_probe,novel,10,9,2,10,00008_airbag::exemplar_0,00035_arm::exemplar_0,0.40191118805649045,0.619481616855878,0.0
loss_probe,novel,10,9,3,10,00147_book::exemplar_0,00079_bat1::exemplar_0,0.5463345363576045,0.37457276875230894,1.0
loss_probe,novel,10,9,4,10,00009_airboat::exemplar_0,00021_anchor::exemplar_0,0.4648521467488477,0.42285259583844703,1.0
loss_probe,novel,10,9,5,10,00124_blender::exemplar_0,00128_blindfold::exemplar_0,0.5594171173049226,0.556159401214538,1.0
loss_probe,novel,10,9,6,10,00129_block::exemplar_0,00134_blueberry::exemplar_0,0.6165549907483542,0.30214391239007765,1.0
loss_probe,novel,10,9,7,10,00046_backdrop::exemplar_0,00186_bubble_wrap::exemplar_0,0.5548258068176749,0.5002747631309831,1.0
loss_probe,novel,10,9,8,10,00033_aquarium::exemplar_0,00015_alpaca::exemplar_0,0.5295728301412524,0.20418518306668157,1.0
loss_probe,novel,10,9,9,10,00027_anvil::exemplar_0,00055_baklava::exemplar_0,0.43815062111186953,0.526503624501055,0.0
loss_probe,novel,10,9,10,10,00002_abacus::exemplar_0,00181_broom::exemplar_0,0.6312203596428467,0.42126920440388466,1.0
loss_probe,novel,10,10,1,10,00191_bulldozer::exemplar_0,00077_basketball_hoop::exemplar_0,0.3857403425273347,0.49895559852489746,0.0
loss_probe,novel,10,10,2,10,00167_bracelet1::exemplar_0,00159_bowler_hat::exemplar_0,0.5159081842267137,0.5549005275581252,0.0
loss_probe,novel,10,10,3,10,00177_brick::exemplar_0,00040_ashtray::exemplar_0,0.6995373294252422,0.4866321607877611,1.0
loss_probe,novel,10,10,4,10,00110_bib::exemplar_0,00014_aloe::exemplar_0,0.5048962451592867,0.4425365142114968,1.0
loss_probe,novel,10,10,5,10,00007_air_pump::exemplar_0,00188_buckle::exemplar_0,0.5143597384731969,0.4654550068159036,1.0
loss_probe,novel,10,10,6,10,00137_board::exemplar_0,00129_block::exemplar_0,0.6526891923891669,0.5993285376310875,1.0
loss_probe,novel,10,10,7,10,00006_air_mattress::exemplar_0,00193_bulletproof_vest::exemplar_0,0.4789812967566196,0.35439248905213117,1.0
loss_probe,novel,10,10,8,10,00199_burrito::exemplar_0,00066_banner::exemplar_0,0.3806806722425788,0.42359665430989835,0.0
loss_probe,novel,10,10,9,10,00175_breakfast::exemplar_0,00058_ballot_box::exemplar_0,0.4463552504209134,0.4611186254765341,0.0
loss_probe,novel,10,10,10,10,00037_arrow::exemplar_0,00125_blimp::exemplar_0,0.8853096927413013,0.5475168771850585,1.0
loss_probe,novel,100,1,1,100,00006_air_mattress::exemplar_0,00071_barnacle::exemplar_0,0.7590571633828427,0.5995235895762775,1.0
loss_probe,novel,100,1,2,100,00156_bow2::exemplar_0,00050_badge::exemplar_0,0.7798730188149497,0.6200688356498413,1.0
loss_probe,novel,100,1,3,100,00025_anteater::exemplar_0,00134_blueberry::exemplar_0,0.548455424390032,0.4441157809023717,1.0
loss_probe,novel,100,1,4,100,00063_bandanna::exemplar_0,00121_blackberry::exemplar_0,0.6234303468566995,0.5615181480985528,1.0
loss_probe,novel,100,1,5,100,00081_bathmat::exemplar_0,00041_asparagus::exemplar_0,0.6386439302828676,0.6723549086819056,0.0
loss_probe,novel,100,1,6,100,00136_boar::exemplar_0,00021_anchor::exemplar_0,0.46744634069649854,0.6966729043088978,0.0
loss_probe,novel,100,1,7,100,00130_blouse::exemplar_0,00193_bulletproof_vest::exemplar_0,0.6045499601759806,0.7430703087490815,0.0
loss_probe,novel,100,1,8,100,00003_accordion::exemplar_0,00178_briefcase::exemplar_0,0.5756441871017133,0.6993518315889707,0.0
loss_probe,novel,100,1,9,100,00147_book::exemplar_0,00090_bead::exemplar_0,0.5974625281420384,0.5602274857563821,1.0
loss_probe,novel,100,1,10,100,00116_birdbath::exemplar_0,00189_buffet::exemplar_0,0.6318058565729152,0.6637032812392398,0.0
loss_probe,novel,100,1,11,100,00088_bazooka::exemplar_0,00169_bracket::exemplar_0,0.5689224598070808,0.7263616064914833,0.0
loss_probe,novel,100,1,12,100,00168_bracelet2::exemplar_0,00150_boomerang::exemplar_0,0.6430868733279799,0.6617132292886022,0.0
loss_probe,novel,100,1,13,100,00057_balloon::exemplar_0,00030_apple_tree::exemplar_0,0.6268317322878915,0.6453338378176345,0.0
loss_probe,novel,100,1,14,100,00199_burrito::exemplar_0,00112_bin::exemplar_0,0.6610353041651538,0.6194197190486989,1.0
loss_probe,novel,100,1,15,100,00014_aloe::exemplar_0,00127_blinder::exemplar_0,0.708486565979288,0.684287930318194,1.0
loss_probe,novel,100,1,16,100,00135_boa::exemplar_0,00023_anklet::exemplar_0,0.6846718126477629,0.6468054179060669,1.0
loss_probe,novel,100,1,17,100,00180_brooch::exemplar_0,00139_bobsled::exemplar_0,0.5997615449924758,0.5962326585637341,1.0
loss_probe,novel,100,1,18,100,00110_bib::exemplar_0,00144_bone::exemplar_0,0.7631370782487249,0.5803661042779135,1.0
loss_probe,novel,100,1,19,100,00061_banana_split::exemplar_0,00197_buoy::exemplar_0,0.675425135695263,0.7874142323507196,0.0
loss_probe,novel,100,1,20,100,00131_blower::exemplar_0,00167_bracelet1::exemplar_0,0.6016421123691622,0.7408245443969581,0.0
loss_probe,novel,100,1,21,100,00004_acorn::exemplar_0,00195_bungee::exemplar_0,0.6556437749130034,0.6165624855430268,1.0
loss_probe,novel,100,1,22,100,00026_antenna::exemplar_0,00104_beetle::exemplar_0,0.7115735125010246,0.6577822521573248,1.0
loss_probe,novel,100,1,23,100,00095_bear::exemplar_0,00154_bouquet::exemplar_0,0.521118758542701,0.6383968341606509,0.0
loss_probe,novel,100,1,24,100,00038_artichoke::exemplar_0,00045_baby::exemplar_0,0.7116874471006425,0.52504551137591,1.0
loss_probe,novel,100,1,25,100,00120_bison::exemplar_0,00078_bassinet::exemplar_0,0.5278895745401782,0.7147835521528165,0.0
loss_probe,novel,100,1,26,100,00091_beaker::exemplar_0,00067_barbed_wire::exemplar_0,0.7020328562524965,0.6056187201153789,1.0
loss_probe,novel,100,1,27,100,00035_arm::exemplar_0,00075_baseball_glove::exemplar_0,0.7213553358397369,0.5523681273191968,1.0
loss_probe,novel,100,1,28,100,00089_beachball::exemplar_0,00085_baton2::exemplar_0,0.6538588027240212,0.6252672380591912,1.0
loss_probe,novel,100,1,29,100,00059_bamboo::exemplar_0,00129_block::exemplar_0,0.6841190249139563,0.710889840148131,0.0
loss_probe,novel,100,1,30,100,00171_brake::exemplar_0,00055_baklava::exemplar_0,0.6635040510746913,0.6118461534412754,1.0
loss_probe,novel,100,1,31,100,00073_barrette::exemplar_0,00040_ashtray::exemplar_0,0.669492054104649,0.7343819274559237,0.0
loss_probe,novel,100,1,32,100,00152_bottle::exemplar_0,00054_bagpipe::exemplar_0,0.7170480296405626,0.7072418638166335,1.0
loss_probe,novel,100,1,33,100,00024_ant::exemplar_0,00191_bulldozer::exemplar_0,0.7831230277587887,0.565928998984753,1.0
loss_probe,novel,100,1,34,100,00066_banner::exemplar_0,00160_bowling_ball::exemplar_0,0.6525263669106323,0.5108133527361031,1.0
loss_probe,novel,100,1,35,100,00174_breadstick::exemplar_0,00034_arch::exemplar_0,0.7129113716034728,0.7112083144802284,1.0
loss_probe,novel,100,1,36,100,00033_aquarium::exemplar_0,00159_bowler_hat::exemplar_0,0.6581266482939715,0.7462110871127745,0.0
loss_probe,novel,100,1,37,100,00046_backdrop::exemplar_0,00118_birdhouse::exemplar_0,0.7366085643798302,0.5709061252971022,1.0
loss_probe,novel,100,1,38,100,00153_boulder::exemplar_0,00172_branch::exemplar_0,0.7039261166889842,0.6587432567093688,1.0
loss_probe,novel,100,1,39,100,00027_anvil::exemplar_0,00155_bow1::exemplar_0,0.656634707203513,0.6804156807109073,0.0
loss_probe,novel,100,1,40,100,00015_alpaca::exemplar_0,00146_bonsai::exemplar_0,0.44234763196936694,0.7163973738236105,0.0
loss_probe,novel,100,1,41,100,00140_bolo_tie::exemplar_0,00048_backpack::exemplar_0,0.6595416010625992,0.7203281593990992,0.0
loss_probe,novel,100,1,42,100,00037_arrow::exemplar_0,00164_boxing_gloves::exemplar_0,0.8738230744525927,0.6992044978368243,1.0
loss_probe,novel,100,1,43,100,00157_bow3::exemplar_0,00186_bubble_wrap::exemplar_0,0.6881711084153485,0.6983522288088478,0.0
loss_probe,novel,100,1,44,100,00181_broom::exemplar_0,00076_basket::exemplar_0,0.7617600860892858,0.6243612248325482,1.0
loss_probe,novel,100,1,45,100,00007_air_pump::exemplar_0,00064_banjo::exemplar_0,0.7569535910666472,0.6464643630895873,1.0
loss_probe,novel,100,1,46,100,00119_biscuit::exemplar_0,00117_birdcage::exemplar_0,0.6800764446263304,0.640867973269346,1.0
loss_probe,novel,100,1,47,100,00092_bean::exemplar_0,00200_bus::exemplar_0,0.5093060229618797,0.5153081194812631,0.0
loss_probe,novel,100,1,48,100,00098_bedpan::exemplar_0,00083_bathtub::exemplar_0,0.7569625268343694,0.7329566130199273,1.0
loss_probe,novel,100,1,49,100,00148_bookmark::exemplar_0,00184_brussels_sprouts::exemplar_0,0.6173549966856511,0.6466644290449449,0.0
loss_probe,novel,100,1,50,100,00192_bulletin_board::exemplar_0,00173_brass_knuckles::exemplar_0,0.6319403250823122,0.6211062517504262,1.0
loss_probe,novel,100,1,51,100,00128_blindfold::exemplar_0,00049_bacon::exemplar_0,0.7681842970539579,0.6637068270186125,1.0
loss_probe,novel,100,1,52,100,00151_boot::exemplar_0,00102_beer::exemplar_0,0.7214496253740998,0.6634448253055824,1.0
loss_probe,novel,100,1,53,100,00132_blowfish::exemplar_0,00010_airplane::exemplar_0,0.6041744561409687,0.7208480663263267,0.0
loss_probe,novel,100,1,54,100,00106_bell_pepper::exemplar_0,00079_bat1::exemplar_0,0.6380922166174179,0.6773195084911026,0.0
loss_probe,novel,100,1,55,100,00018_amber::exemplar_0,00070_bark::exemplar_0,0.6356653714619445,0.643435477697921,0.0
loss_probe,novel,100,1,56,100,00114_binoculars::exemplar_0,00080_bat2::exemplar_0,0.6116518917053757,0.7002999679421664,0.0
loss_probe,novel,100,1,57,100,00185_bubble::exemplar_0,00188_buckle::exemplar_0,0.6477848239033742,0.7575977918429381,0.0
loss_probe,novel,100,1,58,100,00072_barrel::exemplar_0,00044_axe::exemplar_0,0.6415791694143069,0.7093497878098112,0.0
loss_probe,novel,100,1,59,100,00087_battery::exemplar_0,00074_baseball::exemplar_0,0.7307010912632886,0.6649985924919121,1.0
loss_probe,novel,100,1,60,100,00163_boxer_shorts::exemplar_0,00029_apple::exemplar_0,0.6815979043675271,0.7210894470969852,0.0
loss_probe,novel,100,1,61,100,00032_apron::exemplar_0,00145_bongo::exemplar_0,0.6674080014070686,0.5706539413425512,1.0
loss_probe,novel,100,1,62,100,00053_bagel::exemplar_0,00043_awning::exemplar_0,0.6063853084490467,0.636242133764327,0.0
loss_probe,novel,100,1,63,100,00084_baton1::exemplar_0,00094_beanie::exemplar_0,0.7369017385231367,0.6305305285296657,1.0
loss_probe,novel,100,1,64,100,00097_bed::exemplar_0,00065_bank::exemplar_0,0.7322737629766007,0.6264625088908604,1.0
loss_probe,novel,100,1,65,100,00020_amplifier::exemplar_0,00166_bra::exemplar_0,0.5676220450883674,0.6539085256372735,0.0
loss_probe,novel,100,1,66,100,00123_blazer::exemplar_0,00126_blind::exemplar_0,0.6581605563845091,0.6733593998326997,0.0
loss_probe,novel,100,1,67,100,00107_belt::exemplar_0,00101_beehive::exemplar_0,0.672246093732099,0.6190039017373,1.0
loss_probe,novel,100,1,68,100,00077_basketball_hoop::exemplar_0,00031_applesauce::exemplar_0,0.6749885742368172,0.7316634459007927,0.0
loss_probe,novel,100,1,69,100,00187_bucket::exemplar_0,00047_backgammon::exemplar_0,0.7115680570526481,0.6510617455749029,1.0
loss_probe,novel,100,1,70,100,00115_bird::exemplar_0,00016_altar::exemplar_0,0.6504795187203319,0.5974676570781706,1.0
loss_probe,novel,100,1,71,100,00100_bee::exemplar_0,00103_beet::exemplar_0,0.6539559817966406,0.716809578675832,0.0
loss_probe,novel,100,1,72,100,00149_bookshelf::exemplar_0,00036_armor::exemplar_0,0.6949864742518898,0.7084431055006101,0.0
loss_probe,novel,100,1,73,100,00124_blender::exemplar_0,00111_bikini::exemplar_0,0.7440044899518887,0.6305719223291187,1.0
loss_probe,novel,100,1,74,100,00170_braid::exemplar_0,00052_bag::exemplar_0,0.6609950754466511,0.7282989534169579,0.0
loss_probe,novel,100,1,75,100,00158_bowl::exemplar_0,00176_breathalyzer::exemplar_0,0.7615601510688669,0.6539538502712683,1.0
loss_probe,novel,100,1,76,100,00096_beard::exemplar_0,00086_baton3::exemplar_0,0.6695015585933114,0.5800813329587411,1.0
loss_probe,novel,100,1,77,100,00008_airbag::exemplar_0,00122_blanket::exemplar_0,0.6846571488582408,0.6952057958965202,0.0
loss_probe,novel,100,1,78,100,00011_album::exemplar_0,00183_brush::exemplar_0,0.7187261798027031,0.6568816788249714,1.0
loss_probe,novel,100,1,79,100,00165_boy::exemplar_0,00105_bell::exemplar_0,0.5148030414837751,0.7099361310871283,0.0
loss_probe,novel,100,1,80,100,00028_appetizer::exemplar_0,00141_bologna::exemplar_0,0.658917197252301,0.6730737571736234,0.0
loss_probe,novel,100,1,81,100,00001_aardvark::exemplar_0,00194_bumper::exemplar_0,0.5776082162652273,0.644839202949481,0.0
loss_probe,novel,100,1,82,100,00019_ambulance::exemplar_0,00179_broccoli::exemplar_0,0.5782758166765711,0.6776471595024589,0.0
loss_probe,novel,100,1,83,100,00069_barcode::exemplar_0,00058_ballot_box::exemplar_0,0.7478509525155439,0.7150318898097863,1.0
loss_probe,novel,100,1,84,100,00042_avocado::exemplar_0,00005_air_conditioner::exemplar_0,0.6476604092442403,0.5884684724761294,1.0
loss_probe,novel,100,1,85,100,00039_arugula::exemplar_0,00062_bandage::exemplar_0,0.698894776380652,0.7398560301210796,0.0
loss_probe,novel,100,1,86,100,00108_belt_buckle::exemplar_0,00190_bull::exemplar_0,0.6945233457539169,0.6328734626876281,1.0
loss_probe,novel,100,1,87,100,00068_barbell::exemplar_0,00093_beanbag::exemplar_0,0.628403187935307,0.7514022740965097,0.0
loss_probe,novel,100,1,88,100,00162_box::exemplar_0,00198_burner::exemplar_0,0.6349199222323323,0.6590067424870852,0.0
loss_probe,novel,100,1,89,100,00056_ball::exemplar_0,00022_ankle::exemplar_0,0.6039161734864007,0.7114847374630983,0.0
loss_probe,novel,100,1,90,100,00143_bomb::exemplar_0,00142_bolt::exemplar_0,0.685633845253799,0.7074991374276722,0.0
loss_probe,novel,100,1,91,100,00177_brick::exemplar_0,00013_almond::exemplar_0,0.7264979077215882,0.6741027979912431,1.0
loss_probe,novel,100,1,92,100,00002_abacus::exemplar_0,00082_bathrobe::exemplar_0,0.6747956437323103,0.7175440726550883,0.0
loss_probe,novel,100,1,93,100,00113_binder::exemplar_0,00182_brownie::exemplar_0,0.7587133851061648,0.5650847046594225,1.0
loss_probe,novel,100,1,94,100,00196_bunkbed::exemplar_0,00175_breakfast::exemplar_0,0.6439726952736968,0.6310954899317632,1.0
loss_probe,novel,100,1,95,100,00012_alligator::exemplar_0,00060_banana_peel::exemplar_0,0.6079323801363176,0.7375687629641972,0.0
loss_probe,novel,100,1,96,100,00125_blimp::exemplar_0,00133_blowgun::exemplar_0,0.7442435454850423,0.6323548204979247,1.0
loss_probe,novel,100,1,97,100,00161_bowtie::exemplar_0,00099_bedpost::exemplar_0,0.6754740373440355,0.7066065332209506,0.0
loss_probe,novel,100,1,98,100,00138_board_game::exemplar_0,00109_berry::exemplar_0,0.6786662700591773,0.6086922133390356,1.0
loss_probe,novel,100,1,99,100,00017_aluminum_foil::exemplar_0,00051_badger::exemplar_0,0.7475698784186505,0.588257729967107,1.0
loss_probe,novel,100,1,100,100,00009_airboat::exemplar_0,00137_board::exemplar_0,0.716166734238238,0.8122337480473643,0.0
loss_probe,exemplar,1,1,1,1,00038_artichoke::exemplar_0,00038_artichoke::exemplar_1,0.9151883602992816,0.4126198695713068,1.0
loss_probe,exemplar,1,2,1,1,00190_bull::exemplar_0,00190_bull::exemplar_1,0.5388305068513617,0.19605047510232834,1.0
loss_probe,exemplar,1,3,1,1,00041_asparagus::exemplar_0,00041_asparagus::exemplar_1,0.9246349435591157,0.5103709692077483,1.0
loss_probe,exemplar,1,4,1,1,00145_bongo::exemplar_0,00145_bongo::exemplar_1,0.7721855646108439,0.4458330948401495,1.0
loss_probe,exemplar,1,5,1,1,00044_axe::exemplar_0,00044_axe::exemplar_1,0.1967180250252141,0.49834709836925445,0.0
loss_probe,exemplar,1,6,1,1,00162_box::exemplar_0,00162_box::exemplar_1,0.48894307252880415,0.34104388949114994,1.0
loss_probe,exemplar,1,7,1,1,00110_bib::exemplar_0,00110_bib::exemplar_1,0.540890985701603,0.42822738051307296,1.0
loss_probe,exemplar,1,8,1,1,00015_alpaca::exemplar_0,00015_alpaca::exemplar_1,0.5869002605132743,0.246338179567217,1.0
loss_probe,exemplar,1,9,1,1,00154_bouquet::exemplar_0,00154_bouquet::exemplar_1,0.7625360066021772,0.33357181476026665,1.0
loss_probe,exemplar,1,10,1,1,00111_bikini::exemplar_0,00111_bikini::exemplar_1,0.7641701233449996,0.6317576018516967,1.0
loss_probe,exemplar,1,11,1,1,00198_burner::exemplar_0,00198_burner::exemplar_1,0.3701894035934597,0.7585226002436803,0.0
loss_probe,exemplar,1,12,1,1,00032_apron::exemplar_0,00032_apron::exemplar_1,0.2237859513442263,0.3236102759279918,0.0
loss_probe,exemplar,1,13,1,1,00126_blind::exemplar_0,00126_blind::exemplar_1,0.833505130929436,0.025004889298590693,1.0
loss_probe,exemplar,1,14,1,1,00106_bell_pepper::exemplar_0,00106_bell_pepper::exemplar_1,0.9736398600844043,0.23931330166461334,1.0
loss_probe,exemplar,1,15,1,1,00142_bolt::exemplar_0,00142_bolt::exemplar_1,0.5464389762508468,0.8019986848636956,0.0
loss_probe,exemplar,1,16,1,1,00054_bagpipe::exemplar_0,00054_bagpipe::exemplar_1,0.8440570337249523,0.7464656185155537,1.0
loss_probe,exemplar,1,17,1,1,00040_ashtray::exemplar_0,00040_ashtray::exemplar_1,0.528178266080131,0.2815524197908491,1.0
loss_probe,exemplar,1,18,1,1,00159_bowler_hat::exemplar_0,00159_bowler_hat::exemplar_1,0.13480468665599962,0.10814388083243626,1.0
loss_probe,exemplar,1,19,1,1,00097_bed::exemplar_0,00097_bed::exemplar_1,0.3436839564582111,0.16518108901528925,1.0
loss_probe,exemplar,1,20,1,1,00006_air_mattress::exemplar_0,00006_air_mattress::exemplar_1,0.3757022765062692,0.43072468634808314,0.0
loss_probe,exemplar,1,21,1,1,00102_beer::exemplar_0,00102_beer::exemplar_1,0.8500306773039635,0.7717889812490553,1.0
loss_probe,exemplar,1,22,1,1,00101_beehive::exemplar_0,00101_beehive::exemplar_1,0.8314438125699484,0.44159935039774073,1.0
loss_probe,exemplar,1,23,1,1,00088_bazooka::exemplar_0,00088_bazooka::exemplar_1,0.19393383400742548,0.04291352765411377,1.0
loss_probe,exemplar,1,24,1,1,00110_bib::exemplar_0,00110_bib::exemplar_1,0.540890985701603,0.42822738051307296,1.0
loss_probe,exemplar,1,25,1,1,00103_beet::exemplar_0,00103_beet::exemplar_1,0.7400164293080721,0.7885696667058223,0.0
loss_probe,exemplar,1,26,1,1,00074_baseball::exemplar_0,00074_baseball::exemplar_1,0.7780727253812887,0.8907264092828707,0.0
loss_probe,exemplar,1,27,1,1,00021_anchor::exemplar_0,00021_anchor::exemplar_1,0.43893339710294754,0.1386682421018437,1.0
loss_probe,exemplar,1,28,1,1,00143_bomb::exemplar_0,00143_bomb::exemplar_1,0.24086122256847584,0.27391011452562586,0.0
loss_probe,exemplar,1,29,1,1,00063_bandanna::exemplar_0,00063_bandanna::exemplar_1,0.6194833597932707,0.5203880646602324,1.0
loss_probe,exemplar,1,30,1,1,00103_beet::exemplar_0,00103_beet::exemplar_1,0.7400164293080721,0.7885696667058223,0.0
loss_probe,exemplar,1,31,1,1,00044_axe::exemplar_0,00044_axe::exemplar_1,0.1967180250252141,0.49834709836925445,0.0
loss_probe,exemplar,1,32,1,1,00153_boulder::exemplar_0,00153_boulder::exemplar_1,0.8972789596543879,0.19669509644610217,1.0
loss_probe,exemplar,1,33,1,1,00193_bulletproof_vest::exemplar_0,00193_bulletproof_vest::exemplar_1,0.29407941526869763,0.1506084538219912,1.0
loss_probe,exemplar,1,34,1,1,00143_bomb::exemplar_0,00143_bomb::exemplar_1,0.24086122256847584,0.27391011452562586,0.0
loss_probe,exemplar,1,35,1,1,00013_almond::exemplar_0,00013_almond::exemplar_1,0.9732445503021446,0.818787521521932,1.0
loss_probe,exemplar,1,36,1,1,00119_biscuit::exemplar_0,00119_biscuit::exemplar_1,0.28819982521270465,0.30924872040783247,0.0
loss_probe,exemplar,1,37,1,1,00113_binder::exemplar_0,00113_binder::exemplar_1,0.1778510533475742,0.09136581714010332,1.0
loss_probe,exemplar,1,38,1,1,00027_anvil::exemplar_0,00027_anvil::exemplar_1,0.20295677359824207,0.1483109762913355,1.0
loss_probe,exemplar,1,39,1,1,00138_board_game::exemplar_0,00138_board_game::exemplar_1,0.9659569671652067,0.9493741469927183,1.0
loss_probe,exemplar,1,40,1,1,00193_bulletproof_vest::exemplar_0,00193_bulletproof_vest::exemplar_1,0.29407941526869763,0.1506084538219912,1.0
loss_probe,exemplar,1,41,1,1,00132_blowfish::exemplar_0,00132_blowfish::exemplar_1,0.8194985150305366,0.18806485068102397,1.0
loss_probe,exemplar,1,42,1,1,00185_bubble::exemplar_0,00185_bubble::exemplar_1,0.8392714209927413,0.41760944664995236,1.0
loss_probe,exemplar,1,43,1,1,00116_birdbath::exemplar_0,00116_birdbath::exemplar_1,0.3007874802269291,0.8301498900218146,0.0
loss_probe,exemplar,1,44,1,1,00191_bulldozer::exemplar_0,00191_bulldozer::exemplar_1,0.9629623714628565,0.21017804797714892,1.0
loss_probe,exemplar,1,45,1,1,00037_arrow::exemplar_0,00037_arrow::exemplar_1,0.8783264477100731,0.7398246565609103,1.0
loss_probe,exemplar,1,46,1,1,00200_bus::exemplar_0,00200_bus::exemplar_1,0.5835021958408919,0.3975400878424819,1.0
loss_probe,exemplar,1,47,1,1,00143_bomb::exemplar_0,00143_bomb::exemplar_1,0.24086122256847584,0.27391011452562586,0.0
loss_probe,exemplar,1,48,1,1,00012_alligator::exemplar_0,00012_alligator::exemplar_1,0.6487741597348904,0.18716849990985887,1.0
loss_probe,exemplar,1,49,1,1,00143_bomb::exemplar_0,00143_bomb::exemplar_1,0.24086122256847584,0.27391011452562586,0.0
loss_probe,exemplar,1,50,1,1,00186_bubble_wrap::exemplar_0,00186_bubble_wrap::exemplar_1,0.8868465089299512,0.01860951245107602,1.0
loss_probe,exemplar,1,51,1,1,00049_bacon::exemplar_0,00049_bacon::exemplar_1,0.7746237563597008,0.8488640143562064,0.0
loss_probe,exemplar,1,52,1,1,00007_air_pump::exemplar_0,00007_air_pump::exemplar_1,0.4248979347749749,0.1760019353507912,1.0
loss_probe,exemplar,1,53,1,1,00062_bandage::exemplar_0,00062_bandage::exemplar_1,0.5263930460605838,0.5566030939513794,0.0
loss_probe,exemplar,1,54,1,1,00112_bin::exemplar_0,00112_bin::exemplar_1,0.9338597821282187,0.26080832026869094,1.0
loss_probe,exemplar,1,55,1,1,00012_alligator::exemplar_0,00012_alligator::exemplar_1,0.6487741597348904,0.18716849990985887,1.0
loss_probe,exemplar,1,56,1,1,00128_blindfold::exemplar_0,00128_blindfold::exemplar_1,0.18705207726381112,0.3296649457567647,0.0
loss_probe,exemplar,1,57,1,1,00070_bark::exemplar_0,00070_bark::exemplar_1,0.812282147750991,0.2586010575170762,1.0
loss_probe,exemplar,1,58,1,1,00109_berry::exemplar_0,00109_berry::exemplar_1,0.7128310770192949,0.9418857948578774,0.0
loss_probe,exemplar,1,59,1,1,00011_album::exemplar_0,00011_album::exemplar_1,0.3644736943579692,0.32152140118848527,1.0
loss_probe,exemplar,1,60,1,1,00199_burrito::exemplar_0,00199_burrito::exemplar_1,0.3011651916530752,0.13572239147497792,1.0
loss_probe,exemplar,1,61,1,1,00090_bead::exemplar_0,00090_bead::exemplar_1,0.5444890950893363,0.8995519726039086,0.0
loss_probe,exemplar,1,62,1,1,00049_bacon::exemplar_0,00049_bacon::exemplar_1,0.7746237563597008,0.8488640143562064,0.0
loss_probe,exemplar,1,63,1,1,00190_bull::exemplar_0,00190_bull::exemplar_1,0.5388305068513617,0.19605047510232834,1.0
loss_probe,exemplar,1,64,1,1,00118_birdhouse::exemplar_0,00118_birdhouse::exemplar_1,0.8553059948074623,0.304489903917339,1.0
loss_probe,exemplar,1,65,1,1,00103_beet::exemplar_0,00103_beet::exemplar_1,0.7400164293080721,0.7885696667058223,0.0
loss_probe,exemplar,1,66,1,1,00158_bowl::exemplar_0,00158_bowl::exemplar_1,0.6049691375533134,0.4169741925677999,1.0
loss_probe,exemplar,1,67,1,1,00041_asparagus::exemplar_0,00041_asparagus::exemplar_1,0.9246349435591157,0.5103709692077483,1.0
loss_probe,exemplar,1,68,1,1,00113_binder::exemplar_0,00113_binder::exemplar_1,0.1778510533475742,0.09136581714010332,1.0
loss_probe,exemplar,1,69,1,1,00198_burner::exemplar_0,00198_burner::exemplar_1,0.3701894035934597,0.7585226002436803,0.0
loss_probe,exemplar,1,70,1,1,00053_bagel::exemplar_0,00053_bagel::exemplar_1,0.898841753447923,0.5934952334412232,1.0
loss_probe,exemplar,1,71,1,1,00111_bikini::exemplar_0,00111_bikini::exemplar_1,0.7641701233449996,0.6317576018516967,1.0
loss_probe,exemplar,1,72,1,1,00194_bumper::exemplar_0,00194_bumper::exemplar_1,0.4106562164721622,0.8952369529123883,0.0
loss_probe,exemplar,1,73,1,1,00146_bonsai::exemplar_0,00146_bonsai::exemplar_1,0.5741267336845972,0.6424430251828636,0.0
loss_probe,exemplar,1,74,1,1,00101_beehive::exemplar_0,00101_beehive::exemplar_1,0.8314438125699484,0.44159935039774073,1.0
loss_probe,exemplar,1,75,1,1,00015_alpaca::exemplar_0,00015_alpaca::exemplar_1,0.5869002605132743,0.246338179567217,1.0
loss_probe,exemplar,1,76,1,1,00101_beehive::exemplar_0,00101_beehive::exemplar_1,0.8314438125699484,0.44159935039774073,1.0
loss_probe,exemplar,1,77,1,1,00104_beetle::exemplar_0,00104_beetle::exemplar_1,0.47388618009738664,0.14610657748312703,1.0
loss_probe,exemplar,1,78,1,1,00057_balloon::exemplar_0,00057_balloon::exemplar_1,0.8301482212057082,0.47653294829305337,1.0
loss_probe,exemplar,1,79,1,1,00170_braid::exemplar_0,00170_braid::exemplar_1,0.44218807331008203,0.27095474194422003,1.0
loss_probe,exemplar,1,80,1,1,00189_buffet::exemplar_0,00189_buffet::exemplar_1,0.7197603737216521,0.8886642694993039,0.0
loss_probe,exemplar,1,81,1,1,00049_bacon::exemplar_0,00049_bacon::exemplar_1,0.7746237563597008,0.8488640143562064,0.0
loss_probe,exemplar,1,82,1,1,00145_bongo::exemplar_0,00145_bongo::exemplar_1,0.7721855646108439,0.4458330948401495,1.0
loss_probe,exemplar,1,83,1,1,00109_berry::exemplar_0,00109_berry::exemplar_1,0.7128310770192949,0.9418857948578774,0.0
loss_probe,exemplar,1,84,1,1,00053_bagel::exemplar_0,00053_bagel::exemplar_1,0.898841753447923,0.5934952334412232,1.0
loss_probe,exemplar,1,85,1,1,00010_airplane::exemplar_0,00010_airplane::exemplar_1,0.6968905758140199,0.863120472286827,0.0
loss_probe,exemplar,1,86,1,1,00010_airplane::exemplar_0,00010_airplane::exemplar_1,0.6968905758140199,0.863120472286827,0.0
loss_probe,exemplar,1,87,1,1,00179_broccoli::exemplar_0,00179_broccoli::exemplar_1,0.7814098738561024,0.620333149787415,1.0
loss_probe,exemplar,1,88,1,1,00005_air_conditioner::exemplar_0,00005_air_conditioner::exemplar_1,0.5613161740213253,0.32190375932715853,1.0
loss_probe,exemplar,1,89,1,1,00115_bird::exemplar_0,00115_bird::exemplar_1,0.8590714066214615,0.9998326993717299,0.0
loss_probe,exemplar,1,90,1,1,00135_boa::exemplar_0,00135_boa::exemplar_1,0.6881731197925781,0.44448857240634193,1.0
loss_probe,exemplar,1,91,1,1,00186_bubble_wrap::exemplar_0,00186_bubble_wrap::exemplar_1,0.8868465089299512,0.01860951245107602,1.0
loss_probe,exemplar,1,92,1,1,00176_breathalyzer::exemplar_0,00176_breathalyzer::exemplar_1,0.8625334530984086,0.7598060164573536,1.0
loss_probe,exemplar,1,93,1,1,00157_bow3::exemplar_0,00157_bow3::exemplar_1,0.8715262414988638,0.8609949719548692,1.0
loss_probe,exemplar,1,94,1,1,00101_beehive::exemplar_0,00101_beehive::exemplar_1,0.8314438125699484,0.44159935039774073,1.0
loss_probe,exemplar,1,95,1,1,00103_beet::exemplar_0,00103_beet::exemplar_1,0.7400164293080721,0.7885696667058223,0.0
loss_probe,exemplar,1,96,1,1,00130_blouse::exemplar_0,00130_blouse::exemplar_1,0.26443101538830205,0.4194756220609874,0.0
loss_probe,exemplar,1,97,1,1,00034_arch::exemplar_0,00034_arch::exemplar_1,0.41834034006280185,0.4107433856113746,1.0
loss_probe,exemplar,1,98,1,1,00117_birdcage::exemplar_0,00117_birdcage::exemplar_1,0.4335264815531843,0.3526550271491995,1.0
loss_probe,exemplar,1,99,1,1,00023_anklet::exemplar_0,00023_anklet::exemplar_1,0.5868655423447415,0.6106377118163763,0.0
loss_probe,exemplar,1,100,1,1,00127_blinder::exemplar_0,00127_blinder::exemplar_1,0.8523213134535526,0.21339191950716951,1.0
loss_probe,exemplar,10,1,1,10,00126_blind::exemplar_0,00126_blind::exemplar_1,0.5353960492354249,0.3000136967400642,1.0
loss_probe,exemplar,10,1,2,10,00151_boot::exemplar_0,00151_boot::exemplar_1,0.4101463957530041,0.35441284313127197,1.0
loss_probe,exemplar,10,1,3,10,00161_bowtie::exemplar_0,00161_bowtie::exemplar_1,0.5215812395038051,0.43968840947591814,1.0
loss_probe,exemplar,10,1,4,10,00115_bird::exemplar_0,00115_bird::exemplar_1,0.47025237636773926,0.8261901239248953,0.0
loss_probe,exemplar,10,1,5,10,00021_anchor::exemplar_0,00021_anchor::exemplar_1,0.41398460698541584,0.49918208007307074,0.0
loss_probe,exemplar,10,1,6,10,00137_board::exemplar_0,00137_board::exemplar_1,0.6543911049070424,0.5223015684035339,1.0
loss_probe,exemplar,10,1,7,10,00132_blowfish::exemplar_0,00132_blowfish::exemplar_1,0.4105576859056262,0.2874115029005216,1.0
loss_probe,exemplar,10,1,8,10,00177_brick::exemplar_0,00177_brick::exemplar_1,0.699400527109906,0.551215540432427,1.0
loss_probe,exemplar,10,1,9,10,00131_blower::exemplar_0,00131_blower::exemplar_1,0.43237776012680973,0.2548809449314142,1.0
loss_probe,exemplar,10,1,10,10,00004_acorn::exemplar_0,00004_acorn::exemplar_1,0.5621741046846535,0.44044244859263637,1.0
loss_probe,exemplar,10,2,1,10,00016_altar::exemplar_0,00016_altar::exemplar_1,0.3801807165773738,0.365547923395832,1.0
loss_probe,exemplar,10,2,2,10,00182_brownie::exemplar_0,00182_brownie::exemplar_1,0.4365481157708479,0.40883998461271776,1.0
loss_probe,exemplar,10,2,3,10,00126_blind::exemplar_0,00126_blind::exemplar_1,0.5271190434267158,0.28758660125906504,1.0
loss_probe,exemplar,10,2,4,10,00164_boxing_gloves::exemplar_0,00164_boxing_gloves::exemplar_1,0.5549286561688157,0.412211770586424,1.0
loss_probe,exemplar,10,2,5,10,00046_backdrop::exemplar_0,00046_backdrop::exemplar_1,0.5328446469401581,0.3591296971031893,1.0
loss_probe,exemplar,10,2,6,10,00062_bandage::exemplar_0,00062_bandage::exemplar_1,0.5998013043524385,0.3804249979107418,1.0
loss_probe,exemplar,10,2,7,10,00186_bubble_wrap::exemplar_0,00186_bubble_wrap::exemplar_1,0.5155082507867672,0.23695864113319234,1.0
loss_probe,exemplar,10,2,8,10,00030_apple_tree::exemplar_0,00030_apple_tree::exemplar_1,0.5273163899203211,0.4836213456612529,1.0
loss_probe,exemplar,10,2,9,10,00008_airbag::exemplar_0,00008_airbag::exemplar_1,0.38073706521274364,0.39042744044419037,0.0
loss_probe,exemplar,10,2,10,10,00108_belt_buckle::exemplar_0,00108_belt_buckle::exemplar_1,0.4484047336733674,0.4703487734664918,0.0
loss_probe,exemplar,10,3,1,10,00180_brooch::exemplar_0,00180_brooch::exemplar_1,0.3133538722763965,0.4002949615148147,0.0
loss_probe,exemplar,10,3,2,10,00144_bone::exemplar_0,00144_bone::exemplar_1,0.3902466125494399,0.5318075554175661,0.0
loss_probe,exemplar,10,3,3,10,00053_bagel::exemplar_0,00053_bagel::exemplar_1,0.5110986829570695,0.3843881574942999,1.0
loss_probe,exemplar,10,3,4,10,00120_bison::exemplar_0,00120_bison::exemplar_1,0.4430734227735298,0.5227812233783973,0.0
loss_probe,exemplar,10,3,5,10,00123_blazer::exemplar_0,00123_blazer::exemplar_1,0.43705109122206964,0.39227178938574775,1.0
loss_probe,exemplar,10,3,6,10,00010_airplane::exemplar_0,00010_airplane::exemplar_1,0.5134459629423195,0.4076554006397117,1.0
loss_probe,exemplar,10,3,7,10,00107_belt::exemplar_0,00107_belt::exemplar_1,0.4773799784155519,0.3204185220782473,1.0
loss_probe,exemplar,10,3,8,10,00011_album::exemplar_0,00011_album::exemplar_1,0.4132892250045699,0.3861357598384146,1.0
loss_probe,exemplar,10,3,9,10,00052_bag::exemplar_0,00052_bag::exemplar_1,0.3913452688076708,0.38083191552336143,1.0
loss_probe,exemplar,10,3,10,10,00071_barnacle::exemplar_0,00071_barnacle::exemplar_1,0.5223754045450247,0.42364131444666403,1.0
loss_probe,exemplar,10,4,1,10,00188_buckle::exemplar_0,00188_buckle::exemplar_1,0.5328753891656249,0.45361330775164926,1.0
loss_probe,exemplar,10,4,2,10,00128_blindfold::exemplar_0,00128_blindfold::exemplar_1,0.5488840111813079,0.528702195274934,1.0
loss_probe,exemplar,10,4,3,10,00135_boa::exemplar_0,00135_boa::exemplar_1,0.47260881157137286,0.29426712597924015,1.0
loss_probe,exemplar,10,4,4,10,00039_arugula::exemplar_0,00039_arugula::exemplar_1,0.4823338768387224,0.47662727939628735,1.0
loss_probe,exemplar,10,4,5,10,00038_artichoke::exemplar_0,00038_artichoke::exemplar_1,0.5356934760924839,0.4679644226553186,1.0
loss_probe,exemplar,10,4,6,10,00040_ashtray::exemplar_0,00040_ashtray::exemplar_1,0.5315207456855113,0.5012865620723936,1.0
loss_probe,exemplar,10,4,7,10,00185_bubble::exemplar_0,00185_bubble::exemplar_1,0.41141249779625716,0.41013443910081787,1.0
loss_probe,exemplar,10,4,8,10,00005_air_conditioner::exemplar_0,00005_air_conditioner::exemplar_1,0.43749559060893795,0.45192951279491334,0.0
loss_probe,exemplar,10,4,9,10,00046_backdrop::exemplar_0,00046_backdrop::exemplar_1,0.5381225385100108,0.4221118430294035,1.0
loss_probe,exemplar,10,4,10,10,00145_bongo::exemplar_0,00145_bongo::exemplar_1,0.5669839429945138,0.49677857296500394,1.0
loss_probe,exemplar,10,5,1,10,00018_amber::exemplar_0,00018_amber::exemplar_1,0.39689396068501004,0.6235056198905302,0.0
loss_probe,exemplar,10,5,2,10,00076_basket::exemplar_0,00076_basket::exemplar_1,0.5298046085139538,0.5091811100137656,1.0
loss_probe,exemplar,10,5,3,10,00044_axe::exemplar_0,00044_axe::exemplar_1,0.5253345935771424,0.5009077851697861,1.0
loss_probe,exemplar,10,5,4,10,00179_broccoli::exemplar_0,00179_broccoli::exemplar_1,0.516836090562082,0.4002594231426222,1.0
loss_probe,exemplar,10,5,5,10,00122_blanket::exemplar_0,00122_blanket::exemplar_1,0.5131678772204117,0.3623199146050201,1.0
loss_probe,exemplar,10,5,6,10,00050_badge::exemplar_0,00050_badge::exemplar_1,0.42788959604487725,0.4320888210401012,0.0
loss_probe,exemplar,10,5,7,10,00171_brake::exemplar_0,00171_brake::exemplar_1,0.4033049765115842,0.2931899503810078,1.0
loss_probe,exemplar,10,5,8,10,00127_blinder::exemplar_0,00127_blinder::exemplar_1,0.5079553984000519,0.4644373857524499,1.0
loss_probe,exemplar,10,5,9,10,00001_aardvark::exemplar_0,00001_aardvark::exemplar_1,0.4153571578563891,0.4733536477560975,0.0
loss_probe,exemplar,10,5,10,10,00155_bow1::exemplar_0,00155_bow1::exemplar_1,0.49862756380050083,0.4909724779780796,1.0
loss_probe,exemplar,10,6,1,10,00184_brussels_sprouts::exemplar_0,00184_brussels_sprouts::exemplar_1,0.5128903022921192,0.4867474870447235,1.0
loss_probe,exemplar,10,6,2,10,00064_banjo::exemplar_0,00064_banjo::exemplar_1,0.38705096923121296,0.32546515864706693,1.0
loss_probe,exemplar,10,6,3,10,00018_amber::exemplar_0,00018_amber::exemplar_1,0.38463743063866157,0.5702991701400117,0.0
loss_probe,exemplar,10,6,4,10,00120_bison::exemplar_0,00120_bison::exemplar_1,0.4131827980177711,0.4891336698377771,0.0
loss_probe,exemplar,10,6,5,10,00200_bus::exemplar_0,00200_bus::exemplar_1,0.3034798984037278,0.31808169485202137,0.0
loss_probe,exemplar,10,6,6,10,00030_apple_tree::exemplar_0,00030_apple_tree::exemplar_1,0.4975291049385173,0.4588265311677523,1.0
loss_probe,exemplar,10,6,7,10,00017_aluminum_foil::exemplar_0,00017_aluminum_foil::exemplar_1,0.48160289085777774,0.3467094711698099,1.0
loss_probe,exemplar,10,6,8,10,00185_bubble::exemplar_0,00185_bubble::exemplar_1,0.4203414370349932,0.38364565132014306,1.0
loss_probe,exemplar,10,6,9,10,00153_boulder::exemplar_0,00153_boulder::exemplar_1,0.691776489967613,0.45172585975138935,1.0
loss_probe,exemplar,10,6,10,10,00100_bee::exemplar_0,00100_bee::exemplar_1,0.5560278799589405,0.3203268589696175,1.0
loss_probe,exemplar,10,7,1,10,00135_boa::exemplar_0,00135_boa::exemplar_1,0.4589389454321738,0.2895961173887845,1.0
loss_probe,exemplar,10,7,2,10,00179_broccoli::exemplar_0,00179_broccoli::exemplar_1,0.4832975378543833,0.41678287473240994,1.0
loss_probe,exemplar,10,7,3,10,00046_backdrop::exemplar_0,00046_backdrop::exemplar_1,0.5194358456960324,0.36675685564909466,1.0
loss_probe,exemplar,10,7,4,10,00050_badge::exemplar_0,00050_badge::exemplar_1,0.3911925164436294,0.4401870707471005,0.0
loss_probe,exemplar,10,7,5,10,00145_bongo::exemplar_0,00145_bongo::exemplar_1,0.4694125004744731,0.4285711707113132,1.0
loss_probe,exemplar,10,7,6,10,00015_alpaca::exemplar_0,00015_alpaca::exemplar_1,0.241563254938406,0.30686072806168907,0.0
loss_probe,exemplar,10,7,7,10,00188_buckle::exemplar_0,00188_buckle::exemplar_1,0.5202639572273513,0.47624784854818814,1.0
loss_probe,exemplar,10,7,8,10,00008_airbag::exemplar_0,00008_airbag::exemplar_1,0.38587656276285925,0.4007406701580464,0.0
loss_probe,exemplar,10,7,9,10,00098_bedpan::exemplar_0,00098_bedpan::exemplar_1,0.765677456252656,0.39048680103632966,1.0
loss_probe,exemplar,10,7,10,10,00160_bowling_ball::exemplar_0,00160_bowling_ball::exemplar_1,0.3567702637652801,0.475657335266055,0.0
loss_probe,exemplar,10,8,1,10,00053_bagel::exemplar_0,00053_bagel::exemplar_1,0.5448428962499337,0.37388096515171604,1.0
loss_probe,exemplar,10,8,2,10,00185_bubble::exemplar_0,00185_bubble::exemplar_1,0.4181031091061293,0.4873426421445314,0.0
loss_probe,exemplar,10,8,3,10,00116_birdbath::exemplar_0,00116_birdbath::exemplar_1,0.4377943840052985,0.3679704414405098,1.0
loss_probe,exemplar,10,8,4,10,00174_breadstick::exemplar_0,00174_breadstick::exemplar_1,0.510380486510292,0.507430650968261,1.0
loss_probe,exemplar,10,8,5,10,00085_baton2::exemplar_0,00085_baton2::exemplar_1,0.46576533045400836,0.4197768429787108,1.0
loss_probe,exemplar,10,8,6,10,00037_arrow::exemplar_0,00037_arrow::exemplar_1,0.8735493454774977,0.4374066594385605,1.0
loss_probe,exemplar,10,8,7,10,00115_bird::exemplar_0,00115_bird::exemplar_1,0.47843569039340367,0.7977202668770326,0.0
loss_probe,exemplar,10,8,8,10,00161_bowtie::exemplar_0,00161_bowtie::exemplar_1,0.5272586282349027,0.4340844635031326,1.0
loss_probe,exemplar,10,8,9,10,00154_bouquet::exemplar_0,00154_bouquet::exemplar_1,0.37081252078983107,0.28491200964105007,1.0
loss_probe,exemplar,10,8,10,10,00163_boxer_shorts::exemplar_0,00163_boxer_shorts::exemplar_1,0.5990286449942843,0.31964761079527626,1.0
loss_probe,exemplar,10,9,1,10,00197_buoy::exemplar_0,00197_buoy::exemplar_1,0.5021097953507063,0.41007464613164313,1.0
loss_probe,exemplar,10,9,2,10,00045_baby::exemplar_0,00045_baby::exemplar_1,0.41723207464460466,0.2646223823712714,1.0
loss_probe,exemplar,10,9,3,10,00036_armor::exemplar_0,00036_armor::exemplar_1,0.46645709636224425,0.37357579668769725,1.0
loss_probe,exemplar,10,9,4,10,00062_bandage::exemplar_0,00062_bandage::exemplar_1,0.5911904411860177,0.4198615104711957,1.0
loss_probe,exemplar,10,9,5,10,00149_bookshelf::exemplar_0,00149_bookshelf::exemplar_1,0.5900300100164363,0.4925181311330156,1.0
loss_probe,exemplar,10,9,6,10,00134_blueberry::exemplar_0,00134_blueberry::exemplar_1,0.5040602951064291,0.4670438798719465,1.0
loss_probe,exemplar,10,9,7,10,00180_brooch::exemplar_0,00180_brooch::exemplar_1,0.37672308741529253,0.40914158044992455,0.0
loss_probe,exemplar,10,9,8,10,00183_brush::exemplar_0,00183_brush::exemplar_1,0.5137886107963633,0.5498638907563758,0.0
loss_probe,exemplar,10,9,9,10,00147_book::exemplar_0,00147_book::exemplar_1,0.5539334920691156,0.4372697791268173,1.0
loss_probe,exemplar,10,9,10,10,00179_broccoli::exemplar_0,00179_broccoli::exemplar_1,0.5200043346908442,0.3902047673152754,1.0
loss_probe,exemplar,10,10,1,10,00020_amplifier::exemplar_0,00020_amplifier::exemplar_1,0.3061853550016401,0.3856049809101163,0.0
loss_probe,exemplar,10,10,2,10,00129_block::exemplar_0,00129_block::exemplar_1,0.559486481815688,0.2775457421938441,1.0
loss_probe,exemplar,10,10,3,10,00185_bubble::exemplar_0,00185_bubble::exemplar_1,0.37010955142952945,0.3482200963656466,1.0
loss_probe,exemplar,10,10,4,10,00110_bib::exemplar_0,00110_bib::exemplar_1,0.45852775982374894,0.36955221830143353,1.0
loss_probe,exemplar,10,10,5,10,00132_blowfish::exemplar_0,00132_blowfish::exemplar_1,0.398374080462442,0.23446257978129378,1.0
loss_probe,exemplar,10,10,6,10,00044_axe::exemplar_0,00044_axe::exemplar_1,0.4748362886777942,0.469723994311989,1.0
loss_probe,exemplar,10,10,7,10,00103_beet::exemplar_0,00103_beet::exemplar_1,0.5743092606233023,0.45044217143245785,1.0
loss_probe,exemplar,10,10,8,10,00159_bowler_hat::exemplar_0,00159_bowler_hat::exemplar_1,0.5611431152003129,0.37462474901303566,1.0
loss_probe,exemplar,10,10,9,10,00106_bell_pepper::exemplar_0,00106_bell_pepper::exemplar_1,0.6390368056392036,0.38683889079638517,1.0
loss_probe,exemplar,10,10,10,10,00063_bandanna::exemplar_0,00063_bandanna::exemplar_1,0.436617890607007,0.41816637987177946,1.0
loss_probe,exemplar,100,1,1,100,00200_bus::exemplar_0,00200_bus::exemplar_1,0.5289254801336729,0.6483294212709733,0.0
loss_probe,exemplar,100,1,2,100,00080_bat2::exemplar_0,00080_bat2::exemplar_1,0.697008193200118,0.7754748984689638,0.0
loss_probe,exemplar,100,1,3,100,00074_baseball::exemplar_0,00074_baseball::exemplar_1,0.6786814243059879,0.6078035307131507,1.0
loss_probe,exemplar,100,1,4,100,00116_birdbath::exemplar_0,00116_birdbath::exemplar_1,0.6233255593488464,0.5726668321354773,1.0
loss_probe,exemplar,100,1,5,100,00193_bulletproof_vest::exemplar_0,00193_bulletproof_vest::exemplar_1,0.7433210485441187,0.6675858374415237,1.0
loss_probe,exemplar,100,1,6,100,00002_abacus::exemplar_0,00002_abacus::exemplar_1,0.6854691970668437,0.7151034094744535,0.0
loss_probe,exemplar,100,1,7,100,00028_appetizer::exemplar_0,00028_appetizer::exemplar_1,0.6492791236896676,0.5537429063264916,1.0
loss_probe,exemplar,100,1,8,100,00114_binoculars::exemplar_0,00114_binoculars::exemplar_1,0.5945727715550375,0.6300933707867307,0.0
loss_probe,exemplar,100,1,9,100,00118_birdhouse::exemplar_0,00118_birdhouse::exemplar_1,0.5694559283722432,0.6630473728841249,0.0
loss_probe,exemplar,100,1,10,100,00061_banana_split::exemplar_0,00061_banana_split::exemplar_1,0.6602158246708549,0.6265931108440084,1.0
loss_probe,exemplar,100,1,11,100,00183_brush::exemplar_0,00183_brush::exemplar_1,0.6283282521428099,0.6426648268407985,0.0
loss_probe,exemplar,100,1,12,100,00172_branch::exemplar_0,00172_branch::exemplar_1,0.694175098281979,0.5991892705722863,1.0
loss_probe,exemplar,100,1,13,100,00048_backpack::exemplar_0,00048_backpack::exemplar_1,0.7139069262463911,0.6218927994366164,1.0
loss_probe,exemplar,100,1,14,100,00068_barbell::exemplar_0,00068_barbell::exemplar_1,0.629093757874586,0.6662809444571101,0.0
loss_probe,exemplar,100,1,15,100,00006_air_mattress::exemplar_0,00006_air_mattress::exemplar_1,0.7546591256489038,0.6930559102950735,1.0
loss_probe,exemplar,100,1,16,100,00185_bubble::exemplar_0,00185_bubble::exemplar_1,0.6307770696311825,0.6891894556706641,0.0
loss_probe,exemplar,100,1,17,100,00119_biscuit::exemplar_0,00119_biscuit::exemplar_1,0.6955125213056509,0.632289481941158,1.0
loss_probe,exemplar,100,1,18,100,00056_ball::exemplar_0,00056_ball::exemplar_1,0.6037896910972083,0.6412515673319239,0.0
loss_probe,exemplar,100,1,19,100,00144_bone::exemplar_0,00144_bone::exemplar_1,0.5736742430230745,0.6838211213535939,0.0
loss_probe,exemplar,100,1,20,100,00071_barnacle::exemplar_0,00071_barnacle::exemplar_1,0.6160848152126587,0.7128193079713144,0.0
loss_probe,exemplar,100,1,21,100,00156_bow2::exemplar_0,00156_bow2::exemplar_1,0.777612636040871,0.7577872874466641,1.0
loss_probe,exemplar,100,1,22,100,00138_board_game::exemplar_0,00138_board_game::exemplar_1,0.6455676319913013,0.637780384310819,1.0
loss_probe,exemplar,100,1,23,100,00155_bow1::exemplar_0,00155_bow1::exemplar_1,0.6919230218195546,0.6237456739990922,1.0
loss_probe,exemplar,100,1,24,100,00001_aardvark::exemplar_0,00001_aardvark::exemplar_1,0.56554499155816,0.5155854060231028,1.0
loss_probe,exemplar,100,1,25,100,00170_braid::exemplar_0,00170_braid::exemplar_1,0.6757060493020631,0.710217677255458,0.0
loss_probe,exemplar,100,1,26,100,00149_bookshelf::exemplar_0,00149_bookshelf::exemplar_1,0.6983598630325842,0.6269015421187696,1.0
loss_probe,exemplar,100,1,27,100,00033_aquarium::exemplar_0,00033_aquarium::exemplar_1,0.6635824743029799,0.634854859203032,1.0
loss_probe,exemplar,100,1,28,100,00109_berry::exemplar_0,00109_berry::exemplar_1,0.6017432986500617,0.5879228211367548,1.0
loss_probe,exemplar,100,1,29,100,00085_baton2::exemplar_0,00085_baton2::exemplar_1,0.6308664625317645,0.7766587493723538,0.0
loss_probe,exemplar,100,1,30,100,00062_bandage::exemplar_0,00062_bandage::exemplar_1,0.7399437872141648,0.6169909537984267,1.0
loss_probe,exemplar,100,1,31,100,00113_binder::exemplar_0,00113_binder::exemplar_1,0.7603181968222416,0.591994661457243,1.0
loss_probe,exemplar,100,1,32,100,00005_air_conditioner::exemplar_0,00005_air_conditioner::exemplar_1,0.6002298177112014,0.6552248261770389,0.0
loss_probe,exemplar,100,1,33,100,00103_beet::exemplar_0,00103_beet::exemplar_1,0.7238462255460467,0.7069819846877886,1.0
loss_probe,exemplar,100,1,34,100,00070_bark::exemplar_0,00070_bark::exemplar_1,0.6715156429945435,0.5959785537036115,1.0
loss_probe,exemplar,100,1,35,100,00026_antenna::exemplar_0,00026_antenna::exemplar_1,0.7013840538253537,0.7007483961584912,1.0
loss_probe,exemplar,100,1,36,100,00036_armor::exemplar_0,00036_armor::exemplar_1,0.7156598510877252,0.6838433170519324,1.0
loss_probe,exemplar,100,1,37,100,00010_airplane::exemplar_0,00010_airplane::exemplar_1,0.7197609965445328,0.6539736434557942,1.0
loss_probe,exemplar,100,1,38,100,00189_buffet::exemplar_0,00189_buffet::exemplar_1,0.6627590354401482,0.6766663891909187,0.0
loss_probe,exemplar,100,1,39,100,00196_bunkbed::exemplar_0,00196_bunkbed::exemplar_1,0.6412470292517325,0.6180996769963758,1.0
loss_probe,exemplar,100,1,40,100,00008_airbag::exemplar_0,00008_airbag::exemplar_1,0.6741507848967413,0.7161260247842952,0.0
loss_probe,exemplar,100,1,41,100,00019_ambulance::exemplar_0,00019_ambulance::exemplar_1,0.5705414414452915,0.5929298562425016,0.0
loss_probe,exemplar,100,1,42,100,00020_amplifier::exemplar_0,00020_amplifier::exemplar_1,0.5587200688049404,0.5389756355796301,1.0
loss_probe,exemplar,100,1,43,100,00029_apple::exemplar_0,00029_apple::exemplar_1,0.7259935388636051,0.608322426407773,1.0
loss_probe,exemplar,100,1,44,100,00094_beanie::exemplar_0,00094_beanie::exemplar_1,0.6407152102517184,0.5952428535044516,1.0
loss_probe,exemplar,100,1,45,100,00022_ankle::exemplar_0,00022_ankle::exemplar_1,0.709030457646155,0.803978115628422,0.0
loss_probe,exemplar,100,1,46,100,00046_backdrop::exemplar_0,00046_backdrop::exemplar_1,0.7349002405936442,0.5805641708330224,1.0
loss_probe,exemplar,100,1,47,100,00146_bonsai::exemplar_0,00146_bonsai::exemplar_1,0.7095790159943892,0.6266374832090396,1.0
loss_probe,exemplar,100,1,48,100,00125_blimp::exemplar_0,00125_blimp::exemplar_1,0.7278914144282027,0.6416459102890655,1.0
loss_probe,exemplar,100,1,49,100,00147_book::exemplar_0,00147_book::exemplar_1,0.5863734395997299,0.6910571095242661,0.0
loss_probe,exemplar,100,1,50,100,00120_bison::exemplar_0,00120_bison::exemplar_1,0.5306228837604161,0.6029832482023222,0.0
loss_probe,exemplar,100,1,51,100,00148_bookmark::exemplar_0,00148_bookmark::exemplar_1,0.6193946188472813,0.5597770467231354,1.0
loss_probe,exemplar,100,1,52,100,00177_brick::exemplar_0,00177_brick::exemplar_1,0.7254032998936388,0.7250813628301244,1.0
loss_probe,exemplar,100,1,53,100,00151_boot::exemplar_0,00151_boot::exemplar_1,0.7140267063244923,0.5785713195294978,1.0
loss_probe,exemplar,100,1,54,100,00131_blower::exemplar_0,00131_blower::exemplar_1,0.575566433527823,0.5296830364712105,1.0
loss_probe,exemplar,100,1,55,100,00169_bracket::exemplar_0,00169_bracket::exemplar_1,0.7234320214041456,0.5800511306393288,1.0
loss_probe,exemplar,100,1,56,100,00087_battery::exemplar_0,00087_battery::exemplar_1,0.7393697588317928,0.6202693739766939,1.0
loss_probe,exemplar,100,1,57,100,00142_bolt::exemplar_0,00142_bolt::exemplar_1,0.7048959519624293,0.638998575913931,1.0
loss_probe,exemplar,100,1,58,100,00089_beachball::exemplar_0,00089_beachball::exemplar_1,0.6575866461900379,0.6856231871509563,0.0
loss_probe,exemplar,100,1,59,100,00021_anchor::exemplar_0,00021_anchor::exemplar_1,0.6973047944752248,0.6364029487390817,1.0
loss_probe,exemplar,100,1,60,100,00105_bell::exemplar_0,00105_bell::exemplar_1,0.7222026769745244,0.7113780238219409,1.0
loss_probe,exemplar,100,1,61,100,00141_bologna::exemplar_0,00141_bologna::exemplar_1,0.6745236311827445,0.6830918301173508,0.0
loss_probe,exemplar,100,1,62,100,00180_brooch::exemplar_0,00180_brooch::exemplar_1,0.5800229846153695,0.6375933434505429,0.0
loss_probe,exemplar,100,1,63,100,00054_bagpipe::exemplar_0,00054_bagpipe::exemplar_1,0.7075000808310656,0.6960640578223333,1.0
loss_probe,exemplar,100,1,64,100,00088_bazooka::exemplar_0,00088_bazooka::exemplar_1,0.5547973899822108,0.6426558863657568,0.0
loss_probe,exemplar,100,1,65,100,00040_ashtray::exemplar_0,00040_ashtray::exemplar_1,0.7326724916573807,0.742207707151633,0.0
loss_probe,exemplar,100,1,66,100,00031_applesauce::exemplar_0,00031_applesauce::exemplar_1,0.7326228696121904,0.6971648982404912,1.0
loss_probe,exemplar,100,1,67,100,00136_boar::exemplar_0,00136_boar::exemplar_1,0.4580822145997054,0.6169411758751596,0.0
loss_probe,exemplar,100,1,68,100,00159_bowler_hat::exemplar_0,00159_bowler_hat::exemplar_1,0.7465061136431279,0.6162534898492278,1.0
loss_probe,exemplar,100,1,69,100,00100_bee::exemplar_0,00100_bee::exemplar_1,0.6465463345809529,0.5973863467702927,1.0
loss_probe,exemplar,100,1,70,100,00075_baseball_glove::exemplar_0,00075_baseball_glove::exemplar_1,0.5647832243899973,0.6316182555760991,0.0
loss_probe,exemplar,100,1,71,100,00127_blinder::exemplar_0,00127_blinder::exemplar_1,0.6927812333330494,0.7280220746624558,0.0
loss_probe,exemplar,100,1,72,100,00198_burner::exemplar_0,00198_burner::exemplar_1,0.6725544791485111,0.6388042171508571,1.0
loss_probe,exemplar,100,1,73,100,00107_belt::exemplar_0,00107_belt::exemplar_1,0.6687676120346014,0.661721819839651,1.0
loss_probe,exemplar,100,1,74,100,00140_bolo_tie::exemplar_0,00140_bolo_tie::exemplar_1,0.6510521770167622,0.7060390319493617,0.0
loss_probe,exemplar,100,1,75,100,00166_bra::exemplar_0,00166_bra::exemplar_1,0.6477321305912095,0.6380823417975234,1.0
loss_probe,exemplar,100,1,76,100,00064_banjo::exemplar_0,00064_banjo::exemplar_1,0.6890617741145914,0.5689754223344505,1.0
loss_probe,exemplar,100,1,77,100,00025_anteater::exemplar_0,00025_anteater::exemplar_1,0.539831943963296,0.6666130290485673,0.0
loss_probe,exemplar,100,1,78,100,00014_aloe::exemplar_0,00014_aloe::exemplar_1,0.712014424868523,0.7011792506710924,1.0
loss_probe,exemplar,100,1,79,100,00129_block::exemplar_0,00129_block::exemplar_1,0.7199388019693712,0.6066461703402086,1.0
loss_probe,exemplar,100,1,80,100,00069_barcode::exemplar_0,00069_barcode::exemplar_1,0.7332077679094197,0.702877323351351,1.0
loss_probe,exemplar,100,1,81,100,00050_badge::exemplar_0,00050_badge::exemplar_1,0.6203028989362455,0.6620190771562992,0.0
loss_probe,exemplar,100,1,82,100,00039_arugula::exemplar_0,00039_arugula::exemplar_1,0.6817270540714698,0.6913618046342981,0.0
loss_probe,exemplar,100,1,83,100,00186_bubble_wrap::exemplar_0,00186_bubble_wrap::exemplar_1,0.7095922868885814,0.6976993825743216,1.0
loss_probe,exemplar,100,1,84,100,00164_boxing_gloves::exemplar_0,00164_boxing_gloves::exemplar_1,0.7116586423919601,0.6658638068583604,1.0
loss_probe,exemplar,100,1,85,100,00134_blueberry::exemplar_0,00134_blueberry::exemplar_1,0.5152014735744707,0.559486969029756,0.0
loss_probe,exemplar,100,1,86,100,00058_ballot_box::exemplar_0,00058_ballot_box::exemplar_1,0.7084883924657933,0.6043758854098917,1.0
loss_probe,exemplar,100,1,87,100,00126_blind::exemplar_0,00126_blind::exemplar_1,0.6993410289975602,0.5415921407384525,1.0
loss_probe,exemplar,100,1,88,100,00191_bulldozer::exemplar_0,00191_bulldozer::exemplar_1,0.5649274291687992,0.5794342114839244,0.0
loss_probe,exemplar,100,1,89,100,00195_bungee::exemplar_0,00195_bungee::exemplar_1,0.6083109252259474,0.7480188052168143,0.0
loss_probe,exemplar,100,1,90,100,00137_board::exemplar_0,00137_board::exemplar_1,0.8222857504050817,0.7359640099681554,1.0
loss_probe,exemplar,100,1,91,100,00007_air_pump::exemplar_0,00007_air_pump::exemplar_1,0.7535123485342785,0.7424149550603847,1.0
loss_probe,exemplar,100,1,92,100,00055_baklava::exemplar_0,00055_baklava::exemplar_1,0.6317124156111453,0.5973801362884961,1.0
loss_probe,exemplar,100,1,93,100,00067_barbed_wire::exemplar_0,00067_barbed_wire::exemplar_1,0.6065493448498945,0.6737333776020981,0.0
loss_probe,exemplar,100,1,94,100,00117_birdcage::exemplar_0,00117_birdcage::exemplar_1,0.6513100289872185,0.6808571419270659,0.0
loss_probe,exemplar,100,1,95,100,00176_breathalyzer::exemplar_0,00176_breathalyzer::exemplar_1,0.6703199210096304,0.67130034712118,0.0
loss_probe,exemplar,100,1,96,100,00079_bat1::exemplar_0,00079_bat1::exemplar_1,0.6908796594305268,0.5919232458056172,1.0
loss_probe,exemplar,100,1,97,100,00197_buoy::exemplar_0,00197_buoy::exemplar_1,0.7913947727639715,0.6492562884145731,1.0
loss_probe,exemplar,100,1,98,100,00027_anvil::exemplar_0,00027_anvil::exemplar_1,0.6695552201892213,0.6911575544611233,0.0
loss_probe,exemplar,100,1,99,100,00083_bathtub::exemplar_0,00083_bathtub::exemplar_1,0.7397557640968665,0.7064482448845073,1.0
loss_probe,exemplar,100,1,100,100,00016_altar::exemplar_0,00016_altar::exemplar_1,0.600327293214078,0.6903788301333541,0.0
grad_probe,novel,1,1,1,1,00155_bow1::exemplar_0,00158_bowl::exemplar_0,0.1505952609346807,0.013725487193092883,1.0
grad_probe,novel,1,2,1,1,00177_brick::exemplar_0,00173_brass_knuckles::exemplar_0,0.3838174087496649,0.023481441229371316,1.0
grad_probe,novel,1,3,1,1,00083_bathtub::exemplar_0,00003_accordion::exemplar_0,0.9897936438907095,0.057869757923389345,1.0
grad_probe,novel,1,4,1,1,00078_bassinet::exemplar_0,00121_blackberry::exemplar_0,0.0420446130660859,0.03433596014993269,1.0
grad_probe,novel,1,5,1,1,00006_air_mattress::exemplar_0,00167_bracelet1::exemplar_0,0.08788006453864895,0.009917189266878065,1.0
grad_probe,novel,1,6,1,1,00043_awning::exemplar_0,00135_boa::exemplar_0,0.815285464496413,0.07454313233575939,1.0
grad_probe,novel,1,7,1,1,00085_baton2::exemplar_0,00010_airplane::exemplar_0,0.037132521225775025,0.06721795363544356,0.0
grad_probe,novel,1,8,1,1,00075_baseball_glove::exemplar_0,00191_bulldozer::exemplar_0,0.7687862238004741,0.6109146775472994,1.0
grad_probe,novel,1,9,1,1,00191_bulldozer::exemplar_0,00111_bikini::exemplar_0,0.5528813753561704,0.010204095246665552,1.0
grad_probe,novel,1,10,1,1,00001_aardvark::exemplar_0,00109_berry::exemplar_0,0.31493669624224074,0.32423937689225013,0.0
grad_probe,novel,1,11,1,1,00035_arm::exemplar_0,00175_breakfast::exemplar_0,0.5066739741965787,0.04958215879632513,1.0
grad_probe,novel,1,12,1,1,00109_berry::exemplar_0,00013_almond::exemplar_0,0.9805383293602249,0.03871979618068204,1.0
grad_probe,novel,1,13,1,1,00095_bear::exemplar_0,00040_ashtray::exemplar_0,0.10662800440994341,0.019513457174689473,1.0
grad_probe,novel,1,14,1,1,00043_awning::exemplar_0,00193_bulletproof_vest::exemplar_0,0.815285464496413,0.008717256960341577,1.0
grad_probe,novel,1,15,1,1,00094_beanie::exemplar_0,00198_burner::exemplar_0,0.09968803487868624,0.042960454953844415,1.0
grad_probe,novel,1,16,1,1,00173_brass_knuckles::exemplar_0,00099_bedpost::exemplar_0,0.7177707327187823,0.29487831555234273,1.0
grad_probe,novel,1,17,1,1,00064_banjo::exemplar_0,00077_basketball_hoop::exemplar_0,0.12883520023298917,0.010196122660962622,1.0
grad_probe,novel,1,18,1,1,00186_bubble_wrap::exemplar_0,00132_blowfish::exemplar_0,0.9556361859678703,0.5755264161526285,1.0
grad_probe,novel,1,19,1,1,00123_blazer::exemplar_0,00053_bagel::exemplar_0,0.16637637717260098,0.008240727812232156,1.0
grad_probe,novel,1,20,1,1,00006_air_mattress::exemplar_0,00025_anteater::exemplar_0,0.08788006453864895,0.003323281370140259,1.0
grad_probe,novel,1,21,1,1,00081_bathmat::exemplar_0,00044_axe::exemplar_0,0.35281495162786614,0.020769288717980446,1.0
grad_probe,novel,1,22,1,1,00015_alpaca::exemplar_0,00064_banjo::exemplar_0,0.17741676220650243,0.028358235736508964,1.0
grad_probe,novel,1,23,1,1,00057_balloon::exemplar_0,00073_barrette::exemplar_0,0.6090345693190141,0.032753793852513514,1.0
grad_probe,novel,1,24,1,1,00092_bean::exemplar_0,00153_boulder::exemplar_0,0.15168258736910128,0.011308116769569254,1.0
grad_probe,novel,1,25,1,1,00103_beet::exemplar_0,00133_blowgun::exemplar_0,0.48730249730178354,0.20226995360727243,1.0
grad_probe,novel,1,26,1,1,00162_box::exemplar_0,00074_baseball::exemplar_0,0.05540744821804327,0.345518334701025,0.0
grad_probe,novel,1,27,1,1,00003_accordion::exemplar_0,00004_acorn::exemplar_0,0.7491618537037366,0.0010240069204633213,1.0
grad_probe,novel,1,28,1,1,00189_buffet::exemplar_0,00049_bacon::exemplar_0,0.22899096959192106,0.0076693810161083745,1.0
grad_probe,novel,1,29,1,1,00194_bumper::exemplar_0,00067_barbed_wire::exemplar_0,0.08883811370248673,0.018010598673981255,1.0
grad_probe,novel,1,30,1,1,00017_aluminum_foil::exemplar_0,00141_bologna::exemplar_0,0.9726145997665506,0.08821736025119208,1.0
grad_probe,novel,1,31,1,1,00188_buckle::exemplar_0,00062_bandage::exemplar_0,0.07902336454179192,0.0005807551403086795,1.0
grad_probe,novel,1,32,1,1,00036_armor::exemplar_0,00027_anvil::exemplar_0,0.15762283059594517,0.006780643063408116,1.0
grad_probe,novel,1,33,1,1,00107_belt::exemplar_0,00101_beehive::exemplar_0,0.2345836764900219,0.009659758490953404,1.0
grad_probe,novel,1,34,1,1,00114_binoculars::exemplar_0,00076_basket::exemplar_0,0.9889912383808903,0.11684412184581712,1.0
grad_probe,novel,1,35,1,1,00081_bathmat::exemplar_0,00144_bone::exemplar_0,0.35281495162786614,0.00012264416763486252,1.0
grad_probe,novel,1,36,1,1,00066_banner::exemplar_0,00017_aluminum_foil::exemplar_0,0.07879890401787924,0.0019019995153411384,1.0
grad_probe,novel,1,37,1,1,00178_briefcase::exemplar_0,00109_berry::exemplar_0,0.15376558386537287,0.6569035391984454,0.0
grad_probe,novel,1,38,1,1,00073_barrette::exemplar_0,00167_bracelet1::exemplar_0,0.5296006180262214,0.013523115964777135,1.0
grad_probe,novel,1,39,1,1,00059_bamboo::exemplar_0,00112_bin::exemplar_0,0.318222932025457,0.11109067476816599,1.0
grad_probe,novel,1,40,1,1,00032_apron::exemplar_0,00124_blender::exemplar_0,0.5367879320309662,0.01677622098850674,1.0
grad_probe,novel,1,41,1,1,00063_bandanna::exemplar_0,00027_anvil::exemplar_0,0.9720375491811241,0.010933779118077892,1.0
grad_probe,novel,1,42,1,1,00018_amber::exemplar_0,00053_bagel::exemplar_0,0.2954577913745513,0.03831805397309603,1.0
grad_probe,novel,1,43,1,1,00030_apple_tree::exemplar_0,00086_baton3::exemplar_0,0.7238653208816201,0.01981135706276476,1.0
grad_probe,novel,1,44,1,1,00056_ball::exemplar_0,00044_axe::exemplar_0,0.23625880947726713,0.0026307383294868827,1.0
grad_probe,novel,1,45,1,1,00174_breadstick::exemplar_0,00024_ant::exemplar_0,0.26037073798856625,0.00034692783594940043,1.0
grad_probe,novel,1,46,1,1,00168_bracelet2::exemplar_0,00089_beachball::exemplar_0,0.1410380687816067,0.0022832057993258147,1.0
grad_probe,novel,1,47,1,1,00103_beet::exemplar_0,00064_banjo::exemplar_0,0.48730249730178354,0.03852734155239636,1.0
grad_probe,novel,1,48,1,1,00049_bacon::exemplar_0,00152_bottle::exemplar_0,0.21002572878020712,0.45107651530941634,0.0
grad_probe,novel,1,49,1,1,00132_blowfish::exemplar_0,00082_bathrobe::exemplar_0,0.6939001091319398,0.003912057470706228,1.0
grad_probe,novel,1,50,1,1,00032_apron::exemplar_0,00021_anchor::exemplar_0,0.5367879320309662,0.049308070196692706,1.0
grad_probe,novel,1,51,1,1,00175_breakfast::exemplar_0,00084_baton1::exemplar_0,0.4060683180048291,0.07448760002663754,1.0
grad_probe,novel,1,52,1,1,00106_bell_pepper::exemplar_0,00120_bison::exemplar_0,0.31772472210963226,0.10439675535555151,1.0
grad_probe,novel,1,53,1,1,00177_brick::exemplar_0,00108_belt_buckle::exemplar_0,0.3838174087496649,0.01301944145047033,1.0
grad_probe,novel,1,54,1,1,00100_bee::exemplar_0,00103_beet::exemplar_0,0.9451359894125834,0.1498288929353385,1.0
grad_probe,novel,1,55,1,1,00020_amplifier::exemplar_0,00094_beanie::exemplar_0,0.2574213626329903,0.011794051859766033,1.0
grad_probe,novel,1,56,1,1,00146_bonsai::exemplar_0,00106_bell_pepper::exemplar_0,0.23890603994106513,7.165986744874121e-07,1.0
grad_probe,novel,1,57,1,1,00131_blower::exemplar_0,00046_backdrop::exemplar_0,0.5585757858226327,0.08739498594341241,1.0
grad_probe,novel,1,58,1,1,00067_barbed_wire::exemplar_0,00076_basket::exemplar_0,0.19725244110859852,0.03881902626448503,1.0
grad_probe,novel,1,59,1,1,00177_brick::exemplar_0,00097_bed::exemplar_0,0.3838174087496649,0.01358754952079279,1.0
grad_probe,novel,1,60,1,1,00123_blazer::exemplar_0,00140_bolo_tie::exemplar_0,0.16637637717260098,0.9735963632197407,0.0
grad_probe,novel,1,61,1,1,00018_amber::exemplar_0,00137_board::exemplar_0,0.2954577913745513,0.005411182939100282,1.0
grad_probe,novel,1,62,1,1,00038_artichoke::exemplar_0,00017_aluminum_foil::exemplar_0,0.5065155832536127,0.023211910764593856,1.0
grad_probe,novel,1,63,1,1,00091_beaker::exemplar_0,00168_bracelet2::exemplar_0,0.05472082446273679,0.06300427645253973,0.0
grad_probe,novel,1,64,1,1,00183_brush::exemplar_0,00158_bowl::exemplar_0,0.9837003831877933,0.016507809044353495,1.0
grad_probe,novel,1,65,1,1,00004_acorn::exemplar_0,00161_bowtie::exemplar_0,0.1825634977251887,0.12130916917145533,1.0
grad_probe,novel,1,66,1,1,00086_baton3::exemplar_0,00092_bean::exemplar_0,0.3625332022690553,0.006745929084861467,1.0
grad_probe,novel,1,67,1,1,00107_belt::exemplar_0,00149_bookshelf::exemplar_0,0.2345836764900219,0.013765666035328408,1.0
grad_probe,novel,1,68,1,1,00107_belt::exemplar_0,00191_bulldozer::exemplar_0,0.2345836764900219,0.1408835870599008,1.0
grad_probe,novel,1,69,1,1,00133_blowgun::exemplar_0,00100_bee::exemplar_0,0.1605067291145611,0.018922926755091763,1.0
grad_probe,novel,1,70,1,1,00041_asparagus::exemplar_0,00028_appetizer::exemplar_0,0.2240948770585483,0.015835079627433923,1.0
grad_probe,novel,1,71,1,1,00168_bracelet2::exemplar_0,00055_baklava::exemplar_0,0.1410380687816067,0.0026188222710340106,1.0
grad_probe,novel,1,72,1,1,00185_bubble::exemplar_0,00102_beer::exemplar_0,0.3675707855988002,0.059558267995416844,1.0
grad_probe,novel,1,73,1,1,00162_box::exemplar_0,00129_block::exemplar_0,0.05540744821804327,0.010978362002030253,1.0
grad_probe,novel,1,74,1,1,00027_anvil::exemplar_0,00156_bow2::exemplar_0,0.09277598559690534,0.006432963231144929,1.0
grad_probe,novel,1,75,1,1,00184_brussels_sprouts::exemplar_0,00053_bagel::exemplar_0,0.8412528627913274,0.09598032722983814,1.0
grad_probe,novel,1,76,1,1,00032_apron::exemplar_0,00172_branch::exemplar_0,0.5367879320309662,0.0003505534497188412,1.0
grad_probe,novel,1,77,1,1,00162_box::exemplar_0,00102_beer::exemplar_0,0.05540744821804327,0.0025223370720126306,1.0
grad_probe,novel,1,78,1,1,00105_bell::exemplar_0,00126_blind::exemplar_0,0.05207643657227789,0.1285023374960355,0.0
grad_probe,novel,1,79,1,1,00173_brass_knuckles::exemplar_0,00134_blueberry::exemplar_0,0.7177707327187823,0.966061518680144,0.0
grad_probe,novel,1,80,1,1,00053_bagel::exemplar_0,00104_beetle::exemplar_0,0.25882513682523417,0.056220096093094155,1.0
grad_probe,novel,1,81,1,1,00145_bongo::exemplar_0,00019_ambulance::exemplar_0,0.5390810715466022,0.12663846783571406,1.0
grad_probe,novel,1,82,1,1,00070_bark::exemplar_0,00115_bird::exemplar_0,0.1811711290915269,0.0036620435879768575,1.0
grad_probe,novel,1,83,1,1,00179_broccoli::exemplar_0,00113_binder::exemplar_0,0.1968991230135778,0.009740371194963541,1.0
grad_probe,novel,1,84,1,1,00002_abacus::exemplar_0,00094_beanie::exemplar_0,0.15464803329439766,0.017952149855062476,1.0
grad_probe,novel,1,85,1,1,00049_bacon::exemplar_0,00073_barrette::exemplar_0,0.21002572878020712,0.2495408810655738,0.0
grad_probe,novel,1,86,1,1,00128_blindfold::exemplar_0,00071_barnacle::exemplar_0,0.6772552251965416,0.3187507418019954,1.0
grad_probe,novel,1,87,1,1,00047_backgammon::exemplar_0,00096_beard::exemplar_0,0.12558977354015705,0.011778707788987203,1.0
grad_probe,novel,1,88,1,1,00175_breakfast::exemplar_0,00074_baseball::exemplar_0,0.4060683180048291,0.7265842646703543,0.0
grad_probe,novel,1,89,1,1,00186_bubble_wrap::exemplar_0,00087_battery::exemplar_0,0.9556361859678703,0.006309910547733239,1.0
grad_probe,novel,1,90,1,1,00198_burner::exemplar_0,00068_barbell::exemplar_0,0.348021114959729,0.20468005112010626,1.0
grad_probe,novel,1,91,1,1,00047_backgammon::exemplar_0,00012_alligator::exemplar_0,0.12558977354015705,0.03392143898732477,1.0
grad_probe,novel,1,92,1,1,00081_bathmat::exemplar_0,00023_anklet::exemplar_0,0.35281495162786614,0.015436845504241145,1.0
grad_probe,novel,1,93,1,1,00195_bungee::exemplar_0,00038_artichoke::exemplar_0,0.2388835402046144,0.015098705293907673,1.0
grad_probe,novel,1,94,1,1,00060_banana_peel::exemplar_0,00194_bumper::exemplar_0,0.07389174417640546,0.030493101702577314,1.0
grad_probe,novel,1,95,1,1,00167_bracelet1::exemplar_0,00067_barbed_wire::exemplar_0,0.07722355907554537,0.03307309379615741,1.0
grad_probe,novel,1,96,1,1,00076_basket::exemplar_0,00151_boot::exemplar_0,0.27448661514492706,0.1967287693110748,1.0
grad_probe,novel,1,97,1,1,00094_beanie::exemplar_0,00008_airbag::exemplar_0,0.09968803487868624,0.07502422817682655,1.0
grad_probe,novel,1,98,1,1,00123_blazer::exemplar_0,00023_anklet::exemplar_0,0.16637637717260098,0.020494970071467302,1.0
grad_probe,novel,1,99,1,1,00046_backdrop::exemplar_0,00147_book::exemplar_0,0.9920094827550138,0.1027130100124114,1.0
grad_probe,novel,1,100,1,1,00098_bedpan::exemplar_0,00119_biscuit::exemplar_0,0.040769612223500215,0.001038817707221678,1.0
grad_probe,novel,10,1,1,10,00109_berry::exemplar_0,00005_air_conditioner::exemplar_0,0.241730431007887,0.38031432700584084,0.0
grad_probe,novel,10,1,2,10,00090_bead::exemplar_0,00028_appetizer::exemplar_0,0.27510351120156223,0.2941075508456891,0.0
grad_probe,novel,10,1,3,10,00107_belt::exemplar_0,00061_banana_split::exemplar_0,0.47534380198695864,0.27959733439342094,1.0
grad_probe,novel,10,1,4,10,00026_antenna::exemplar_0,00045_baby::exemplar_0,0.47221009652940954,0.21383436584310017,1.0
grad_probe,novel,10,1,5,10,00006_air_mattress::exemplar_0,00053_bagel::exemplar_0,0.47290465122359854,0.1948505739432186,1.0
grad_probe,novel,10,1,6,10,00067_barbed_wire::exemplar_0,00117_birdcage::exemplar_0,0.4116385266627784,0.29317115645363523,1.0
grad_probe,novel,10,1,7,10,00046_backdrop::exemplar_0,00195_bungee::exemplar_0,0.48555598656836135,0.35531236142847006,1.0
grad_probe,novel,10,1,8,10,00062_bandage::exemplar_0,00190_bull::exemplar_0,0.5571649532590215,0.3176751542486249,1.0
grad_probe,novel,10,1,9,10,00018_amber::exemplar_0,00048_backpack::exemplar_0,0.42528179422449885,0.511423625429838,0.0
grad_probe,novel,10,1,10,10,00003_accordion::exemplar_0,00181_broom::exemplar_0,0.02378501497772039,0.3481313237704743,0.0
grad_probe,novel,10,2,1,10,00085_baton2::exemplar_0,00103_beet::exemplar_0,0.2831087770166559,0.37392256726608114,0.0
grad_probe,novel,10,2,2,10,00028_appetizer::exemplar_0,00014_aloe::exemplar_0,0.505481233458666,0.49650949587151316,1.0
grad_probe,novel,10,2,3,10,00139_bobsled::exemplar_0,00115_bird::exemplar_0,0.45857086719175577,0.34400948346960397,1.0
grad_probe,novel,10,2,4,10,00111_bikini::exemplar_0,00076_basket::exemplar_0,0.39351385942838335,0.6193739539250211,0.0
grad_probe,novel,10,2,5,10,00135_boa::exemplar_0,00017_aluminum_foil::exemplar_0,0.533160188692491,0.44929010293706756,1.0
grad_probe,novel,10,2,6,10,00021_anchor::exemplar_0,00161_bowtie::exemplar_0,0.5227521995774372,0.46913411465092175,1.0
grad_probe,novel,10,2,7,10,00031_applesauce::exemplar_0,00146_bonsai::exemplar_0,0.5503392170535228,0.40110753577857977,1.0
grad_probe,novel,10,2,8,10,00109_berry::exemplar_0,00080_bat2::exemplar_0,0.48789666649775454,0.47859843324965606,1.0
grad_probe,novel,10,2,9,10,00150_boomerang::exemplar_0,00066_banner::exemplar_0,0.5136933999497794,0.45301174417619894,1.0
grad_probe,novel,10,2,10,10,00157_bow3::exemplar_0,00053_bagel::exemplar_0,0.560080663385837,0.3019534955769504,1.0
grad_probe,novel,10,3,1,10,00029_apple::exemplar_0,00044_axe::exemplar_0,0.4593386107786322,0.48403250132907377,0.0
grad_probe,novel,10,3,2,10,00123_blazer::exemplar_0,00094_beanie::exemplar_0,0.5329849317655773,0.412051196226246,1.0
grad_probe,novel,10,3,3,10,00155_bow1::exemplar_0,00128_blindfold::exemplar_0,0.4845310241130989,0.6328593384852204,0.0
grad_probe,novel,10,3,4,10,00019_ambulance::exemplar_0,00198_burner::exemplar_0,0.5568791026645511,0.23888296500312922,1.0
grad_probe,novel,10,3,5,10,00120_bison::exemplar_0,00051_badger::exemplar_0,0.44149469900331484,0.07935868664469878,1.0
grad_probe,novel,10,3,6,10,00010_airplane::exemplar_0,00067_barbed_wire::exemplar_0,0.607571019294498,0.22731758408002203,1.0
grad_probe,novel,10,3,7,10,00076_basket::exemplar_0,00136_boar::exemplar_0,0.5283948740609805,0.13035841365091275,1.0
grad_probe,novel,10,3,8,10,00188_buckle::exemplar_0,00107_belt::exemplar_0,0.41398339410021073,0.5739520683838253,0.0
grad_probe,novel,10,3,9,10,00164_boxing_gloves::exemplar_0,00082_bathrobe::exemplar_0,0.6198609951938863,0.47847111231591355,1.0
grad_probe,novel,10,3,10,10,00114_binoculars::exemplar_0,00069_barcode::exemplar_0,0.6961075515977977,0.2502499204430939,1.0
grad_probe,novel,10,4,1,10,00097_bed::exemplar_0,00138_board_game::exemplar_0,0.5164193603399315,0.07835211797996723,1.0
grad_probe,novel,10,4,2,10,00040_ashtray::exemplar_0,00195_bungee::exemplar_0,0.5002900468926661,0.46496377279271456,1.0
grad_probe,novel,10,4,3,10,00083_bathtub::exemplar_0,00075_baseball_glove::exemplar_0,0.5264543435157709,0.37101360202160394,1.0
grad_probe,novel,10,4,4,10,00162_box::exemplar_0,00089_beachball::exemplar_0,0.4520565962891041,0.09898777848499021,1.0
grad_probe,novel,10,4,5,10,00142_bolt::exemplar_0,00110_bib::exemplar_0,0.6123600147177912,0.48496009860840084,1.0
grad_probe,novel,10,4,6,10,00009_airboat::exemplar_0,00158_bowl::exemplar_0,0.5032023929536215,0.47522595285712177,1.0
grad_probe,novel,10,4,7,10,00022_ankle::exemplar_0,00053_bagel::exemplar_0,0.5600433061703607,0.26768060401337773,1.0
grad_probe,novel,10,4,8,10,00126_blind::exemplar_0,00100_bee::exemplar_0,0.40028122336214644,0.2721686703888579,1.0
grad_probe,novel,10,4,9,10,00054_bagpipe::exemplar_0,00146_bonsai::exemplar_0,0.4836911897380053,0.3787008804140908,1.0
grad_probe,novel,10,4,10,10,00109_berry::exemplar_0,00167_bracelet1::exemplar_0,0.507049656581303,0.3825615190850049,1.0
grad_probe,novel,10,5,1,10,00013_almond::exemplar_0,00072_barrel::exemplar_0,0.139262396948954,0.25687878416330795,0.0
grad_probe,novel,10,5,2,10,00195_bungee::exemplar_0,00079_bat1::exemplar_0,0.43866340175256957,0.28785210933731004,1.0
grad_probe,novel,10,5,3,10,00123_blazer::exemplar_0,00020_amplifier::exemplar_0,0.47097258479285564,0.1960596306938069,1.0
grad_probe,novel,10,5,4,10,00105_bell::exemplar_0,00159_bowler_hat::exemplar_0,0.36300412454899195,0.5188085580939389,0.0
grad_probe,novel,10,5,5,10,00130_blouse::exemplar_0,00109_berry::exemplar_0,0.5044758714578437,0.2444384020958479,1.0
grad_probe,novel,10,5,6,10,00146_bonsai::exemplar_0,00021_anchor::exemplar_0,0.5781456693387041,0.32072641497712495,1.0
grad_probe,novel,10,5,7,10,00003_accordion::exemplar_0,00142_bolt::exemplar_0,0.028497663099385263,0.4041100515427512,0.0
grad_probe,novel,10,5,8,10,00193_bulletproof_vest::exemplar_0,00014_aloe::exemplar_0,0.4266079832886654,0.4566423081215158,0.0
grad_probe,novel,10,5,9,10,00182_brownie::exemplar_0,00189_buffet::exemplar_0,0.4216990879922968,0.5018133644425696,0.0
grad_probe,novel,10,5,10,10,00085_baton2::exemplar_0,00062_bandage::exemplar_0,0.31231359406815146,0.23770713581054778,1.0
grad_probe,novel,10,6,1,10,00172_branch::exemplar_0,00001_aardvark::exemplar_0,0.31613459737545546,0.3538381610986942,0.0
grad_probe,novel,10,6,2,10,00175_breakfast::exemplar_0,00004_acorn::exemplar_0,0.42705552670176333,0.42036179048511224,1.0
grad_probe,novel,10,6,3,10,00054_bagpipe::exemplar_0,00028_appetizer::exemplar_0,0.4055067258850973,0.4765177207547664,0.0
grad_probe,novel,10,6,4,10,00019_ambulance::exemplar_0,00047_backgammon::exemplar_0,0.5001027364109616,0.3991621785309828,1.0
grad_probe,novel,10,6,5,10,00142_bolt::exemplar_0,00010_airplane::exemplar_0,0.5582657276919535,0.5797110951115094,0.0
grad_probe,novel,10,6,6,10,00113_binder::exemplar_0,00130_blouse::exemplar_0,0.5556559783354265,0.3150263771521006,1.0
grad_probe,novel,10,6,7,10,00006_air_mattress::exemplar_0,00076_basket::exemplar_0,0.4568892130400779,0.5233046920585244,0.0
grad_probe,novel,10,6,8,10,00033_aquarium::exemplar_0,00077_basketball_hoop::exemplar_0,0.5380353001940584,0.38988122215466753,1.0
grad_probe,novel,10,6,9,10,00119_biscuit::exemplar_0,00188_buckle::exemplar_0,0.4704323928977609,0.4125708375470775,1.0
grad_probe,novel,10,6,10,10,00125_blimp::exemplar_0,00149_bookshelf::exemplar_0,0.5789165586115275,0.31838795471469494,1.0
grad_probe,novel,10,7,1,10,00175_breakfast::exemplar_0,00125_blimp::exemplar_0,0.43458729891472353,0.491174877347524,0.0
grad_probe,novel,10,7,2,10,00115_bird::exemplar_0,00071_barnacle::exemplar_0,0.34269559066465455,0.1677305507520577,1.0
grad_probe,novel,10,7,3,10,00177_brick::exemplar_0,00163_boxer_shorts::exemplar_0,0.36957139585398135,0.2503482830022324,1.0
grad_probe,novel,10,7,4,10,00114_binoculars::exemplar_0,00123_blazer::exemplar_0,0.5166255716689755,0.430730720083243,1.0
grad_probe,novel,10,7,5,10,00026_antenna::exemplar_0,00134_blueberry::exemplar_0,0.5314020909984614,0.022498569557140993,1.0
grad_probe,novel,10,7,6,10,00076_basket::exemplar_0,00048_backpack::exemplar_0,0.5477933571345405,0.5108955895573315,1.0
grad_probe,novel,10,7,7,10,00100_bee::exemplar_0,00037_arrow::exemplar_0,0.4475235429384699,0.07944115022333742,1.0
grad_probe,novel,10,7,8,10,00060_banana_peel::exemplar_0,00027_anvil::exemplar_0,0.5239164311224898,0.502578069938654,1.0
grad_probe,novel,10,7,9,10,00010_airplane::exemplar_0,00008_airbag::exemplar_0,0.6300970264004784,0.4853056818377773,1.0
grad_probe,novel,10,7,10,10,00004_acorn::exemplar_0,00172_branch::exemplar_0,0.5339337299549562,0.3282697729493863,1.0
grad_probe,novel,10,8,1,10,00088_bazooka::exemplar_0,00160_bowling_ball::exemplar_0,0.6217978065608681,0.3057059927716924,1.0
grad_probe,novel,10,8,2,10,00140_bolo_tie::exemplar_0,00099_bedpost::exemplar_0,0.5195472446658098,0.5348051628445654,0.0
grad_probe,novel,10,8,3,10,00135_boa::exemplar_0,00092_bean::exemplar_0,0.3926500440803781,0.028776194339098896,1.0
grad_probe,novel,10,8,4,10,00007_air_pump::exemplar_0,00059_bamboo::exemplar_0,0.5757389279637651,0.21886550676102254,1.0
grad_probe,novel,10,8,5,10,00011_album::exemplar_0,00054_bagpipe::exemplar_0,0.6085376269298832,0.444818769603748,1.0
grad_probe,novel,10,8,6,10,00070_bark::exemplar_0,00073_barrette::exemplar_0,0.3991106841554573,0.6526823360274973,0.0
grad_probe,novel,10,8,7,10,00042_avocado::exemplar_0,00144_bone::exemplar_0,0.5514952485572648,0.081117732976775,1.0
grad_probe,novel,10,8,8,10,00072_barrel::exemplar_0,00058_ballot_box::exemplar_0,0.40497455944936633,0.5232023092248146,0.0
grad_probe,novel,10,8,9,10,00082_bathrobe::exemplar_0,00084_baton1::exemplar_0,0.5499955670544399,0.43040357839976695,1.0
grad_probe,novel,10,8,10,10,00163_boxer_shorts::exemplar_0,00020_amplifier::exemplar_0,0.5190001566195456,0.2016134141654743,1.0
grad_probe,novel,10,9,1,10,00098_bedpan::exemplar_0,00173_brass_knuckles::exemplar_0,0.34488555340080634,0.2793054894810544,1.0
grad_probe,novel,10,9,2,10,00046_backdrop::exemplar_0,00066_banner::exemplar_0,0.5974631131296617,0.3864192913940154,1.0
grad_probe,novel,10,9,3,10,00011_album::exemplar_0,00012_alligator::exemplar_0,0.5118953941078742,0.3796275572692178,1.0
grad_probe,novel,10,9,4,10,00034_arch::exemplar_0,00022_ankle::exemplar_0,0.47883732976888493,0.45530150931028773,1.0
grad_probe,novel,10,9,5,10,00137_board::exemplar_0,00015_alpaca::exemplar_0,0.4425086247340242,0.24859896043643298,1.0
grad_probe,novel,10,9,6,10,00052_bag::exemplar_0,00160_bowling_ball::exemplar_0,0.38157505828207017,0.2862038537496308,1.0
grad_probe,novel,10,9,7,10,00172_branch::exemplar_0,00174_breadstick::exemplar_0,0.37308782374531724,0.3995736630914489,0.0
grad_probe,novel,10,9,8,10,00159_bowler_hat::exemplar_0,00178_briefcase::exemplar_0,0.4976149444218171,0.41966485488251926,1.0
grad_probe,novel,10,9,9,10,00120_bison::exemplar_0,00019_ambulance::exemplar_0,0.4256763244040778,0.5080020759447832,0.0
grad_probe,novel,10,9,10,10,00121_blackberry::exemplar_0,00069_barcode::exemplar_0,0.42441848756626394,0.24202274079181435,1.0
grad_probe,novel,10,10,1,10,00122_blanket::exemplar_0,00200_bus::exemplar_0,0.3561126821250649,0.08392154051386083,1.0
grad_probe,novel,10,10,2,10,00026_antenna::exemplar_0,00151_boot::exemplar_0,0.4373255969629343,0.4824828997711429,0.0
grad_probe,novel,10,10,3,10,00121_blackberry::exemplar_0,00033_aquarium::exemplar_0,0.24096706195236112,0.4066790502830865,0.0
grad_probe,novel,10,10,4,10,00166_bra::exemplar_0,00084_baton1::exemplar_0,0.5275738462460204,0.37410693952210744,1.0
grad_probe,novel,10,10,5,10,00181_broom::exemplar_0,00133_blowgun::exemplar_0,0.45183222767226017,0.3886880437738975,1.0
grad_probe,novel,10,10,6,10,00158_bowl::exemplar_0,00075_baseball_glove::exemplar_0,0.5511867438311674,0.33937488205701355,1.0
grad_probe,novel,10,10,7,10,00089_beachball::exemplar_0,00045_baby::exemplar_0,0.45730140556488286,0.3029769655145297,1.0
grad_probe,novel,10,10,8,10,00065_bank::exemplar_0,00099_bedpost::exemplar_0,0.4485266225821428,0.4815095362017937,0.0
grad_probe,novel,10,10,9,10,00152_bottle::exemplar_0,00090_bead::exemplar_0,0.4684093681166139,0.24362196381399095,1.0
grad_probe,novel,10,10,10,10,00007_air_pump::exemplar_0,00108_belt_buckle::exemplar_0,0.591551149261435,0.30751933482345156,1.0
grad_probe,novel,100,1,1,100,00119_biscuit::exemplar_0,00097_bed::exemplar_0,0.6802570069122137,0.7418756483452874,0.0
grad_probe,novel,100,1,2,100,00137_board::exemplar_0,00025_anteater::exemplar_0,0.657135783637952,0.6162125955911956,1.0
grad_probe,novel,100,1,3,100,00104_beetle::exemplar_0,00109_berry::exemplar_0,0.6577573040649307,0.6410804178688493,1.0
grad_probe,novel,100,1,4,100,00044_axe::exemplar_0,00050_badge::exemplar_0,0.7088534106771689,0.6583397461307325,1.0
grad_probe,novel,100,1,5,100,00056_ball::exemplar_0,00023_anklet::exemplar_0,0.6806095007814776,0.6755020732259449,1.0
grad_probe,novel,100,1,6,100,00017_aluminum_foil::exemplar_0,00194_bumper::exemplar_0,0.6978611720933953,0.710401739406546,0.0
grad_probe,novel,100,1,7,100,00197_buoy::exemplar_0,00069_barcode::exemplar_0,0.6931197992794443,0.720452231963555,0.0
grad_probe,novel,100,1,8,100,00120_bison::exemplar_0,00095_bear::exemplar_0,0.6660959983091544,0.6287309727067336,1.0
grad_probe,novel,100,1,9,100,00062_bandage::exemplar_0,00060_banana_peel::exemplar_0,0.7336568379677424,0.7158443406805747,1.0
grad_probe,novel,100,1,10,100,00133_blowgun::exemplar_0,00102_beer::exemplar_0,0.7461338037622653,0.5999432268419104,1.0
grad_probe,novel,100,1,11,100,00110_bib::exemplar_0,00005_air_conditioner::exemplar_0,0.6982834353196837,0.6606427615926764,1.0
grad_probe,novel,100,1,12,100,00039_arugula::exemplar_0,00148_bookmark::exemplar_0,0.620249692569922,0.682964041848754,0.0
grad_probe,novel,100,1,13,100,00163_boxer_shorts::exemplar_0,00051_badger::exemplar_0,0.714757894907226,0.4073952398161767,1.0
grad_probe,novel,100,1,14,100,00157_bow3::exemplar_0,00048_backpack::exemplar_0,0.714969744440169,0.7166315009549813,0.0
grad_probe,novel,100,1,15,100,00038_artichoke::exemplar_0,00088_bazooka::exemplar_0,0.5896285888457847,0.7132392134740076,0.0
grad_probe,novel,100,1,16,100,00012_alligator::exemplar_0,00073_barrette::exemplar_0,0.6424136283904172,0.6685405352169093,0.0
grad_probe,novel,100,1,17,100,00084_baton1::exemplar_0,00016_altar::exemplar_0,0.6702778788058275,0.6747605067653062,0.0
grad_probe,novel,100,1,18,100,00037_arrow::exemplar_0,00188_buckle::exemplar_0,0.5871981572453968,0.6338325623073544,0.0
grad_probe,novel,100,1,19,100,00165_boy::exemplar_0,00063_bandanna::exemplar_0,0.6480372071642992,0.6844757590442943,0.0
grad_probe,novel,100,1,20,100,00087_battery::exemplar_0,00006_air_mattress::exemplar_0,0.7223661118489555,0.698242720888197,1.0
grad_probe,novel,100,1,21,100,00027_anvil::exemplar_0,00091_beaker::exemplar_0,0.7333088924362567,0.6750730800985738,1.0
grad_probe,novel,100,1,22,100,00178_briefcase::exemplar_0,00013_almond::exemplar_0,0.722157706487089,0.6218636057387034,1.0
grad_probe,novel,100,1,23,100,00144_bone::exemplar_0,00068_barbell::exemplar_0,0.6573912946802264,0.7148745324627896,0.0
grad_probe,novel,100,1,24,100,00151_boot::exemplar_0,00071_barnacle::exemplar_0,0.7164950027475009,0.5446306818429515,1.0
grad_probe,novel,100,1,25,100,00131_blower::exemplar_0,00064_banjo::exemplar_0,0.7068235420601302,0.2708550797710678,1.0
grad_probe,novel,100,1,26,100,00116_birdbath::exemplar_0,00079_bat1::exemplar_0,0.6805968974143746,0.6560144986035946,1.0
grad_probe,novel,100,1,27,100,00181_broom::exemplar_0,00103_beet::exemplar_0,0.655837933151964,0.6869660773337863,0.0
grad_probe,novel,100,1,28,100,00132_blowfish::exemplar_0,00081_bathmat::exemplar_0,0.5975013295107243,0.6549360193422697,0.0
grad_probe,novel,100,1,29,100,00145_bongo::exemplar_0,00199_burrito::exemplar_0,0.672297753949909,0.6938682708867348,0.0
grad_probe,novel,100,1,30,100,00094_beanie::exemplar_0,00059_bamboo::exemplar_0,0.6960423895879249,0.6041912963288383,1.0
grad_probe,novel,100,1,31,100,00001_aardvark::exemplar_0,00176_breathalyzer::exemplar_0,0.6182524604261302,0.632316068815911,0.0
grad_probe,novel,100,1,32,100,00054_bagpipe::exemplar_0,00113_binder::exemplar_0,0.732736767800571,0.7496334516063745,0.0
grad_probe,novel,100,1,33,100,00003_accordion::exemplar_0,00141_bologna::exemplar_0,0.17952983153775942,0.7377202701385787,0.0
grad_probe,novel,100,1,34,100,00149_bookshelf::exemplar_0,00036_armor::exemplar_0,0.6454233719902072,0.6390569941104292,1.0
grad_probe,novel,100,1,35,100,00191_bulldozer::exemplar_0,00080_bat2::exemplar_0,0.6766974527575279,0.6928057974919505,0.0
grad_probe,novel,100,1,36,100,00108_belt_buckle::exemplar_0,00004_acorn::exemplar_0,0.7237236401701186,0.6940212082713496,1.0
grad_probe,novel,100,1,37,100,00129_block::exemplar_0,00028_appetizer::exemplar_0,0.7190118932765491,0.7239682762731569,0.0
grad_probe,novel,100,1,38,100,00077_basketball_hoop::exemplar_0,00022_ankle::exemplar_0,0.7118739140197144,0.7430724246856841,0.0
grad_probe,novel,100,1,39,100,00100_bee::exemplar_0,00032_apron::exemplar_0,0.6688243816899061,0.7055356516920847,0.0
grad_probe,novel,100,1,40,100,00040_ashtray::exemplar_0,00098_bedpan::exemplar_0,0.7215662169860435,0.6646959474923866,1.0
grad_probe,novel,100,1,41,100,00065_bank::exemplar_0,00168_bracelet2::exemplar_0,0.6307884891324973,0.7196540763868238,0.0
grad_probe,novel,100,1,42,100,00173_brass_knuckles::exemplar_0,00134_blueberry::exemplar_0,0.6347878898847332,0.22814998437180667,1.0
grad_probe,novel,100,1,43,100,00010_airplane::exemplar_0,00020_amplifier::exemplar_0,0.7407008952220995,0.4021520614141295,1.0
grad_probe,novel,100,1,44,100,00014_aloe::exemplar_0,00147_book::exemplar_0,0.7204317504947605,0.5888077561707099,1.0
grad_probe,novel,100,1,45,100,00150_boomerang::exemplar_0,00123_blazer::exemplar_0,0.6933080236120585,0.7225193280625557,0.0
grad_probe,novel,100,1,46,100,00106_bell_pepper::exemplar_0,00127_blinder::exemplar_0,0.5842607759834615,0.6996000894572196,0.0
grad_probe,novel,100,1,47,100,00058_ballot_box::exemplar_0,00052_bag::exemplar_0,0.6928687764832947,0.6837346718864065,1.0
grad_probe,novel,100,1,48,100,00184_brussels_sprouts::exemplar_0,00189_buffet::exemplar_0,0.627932159060643,0.7451694928777841,0.0
grad_probe,novel,100,1,49,100,00041_asparagus::exemplar_0,00018_amber::exemplar_0,0.6260457408654352,0.7232235461161794,0.0
grad_probe,novel,100,1,50,100,00029_apple::exemplar_0,00070_bark::exemplar_0,0.7264053367648314,0.6247815638299957,1.0
grad_probe,novel,100,1,51,100,00015_alpaca::exemplar_0,00186_bubble_wrap::exemplar_0,0.508403982409165,0.6649451441417051,0.0
grad_probe,novel,100,1,52,100,00030_apple_tree::exemplar_0,00009_airboat::exemplar_0,0.7025550081489831,0.7283126681953579,0.0
grad_probe,novel,100,1,53,100,00122_blanket::exemplar_0,00171_brake::exemplar_0,0.6562221793311473,0.6976552273780382,0.0
grad_probe,novel,100,1,54,100,00045_baby::exemplar_0,00142_bolt::exemplar_0,0.6602140221349361,0.6807413371261184,0.0
grad_probe,novel,100,1,55,100,00033_aquarium::exemplar_0,00026_antenna::exemplar_0,0.7353630691000222,0.6935250116257283,1.0
grad_probe,novel,100,1,56,100,00155_bow1::exemplar_0,00187_bucket::exemplar_0,0.6213145964021639,0.7398496021743068,0.0
grad_probe,novel,100,1,57,100,00152_bottle::exemplar_0,00049_bacon::exemplar_0,0.7089654432873193,0.5849515164098634,1.0
grad_probe,novel,100,1,58,100,00190_bull::exemplar_0,00117_birdcage::exemplar_0,0.6548411332320632,0.713108136462547,0.0
grad_probe,novel,100,1,59,100,00067_barbed_wire::exemplar_0,00183_brush::exemplar_0,0.6695455447995942,0.5844020661625765,1.0
grad_probe,novel,100,1,60,100,00055_baklava::exemplar_0,00136_boar::exemplar_0,0.6971175733422185,0.467028162923413,1.0
grad_probe,novel,100,1,61,100,00135_boa::exemplar_0,00107_belt::exemplar_0,0.6737478863567865,0.7358969269567778,0.0
grad_probe,novel,100,1,62,100,00159_bowler_hat::exemplar_0,00146_bonsai::exemplar_0,0.7427733698761513,0.7452001785872624,0.0
grad_probe,novel,100,1,63,100,00002_abacus::exemplar_0,00198_burner::exemplar_0,0.6692746402282196,0.6803483144549751,0.0
grad_probe,novel,100,1,64,100,00185_bubble::exemplar_0,00047_backgammon::exemplar_0,0.7824608661028881,0.6627964198711233,1.0
grad_probe,novel,100,1,65,100,00172_branch::exemplar_0,00101_beehive::exemplar_0,0.652890515885025,0.5863013911973233,1.0
grad_probe,novel,100,1,66,100,00057_balloon::exemplar_0,00166_bra::exemplar_0,0.7286820469428905,0.6885263425907944,1.0
grad_probe,novel,100,1,67,100,00193_bulletproof_vest::exemplar_0,00075_baseball_glove::exemplar_0,0.6727723762691393,0.7150810873677443,0.0
grad_probe,novel,100,1,68,100,00192_bulletin_board::exemplar_0,00021_anchor::exemplar_0,0.7061455698844309,0.6926938659565137,1.0
grad_probe,novel,100,1,69,100,00114_binoculars::exemplar_0,00161_bowtie::exemplar_0,0.6753321906875946,0.684208087923899,0.0
grad_probe,novel,100,1,70,100,00072_barrel::exemplar_0,00118_birdhouse::exemplar_0,0.6366252283955286,0.6859570520110495,0.0
grad_probe,novel,100,1,71,100,00076_basket::exemplar_0,00121_blackberry::exemplar_0,0.7242759308402468,0.6405587052273406,1.0
grad_probe,novel,100,1,72,100,00053_bagel::exemplar_0,00160_bowling_ball::exemplar_0,0.5813683366459756,0.7152675105144103,0.0
grad_probe,novel,100,1,73,100,00126_blind::exemplar_0,00061_banana_split::exemplar_0,0.6715884414007302,0.6778474805736395,0.0
grad_probe,novel,100,1,74,100,00008_airbag::exemplar_0,00177_brick::exemplar_0,0.7262380068494918,0.5972647559269934,1.0
grad_probe,novel,100,1,75,100,00105_bell::exemplar_0,00130_blouse::exemplar_0,0.68567937584853,0.6548721271582408,1.0
grad_probe,novel,100,1,76,100,00164_boxing_gloves::exemplar_0,00138_board_game::exemplar_0,0.7240972717303616,0.482580583689346,1.0
grad_probe,novel,100,1,77,100,00124_blender::exemplar_0,00078_bassinet::exemplar_0,0.7305735192124577,0.7701608015139557,0.0
grad_probe,novel,100,1,78,100,00082_bathrobe::exemplar_0,00011_album::exemplar_0,0.7007937411843926,0.7361491515752354,0.0
grad_probe,novel,100,1,79,100,00092_bean::exemplar_0,00024_ant::exemplar_0,0.48796696731896105,0.6483884653755705,0.0
grad_probe,novel,100,1,80,100,00111_bikini::exemplar_0,00170_braid::exemplar_0,0.6310142683129321,0.6945232869904114,0.0
grad_probe,novel,100,1,81,100,00035_arm::exemplar_0,00019_ambulance::exemplar_0,0.6318748564461323,0.7329484115168473,0.0
grad_probe,novel,100,1,82,100,00066_banner::exemplar_0,00180_brooch::exemplar_0,0.6888897724481512,0.6398992574971638,1.0
grad_probe,novel,100,1,83,100,00156_bow2::exemplar_0,00096_beard::exemplar_0,0.6525943364915301,0.5904681741530805,1.0
grad_probe,novel,100,1,84,100,00086_baton3::exemplar_0,00007_air_pump::exemplar_0,0.6699341992079413,0.7153511553276328,0.0
grad_probe,novel,100,1,85,100,00046_backdrop::exemplar_0,00125_blimp::exemplar_0,0.7411556685968627,0.617688898147488,1.0
grad_probe,novel,100,1,86,100,00085_baton2::exemplar_0,00093_beanbag::exemplar_0,0.5824506588766852,0.7156552358611409,0.0
grad_probe,novel,100,1,87,100,00042_avocado::exemplar_0,00139_bobsled::exemplar_0,0.7048892901308345,0.6015990762450649,1.0
grad_probe,novel,100,1,88,100,00083_bathtub::exemplar_0,00143_bomb::exemplar_0,0.7343341909379419,0.6337017548443358,1.0
grad_probe,novel,100,1,89,100,00154_bouquet::exemplar_0,00169_bracket::exemplar_0,0.7413978464231653,0.7033375490615796,1.0
grad_probe,novel,100,1,90,100,00112_bin::exemplar_0,00200_bus::exemplar_0,0.6414330805269686,0.44057185532425247,1.0
grad_probe,novel,100,1,91,100,00031_applesauce::exemplar_0,00128_blindfold::exemplar_0,0.6577479725377925,0.7048430386939335,0.0
grad_probe,novel,100,1,92,100,00179_broccoli::exemplar_0,00175_breakfast::exemplar_0,0.707154667420274,0.6733618175703378,1.0
grad_probe,novel,100,1,93,100,00182_brownie::exemplar_0,00099_bedpost::exemplar_0,0.6553735077257042,0.7291027736613336,0.0
grad_probe,novel,100,1,94,100,00195_bungee::exemplar_0,00196_bunkbed::exemplar_0,0.6853189152961309,0.6490207375204293,1.0
grad_probe,novel,100,1,95,100,00043_awning::exemplar_0,00174_breadstick::exemplar_0,0.7273310393478619,0.7082304297623407,1.0
grad_probe,novel,100,1,96,100,00090_bead::exemplar_0,00140_bolo_tie::exemplar_0,0.6515072434381691,0.6625951097476567,0.0
grad_probe,novel,100,1,97,100,00162_box::exemplar_0,00074_baseball::exemplar_0,0.6925703473010832,0.396684129314299,1.0
grad_probe,novel,100,1,98,100,00167_bracelet1::exemplar_0,00158_bowl::exemplar_0,0.690178815715467,0.7201905647259572,0.0
grad_probe,novel,100,1,99,100,00153_boulder::exemplar_0,00115_bird::exemplar_0,0.7166126766354111,0.6631242287691457,1.0
grad_probe,novel,100,1,100,100,00034_arch::exemplar_0,00089_beachball::exemplar_0,0.714238133277219,0.6826414489389119,1.0
grad_probe,exemplar,1,1,1,1,00137_board::exemplar_0,00137_board::exemplar_1,0.03565581345227691,0.046295309357252415,0.0
grad_probe,exemplar,1,2,1,1,00180_brooch::exemplar_0,00180_brooch::exemplar_1,0.6364677173642145,0.030972850917419723,1.0
grad_probe,exemplar,1,3,1,1,00024_ant::exemplar_0,00024_ant::exemplar_1,0.11802181598546582,0.10334918739722483,1.0
grad_probe,exemplar,1,4,1,1,00185_bubble::exemplar_0,00185_bubble::exemplar_1,0.3675707855988002,0.0072800316268067265,1.0
grad_probe,exemplar,1,5,1,1,00166_bra::exemplar_0,00166_bra::exemplar_1,0.9993129680240587,0.4133596787099919,1.0
grad_probe,exemplar,1,6,1,1,00100_bee::exemplar_0,00100_bee::exemplar_1,0.9451359894125834,0.3520567357551266,1.0
grad_probe,exemplar,1,7,1,1,00087_battery::exemplar_0,00087_battery::exemplar_1,0.04708093865432066,0.10370050408174795,0.0
grad_probe,exemplar,1,8,1,1,00148_bookmark::exemplar_0,00148_bookmark::exemplar_1,0.050026086276757635,0.014162612124293277,1.0
grad_probe,exemplar,1,9,1,1,00056_ball::exemplar_0,00056_ball::exemplar_1,0.23625880947726713,0.1994940530318412,1.0
grad_probe,exemplar,1,10,1,1,00142_bolt::exemplar_0,00142_bolt::exemplar_1,0.24423807757385052,0.005048037599190329,1.0
grad_probe,exemplar,1,11,1,1,00088_bazooka::exemplar_0,00088_bazooka::exemplar_1,0.8310199909188637,0.9099130073230982,0.0
grad_probe,exemplar,1,12,1,1,00107_belt::exemplar_0,00107_belt::exemplar_1,0.2345836764900219,0.019060489470356327,1.0
grad_probe,exemplar,1,13,1,1,00042_avocado::exemplar_0,00042_avocado::exemplar_1,0.9969795251379102,0.5364014166475108,1.0
grad_probe,exemplar,1,14,1,1,00140_bolo_tie::exemplar_0,00140_bolo_tie::exemplar_1,0.9861028727882214,0.4784539245025937,1.0
grad_probe,exemplar,1,15,1,1,00013_almond::exemplar_0,00013_almond::exemplar_1,0.7474560814983636,0.7233041220226125,1.0
grad_probe,exemplar,1,16,1,1,00077_basketball_hoop::exemplar_0,00077_basketball_hoop::exemplar_1,0.42848164704475356,0.019956491078685048,1.0
grad_probe,exemplar,1,17,1,1,00091_beaker::exemplar_0,00091_beaker::exemplar_1,0.05472082446273679,0.04109479318463182,1.0
grad_probe,exemplar,1,18,1,1,00179_broccoli::exemplar_0,00179_broccoli::exemplar_1,0.1968991230135778,0.11622391822122466,1.0
grad_probe,exemplar,1,19,1,1,00057_balloon::exemplar_0,00057_balloon::exemplar_1,0.6090345693190141,0.14518763247093402,1.0
grad_probe,exemplar,1,20,1,1,00128_blindfold::exemplar_0,00128_blindfold::exemplar_1,0.6772552251965416,0.6223296722365267,1.0
grad_probe,exemplar,1,21,1,1,00001_aardvark::exemplar_0,00001_aardvark::exemplar_1,0.31493669624224074,0.03570070056610799,1.0
grad_probe,exemplar,1,22,1,1,00149_bookshelf::exemplar_0,00149_bookshelf::exemplar_1,0.07969664100327856,0.03173862096745812,1.0
grad_probe,exemplar,1,23,1,1,00013_almond::exemplar_0,00013_almond::exemplar_1,0.7474560814983636,0.7233041220226125,1.0
grad_probe,exemplar,1,24,1,1,00034_arch::exemplar_0,00034_arch::exemplar_1,0.8801850147839617,0.16112212171816737,1.0
grad_probe,exemplar,1,25,1,1,00115_bird::exemplar_0,00115_bird::exemplar_1,0.12268373158726033,3.143041415932226e-05,1.0
grad_probe,exemplar,1,26,1,1,00028_appetizer::exemplar_0,00028_appetizer::exemplar_1,0.9858835033943348,0.755920424129704,1.0
grad_probe,exemplar,1,27,1,1,00167_bracelet1::exemplar_0,00167_bracelet1::exemplar_1,0.07722355907554537,0.027614905185753647,1.0
grad_probe,exemplar,1,28,1,1,00024_ant::exemplar_0,00024_ant::exemplar_1,0.11802181598546582,0.10334918739722483,1.0
grad_probe,exemplar,1,29,1,1,00020_amplifier::exemplar_0,00020_amplifier::exemplar_1,0.2574213626329903,0.029545430868453376,1.0
grad_probe,exemplar,1,30,1,1,00065_bank::exemplar_0,00065_bank::exemplar_1,0.8626950610861389,0.26831580367137575,1.0
grad_probe,exemplar,1,31,1,1,00054_bagpipe::exemplar_0,00054_bagpipe::exemplar_1,0.16651794656038332,0.0016719783542450898,1.0
grad_probe,exemplar,1,32,1,1,00095_bear::exemplar_0,00095_bear::exemplar_1,0.10662800440994341,0.11920047580510067,0.0
grad_probe,exemplar,1,33,1,1,00174_breadstick::exemplar_0,00174_breadstick::exemplar_1,0.26037073798856625,0.04046252088916158,1.0
grad_probe,exemplar,1,34,1,1,00124_blender::exemplar_0,00124_blender::exemplar_1,0.05647256580509929,0.06083209864215995,0.0
grad_probe,exemplar,1,35,1,1,00122_blanket::exemplar_0,00122_blanket::exemplar_1,0.05845608248594614,0.022850850160980877,1.0
grad_probe,exemplar,1,36,1,1,00078_bassinet::exemplar_0,00078_bassinet::exemplar_1,0.0420446130660859,0.02870934605565931,1.0
grad_probe,exemplar,1,37,1,1,00039_arugula::exemplar_0,00039_arugula::exemplar_1,0.07823412534550823,0.040127953067529795,1.0
grad_probe,exemplar,1,38,1,1,00088_bazooka::exemplar_0,00088_bazooka::exemplar_1,0.8310199909188637,0.9099130073230982,0.0
grad_probe,exemplar,1,39,1,1,00166_bra::exemplar_0,00166_bra::exemplar_1,0.9993129680240587,0.4133596787099919,1.0
grad_probe,exemplar,1,40,1,1,00129_block::exemplar_0,00129_block::exemplar_1,0.05672749499142564,0.0721911833501114,0.0
grad_probe,exemplar,1,41,1,1,00033_aquarium::exemplar_0,00033_aquarium::exemplar_1,0.41099976490682005,0.24372036493654672,1.0
grad_probe,exemplar,1,42,1,1,00196_bunkbed::exemplar_0,00196_bunkbed::exemplar_1,0.1907004208756399,0.09807466727581413,1.0
grad_probe,exemplar,1,43,1,1,00171_brake::exemplar_0,00171_brake::exemplar_1,0.036417576268916306,0.04787398548994645,0.0
grad_probe,exemplar,1,44,1,1,00165_boy::exemplar_0,00165_boy::exemplar_1,0.1200037831649891,0.12298019004562104,0.0
grad_probe,exemplar,1,45,1,1,00089_beachball::exemplar_0,00089_beachball::exemplar_1,0.03637039588891811,0.038866175868685925,0.0
grad_probe,exemplar,1,46,1,1,00138_board_game::exemplar_0,00138_board_game::exemplar_1,0.30850692240400107,0.22891938943549092,1.0
grad_probe,exemplar,1,47,1,1,00025_anteater::exemplar_0,00025_anteater::exemplar_1,0.10210951045020916,0.054588183353281944,1.0
grad_probe,exemplar,1,48,1,1,00116_birdbath::exemplar_0,00116_birdbath::exemplar_1,0.09777723787549462,0.7503160887980916,0.0
grad_probe,exemplar,1,49,1,1,00173_brass_knuckles::exemplar_0,00173_brass_knuckles::exemplar_1,0.7177707327187823,0.9704401141314088,0.0
grad_probe,exemplar,1,50,1,1,00028_appetizer::exemplar_0,00028_appetizer::exemplar_1,0.9858835033943348,0.755920424129704,1.0
grad_probe,exemplar,1,51,1,1,00117_birdcage::exemplar_0,00117_birdcage::exemplar_1,0.06360541738151142,0.037707423627681286,1.0
grad_probe,exemplar,1,52,1,1,00164_boxing_gloves::exemplar_0,00164_boxing_gloves::exemplar_1,0.2157735792396202,0.2339869151371908,0.0
grad_probe,exemplar,1,53,1,1,00030_apple_tree::exemplar_0,00030_apple_tree::exemplar_1,0.7238653208816201,0.317391132061704,1.0
grad_probe,exemplar,1,54,1,1,00093_beanbag::exemplar_0,00093_beanbag::exemplar_1,0.6239930998180822,0.9955588284803286,0.0
grad_probe,exemplar,1,55,1,1,00138_board_game::exemplar_0,00138_board_game::exemplar_1,0.30850692240400107,0.22891938943549092,1.0
grad_probe,exemplar,1,56,1,1,00014_aloe::exemplar_0,00014_aloe::exemplar_1,0.1222064786859146,0.10014647570422981,1.0
grad_probe,exemplar,1,57,1,1,00120_bison::exemplar_0,00120_bison::exemplar_1,0.46561475057633006,0.13142529688517954,1.0
grad_probe,exemplar,1,58,1,1,00149_bookshelf::exemplar_0,00149_bookshelf::exemplar_1,0.07969664100327856,0.03173862096745812,1.0
grad_probe,exemplar,1,59,1,1,00125_blimp::exemplar_0,00125_blimp::exemplar_1,0.1483725854730926,0.462286581787282,0.0
grad_probe,exemplar,1,60,1,1,00070_bark::exemplar_0,00070_bark::exemplar_1,0.1811711290915269,0.009806194168441574,1.0
grad_probe,exemplar,1,61,1,1,00192_bulletin_board::exemplar_0,00192_bulletin_board::exemplar_1,0.08470202912111237,0.06824434359778725,1.0
grad_probe,exemplar,1,62,1,1,00148_bookmark::exemplar_0,00148_bookmark::exemplar_1,0.050026086276757635,0.014162612124293277,1.0
grad_probe,exemplar,1,63,1,1,00170_braid::exemplar_0,00170_braid::exemplar_1,0.21301953629717107,0.06568561037373845,1.0
grad_probe,exemplar,1,64,1,1,00005_air_conditioner::exemplar_0,00005_air_conditioner::exemplar_1,0.6287144417288129,0.08539977482484329,1.0
grad_probe,exemplar,1,65,1,1,00063_bandanna::exemplar_0,00063_bandanna::exemplar_1,0.9720375491811241,0.5190614317905178,1.0
grad_probe,exemplar,1,66,1,1,00065_bank::exemplar_0,00065_bank::exemplar_1,0.8626950610861389,0.26831580367137575,1.0
grad_probe,exemplar,1,67,1,1,00014_aloe::exemplar_0,00014_aloe::exemplar_1,0.1222064786859146,0.10014647570422981,1.0
grad_probe,exemplar,1,68,1,1,00124_blender::exemplar_0,00124_blender::exemplar_1,0.05647256580509929,0.06083209864215995,0.0
grad_probe,exemplar,1,69,1,1,00187_bucket::exemplar_0,00187_bucket::exemplar_1,0.2321971558430114,0.007211168337217931,1.0
grad_probe,exemplar,1,70,1,1,00124_blender::exemplar_0,00124_blender::exemplar_1,0.05647256580509929,0.06083209864215995,0.0
grad_probe,exemplar,1,71,1,1,00119_biscuit::exemplar_0,00119_biscuit::exemplar_1,0.038752832463563265,0.007471461189163119,1.0
grad_probe,exemplar,1,72,1,1,00181_broom::exemplar_0,00181_broom::exemplar_1,0.050155582289175875,0.029076406800298632,1.0
grad_probe,exemplar,1,73,1,1,00077_basketball_hoop::exemplar_0,00077_basketball_hoop::exemplar_1,0.42848164704475356,0.019956491078685048,1.0
grad_probe,exemplar,1,74,1,1,00060_banana_peel::exemplar_0,00060_banana_peel::exemplar_1,0.07389174417640546,0.026070743618365567,1.0
grad_probe,exemplar,1,75,1,1,00072_barrel::exemplar_0,00072_barrel::exemplar_1,0.5201286116240901,0.12374124094636046,1.0
grad_probe,exemplar,1,76,1,1,00131_blower::exemplar_0,00131_blower::exemplar_1,0.5585757858226327,0.0006590497592043145,1.0
grad_probe,exemplar,1,77,1,1,00188_buckle::exemplar_0,00188_buckle::exemplar_1,0.07902336454179192,0.013502518152788759,1.0
grad_probe,exemplar,1,78,1,1,00012_alligator::exemplar_0,00012_alligator::exemplar_1,0.47341463046458565,0.17220527376435152,1.0
grad_probe,exemplar,1,79,1,1,00073_barrette::exemplar_0,00073_barrette::exemplar_1,0.5296006180262214,0.19778174634659912,1.0
grad_probe,exemplar,1,80,1,1,00118_birdhouse::exemplar_0,00118_birdhouse::exemplar_1,0.195310123775761,0.021995543380295853,1.0
grad_probe,exemplar,1,81,1,1,00039_arugula::exemplar_0,00039_arugula::exemplar_1,0.07823412534550823,0.040127953067529795,1.0
grad_probe,exemplar,1,82,1,1,00082_bathrobe::exemplar_0,00082_bathrobe::exemplar_1,0.31434241480060593,0.4115015694684279,0.0
grad_probe,exemplar,1,83,1,1,00160_bowling_ball::exemplar_0,00160_bowling_ball::exemplar_1,0.3363314729173172,0.23146876897302898,1.0
grad_probe,exemplar,1,84,1,1,00090_bead::exemplar_0,00090_bead::exemplar_1,0.538567514410633,0.13644020541889115,1.0
grad_probe,exemplar,1,85,1,1,00151_boot::exemplar_0,00151_boot::exemplar_1,0.9981886233729966,0.8630090854338442,1.0
grad_probe,exemplar,1,86,1,1,00059_bamboo::exemplar_0,00059_bamboo::exemplar_1,0.318222932025457,0.7671660991154966,0.0
grad_probe,exemplar,1,87,1,1,00005_air_conditioner::exemplar_0,00005_air_conditioner::exemplar_1,0.6287144417288129,0.08539977482484329,1.0
grad_probe,exemplar,1,88,1,1,00093_beanbag::exemplar_0,00093_beanbag::exemplar_1,0.6239930998180822,0.9955588284803286,0.0
grad_probe,exemplar,1,89,1,1,00132_blowfish::exemplar_0,00132_blowfish::exemplar_1,0.6939001091319398,0.06038551542870819,1.0
grad_probe,exemplar,1,90,1,1,00051_badger::exemplar_0,00051_badger::exemplar_1,0.33576890656551905,0.1565239704221287,1.0
grad_probe,exemplar,1,91,1,1,00033_aquarium::exemplar_0,00033_aquarium::exemplar_1,0.41099976490682005,0.24372036493654672,1.0
grad_probe,exemplar,1,92,1,1,00174_breadstick::exemplar_0,00174_breadstick::exemplar_1,0.26037073798856625,0.04046252088916158,1.0
grad_probe,exemplar,1,93,1,1,00054_bagpipe::exemplar_0,00054_bagpipe::exemplar_1,0.16651794656038332,0.0016719783542450898,1.0
grad_probe,exemplar,1,94,1,1,00180_brooch::exemplar_0,00180_brooch::exemplar_1,0.6364677173642145,0.030972850917419723,1.0
grad_probe,exemplar,1,95,1,1,00130_blouse::exemplar_0,00130_blouse::exemplar_1,0.5458267120866728,0.8297793838673766,0.0
grad_probe,exemplar,1,96,1,1,00030_apple_tree::exemplar_0,00030_apple_tree::exemplar_1,0.7238653208816201,0.317391132061704,1.0
grad_probe,exemplar,1,97,1,1,00032_apron::exemplar_0,00032_apron::exemplar_1,0.5367879320309662,0.046983971030330716,1.0
grad_probe,exemplar,1,98,1,1,00072_barrel::exemplar_0,00072_barrel::exemplar_1,0.5201286116240901,0.12374124094636046,1.0
grad_probe,exemplar,1,99,1,1,00155_bow1::exemplar_0,00155_bow1::exemplar_1,0.1505952609346807,0.09543062174681505,1.0
grad_probe,exemplar,1,100,1,1,00140_bolo_tie::exemplar_0,00140_bolo_tie::exemplar_1,0.9861028727882214,0.4784539245025937,1.0
grad_probe,exemplar,10,1,1,10,00054_bagpipe::exemplar_0,00054_bagpipe::exemplar_1,0.4383075341436417,0.23174722452712956,1.0
grad_probe,exemplar,10,1,2,10,00191_bulldozer::exemplar_0,00191_bulldozer::exemplar_1,0.4032738751231539,0.40715628239803275,0.0
grad_probe,exemplar,10,1,3,10,00022_ankle::exemplar_0,00022_ankle::exemplar_1,0.5630953237787446,0.48319511074309734,1.0
grad_probe,exemplar,10,1,4,10,00140_bolo_tie::exemplar_0,00140_bolo_tie::exemplar_1,0.44707038360366946,0.39326154660213847,1.0
grad_probe,exemplar,10,1,5,10,00126_blind::exemplar_0,00126_blind::exemplar_1,0.5043018472282333,0.423879623581606,1.0
grad_probe,exemplar,10,1,6,10,00071_barnacle::exemplar_0,00071_barnacle::exemplar_1,0.3480606215629818,0.30092497730722323,1.0
grad_probe,exemplar,10,1,7,10,00152_bottle::exemplar_0,00152_bottle::exemplar_1,0.494880770116179,0.45372847641909203,1.0
grad_probe,exemplar,10,1,8,10,00077_basketball_hoop::exemplar_0,00077_basketball_hoop::exemplar_1,0.5671613187186145,0.3969527357179668,1.0
grad_probe,exemplar,10,1,9,10,00038_artichoke::exemplar_0,00038_artichoke::exemplar_1,0.4998764632048992,0.36689059650073513,1.0
grad_probe,exemplar,10,1,10,10,00107_belt::exemplar_0,00107_belt::exemplar_1,0.5832414803771401,0.32118828984824715,1.0
grad_probe,exemplar,10,2,1,10,00098_bedpan::exemplar_0,00098_bedpan::exemplar_1,0.30254806488167696,0.1727668436737092,1.0
grad_probe,exemplar,10,2,2,10,00153_boulder::exemplar_0,00153_boulder::exemplar_1,0.5150517247954093,0.5313562795200985,0.0
grad_probe,exemplar,10,2,3,10,00183_brush::exemplar_0,00183_brush::exemplar_1,0.2722848687814558,0.4331317387631889,0.0
grad_probe,exemplar,10,2,4,10,00097_bed::exemplar_0,00097_bed::exemplar_1,0.4896765557228214,0.4196087985179923,1.0
grad_probe,exemplar,10,2,5,10,00078_bassinet::exemplar_0,00078_bassinet::exemplar_1,0.47654030920358964,0.50116646374,0.0
grad_probe,exemplar,10,2,6,10,00036_armor::exemplar_0,00036_armor::exemplar_1,0.4912466200651235,0.49704191994734803,0.0
grad_probe,exemplar,10,2,7,10,00029_apple::exemplar_0,00029_apple::exemplar_1,0.5374901722208552,0.12324829217337273,1.0
grad_probe,exemplar,10,2,8,10,00085_baton2::exemplar_0,00085_baton2::exemplar_1,0.30004165036975045,0.44964736677787176,0.0
grad_probe,exemplar,10,2,9,10,00020_amplifier::exemplar_0,00020_amplifier::exemplar_1,0.32980509616306863,0.4828971974235266,0.0
grad_probe,exemplar,10,2,10,10,00067_barbed_wire::exemplar_0,00067_barbed_wire::exemplar_1,0.469011162348205,0.2553803489288214,1.0
grad_probe,exemplar,10,3,1,10,00004_acorn::exemplar_0,00004_acorn::exemplar_1,0.4486063042936759,0.4166225636317069,1.0
grad_probe,exemplar,10,3,2,10,00041_asparagus::exemplar_0,00041_asparagus::exemplar_1,0.44169682254814646,0.31925565088291336,1.0
grad_probe,exemplar,10,3,3,10,00143_bomb::exemplar_0,00143_bomb::exemplar_1,0.4848265543172263,0.28569385115234813,1.0
grad_probe,exemplar,10,3,4,10,00123_blazer::exemplar_0,00123_blazer::exemplar_1,0.4712195606561915,0.46177301003976023,1.0
grad_probe,exemplar,10,3,5,10,00155_bow1::exemplar_0,00155_bow1::exemplar_1,0.4793114799546666,0.3451936893528595,1.0
grad_probe,exemplar,10,3,6,10,00138_board_game::exemplar_0,00138_board_game::exemplar_1,0.37645028050927204,0.2842085966789041,1.0
grad_probe,exemplar,10,3,7,10,00032_apron::exemplar_0,00032_apron::exemplar_1,0.5245573064539828,0.41768399010541496,1.0
grad_probe,exemplar,10,3,8,10,00121_blackberry::exemplar_0,00121_blackberry::exemplar_1,0.4284012222198331,0.4714149665452076,0.0
grad_probe,exemplar,10,3,9,10,00053_bagel::exemplar_0,00053_bagel::exemplar_1,0.4117326293249199,0.29183762978440786,1.0
grad_probe,exemplar,10,3,10,10,00131_blower::exemplar_0,00131_blower::exemplar_1,0.8627432635447013,0.22474862244984783,1.0
grad_probe,exemplar,10,4,1,10,00056_ball::exemplar_0,00056_ball::exemplar_1,0.25191247758246177,0.13746718415491954,1.0
grad_probe,exemplar,10,4,2,10,00100_bee::exemplar_0,00100_bee::exemplar_1,0.23364233516837965,0.26562157787695667,0.0
grad_probe,exemplar,10,4,3,10,00038_artichoke::exemplar_0,00038_artichoke::exemplar_1,0.21603148093705374,0.35887835182700634,0.0
grad_probe,exemplar,10,4,4,10,00094_beanie::exemplar_0,00094_beanie::exemplar_1,0.5006085939412706,0.32528537070915553,1.0
grad_probe,exemplar,10,4,5,10,00064_banjo::exemplar_0,00064_banjo::exemplar_1,0.48692507909626503,0.33714180391028914,1.0
grad_probe,exemplar,10,4,6,10,00185_bubble::exemplar_0,00185_bubble::exemplar_1,0.3918455685932526,0.37234975321083613,1.0
grad_probe,exemplar,10,4,7,10,00044_axe::exemplar_0,00044_axe::exemplar_1,0.5159481258510914,0.4540884873281737,1.0
grad_probe,exemplar,10,4,8,10,00029_apple::exemplar_0,00029_apple::exemplar_1,0.5165019972937287,0.07462878496170813,1.0
grad_probe,exemplar,10,4,9,10,00123_blazer::exemplar_0,00123_blazer::exemplar_1,0.48395883443667753,0.4666742604305026,1.0
grad_probe,exemplar,10,4,10,10,00001_aardvark::exemplar_0,00001_aardvark::exemplar_1,0.5323548043134951,0.42716867650123247,1.0
grad_probe,exemplar,10,5,1,10,00099_bedpost::exemplar_0,00099_bedpost::exemplar_1,0.5004733040097099,0.525813758882103,0.0
grad_probe,exemplar,10,5,2,10,00093_beanbag::exemplar_0,00093_beanbag::exemplar_1,0.5458288281869774,0.19495471715819954,1.0
grad_probe,exemplar,10,5,3,10,00127_blinder::exemplar_0,00127_blinder::exemplar_1,0.5929142564406235,0.41662565137494545,1.0
grad_probe,exemplar,10,5,4,10,00071_barnacle::exemplar_0,00071_barnacle::exemplar_1,0.371862440010674,0.34143126842570837,1.0
grad_probe,exemplar,10,5,5,10,00064_banjo::exemplar_0,00064_banjo::exemplar_1,0.4734005793223692,0.3795553322150176,1.0
grad_probe,exemplar,10,5,6,10,00137_board::exemplar_0,00137_board::exemplar_1,0.47782124525792485,0.42366621762237167,1.0
grad_probe,exemplar,10,5,7,10,00061_banana_split::exemplar_0,00061_banana_split::exemplar_1,0.46597962902723744,0.4382714676552818,1.0
grad_probe,exemplar,10,5,8,10,00013_almond::exemplar_0,00013_almond::exemplar_1,0.3635041837577724,0.27736497970837365,1.0
grad_probe,exemplar,10,5,9,10,00067_barbed_wire::exemplar_0,00067_barbed_wire::exemplar_1,0.4984612370618361,0.22268538333822208,1.0
grad_probe,exemplar,10,5,10,10,00131_blower::exemplar_0,00131_blower::exemplar_1,0.6194454002123458,0.20023141405496603,1.0
grad_probe,exemplar,10,6,1,10,00045_baby::exemplar_0,00045_baby::exemplar_1,0.40092859524540636,0.38658154320773325,1.0
grad_probe,exemplar,10,6,2,10,00012_alligator::exemplar_0,00012_alligator::exemplar_1,0.4285783836085925,0.41133567768725054,1.0
grad_probe,exemplar,10,6,3,10,00175_breakfast::exemplar_0,00175_breakfast::exemplar_1,0.4410186999240664,0.3266564733308306,1.0
grad_probe,exemplar,10,6,4,10,00057_balloon::exemplar_0,00057_balloon::exemplar_1,0.408276015291157,0.4279044931185447,0.0
grad_probe,exemplar,10,6,5,10,00040_ashtray::exemplar_0,00040_ashtray::exemplar_1,0.5305810252020425,0.45182234423980827,1.0
grad_probe,exemplar,10,6,6,10,00100_bee::exemplar_0,00100_bee::exemplar_1,0.3960983764106982,0.35187471014746863,1.0
grad_probe,exemplar,10,6,7,10,00145_bongo::exemplar_0,00145_bongo::exemplar_1,0.5174642148775566,0.38206699643534076,1.0
grad_probe,exemplar,10,6,8,10,00173_brass_knuckles::exemplar_0,00173_brass_knuckles::exemplar_1,0.49629578348745784,0.5258971945326699,0.0
grad_probe,exemplar,10,6,9,10,00085_baton2::exemplar_0,00085_baton2::exemplar_1,0.34367840683580536,0.45222166765309374,0.0
grad_probe,exemplar,10,6,10,10,00124_blender::exemplar_0,00124_blender::exemplar_1,0.5599245886158352,0.421149935655667,1.0
grad_probe,exemplar,10,7,1,10,00117_birdcage::exemplar_0,00117_birdcage::exemplar_1,0.4036101967846352,0.5346386041120077,0.0
grad_probe,exemplar,10,7,2,10,00134_blueberry::exemplar_0,00134_blueberry::exemplar_1,0.010339739661074097,0.3684359425228035,0.0
grad_probe,exemplar,10,7,3,10,00192_bulletin_board::exemplar_0,00192_bulletin_board::exemplar_1,0.5079397430230707,0.453617639332631,1.0
grad_probe,exemplar,10,7,4,10,00185_bubble::exemplar_0,00185_bubble::exemplar_1,0.4494216079297522,0.43652718514020783,1.0
grad_probe,exemplar,10,7,5,10,00136_boar::exemplar_0,00136_boar::exemplar_1,0.3654905157487678,0.3837707983611293,0.0
grad_probe,exemplar,10,7,6,10,00059_bamboo::exemplar_0,00059_bamboo::exemplar_1,0.4595822626853742,0.18088853106260547,1.0
grad_probe,exemplar,10,7,7,10,00116_birdbath::exemplar_0,00116_birdbath::exemplar_1,0.5450824990399584,0.5487313315413083,0.0
grad_probe,exemplar,10,7,8,10,00065_bank::exemplar_0,00065_bank::exemplar_1,0.47276110075655053,0.23489831649878778,1.0
grad_probe,exemplar,10,7,9,10,00143_bomb::exemplar_0,00143_bomb::exemplar_1,0.5328732477809478,0.33667203832983517,1.0
grad_probe,exemplar,10,7,10,10,00199_burrito::exemplar_0,00199_burrito::exemplar_1,0.5044857400995449,0.43287117497186073,1.0
grad_probe,exemplar,10,8,1,10,00037_arrow::exemplar_0,00037_arrow::exemplar_1,0.22445765738655266,0.22403488415951675,1.0
grad_probe,exemplar,10,8,2,10,00077_basketball_hoop::exemplar_0,00077_basketball_hoop::exemplar_1,0.49373910056903697,0.32729353770348163,1.0
grad_probe,exemplar,10,8,3,10,00073_barrette::exemplar_0,00073_barrette::exemplar_1,0.4740504711359008,0.38160781556276946,1.0
grad_probe,exemplar,10,8,4,10,00146_bonsai::exemplar_0,00146_bonsai::exemplar_1,0.6093924587678814,0.4132050631095935,1.0
grad_probe,exemplar,10,8,5,10,00138_board_game::exemplar_0,00138_board_game::exemplar_1,0.3888447529808366,0.1855340419888721,1.0
grad_probe,exemplar,10,8,6,10,00021_anchor::exemplar_0,00021_anchor::exemplar_1,0.4768826403985469,0.4185181099645711,1.0
grad_probe,exemplar,10,8,7,10,00018_amber::exemplar_0,00018_amber::exemplar_1,0.5003371104319243,0.36676481571609176,1.0
grad_probe,exemplar,10,8,8,10,00045_baby::exemplar_0,00045_baby::exemplar_1,0.388168140124122,0.3736324750682537,1.0
grad_probe,exemplar,10,8,9,10,00130_blouse::exemplar_0,00130_blouse::exemplar_1,0.5102295574938244,0.3224523549828069,1.0
grad_probe,exemplar,10,8,10,10,00158_bowl::exemplar_0,00158_bowl::exemplar_1,0.5626052187153989,0.4440571259065391,1.0
grad_probe,exemplar,10,9,1,10,00069_barcode::exemplar_0,00069_barcode::exemplar_1,0.3795026077970951,0.5541443101191964,0.0
grad_probe,exemplar,10,9,2,10,00076_basket::exemplar_0,00076_basket::exemplar_1,0.43320321494793507,0.09523957550126018,1.0
grad_probe,exemplar,10,9,3,10,00156_bow2::exemplar_0,00156_bow2::exemplar_1,0.3904879398993577,0.5638728145041728,0.0
grad_probe,exemplar,10,9,4,10,00068_barbell::exemplar_0,00068_barbell::exemplar_1,0.5272655545742464,0.4492625279980136,1.0
grad_probe,exemplar,10,9,5,10,00168_bracelet2::exemplar_0,00168_bracelet2::exemplar_1,0.4744279502271168,0.25830401782038726,1.0
grad_probe,exemplar,10,9,6,10,00080_bat2::exemplar_0,00080_bat2::exemplar_1,0.5771730188264712,0.34783118416296355,1.0
grad_probe,exemplar,10,9,7,10,00196_bunkbed::exemplar_0,00196_bunkbed::exemplar_1,0.39537212600793564,0.5074668158408238,0.0
grad_probe,exemplar,10,9,8,10,00134_blueberry::exemplar_0,00134_blueberry::exemplar_1,0.03823369434581895,0.34083811470677244,0.0
grad_probe,exemplar,10,9,9,10,00189_buffet::exemplar_0,00189_buffet::exemplar_1,0.526928917889219,0.29002749463786226,1.0
grad_probe,exemplar,10,9,10,10,00122_blanket::exemplar_0,00122_blanket::exemplar_1,0.4566352914940437,0.31505128719429093,1.0
grad_probe,exemplar,10,10,1,10,00132_blowfish::exemplar_0,00132_blowfish::exemplar_1,0.4422964909235815,0.4206113697675027,1.0
grad_probe,exemplar,10,10,2,10,00097_bed::exemplar_0,00097_bed::exemplar_1,0.5013885415678518,0.42874746251999585,1.0
grad_probe,exemplar,10,10,3,10,00040_ashtray::exemplar_0,00040_ashtray::exemplar_1,0.5444740459570883,0.4221951473809234,1.0
grad_probe,exemplar,10,10,4,10,00013_almond::exemplar_0,00013_almond::exemplar_1,0.26612923880186223,0.2507704639808041,1.0
grad_probe,exemplar,10,10,5,10,00159_bowler_hat::exemplar_0,00159_bowler_hat::exemplar_1,0.5978225465403106,0.34974898656153963,1.0
grad_probe,exemplar,10,10,6,10,00199_burrito::exemplar_0,00199_burrito::exemplar_1,0.4809062479984549,0.4394375175803449,1.0
grad_probe,exemplar,10,10,7,10,00093_beanbag::exemplar_0,00093_beanbag::exemplar_1,0.5195940886927436,0.2630092960201515,1.0
grad_probe,exemplar,10,10,8,10,00024_ant::exemplar_0,00024_ant::exemplar_1,0.5012699138804806,0.47303612215455065,1.0
grad_probe,exemplar,10,10,9,10,00120_bison::exemplar_0,00120_bison::exemplar_1,0.49719051553835264,0.3947324591934004,1.0
grad_probe,exemplar,10,10,10,10,00143_bomb::exemplar_0,00143_bomb::exemplar_1,0.5873933802934883,0.33447284263472904,1.0
grad_probe,exemplar,100,1,1,100,00089_beachball::exemplar_0,00089_beachball::exemplar_1,0.6704525776274475,0.7341235667570303,0.0
grad_probe,exemplar,100,1,2,100,00106_bell_pepper::exemplar_0,00106_bell_pepper::exemplar_1,0.47327221171853723,0.6493247750378883,0.0
grad_probe,exemplar,100,1,3,100,00033_aquarium::exemplar_0,00033_aquarium::exemplar_1,0.6962069530140957,0.748296304571744,0.0
grad_probe,exemplar,100,1,4,100,00074_baseball::exemplar_0,00074_baseball::exemplar_1,0.7002241201943499,0.6450898625471406,1.0
grad_probe,exemplar,100,1,5,100,00150_boomerang::exemplar_0,00150_boomerang::exemplar_1,0.6891028970243748,0.7359669578760861,0.0
grad_probe,exemplar,100,1,6,100,00193_bulletproof_vest::exemplar_0,00193_bulletproof_vest::exemplar_1,0.692884081625242,0.6949579952596606,0.0
grad_probe,exemplar,100,1,7,100,00081_bathmat::exemplar_0,00081_bathmat::exemplar_1,0.674460445619975,0.6841391417956988,0.0
grad_probe,exemplar,100,1,8,100,00097_bed::exemplar_0,00097_bed::exemplar_1,0.7357636788455868,0.7176518849623342,1.0
grad_probe,exemplar,100,1,9,100,00194_bumper::exemplar_0,00194_bumper::exemplar_1,0.7188898515233736,0.7175910935770595,1.0
grad_probe,exemplar,100,1,10,100,00131_blower::exemplar_0,00131_blower::exemplar_1,0.6855900044064687,0.6347016057679771,1.0
grad_probe,exemplar,100,1,11,100,00130_blouse::exemplar_0,00130_blouse::exemplar_1,0.6736318999645826,0.6587941068198444,1.0
grad_probe,exemplar,100,1,12,100,00098_bedpan::exemplar_0,00098_bedpan::exemplar_1,0.594688065162288,0.6774363780576826,0.0
grad_probe,exemplar,100,1,13,100,00187_bucket::exemplar_0,00187_bucket::exemplar_1,0.7417881183371499,0.720883824029107,1.0
grad_probe,exemplar,100,1,14,100,00175_breakfast::exemplar_0,00175_breakfast::exemplar_1,0.7073963017700646,0.7087332643732873,0.0
grad_probe,exemplar,100,1,15,100,00025_anteater::exemplar_0,00025_anteater::exemplar_1,0.6355573847353844,0.6707103493104942,0.0
grad_probe,exemplar,100,1,16,100,00118_birdhouse::exemplar_0,00118_birdhouse::exemplar_1,0.6426865545695913,0.7055730212052858,0.0
grad_probe,exemplar,100,1,17,100,00197_buoy::exemplar_0,00197_buoy::exemplar_1,0.6845810049833186,0.5773654772316905,1.0
grad_probe,exemplar,100,1,18,100,00167_bracelet1::exemplar_0,00167_bracelet1::exemplar_1,0.6841205978036707,0.6381119551719688,1.0
grad_probe,exemplar,100,1,19,100,00161_bowtie::exemplar_0,00161_bowtie::exemplar_1,0.6617857728036882,0.7935288764126643,0.0
grad_probe,exemplar,100,1,20,100,00155_bow1::exemplar_0,00155_bow1::exemplar_1,0.6753732651786858,0.6338173604237949,1.0
grad_probe,exemplar,100,1,21,100,00113_binder::exemplar_0,00113_binder::exemplar_1,0.7392795732501158,0.6385013924208628,1.0
grad_probe,exemplar,100,1,22,100,00188_buckle::exemplar_0,00188_buckle::exemplar_1,0.6447601282541332,0.724765572357057,0.0
grad_probe,exemplar,100,1,23,100,00146_bonsai::exemplar_0,00146_bonsai::exemplar_1,0.7461048338677252,0.7176991857271715,1.0
grad_probe,exemplar,100,1,24,100,00180_brooch::exemplar_0,00180_brooch::exemplar_1,0.6564879633840532,0.7024487367305896,0.0
grad_probe,exemplar,100,1,25,100,00062_bandage::exemplar_0,00062_bandage::exemplar_1,0.7307457805838644,0.6818267827681151,1.0
grad_probe,exemplar,100,1,26,100,00002_abacus::exemplar_0,00002_abacus::exemplar_1,0.6511763793614405,0.7021453405504228,0.0
grad_probe,exemplar,100,1,27,100,00154_bouquet::exemplar_0,00154_bouquet::exemplar_1,0.7240137462270756,0.7321053493471138,0.0
grad_probe,exemplar,100,1,28,100,00160_bowling_ball::exemplar_0,00160_bowling_ball::exemplar_1,0.7105151284684577,0.7101899815801586,1.0
grad_probe,exemplar,100,1,29,100,00004_acorn::exemplar_0,00004_acorn::exemplar_1,0.7056103052515066,0.644657094889543,1.0
grad_probe,exemplar,100,1,30,100,00046_backdrop::exemplar_0,00046_backdrop::exemplar_1,0.7299702140072474,0.6688418291491272,1.0
grad_probe,exemplar,100,1,31,100,00156_bow2::exemplar_0,00156_bow2::exemplar_1,0.6410450453742259,0.6525402098825903,0.0
grad_probe,exemplar,100,1,32,100,00017_aluminum_foil::exemplar_0,00017_aluminum_foil::exemplar_1,0.7238185083377138,0.7442968234744809,0.0
grad_probe,exemplar,100,1,33,100,00071_barnacle::exemplar_0,00071_barnacle::exemplar_1,0.5735248119012035,0.6708033232033254,0.0
grad_probe,exemplar,100,1,34,100,00042_avocado::exemplar_0,00042_avocado::exemplar_1,0.6839503941463309,0.6952447007473942,0.0
grad_probe,exemplar,100,1,35,100,00040_ashtray::exemplar_0,00040_ashtray::exemplar_1,0.7181712765995814,0.6861011043588582,1.0
grad_probe,exemplar,100,1,36,100,00036_armor::exemplar_0,00036_armor::exemplar_1,0.646237991012582,0.6644014155094694,0.0
grad_probe,exemplar,100,1,37,100,00044_axe::exemplar_0,00044_axe::exemplar_1,0.7201312818783647,0.7129011793031572,1.0
grad_probe,exemplar,100,1,38,100,00022_ankle::exemplar_0,00022_ankle::exemplar_1,0.7355998557247251,0.7115946300696325,1.0
grad_probe,exemplar,100,1,39,100,00014_aloe::exemplar_0,00014_aloe::exemplar_1,0.6979452536860239,0.7106169882302688,0.0
grad_probe,exemplar,100,1,40,100,00054_bagpipe::exemplar_0,00054_bagpipe::exemplar_1,0.7370552892958985,0.5716803246876033,1.0
grad_probe,exemplar,100,1,41,100,00013_almond::exemplar_0,00013_almond::exemplar_1,0.6554822629192575,0.6381149475607325,1.0
grad_probe,exemplar,100,1,42,100,00102_beer::exemplar_0,00102_beer::exemplar_1,0.63089507920395,0.6956395056130259,0.0
grad_probe,exemplar,100,1,43,100,00147_book::exemplar_0,00147_book::exemplar_1,0.6270891083860534,0.7200232507928414,0.0
grad_probe,exemplar,100,1,44,100,00116_birdbath::exemplar_0,00116_birdbath::exemplar_1,0.6928844494989617,0.7185544189396784,0.0
grad_probe,exemplar,100,1,45,100,00086_baton3::exemplar_0,00086_baton3::exemplar_1,0.653523780148607,0.678741863932028,0.0
grad_probe,exemplar,100,1,46,100,00093_beanbag::exemplar_0,00093_beanbag::exemplar_1,0.7256145652791304,0.6904497823449747,1.0
grad_probe,exemplar,100,1,47,100,00189_buffet::exemplar_0,00189_buffet::exemplar_1,0.7430567147624274,0.6485252609958924,1.0
grad_probe,exemplar,100,1,48,100,00008_airbag::exemplar_0,00008_airbag::exemplar_1,0.7339406573299139,0.7281114084234044,1.0
grad_probe,exemplar,100,1,49,100,00050_badge::exemplar_0,00050_badge::exemplar_1,0.6909585048679076,0.6679638100882093,1.0
grad_probe,exemplar,100,1,50,100,00159_bowler_hat::exemplar_0,00159_bowler_hat::exemplar_1,0.7525440911144045,0.6834736714286848,1.0
grad_probe,exemplar,100,1,51,100,00101_beehive::exemplar_0,00101_beehive::exemplar_1,0.6354685238671093,0.6309744772033009,1.0
grad_probe,exemplar,100,1,52,100,00164_boxing_gloves::exemplar_0,00164_boxing_gloves::exemplar_1,0.7295110051855185,0.6996249578692338,1.0
grad_probe,exemplar,100,1,53,100,00099_bedpost::exemplar_0,00099_bedpost::exemplar_1,0.7274148769014773,0.7149803792068947,1.0
grad_probe,exemplar,100,1,54,100,00090_bead::exemplar_0,00090_bead::exemplar_1,0.6489841626178774,0.6362621584408606,1.0
grad_probe,exemplar,100,1,55,100,00030_apple_tree::exemplar_0,00030_apple_tree::exemplar_1,0.6865389491699038,0.5790216754509965,1.0
grad_probe,exemplar,100,1,56,100,00041_asparagus::exemplar_0,00041_asparagus::exemplar_1,0.661568889190349,0.619769498585446,1.0
grad_probe,exemplar,100,1,57,100,00163_boxer_shorts::exemplar_0,00163_boxer_shorts::exemplar_1,0.7249420187355893,0.7087762670614016,1.0
grad_probe,exemplar,100,1,58,100,00095_bear::exemplar_0,00095_bear::exemplar_1,0.5864409841740609,0.5336611344243065,1.0
grad_probe,exemplar,100,1,59,100,00114_binoculars::exemplar_0,00114_binoculars::exemplar_1,0.662161683055878,0.5826584874976563,1.0
grad_probe,exemplar,100,1,60,100,00110_bib::exemplar_0,00110_bib::exemplar_1,0.7040645665057783,0.7072293315617938,0.0
grad_probe,exemplar,100,1,61,100,00151_boot::exemplar_0,00151_boot::exemplar_1,0.7283097097489921,0.713885046396223,1.0
grad_probe,exemplar,100,1,62,100,00136_boar::exemplar_0,00136_boar::exemplar_1,0.5847812581372911,0.6119172906717694,0.0
grad_probe,exemplar,100,1,63,100,00165_boy::exemplar_0,00165_boy::exemplar_1,0.5811160655757788,0.6928983507418324,0.0
grad_probe,exemplar,100,1,64,100,00058_ballot_box::exemplar_0,00058_ballot_box::exemplar_1,0.7196272602824461,0.6870135473309122,1.0
grad_probe,exemplar,100,1,65,100,00053_bagel::exemplar_0,00053_bagel::exemplar_1,0.5807528118583647,0.5054259060857043,1.0
grad_probe,exemplar,100,1,66,100,00111_bikini::exemplar_0,00111_bikini::exemplar_1,0.664052592954866,0.7086071124973372,0.0
grad_probe,exemplar,100,1,67,100,00085_baton2::exemplar_0,00085_baton2::exemplar_1,0.5749593025501831,0.678529667419162,0.0
grad_probe,exemplar,100,1,68,100,00023_anklet::exemplar_0,00023_anklet::exemplar_1,0.6915407432258783,0.674554790975018,1.0
grad_probe,exemplar,100,1,69,100,00029_apple::exemplar_0,00029_apple::exemplar_1,0.709514587576192,0.7205406227056979,0.0
grad_probe,exemplar,100,1,70,100,00077_basketball_hoop::exemplar_0,00077_basketball_hoop::exemplar_1,0.7117953639870607,0.6726545390365571,1.0
grad_probe,exemplar,100,1,71,100,00010_airplane::exemplar_0,00010_airplane::exemplar_1,0.7337003328704641,0.7208790244553999,1.0
grad_probe,exemplar,100,1,72,100,00057_balloon::exemplar_0,00057_balloon::exemplar_1,0.7384310527815974,0.7135635828248824,1.0
grad_probe,exemplar,100,1,73,100,00009_airboat::exemplar_0,00009_airboat::exemplar_1,0.7444390900063824,0.6867306846209476,1.0
grad_probe,exemplar,100,1,74,100,00190_bull::exemplar_0,00190_bull::exemplar_1,0.6458287944258632,0.693833062667421,0.0
grad_probe,exemplar,100,1,75,100,00028_appetizer::exemplar_0,00028_appetizer::exemplar_1,0.7340040355587933,0.7098712911785703,1.0
grad_probe,exemplar,100,1,76,100,00079_bat1::exemplar_0,00079_bat1::exemplar_1,0.6720131478784279,0.5699093174363143,1.0
grad_probe,exemplar,100,1,77,100,00198_burner::exemplar_0,00198_burner::exemplar_1,0.6999995644337712,0.6629570410869368,1.0
grad_probe,exemplar,100,1,78,100,00003_accordion::exemplar_0,00003_accordion::exemplar_1,0.02298920823174407,0.19913298951493255,0.0
grad_probe,exemplar,100,1,79,100,00191_bulldozer::exemplar_0,00191_bulldozer::exemplar_1,0.6854293086518816,0.7220797096356099,0.0
grad_probe,exemplar,100,1,80,100,00024_ant::exemplar_0,00024_ant::exemplar_1,0.6796712547994883,0.6449249284975085,1.0
grad_probe,exemplar,100,1,81,100,00075_baseball_glove::exemplar_0,00075_baseball_glove::exemplar_1,0.738720210674918,0.6883430992945657,1.0
grad_probe,exemplar,100,1,82,100,00049_bacon::exemplar_0,00049_bacon::exemplar_1,0.6801806435231293,0.599178553735607,1.0
grad_probe,exemplar,100,1,83,100,00070_bark::exemplar_0,00070_bark::exemplar_1,0.6730481343426097,0.5748760227828349,1.0
grad_probe,exemplar,100,1,84,100,00170_braid::exemplar_0,00170_braid::exemplar_1,0.7007889274101995,0.7207385089580425,0.0
grad_probe,exemplar,100,1,85,100,00021_anchor::exemplar_0,00021_anchor::exemplar_1,0.7024157511770935,0.7025978610550648,0.0
grad_probe,exemplar,100,1,86,100,00065_bank::exemplar_0,00065_bank::exemplar_1,0.6589718915239668,0.6993422805319285,0.0
grad_probe,exemplar,100,1,87,100,00109_berry::exemplar_0,00109_berry::exemplar_1,0.6461934016162634,0.6254704757245577,1.0
grad_probe,exemplar,100,1,88,100,00096_beard::exemplar_0,00096_beard::exemplar_1,0.6220957397825186,0.6706956105786799,0.0
grad_probe,exemplar,100,1,89,100,00152_bottle::exemplar_0,00152_bottle::exemplar_1,0.7279085673823252,0.6579817076986215,1.0
grad_probe,exemplar,100,1,90,100,00176_breathalyzer::exemplar_0,00176_breathalyzer::exemplar_1,0.6931247397485383,0.6952528993140293,0.0
grad_probe,exemplar,100,1,91,100,00048_backpack::exemplar_0,00048_backpack::exemplar_1,0.7165452815073988,0.6474151312924092,1.0
grad_probe,exemplar,100,1,92,100,00043_awning::exemplar_0,00043_awning::exemplar_1,0.7295936822699383,0.7130472206475991,1.0
grad_probe,exemplar,100,1,93,100,00137_board::exemplar_0,00137_board::exemplar_1,0.683278174583433,0.703032704566975,0.0
grad_probe,exemplar,100,1,94,100,00006_air_mattress::exemplar_0,00006_air_mattress::exemplar_1,0.7008141059209602,0.6383303767268251,1.0
grad_probe,exemplar,100,1,95,100,00200_bus::exemplar_0,00200_bus::exemplar_1,0.6179822089928265,0.7122232721906331,0.0
grad_probe,exemplar,100,1,96,100,00078_bassinet::exemplar_0,00078_bassinet::exemplar_1,0.7761751945546183,0.742101521181532,1.0
grad_probe,exemplar,100,1,97,100,00129_block::exemplar_0,00129_block::exemplar_1,0.7229627111306554,0.7161954793038426,1.0
grad_probe,exemplar,100,1,98,100,00162_box::exemplar_0,00162_box::exemplar_1,0.7165401525961178,0.6680241764288027,1.0
grad_probe,exemplar,100,1,99,100,00120_bison::exemplar_0,00120_bison::exemplar_1,0.6942127525586577,0.6787535949639043,1.0
grad_probe,exemplar,100,1,100,100,00087_battery::exemplar_0,00087_battery::exemplar_1,0.7267074086464602,0.7116528313502495,1.0
