foil_type,sequence_length,episode_index,trial_index_within_episode,study_length,target_name,foil_name,old_grad_raw,foil_grad_raw,old_grad_ratio,foil_grad_ratio,old_linear_score,foil_linear_score,raw_grad_accuracy,ratio_grad_accuracy,linear_probe_accuracy
novel,1,1,1,1,Adecorativem2.jpg,tuba1.jpg,15.934287071228027,16.441225051879883,0.2772408127784729,0.28904950618743896,0.2592719631347294,0.3024996948316047,1.0,1.0,0.0
novel,1,2,1,1,26372390.thl.jpg,Astool76.jpg,23.31464195251465,24.244102478027344,0.3513962924480438,0.33394765853881836,0.9460330210203258,0.9231592727297705,1.0,0.0,1.0
novel,1,3,1,1,Ametalstool2.jpg,Abells3.jpg,16.273195266723633,20.649124145507812,0.26580673456192017,0.3066176474094391,0.9640868735223594,0.9292019794177766,1.0,1.0,1.0
novel,1,4,1,1,ABACCAMEL.jpg,APOTPBAG2.jpg,25.564800262451172,25.63995933532715,0.3087805211544037,0.32420721650123596,0.9995837944761479,0.9935808580128253,1.0,1.0,1.0
novel,1,5,1,1,AMIXER.jpg,AHARPSIC5.jpg,21.59246826171875,27.024154663085938,0.29437270760536194,0.3837968111038208,0.9885276040516716,0.9713143883014606,1.0,1.0,1.0
novel,1,6,1,1,ABPIECE2.jpg,26392231.thl.jpg,17.9401798248291,19.949853897094727,0.28857317566871643,0.3365330696105957,0.7409930361503247,0.9980573259050901,1.0,1.0,0.0
novel,1,7,1,1,ASTEAMER4.jpg,26420979.thl.jpg,15.238497734069824,16.147560119628906,0.27886584401130676,0.29578375816345215,0.04151781312241623,0.2720622928869818,1.0,1.0,0.0
novel,1,8,1,1,Adiamondring3.jpg,Abeesonahoney.jpg,20.63612937927246,33.346248626708984,0.28692880272865295,0.3921678960323334,0.9968950808417277,0.9981654832861816,1.0,1.0,0.0
novel,1,9,1,1,Arecyclingbox.jpg,AMIXER1.jpg,18.701284408569336,18.1235294342041,0.2763059437274933,0.31497204303741455,0.9850969947507109,0.6572420843452149,0.0,1.0,1.0
novel,1,10,1,1,ACLSIGN2.jpg,Aspeakers4.jpg,23.526180267333984,19.570911407470703,0.3025433421134949,0.29582640528678894,0.9955385310965408,0.957313600136803,0.0,0.0,1.0
novel,1,11,1,1,moistureproduct.jpg,hockeypuck.jpg,17.70734977722168,22.298381805419922,0.2711940407752991,0.35652026534080505,0.9938256824286648,0.9942949590338827,1.0,1.0,0.0
novel,1,12,1,1,ATURKEY11.jpg,26373844.thl.jpg,20.62346076965332,19.238195419311523,0.28632211685180664,0.3016693592071533,0.9701268114987741,0.7537073456369647,0.0,1.0,1.0
novel,1,13,1,1,Astaircase2.jpg,Astrawfan.jpg,21.535175323486328,22.312299728393555,0.28242653608322144,0.35138919949531555,0.9057271074844684,0.5266676979425297,1.0,1.0,1.0
novel,1,14,1,1,Afeatherhat.jpg,26377601.thl.jpg,28.88990020751953,15.137852668762207,0.3029841184616089,0.3061556816101074,0.9997607750465255,0.9979339291300524,0.0,1.0,1.0
novel,1,15,1,1,ABORKEHOR.jpg,APEPPSHA4.jpg,16.97381019592285,15.421553611755371,0.2744186222553253,0.27140581607818604,0.4801829762675345,0.08572868445984302,0.0,0.0,1.0
novel,1,16,1,1,ADOORHAN8.jpg,AGOLDCUP6.jpg,21.0389404296875,25.65782356262207,0.2985644042491913,0.321260929107666,0.9999277664453265,0.9996053118413876,1.0,1.0,1.0
novel,1,17,1,1,26434250.thl.jpg,AMETDETE2.jpg,18.923852920532227,17.920515060424805,0.29293087124824524,0.30652251839637756,0.9322017672834324,0.8094913575972903,0.0,1.0,1.0
novel,1,18,1,1,22875816.thl.jpg,Aornamentalt5.jpg,14.96854305267334,21.658605575561523,0.274284303188324,0.3345324695110321,0.0417539684802312,0.10069713844132644,1.0,1.0,0.0
novel,1,19,1,1,Apig5.jpg,Acdrominterf2.jpg,19.18048095703125,19.825380325317383,0.31314074993133545,0.3124906122684479,0.9968177853135342,0.9989335557539013,1.0,0.0,0.0
novel,1,20,1,1,Aseat3.jpg,ABARBCHA3.jpg,23.786048889160156,23.830913543701172,0.27831512689590454,0.3212627172470093,0.9993034446526569,0.9971512437686071,1.0,1.0,1.0
novel,1,21,1,1,ASCSIPORT.jpg,schoolbus.jpg,22.999298095703125,31.132909774780273,0.30206385254859924,0.3817271292209625,0.9480119712471103,0.9338249871934078,1.0,1.0,1.0
novel,1,22,1,1,AARTICHO1.jpg,leek.jpg,46.428977966308594,17.59252166748047,0.4696091115474701,0.29234981536865234,0.9999677905824275,0.9995388716682163,0.0,0.0,1.0
novel,1,23,1,1,for28524.jpg,gingerroot.jpg,14.733659744262695,39.33372497558594,0.24244830012321472,0.4296224117279053,0.05104711974594915,0.6158312620710426,1.0,1.0,0.0
novel,1,24,1,1,ADECKCARD.jpg,APROSTAR2.jpg,16.618879318237305,24.966472625732422,0.2813796401023865,0.3340328335762024,0.0111225858726436,0.05387404485287499,1.0,1.0,0.0
novel,1,25,1,1,Apartyha3.jpg,ALARGECA2.jpg,24.00568962097168,19.33877944946289,0.32108789682388306,0.32075485587120056,0.9355443168680508,0.8971317795279901,0.0,0.0,1.0
novel,1,26,1,1,26432760.thl.jpg,Atoytractor17.jpg,16.711284637451172,31.63493537902832,0.27678507566452026,0.37950655817985535,0.7221076472562558,0.9740927070374421,1.0,1.0,0.0
novel,1,27,1,1,ALAB19.jpg,AASCDESC.jpg,17.142276763916016,24.782268524169922,0.3023128807544708,0.36617061495780945,0.9963948190825912,0.9990559872588779,1.0,1.0,0.0
novel,1,28,1,1,ASCREW7.jpg,22806086.thl.jpg,16.660919189453125,18.340911865234375,0.2843729853630066,0.30505040287971497,0.22807169336486455,0.6843128160209284,1.0,1.0,0.0
novel,1,29,1,1,AELEMENT3.jpg,orientalvase.jpg,15.965543746948242,26.720232009887695,0.2761945128440857,0.3518269658088684,0.9038544657247815,0.9395041438535958,1.0,1.0,0.0
novel,1,30,1,1,Acompactdisc2.jpg,Acreamer35.jpg,14.039884567260742,23.51112174987793,0.25374525785446167,0.34109821915626526,0.12195307506157467,0.3751084320208541,1.0,1.0,0.0
novel,1,31,1,1,AGRILL1.jpg,Aim4ribbo.jpg,16.844507217407227,31.827476501464844,0.26450416445732117,0.398065984249115,0.9477121892765894,0.8540205211451715,1.0,1.0,1.0
novel,1,32,1,1,promdress.jpg,26388148.thl.jpg,16.259336471557617,21.78251838684082,0.26100829243659973,0.31310951709747314,0.9177379155066336,0.80373371104095,1.0,1.0,1.0
novel,1,33,1,1,Aappleonsca14.jpg,26687972.thl.jpg,18.72150421142578,13.794068336486816,0.30920878052711487,0.2814297080039978,0.986827696421287,0.9950755388750994,0.0,0.0,0.0
novel,1,34,1,1,securitycamera.jpg,Ametalpress.jpg,18.415252685546875,17.93622589111328,0.2936646044254303,0.28372836112976074,0.9168058864295292,0.9741332784923422,0.0,0.0,0.0
novel,1,35,1,1,AANTICAN2.jpg,Agolfplaque.jpg,28.330493927001953,15.847858428955078,0.34231436252593994,0.2879832684993744,0.9951517720550564,0.8493789039716926,0.0,0.0,1.0
novel,1,36,1,1,mechanicalspring.jpg,Acamelsculpt2.jpg,15.9391508102417,39.583900451660156,0.2505420744419098,0.43328431248664856,0.7619965681595486,0.9857689025316975,1.0,1.0,0.0
novel,1,37,1,1,ACEDAR.jpg,AHUMIDIFI.jpg,19.46404457092285,21.27933120727539,0.26703208684921265,0.33591407537460327,0.9994342173796416,0.9799509976028199,1.0,1.0,1.0
novel,1,38,1,1,cd2-a.jpg,10053712.thm.jpg,19.313804626464844,22.80905532836914,0.28745630383491516,0.31066736578941345,0.8075474614758705,0.8100212896077745,1.0,1.0,0.0
novel,1,39,1,1,ACOLOGNE.jpg,Aantiquemeta2.jpg,19.273012161254883,29.32012367248535,0.28467410802841187,0.35163721442222595,0.9966610993908924,0.9965043297252455,1.0,1.0,1.0
novel,1,40,1,1,Acinnamonrol2.jpg,Agarlicclove2.jpg,31.576229095458984,17.125755310058594,0.3232923746109009,0.3507753610610962,0.9999573304143915,0.9999079018137312,0.0,1.0,1.0
novel,1,41,1,1,largemacscreen.jpg,AANGLEME2.jpg,16.677684783935547,15.894974708557129,0.2742202579975128,0.29348132014274597,0.93110707377966,0.05840272754490094,0.0,1.0,1.0
novel,1,42,1,1,AANTHAT2.jpg,rollerblades.jpg,22.62535285949707,40.95504379272461,0.3116636872291565,0.4252908527851105,0.9879212571077759,0.9998528855798673,1.0,1.0,0.0
novel,1,43,1,1,Abridge9.jpg,chunkysoup.jpg,23.917116165161133,26.313283920288086,0.3091801106929779,0.3250987231731415,0.9528979417142257,0.9674248953934762,1.0,1.0,0.0
novel,1,44,1,1,26467443.thl.jpg,26374166.thl.jpg,20.51633071899414,14.539192199707031,0.26686620712280273,0.26931384205818176,0.9723999365925394,0.43523965899318706,0.0,1.0,1.0
novel,1,45,1,1,weepwalker.jpg,Achowchowdog.jpg,18.731590270996094,24.55140495300293,0.30212944746017456,0.3547314703464508,0.37352690933939964,0.6431099550600586,1.0,1.0,0.0
novel,1,46,1,1,taz.jpg,AALIEN.jpg,23.354209899902344,22.410747528076172,0.29412466287612915,0.31693097949028015,0.8521952975493239,0.4151641423246522,0.0,1.0,1.0
novel,1,47,1,1,AFRAME15.jpg,Aspraybottle4.jpg,18.69151496887207,23.7601261138916,0.26673978567123413,0.3338174521923065,0.9908607614288845,0.9639627593789015,1.0,1.0,1.0
novel,1,48,1,1,ASLED7.jpg,Aantiquecigar.jpg,20.609487533569336,19.406841278076172,0.2970515787601471,0.3090340793132782,0.5551547176517134,0.7939560084851144,0.0,1.0,0.0
novel,1,49,1,1,ACOMPAS20.jpg,AMAGGLASS.jpg,25.900178909301758,20.323684692382812,0.355084627866745,0.31814002990722656,0.9998146568279404,0.9984114482094666,0.0,0.0,1.0
novel,1,50,1,1,26377133.thl.jpg,26374899.thl.jpg,15.400293350219727,15.956056594848633,0.28732064366340637,0.29261714220046997,0.2084556892502911,0.090828589325627,1.0,1.0,1.0
novel,1,51,1,1,ASPACEHE8.jpg,moneyslotmachine.jpg,20.07308006286621,28.324674606323242,0.31533893942832947,0.3405822515487671,0.8472159757022862,0.9924112757712525,1.0,1.0,0.0
novel,1,52,1,1,ADOGTOY5.jpg,8020347.thl.jpg,15.44046401977539,14.770833969116211,0.2777653932571411,0.29041025042533875,0.18581910640982968,0.9352893856678501,0.0,1.0,0.0
novel,1,53,1,1,Ashoeshines15.jpg,22826832.thl.jpg,18.5030517578125,42.63254165649414,0.2999849319458008,0.4600110352039337,0.9559247572278633,0.9975367858105656,1.0,1.0,0.0
novel,1,54,1,1,ACLAM.jpg,Aheadlightan2.jpg,24.642656326293945,28.92613410949707,0.30734074115753174,0.3611186146736145,0.9991023589851785,0.9956854017092701,1.0,1.0,1.0
novel,1,55,1,1,Aspokesfaste2.jpg,Abloodorange.jpg,19.642553329467773,31.794681549072266,0.2928326427936554,0.3523864448070526,0.7655085299378128,0.9462208893804192,1.0,1.0,0.0
novel,1,56,1,1,Abowloffruit4.jpg,Adeer16.jpg,25.604389190673828,28.758752822875977,0.3555454909801483,0.3679411709308624,0.9999541951281142,0.9998732021960903,1.0,1.0,1.0
novel,1,57,1,1,Acomputerkey2.jpg,Ajacket12.jpg,15.587615013122559,21.028972625732422,0.2626301646232605,0.3430083692073822,0.39152978552814294,0.8836855735705238,1.0,1.0,0.0
novel,1,58,1,1,AANTICOT.jpg,Asandal7.jpg,14.500802040100098,20.126924514770508,0.25053638219833374,0.32705196738243103,0.4905736863400736,0.695941789299195,1.0,1.0,0.0
novel,1,59,1,1,9816397.thl.jpg,Atennisball2.jpg,19.15296745300293,37.97724533081055,0.28908631205558777,0.48186352849006653,0.8526259964503796,0.9374920072058917,1.0,1.0,0.0
novel,1,60,1,1,chocolatepowder.jpg,asparagus.jpg,20.753742218017578,22.204587936401367,0.2917764484882355,0.32439547777175903,0.8148972042685407,0.8699877906040469,1.0,1.0,0.0
novel,1,61,1,1,ACEREAL.jpg,Achair618.jpg,20.766529083251953,26.60454559326172,0.2899338901042938,0.3980748951435089,0.9999795937334974,0.9999999751799307,1.0,1.0,0.0
novel,1,62,1,1,Afoodproces13.jpg,8059226.thl.jpg,17.685161590576172,34.61438751220703,0.27019307017326355,0.4065406024456024,0.9999592913992326,0.9932352490097591,1.0,1.0,1.0
novel,1,63,1,1,railroadblock.jpg,Aglass43.jpg,22.348114013671875,17.820812225341797,0.3055475056171417,0.2991214990615845,0.9735027720112233,0.28647633808112416,0.0,0.0,1.0
novel,1,64,1,1,Abedspringsam.jpg,A4DOMINO.jpg,13.858661651611328,16.146949768066406,0.27421295642852783,0.2946797013282776,0.7367278502289801,0.17267341839219025,1.0,1.0,1.0
novel,1,65,1,1,AASCENDER.jpg,Aeastcho6.jpg,21.179594039916992,42.533809661865234,0.30142542719841003,0.43213215470314026,0.9245628597354532,0.9996791106541559,1.0,1.0,0.0
novel,1,66,1,1,AFRUIT2.jpg,26432175.thl.jpg,27.868366241455078,20.820268630981445,0.35200607776641846,0.35599300265312195,0.9993451187519015,0.9371909166955115,0.0,1.0,1.0
novel,1,67,1,1,AMAILBO28.jpg,ABLUBLOTT.jpg,18.367074966430664,19.767751693725586,0.27522778511047363,0.31899043917655945,0.16611773817558814,0.10738274025200364,1.0,1.0,1.0
novel,1,68,1,1,ASALAMI.jpg,Aclimbersicep.jpg,17.161632537841797,17.84061622619629,0.268050879240036,0.30386149883270264,0.8871564235984173,0.4815650301906098,1.0,1.0,1.0
novel,1,69,1,1,ABUSINEST.jpg,26427867.thl.jpg,15.883195877075195,27.250368118286133,0.2596113681793213,0.40423640608787537,0.02496373044195476,0.8455837146016482,1.0,1.0,0.0
novel,1,70,1,1,AANTLION2.jpg,AEASEL22.jpg,21.612884521484375,14.251032829284668,0.2885374426841736,0.2571101188659668,0.7067723167249852,0.299863413281714,0.0,0.0,1.0
novel,1,71,1,1,ACANE2.jpg,AWEDCOU19.jpg,12.384485244750977,31.60457420349121,0.23997490108013153,0.41792669892311096,0.028652033778260987,0.23363154118260238,1.0,1.0,0.0
novel,1,72,1,1,AMUSIHORN.jpg,Aantelope2.jpg,23.461139678955078,24.226770401000977,0.32415297627449036,0.3496524393558502,0.7574373641323456,0.9356140970883032,1.0,1.0,0.0
novel,1,73,1,1,AKETTLE35.jpg,batslcshi.jpg,21.10433006286621,37.85856246948242,0.24526895582675934,0.3945564329624176,0.9998731253549964,0.9999844112402603,1.0,1.0,0.0
novel,1,74,1,1,10049816.thl.jpg,Atoothbrush3.jpg,11.676329612731934,18.437538146972656,0.2715027928352356,0.3268536925315857,0.7911214731895712,0.786291059191091,1.0,1.0,1.0
novel,1,75,1,1,ABABYSPOO.jpg,wok.jpg,18.87693977355957,17.612079620361328,0.2802606523036957,0.3051990270614624,0.12353071768093184,0.3156725599637561,0.0,1.0,0.0
novel,1,76,1,1,Aammonitefo14.jpg,Acoffeebeans2.jpg,18.893177032470703,31.03486442565918,0.2856447398662567,0.34423428773880005,0.9985372660753279,0.9993870679107444,1.0,1.0,0.0
novel,1,77,1,1,ACUTPIN.jpg,ANECTARI3.jpg,12.997611045837402,44.41107177734375,0.23841506242752075,0.45591747760772705,0.005259137975972775,0.885340186016966,1.0,1.0,0.0
novel,1,78,1,1,26384871.thl.jpg,toblerone.jpg,20.078144073486328,16.416889190673828,0.2880403697490692,0.2673666775226593,0.7975396191042976,0.0771466810957427,0.0,0.0,1.0
novel,1,79,1,1,underwear.jpg,26378596.thl.jpg,13.775629997253418,21.071718215942383,0.29231539368629456,0.3395473062992096,0.9652167680883205,0.9270526346720022,1.0,1.0,1.0
novel,1,80,1,1,Aleaf75.jpg,AWALLEYE2.jpg,22.051618576049805,19.552261352539062,0.29131263494491577,0.30646929144859314,0.7871530874735977,0.45829325313842023,0.0,1.0,1.0
novel,1,81,1,1,ATEALANT8.jpg,Ahandba18.jpg,18.698993682861328,28.640993118286133,0.28584811091423035,0.32565805315971375,0.9594058714565434,0.967798923077393,1.0,1.0,0.0
novel,1,82,1,1,Awildberries.jpg,Aberries5.jpg,19.647743225097656,31.8037109375,0.2841181755065918,0.3987028896808624,0.059884734318461384,0.2510900598723414,1.0,1.0,0.0
novel,1,83,1,1,ALITTERB2.jpg,26442719.thl.jpg,19.681350708007812,22.079166412353516,0.3082159459590912,0.33225056529045105,0.9987808696505944,0.9994555624349771,1.0,1.0,0.0
novel,1,84,1,1,AWASHMAC5.jpg,26432755.thl.jpg,17.43362045288086,20.612117767333984,0.3183528184890747,0.3287757337093353,0.9916743574980695,0.9059425466519418,1.0,1.0,1.0
novel,1,85,1,1,ATIE16.jpg,Agiftbag20.jpg,20.275146484375,21.273027420043945,0.30306801199913025,0.31038784980773926,0.11995957663330623,0.5749031533230691,1.0,1.0,0.0
novel,1,86,1,1,Abicyclekick2.jpg,Astaircase.jpg,17.041603088378906,23.86390495300293,0.28075289726257324,0.3292916715145111,0.022439755962016705,0.7803253175515905,1.0,1.0,0.0
novel,1,87,1,1,AWHISBARR.jpg,AREDROSE8.jpg,21.241989135742188,29.27975082397461,0.2913006544113159,0.3757253587245941,0.9461601201937282,0.8740637251314726,1.0,1.0,1.0
novel,1,88,1,1,AMECHHAN4.jpg,AMEAT2.jpg,21.665998458862305,38.6536750793457,0.301754355430603,0.403025358915329,0.8474549256427715,0.8977021951440993,1.0,1.0,0.0
novel,1,89,1,1,ABROOCH53.jpg,butterflycross-stitch.jpg,18.40118408203125,24.955699920654297,0.293346107006073,0.4040881395339966,0.42955748764386215,0.5533229815470352,1.0,1.0,0.0
novel,1,90,1,1,Lanyard.jpg,Ateacherscert.jpg,12.318431854248047,18.138959884643555,0.23544941842556,0.3325551450252533,0.021146681644954795,0.36857509106273206,1.0,1.0,0.0
novel,1,91,1,1,Aacarthatsbe2.jpg,ALACES4.jpg,20.322877883911133,18.750539779663086,0.2915397882461548,0.29992106556892395,0.9998590790883948,0.9992877431662198,0.0,1.0,1.0
novel,1,92,1,1,Acandycanesin.jpg,26422507.thl.jpg,22.09231185913086,22.58755111694336,0.2955395579338074,0.3570045530796051,0.5075951202639792,0.9833196125427355,1.0,1.0,0.0
novel,1,93,1,1,E_helicopter.jpg,Awomensshoe61.jpg,16.962621688842773,20.682979583740234,0.28840988874435425,0.3460570275783539,0.8625018390600669,0.8728549094756014,1.0,1.0,0.0
novel,1,94,1,1,ALOAFBR4.jpg,keys-a.jpg,23.13901710510254,16.35013771057129,0.29380348324775696,0.28354910016059875,0.878653131176817,0.44129718388917827,0.0,0.0,1.0
novel,1,95,1,1,Acabinetdraw8.jpg,ABALLYAR4.jpg,19.98771858215332,19.564809799194336,0.30690905451774597,0.3475455641746521,0.998757038201529,0.9243580212233291,0.0,1.0,1.0
novel,1,96,1,1,Afrenchsigns2.jpg,AFIGHTP16.jpg,23.08148765563965,21.475643157958984,0.28023087978363037,0.3163173496723175,0.9983698879207794,0.9989382303878561,0.0,1.0,0.0
novel,1,97,1,1,Adolphin3.jpg,AOVEN.jpg,12.782614707946777,16.897411346435547,0.23600798845291138,0.295573890209198,0.04652223672991396,0.08190714958481923,1.0,1.0,0.0
novel,1,98,1,1,26384637.thl.jpg,ACOMB5.jpg,18.96859359741211,18.181909561157227,0.2932562232017517,0.31180477142333984,0.6745973937297425,0.84301710095793,0.0,1.0,0.0
novel,1,99,1,1,Ascrewmount.jpg,AHIBACHI.jpg,20.105579376220703,31.988609313964844,0.3440762460231781,0.4172540009021759,0.9998927461450394,0.999937414871802,1.0,1.0,0.0
novel,1,100,1,1,ADIRECSI3.jpg,AGUINEAP2.jpg,19.936899185180664,24.570133209228516,0.2898137867450714,0.3499548137187958,0.9902656494050028,0.9981881351880408,1.0,1.0,0.0
novel,10,1,1,10,AARTIVE6.jpg,Astamp23.jpg,0.951557993888855,1.0385870933532715,0.014826380647718906,0.01651717722415924,0.3435884406684051,0.47867319407440395,1.0,1.0,0.0
novel,10,1,2,10,ACOCKSPA4.jpg,ACOLOGNE.jpg,0.984766960144043,0.9103841185569763,0.014099054038524628,0.013446927070617676,0.5185626143772604,0.5594242704364432,0.0,0.0,0.0
novel,10,1,3,10,dustpan02.jpg,26425112.thl.jpg,0.8189525604248047,0.9104889631271362,0.014999568462371826,0.013675693422555923,0.5576167253137144,0.45592382528322867,1.0,0.0,1.0
novel,10,1,4,10,Agardeningpai.jpg,Atoypersonwi2.jpg,1.4557150602340698,1.6832704544067383,0.019402606412768364,0.021876268088817596,0.6252089472357715,0.42446735580081885,1.0,1.0,1.0
novel,10,1,5,10,AMEATHER3.jpg,AGERMANH4.jpg,0.8716297149658203,1.437265396118164,0.01543043740093708,0.017251204699277878,0.6130252822469965,0.44895375033758367,1.0,1.0,1.0
novel,10,1,6,10,26451219.thl.jpg,Achair485.jpg,0.7359594106674194,0.7432509064674377,0.011256796307861805,0.012406531721353531,0.5866181703784248,0.5697227246712928,1.0,1.0,1.0
novel,10,1,7,10,35310232.thl.jpg,22920212.thl.jpg,1.2006101608276367,1.9080201387405396,0.019690968096256256,0.029980165883898735,0.6755330953391304,0.25981620365980096,1.0,1.0,1.0
novel,10,1,8,10,Araisins4.jpg,ABROOCH53.jpg,1.229481816291809,0.827568769454956,0.015380175784230232,0.013192851096391678,0.4542864906721916,0.5839698524325783,0.0,0.0,0.0
novel,10,1,9,10,Alanter59.jpg,ATELEBO13.jpg,0.7575104236602783,1.0096153020858765,0.012097634375095367,0.011241124011576176,0.6078881055082422,0.42399257946926094,1.0,0.0,1.0
novel,10,1,10,10,10049257.thl.jpg,Aknife76.jpg,0.9375064373016357,0.8501302003860474,0.01241478230804205,0.014698700048029423,0.5142877121515119,0.6463179978960635,0.0,1.0,0.0
novel,10,2,1,10,pinballmachine.jpg,Astereo30.jpg,0.9545894861221313,0.8108786940574646,0.012832246720790863,0.013634728267788887,0.6048820914326428,0.569427412642571,0.0,1.0,1.0
novel,10,2,2,10,beanbagchair.jpg,trapezebars.jpg,0.700516939163208,0.7450448870658875,0.013272423297166824,0.010930891148746014,0.5782158523187082,0.5415944225907836,1.0,0.0,1.0
novel,10,2,3,10,26466347.thl.jpg,Ablackboardw3.jpg,0.9605098962783813,0.937145471572876,0.013985909521579742,0.01632089726626873,0.5698492248459193,0.7031112789140265,0.0,1.0,0.0
novel,10,2,4,10,ABEERBOT5.jpg,woodvase.jpg,1.9066301584243774,2.2404325008392334,0.029594242572784424,0.022967444732785225,0.7434343963855307,0.5179267759341912,1.0,0.0,1.0
novel,10,2,5,10,26687972.thl.jpg,JU3VU.jpg,0.7824759483337402,2.8258228302001953,0.01596425101161003,0.031024834141135216,0.6443154537691256,0.5215688708119987,1.0,1.0,1.0
novel,10,2,6,10,8068401.thl.jpg,AANTIBIK4.jpg,0.7288224697113037,2.3609097003936768,0.014738084748387337,0.0341249443590641,0.6394820210434702,0.16710791897657298,1.0,1.0,1.0
novel,10,2,7,10,carbattery.jpg,23007415.thl.jpg,1.0334408283233643,1.930172324180603,0.013519315049052238,0.022739076986908913,0.5058840349124787,0.168169011522014,1.0,1.0,1.0
novel,10,2,8,10,Astackingtoy2.jpg,26466344.thl.jpg,0.912567675113678,1.078265905380249,0.012452413327991962,0.013556878082454205,0.5342501973539937,0.4798764365244401,1.0,1.0,1.0
novel,10,2,9,10,26429130.thl.jpg,A25thdec3.jpg,0.6484771370887756,0.7379247546195984,0.009886316023766994,0.013682066462934017,0.5382505406083203,0.600796130860054,1.0,1.0,0.0
novel,10,2,10,10,Afrenchsigns2.jpg,26545643.thl.jpg,0.6514414548873901,1.267943263053894,0.007909109815955162,0.021400365978479385,0.5172411235589164,0.5149303344394531,1.0,1.0,1.0
novel,10,3,1,10,ASMOKMEAT.jpg,ADAQUIRI.jpg,1.0011011362075806,1.0229885578155518,0.013245047070086002,0.015690026804804802,0.41969096449822924,0.6517842664386779,1.0,1.0,0.0
novel,10,3,2,10,Afeatherhat.jpg,ABALLYAR4.jpg,1.0150758028030396,1.2893977165222168,0.010645653121173382,0.022904615849256516,0.47393833304759925,0.5366498874719993,1.0,1.0,0.0
novel,10,3,3,10,AGLASSBA4.jpg,Ametalstool2.jpg,1.2003178596496582,0.7958616018295288,0.017282001674175262,0.012999622151255608,0.39691686837210344,0.5601225546226822,0.0,0.0,0.0
novel,10,3,4,10,toy2A.JPG,Arubbergloves.jpg,0.9075146913528442,0.7357963919639587,0.011234729550778866,0.01270308718085289,0.47951175530365425,0.5817024032285923,0.0,1.0,0.0
novel,10,3,5,10,AARTDUCK3.jpg,8255336.thl.jpg,0.7261150479316711,0.9379657506942749,0.010277992114424706,0.012808051891624928,0.6108312098574358,0.49151282274719904,1.0,1.0,1.0
novel,10,3,6,10,AFILEFOL4.jpg,26387690.thl.jpg,0.7852617502212524,0.8265052437782288,0.014914987608790398,0.01219259388744831,0.5601221557529931,0.4527623112798683,1.0,0.0,1.0
novel,10,3,7,10,AAFRICI10.jpg,AAFRIMAS5.jpg,0.7724864482879639,0.9399052262306213,0.011633322574198246,0.015016010962426662,0.6369869240134616,0.6047712604318466,1.0,1.0,1.0
novel,10,3,8,10,Abeetle10.jpg,Arockingchai5.jpg,0.7828271389007568,2.960628032684326,0.010949494317173958,0.037304870784282684,0.6261596434984014,0.17941274147134856,1.0,1.0,1.0
novel,10,3,9,10,22896812.thl.jpg,Abicyclegear2.jpg,0.833764374256134,0.9792773723602295,0.01335902139544487,0.013692576438188553,0.6141559067729178,0.6372223876244889,1.0,1.0,0.0
novel,10,3,10,10,8052266.thl.jpg,Atoy63.jpg,0.7654907703399658,0.9888958930969238,0.009984878823161125,0.014084866270422935,0.5543086088865028,0.3813824794799129,1.0,1.0,1.0
novel,10,4,1,10,ADEEPFRY5.jpg,ASTEAMER.jpg,0.7729684114456177,0.9140565991401672,0.011600496247410774,0.015601572580635548,0.4876506673945445,0.4842276376134698,1.0,1.0,1.0
novel,10,4,2,10,ACUSTMACH.jpg,ASPARKER2.jpg,1.000382900238037,0.7878307700157166,0.013164041563868523,0.014644027687609196,0.515283038968198,0.38774393150686454,0.0,1.0,1.0
novel,10,4,3,10,26391079.thl.jpg,surfboard.JPG,0.9166547060012817,2.7171924114227295,0.01583244279026985,0.03956778720021248,0.5030636133459399,0.6233325160514961,1.0,1.0,0.0
novel,10,4,4,10,Acrackersandc.jpg,ATOILROL2.jpg,0.8166919946670532,2.088679313659668,0.010624651797115803,0.0328049436211586,0.3869150562449922,0.33908713037802407,1.0,1.0,1.0
novel,10,4,5,10,10049816.thl.jpg,AMECHSOCK.jpg,0.7886559963226318,1.0094852447509766,0.018338151276111603,0.014799830503761768,0.45883066999830685,0.43170623371417016,1.0,0.0,1.0
novel,10,4,6,10,AALMOND1.jpg,AARTIHAN5.jpg,0.7715999484062195,0.6638919115066528,0.011124462820589542,0.01051485538482666,0.3485894217210263,0.4075962650893524,0.0,0.0,0.0
novel,10,4,7,10,8023286.thl.jpg,patioheater.jpg,1.0409148931503296,0.8434348702430725,0.01700112782418728,0.014225129038095474,0.24604609281944828,0.45507946182594045,0.0,0.0,0.0
novel,10,4,8,10,supersmilefloss.jpg,26370445.thl.jpg,0.7661328315734863,1.1362391710281372,0.015230881050229073,0.01515732891857624,0.46560417958368217,0.28918062536621786,1.0,0.0,1.0
novel,10,4,9,10,22887144.thl.jpg,Ascientifict3.jpg,0.7313350439071655,0.8077476620674133,0.013789433054625988,0.012120268307626247,0.5736280285379691,0.5690281264553212,1.0,0.0,1.0
novel,10,4,10,10,elecmap.jpg,26421357.thl.jpg,0.7503757476806641,0.7615522742271423,0.012097420170903206,0.012462394312024117,0.5598931182546896,0.5189999987900152,1.0,1.0,1.0
novel,10,5,1,10,Abasket108.jpg,ANUTS2.jpg,1.3286598920822144,1.0047626495361328,0.014437993057072163,0.01426734309643507,0.28493210106891387,0.4951854071810821,0.0,0.0,0.0
novel,10,5,2,10,Agreenplastic.jpg,Ablackcamera4.jpg,1.059343934059143,1.1419470310211182,0.015047035180032253,0.016994619742035866,0.5329750004764006,0.5216973503521667,1.0,1.0,1.0
novel,10,5,3,10,26419670.thl.jpg,celery.jpg,0.6918254494667053,1.078494906425476,0.011514036916196346,0.0160134956240654,0.49232631441305014,0.361618340736283,1.0,1.0,1.0
novel,10,5,4,10,cd2-a.jpg,Atoywheels.jpg,0.9310890436172485,1.627828598022461,0.013857830315828323,0.016390830278396606,0.5070469662733044,0.42671132916384374,1.0,1.0,1.0
novel,10,5,5,10,razorscooter.jpg,Adecorativem2.jpg,0.7797691822052002,0.9727829694747925,0.013686896301805973,0.01692546159029007,0.5188598809810302,0.649397542231092,1.0,1.0,0.0
novel,10,5,6,10,26422507.thl.jpg,Afloppydisk6.jpg,1.2886520624160767,0.8931378126144409,0.020367620512843132,0.014415524899959564,0.5519682933553461,0.5188448789644035,0.0,0.0,1.0
novel,10,5,7,10,26423465.thl.jpg,tricycle.jpg,0.7581947445869446,1.467954158782959,0.011221340857446194,0.016225064173340797,0.5535678365939463,0.49896945575660184,1.0,1.0,1.0
novel,10,5,8,10,Atoyhorse2.jpg,ARASPBER2.jpg,1.0503864288330078,1.4273213148117065,0.012288174591958523,0.014181855134665966,0.6286623368889963,0.1914233700813133,1.0,1.0,1.0
novel,10,5,9,10,Aseat3.jpg,Astaircase.jpg,1.0430471897125244,1.2255820035934448,0.012204457074403763,0.016911478713154793,0.5250373534662834,0.4043227262501247,1.0,1.0,1.0
novel,10,5,10,10,Achickendinne.jpg,26376346.thl.jpg,1.194004774093628,1.1105408668518066,0.01296194177120924,0.012931734323501587,0.5470297632838048,0.298744561912392,0.0,0.0,1.0
novel,10,6,1,10,AHIGCHAIR.jpg,orientalvase.jpg,0.8284735083580017,1.006066083908081,0.011798080988228321,0.013246934860944748,0.5263572605813438,0.5218863691727822,1.0,1.0,1.0
novel,10,6,2,10,Abagofpaperfl.jpg,AROCKCH27.jpg,1.412225365638733,1.0034281015396118,0.016815342009067535,0.014062178321182728,0.46026355234203886,0.3232819547339852,0.0,0.0,1.0
novel,10,6,3,10,AFUNNEL4.jpg,barbwirecoil.jpg,0.7783634662628174,1.358459234237671,0.013881399296224117,0.018750175833702087,0.6081919454367914,0.2903164827903584,1.0,1.0,1.0
novel,10,6,4,10,APYRITE7.jpg,Alobster10.jpg,0.952610433101654,0.9036005139350891,0.012978499755263329,0.011197322979569435,0.5391803729898732,0.4679512812965865,0.0,0.0,1.0
novel,10,6,5,10,ATVLAMP.jpg,26387568.thl.jpg,0.8064099550247192,0.6837621927261353,0.012657455168664455,0.013336644507944584,0.49890827442526803,0.5943589829125189,0.0,1.0,0.0
novel,10,6,6,10,Arose10.jpg,ASUSHI8.jpg,0.977870523929596,0.8672767877578735,0.010655282996594906,0.011206672526896,0.43954158545710326,0.42791498004853273,0.0,1.0,1.0
novel,10,6,7,10,ABABYDOLL.jpg,baseball.JPG,0.719328761100769,40.79669952392578,0.010614218190312386,0.4924522340297699,0.5703993815951096,0.9795830386265741,1.0,1.0,0.0
novel,10,6,8,10,AAPPCOVE2.jpg,ASNOWTOY2.jpg,0.8190916776657104,0.7917226552963257,0.013208672404289246,0.011183500289916992,0.6142819742455699,0.599494808546554,0.0,0.0,1.0
novel,10,6,9,10,Asaturn.jpg,APERSRUG.jpg,0.7661663889884949,0.9448222517967224,0.011164284311234951,0.014910269528627396,0.5637379458425097,0.5587693372256877,1.0,1.0,1.0
novel,10,6,10,10,948_01.jpg,Adeer20.jpg,0.6929062604904175,1.1689372062683105,0.010880782268941402,0.01777530275285244,0.5897519462990871,0.3829188946739096,1.0,1.0,1.0
novel,10,7,1,10,Abeaver.jpg,26425322.thl.jpg,1.2166897058486938,0.7057334184646606,0.017177442088723183,0.010967803187668324,0.3945657219666864,0.559722087784071,0.0,0.0,0.0
novel,10,7,2,10,Adolphin3.jpg,AMOUSETOY.jpg,0.7654939293861389,0.7514269351959229,0.014133468270301819,0.010268304497003555,0.6809112656435622,0.4428288808636554,0.0,0.0,1.0
novel,10,7,3,10,26421370.thl.jpg,Abathroomcup3.jpg,0.8500717878341675,1.068467378616333,0.013286098837852478,0.018756655976176262,0.47230391430241025,0.42233624420057436,1.0,1.0,1.0
novel,10,7,4,10,Acementfinish.jpg,APUMPKI35.jpg,0.7052724361419678,3.2619221210479736,0.012280579656362534,0.03848302736878395,0.6040475783229682,0.08623224572080213,1.0,1.0,1.0
novel,10,7,5,10,champagnbottles.jpg,23019499.thl.jpg,0.9484753012657166,1.3621898889541626,0.013860085979104042,0.018129078671336174,0.6182935460970224,0.46037274538987344,1.0,1.0,1.0
novel,10,7,6,10,promdress.jpg,26391173.thl.jpg,0.6967188715934753,1.6209906339645386,0.01118430681526661,0.02672569639980793,0.6022411749480541,0.23553523163550197,1.0,1.0,1.0
novel,10,7,7,10,Achair618.jpg,ABOWCASE.jpg,0.8467305898666382,0.8573588132858276,0.012669346295297146,0.013951020315289497,0.5699475794542667,0.38831198520390425,1.0,1.0,1.0
novel,10,7,8,10,hulk.jpg,ACHEESESL.jpg,0.9960916042327881,0.8620355129241943,0.012813861481845379,0.014971544966101646,0.6835825238074362,0.5373930099399485,0.0,1.0,1.0
novel,10,7,9,10,AHYPBOTT.jpg,weddingdress.jpg,0.8161581754684448,1.3418514728546143,0.012463506311178207,0.023908967152237892,0.5680722840396226,0.4767387032333818,1.0,1.0,1.0
novel,10,7,10,10,26687325.thl.jpg,Acamerabag.jpg,0.7424986362457275,1.160136342048645,0.014790724031627178,0.014893033541738987,0.6468331868409443,0.4981486473209013,1.0,1.0,1.0
novel,10,8,1,10,ABOAT16.jpg,Atrumpetwith2.jpg,0.7565042972564697,1.3583312034606934,0.013421187177300453,0.018182480707764626,0.6410845675998968,0.529859683586551,1.0,1.0,1.0
novel,10,8,2,10,Atoymoose.jpg,DSCN6303-sm.jpg,1.0600001811981201,1.9830083847045898,0.012002147734165192,0.03091294877231121,0.356763703625251,0.4258904752199445,1.0,1.0,0.0
novel,10,8,3,10,AWATEHOSE.jpg,ASPOTLIG2.jpg,1.1268037557601929,0.7528147101402283,0.014993281103670597,0.011670180596411228,0.3892299635918776,0.600376877067636,0.0,0.0,0.0
novel,10,8,4,10,Acartonofegg3.jpg,BattleStar.jpg,0.9592190384864807,0.7145074605941772,0.011860636994242668,0.011337206698954105,0.32240030474776166,0.6195050211290807,0.0,0.0,0.0
novel,10,8,5,10,matchbook.jpg,311-863-217.jpg,0.7691812515258789,0.8816171884536743,0.015564030967652798,0.013238954357802868,0.4125511823424681,0.6011873059506998,1.0,0.0,0.0
novel,10,8,6,10,ACOFFTRA2.jpg,ARELSCU49.jpg,1.1857273578643799,0.9601893424987793,0.012522784061729908,0.010899020358920097,0.42305466907313394,0.3220088511282091,0.0,0.0,1.0
novel,10,8,7,10,Abrickhomeand.jpg,BeautyNBeast.jpg,0.701123058795929,0.9863208532333374,0.009965755045413971,0.011148173362016678,0.5630764301299214,0.40096677016040233,1.0,1.0,1.0
novel,10,8,8,10,8079080.thl.jpg,Aropeandclamp.jpg,0.9206889867782593,1.1296905279159546,0.013483602553606033,0.016396261751651764,0.5970905416568915,0.5971048388582453,1.0,1.0,0.0
novel,10,8,9,10,APARSLEY.jpg,ASTRAINE8.jpg,0.788461446762085,1.0074901580810547,0.010677270591259003,0.017827140167355537,0.5495716101481817,0.6023481144742503,1.0,1.0,0.0
novel,10,8,10,10,8056402.thl.jpg,ASKIPROP2.jpg,0.642971932888031,0.820854902267456,0.011058918200433254,0.010059554129838943,0.6081132475973381,0.41229408494606756,1.0,0.0,1.0
novel,10,9,1,10,medievalknight.jpg,Atoy33.jpg,0.9716651439666748,1.28522789478302,0.01588984578847885,0.017447825521230698,0.6696399797252501,0.6357759511635992,1.0,1.0,1.0
novel,10,9,2,10,Aroadsignind3.jpg,Acandle120.jpg,0.922015368938446,3.2802789211273193,0.015022557228803635,0.049723658710718155,0.570026845548451,0.35411119604434493,1.0,1.0,1.0
novel,10,9,3,10,A1991CHE7.jpg,fireking-file-cabinet.jpg,1.3477143049240112,0.9724669456481934,0.01885424740612507,0.016782697290182114,0.6083740861087997,0.4592997631015936,0.0,0.0,1.0
novel,10,9,4,10,Abottleopener.jpg,26370659.thm.jpg,1.2982020378112793,1.5266516208648682,0.019300084561109543,0.021787162870168686,0.6525737787591003,0.4069326033332287,1.0,1.0,1.0
novel,10,9,5,10,10053712.thm.jpg,Abeermug11.jpg,1.5772838592529297,1.8781499862670898,0.02148316241800785,0.02271544374525547,0.35528946747741685,0.4858042635124643,1.0,1.0,0.0
novel,10,9,6,10,AGLASSBO7.jpg,Arake3.jpg,1.0900965929031372,1.1600204706192017,0.01703948713839054,0.019685832783579826,0.4968241141557883,0.614980918825463,1.0,1.0,0.0
novel,10,9,7,10,AANGLEME2.jpg,22875384.thl.jpg,0.9138009548187256,1.1717227697372437,0.0168722216039896,0.020218845456838608,0.6201894297423531,0.5848807304097653,1.0,1.0,1.0
novel,10,9,8,10,Atoyworm.jpg,Adiamondring3.jpg,1.9231245517730713,1.3912564516067505,0.024277489632368088,0.019344303756952286,0.48426429982746894,0.557673442028754,0.0,0.0,0.0
novel,10,9,9,10,AWALKTA25.jpg,26427903.thl.jpg,0.866580069065094,1.670823574066162,0.015718193724751472,0.02171238139271736,0.6592509570266688,0.34076251701528104,1.0,1.0,1.0
novel,10,9,10,10,22857084.thl.jpg,ACANDEXT.jpg,2.109645128250122,2.533839225769043,0.03212372958660126,0.034697383642196655,0.5876847582409204,0.32468385786912324,1.0,1.0,1.0
novel,10,10,1,10,Acanoe19.jpg,26379011.thl.jpg,1.1361653804779053,1.476697564125061,0.014423939399421215,0.01807916909456253,0.24179201488561824,0.3049830444050557,1.0,1.0,0.0
novel,10,10,2,10,26392231.thl.jpg,ATEALANT8.jpg,1.1053569316864014,1.2004204988479614,0.018646210432052612,0.01835060864686966,0.3015055771050382,0.26068283673736153,1.0,0.0,1.0
novel,10,10,3,10,ACEDAR.jpg,Achampagnebo2.jpg,1.3708113431930542,1.0918192863464355,0.01880650408565998,0.01842399872839451,0.2481624115664267,0.1660921665458831,0.0,0.0,1.0
novel,10,10,4,10,Adustpanbrush.jpg,Achildsplaype.jpg,2.0602362155914307,1.764911413192749,0.03204624727368355,0.022084223106503487,0.5075670245809875,0.3439832012150074,0.0,0.0,1.0
novel,10,10,5,10,Ashovel8.jpg,Atool12.jpg,0.6922501921653748,0.8173261284828186,0.01104387454688549,0.013487583957612514,0.5015859146994325,0.3339127023978939,1.0,1.0,1.0
novel,10,10,6,10,Apaintroller3.jpg,D_podium.jpg,0.7302857041358948,1.240419864654541,0.011571934446692467,0.017817819491028786,0.3980264118563882,0.23779170062938035,1.0,1.0,1.0
novel,10,10,7,10,26443034.thl.jpg,Acanister10.jpg,0.8014719486236572,1.0476970672607422,0.012396321631968021,0.014987734146416187,0.43121953849279393,0.28562041575804303,1.0,1.0,1.0
novel,10,10,8,10,Arubberworksh.jpg,voguemagazine.jpg,0.7986660599708557,1.0982455015182495,0.012603304348886013,0.014907191507518291,0.4075170052231372,0.37847748444651086,1.0,1.0,1.0
novel,10,10,9,10,26425788.thl.jpg,Abowloffruit4.jpg,1.4473978281021118,1.4234830141067505,0.022635867819190025,0.01976664923131466,0.39174144141752043,0.16954537112307522,0.0,0.0,1.0
novel,10,10,10,10,AFIREPANT.jpg,Ametalhousin4.jpg,0.7485268115997314,1.5658330917358398,0.010882836766541004,0.028099533170461655,0.34326785025364775,0.31858164684986434,1.0,1.0,1.0
novel,100,1,1,100,Apig5.jpg,Ahandbag55.jpg,0.40719935297966003,0.4627699851989746,0.006647941190749407,0.0061997282318770885,0.6473255820382857,0.6670124498897627,1.0,0.0,0.0
novel,100,1,2,100,blueflatbox.jpg,AALMOND1.jpg,0.2654476761817932,0.806979238986969,0.004389799199998379,0.011634539812803268,0.7487517365894888,0.6621085734033646,1.0,1.0,1.0
novel,100,1,3,100,26437107.thl.jpg,26433387.thl.jpg,0.3604816496372223,0.29597705602645874,0.0053611923940479755,0.005113661289215088,0.6946053791630424,0.7707002094288649,0.0,0.0,0.0
novel,100,1,4,100,Aclimbingtool.jpg,AGLASSBAL.jpg,0.2520461082458496,0.6267685294151306,0.004359907936304808,0.008868392556905746,0.7642920380720936,0.7443034633792843,1.0,1.0,1.0
novel,100,1,5,100,ADENSYRIN.jpg,airhocckytable.jpg,0.44450563192367554,0.37701207399368286,0.006206926889717579,0.005523839965462685,0.7444745607690391,0.7653569686414632,0.0,0.0,0.0
novel,100,1,6,100,AABSTRACT.jpg,AKNIFE13.jpg,0.3357343077659607,0.23831310868263245,0.004977373406291008,0.004048879258334637,0.7181323794171046,0.7566678180764942,0.0,0.0,0.0
novel,100,1,7,100,APIPE8.jpg,ACROQUET2.jpg,0.3338095247745514,0.7935752272605896,0.004081649240106344,0.009878849610686302,0.7502440088361545,0.7127671829727339,1.0,1.0,1.0
novel,100,1,8,100,AFLOURBA2.jpg,AWINDSU21.jpg,0.3404494822025299,0.2705239951610565,0.006883580703288317,0.003839214565232396,0.7184960442587279,0.7689117999717103,0.0,0.0,0.0
novel,100,1,9,100,ARECEIPT.jpg,AHEDGEHOG.jpg,0.41633498668670654,3.8236470222473145,0.006550171412527561,0.043529994785785675,0.7015956771130548,0.419076833333095,1.0,1.0,1.0
novel,100,1,10,100,22875384.thl.jpg,ABEARIN28.jpg,0.310172438621521,0.3983684182167053,0.005352228879928589,0.006125682033598423,0.7402680067303139,0.7506005041554337,1.0,1.0,0.0
novel,100,1,11,100,sandbox.jpg,Aglasscontai3.jpg,0.3566456139087677,0.6043680906295776,0.004585749469697475,0.007486531976610422,0.7078285061792211,0.6754277897630858,1.0,1.0,1.0
novel,100,1,12,100,tricycle.jpg,22854888.thl.jpg,0.3474832773208618,0.4447057545185089,0.0038406772073358297,0.00877576507627964,0.7475243508811144,0.7431574150380598,1.0,1.0,1.0
novel,100,1,13,100,APIRAFLAG.jpg,ACURLRIB2.jpg,0.1911921501159668,0.45967042446136475,0.0030696094036102295,0.005002697929739952,0.7854093273621904,0.7037854378050643,1.0,1.0,1.0
novel,100,1,14,100,26429123.thl.jpg,AKNIFECOL.jpg,0.24002885818481445,0.4533979892730713,0.004338919185101986,0.0057853516191244125,0.7743855699547914,0.6705704115328719,1.0,1.0,1.0
novel,100,1,15,100,Aboxofstaples.jpg,ADRIARRA2.jpg,0.2297576367855072,0.3552457094192505,0.004273495636880398,0.004639230202883482,0.7634670516841279,0.7015183710174552,1.0,1.0,1.0
novel,100,1,16,100,ABLACKB12.jpg,26374158.thl.jpg,0.31945347785949707,0.30179792642593384,0.00505320867523551,0.005024083890020847,0.7127396272136827,0.7658406212224167,0.0,0.0,0.0
novel,100,1,17,100,ADINROO16.jpg,AOLIVE.jpg,0.4303414225578308,0.5128958225250244,0.005088470876216888,0.008610554039478302,0.7461364687597268,0.6530385988647479,1.0,1.0,1.0
novel,100,1,18,100,retainertheeth.jpg,Aroadsignin12.jpg,0.359940767288208,0.39195552468299866,0.0045812372118234634,0.005257566459476948,0.6886994960438471,0.77796408749011,1.0,1.0,0.0
novel,100,1,19,100,26428682.thl.jpg,Astereo30.jpg,0.45674774050712585,0.33275872468948364,0.008695698343217373,0.005595257040113211,0.7163602431529957,0.6813775729658064,0.0,0.0,1.0
novel,100,1,20,100,Aicecrusher2.jpg,26441176.thl.jpg,0.42921018600463867,2.864377975463867,0.006423346698284149,0.03440501168370247,0.7226922270854801,0.7570972346792028,1.0,1.0,0.0
novel,100,1,21,100,AAIRPORTC.jpg,lightsaber.jpg,0.2524714469909668,0.24444712698459625,0.004122697748243809,0.004381466191262007,0.7653289458555534,0.7516631674973123,0.0,1.0,1.0
novel,100,1,22,100,Aelectricgri3.jpg,catsl60.jpg,0.5985815525054932,0.3864310681819916,0.009546887129545212,0.004359363112598658,0.6641045717907569,0.6509638949818741,0.0,0.0,1.0
novel,100,1,23,100,AMETDETE2.jpg,Athermos7.jpg,0.2437070608139038,0.4642111659049988,0.004168502055108547,0.007419869769364595,0.7629235639923156,0.6854123761567098,1.0,1.0,1.0
novel,100,1,24,100,Acarnivalgame.jpg,AWODSPOON.jpg,0.339952290058136,0.32149645686149597,0.004128777422010899,0.005311626475304365,0.7168131568328593,0.7601961248891228,0.0,1.0,0.0
novel,100,1,25,100,AALFALFA.jpg,AEARING49.jpg,0.5328851938247681,0.3696261942386627,0.007015092298388481,0.005787864327430725,0.5366730804431318,0.7198881304705788,0.0,0.0,0.0
novel,100,1,26,100,AHOSPCAR3.jpg,8056402.thl.jpg,0.35645514726638794,0.31970322132110596,0.0046999151818454266,0.005498796701431274,0.7314992692906698,0.7591129086069981,0.0,1.0,0.0
novel,100,1,27,100,Agroundhog.jpg,Acatstatue3.jpg,0.3534206748008728,0.26044416427612305,0.0054093291983008385,0.004165040794759989,0.6763756474239575,0.7395325490061238,0.0,0.0,0.0
novel,100,1,28,100,Awaffle3.jpg,thumb-mermaidfamilly.jpg,0.5647007822990417,0.36530306935310364,0.00561239430680871,0.004246772266924381,0.6134023475819721,0.7394879307617769,0.0,0.0,0.0
novel,100,1,29,100,ATRACTWH6.jpg,AMAILBO28.jpg,0.44505396485328674,0.2661629319190979,0.005893184803426266,0.00398841081187129,0.7250691230962271,0.7676348589949016,0.0,0.0,0.0
novel,100,1,30,100,Aalligator4.jpg,8258007.thl.jpg,0.309914767742157,0.34509965777397156,0.00510396808385849,0.006579081527888775,0.6854405144320916,0.7531795814137147,1.0,1.0,0.0
novel,100,1,31,100,ARICE2.jpg,23007415.thl.jpg,0.41043820977211,0.6487669348716736,0.006656881887465715,0.007643028162419796,0.7554141966259104,0.49012841676613406,1.0,1.0,1.0
novel,100,1,32,100,22857192.thl.jpg,23014831.thl.jpg,0.4583331048488617,0.30997234582901,0.005181798245757818,0.005343329627066851,0.6959970405674112,0.771194870234693,0.0,1.0,0.0
novel,100,1,33,100,ABUDDHA18.jpg,26422507.thl.jpg,0.3382435441017151,0.5610886812210083,0.0058342148549854755,0.00886821374297142,0.6787656433067297,0.6823943879972382,1.0,1.0,0.0
novel,100,1,34,100,Aceramicjug10.jpg,Asoundmixer2.jpg,0.3272468149662018,0.4405638873577118,0.0053282068111002445,0.007085809018462896,0.7388965234284515,0.6958849295931623,1.0,1.0,1.0
novel,100,1,35,100,Atool12.jpg,Achampagnebo2.jpg,0.2693364918231964,0.4972693622112274,0.004444613121449947,0.008391214534640312,0.7342056044249692,0.5430530030784292,1.0,1.0,1.0
novel,100,1,36,100,Acardinal2.jpg,APIESERVE.jpg,0.39089643955230713,0.2532237768173218,0.005250453948974609,0.004551150370389223,0.7573163211409414,0.7711035052361759,0.0,0.0,0.0
novel,100,1,37,100,Ababycup2.jpg,ACRICKET2.jpg,0.4155518114566803,0.5005826950073242,0.006947239860892296,0.006351174786686897,0.7549973638021729,0.691371538870887,1.0,0.0,1.0
novel,100,1,38,100,26441591.thl.jpg,ABREAD.jpg,0.2966897487640381,1.4282392263412476,0.0038872803561389446,0.013559131883084774,0.7137499885430453,0.751843222205606,1.0,1.0,0.0
novel,100,1,39,100,AEASEL22.jpg,A_flower.jpg,0.24607804417610168,0.24238403141498566,0.004439618904143572,0.004006901290267706,0.7386956045641537,0.748756752877557,0.0,0.0,0.0
novel,100,1,40,100,8081398.thl.jpg,Abrownbagwith.jpg,0.3335239887237549,0.5322054624557495,0.005504206754267216,0.006384711246937513,0.7350693288665598,0.5959583284316039,1.0,1.0,1.0
novel,100,1,41,100,8077486.thl.jpg,APOTGOLD2.jpg,0.46597328782081604,0.4239277243614197,0.005665629170835018,0.005362675525248051,0.5499102419852485,0.567958600828746,0.0,0.0,0.0
novel,100,1,42,100,ADOGTOY.jpg,ASHAKER2.jpg,0.28321096301078796,0.4830101728439331,0.003975674510002136,0.005200647749006748,0.744950639544457,0.5377489806106633,1.0,1.0,1.0
novel,100,1,43,100,Aradio24.jpg,swingset.jpg,0.46821725368499756,0.3312879204750061,0.0070897662080824375,0.004934339784085751,0.7338051878569516,0.7395302304963127,0.0,0.0,0.0
novel,100,1,44,100,Astampandseal.jpg,Abutterdish.jpg,0.2906119227409363,0.27918684482574463,0.004182414151728153,0.003656642744317651,0.7587760102024945,0.7415316025783047,0.0,0.0,1.0
novel,100,1,45,100,ABUGLE2.jpg,Aspecimenbot5.jpg,0.29031020402908325,0.541568398475647,0.004110021982342005,0.006746259052306414,0.7372994043512183,0.719791524162273,1.0,1.0,1.0
novel,100,1,46,100,ALOAFBR4.jpg,Aglassbottle6.jpg,0.30410847067832947,0.2820097804069519,0.003861362347379327,0.003510155947878957,0.7572833563678392,0.7561809151259116,0.0,0.0,1.0
novel,100,1,47,100,launmower.jpg,Atrowel42.jpg,0.24925372004508972,0.25050750374794006,0.004003599286079407,0.004480395931750536,0.7212110586617048,0.7590438167507029,1.0,1.0,0.0
novel,100,1,48,100,catslmifru.jpg,railroadblock.jpg,0.3616436719894409,0.3754650354385376,0.0045999204739928246,0.005133426282554865,0.7260916357668806,0.7622393500535705,1.0,1.0,0.0
novel,100,1,49,100,AWOODMAS9.jpg,8258244.thl.jpg,0.29991069436073303,0.4098854959011078,0.003513211151584983,0.007594489026814699,0.7525998865907009,0.6456441126069064,1.0,1.0,1.0
novel,100,1,50,100,APANTRAC2.jpg,AEAREXAM2.jpg,0.271381139755249,0.34681832790374756,0.004055562429130077,0.006184879224747419,0.7501475310081893,0.7548797720401552,1.0,1.0,0.0
novel,100,1,51,100,ABATHSALT.jpg,26439504.thl.jpg,0.34660282731056213,0.27387118339538574,0.004058397375047207,0.004419858567416668,0.6784510013131696,0.7514951517441804,0.0,1.0,0.0
novel,100,1,52,100,Arecyclingbox.jpg,Adustpanbrus4.jpg,0.516995370388031,0.9332413077354431,0.007638453505933285,0.015473139472305775,0.7473343736685366,0.81044991706101,1.0,1.0,0.0
novel,100,1,53,100,8250565.thl.jpg,22855536.thl.jpg,0.3691790997982025,0.5086175799369812,0.0071985721588134766,0.00954578910022974,0.750106247607184,0.6864066694695528,1.0,1.0,1.0
novel,100,1,54,100,Arefrigerat10.jpg,26372669.thl.jpg,0.6509581804275513,0.3313661813735962,0.010310010984539986,0.006230221129953861,0.6582563774539898,0.7012316286932315,0.0,0.0,0.0
novel,100,1,55,100,Aroadsignind3.jpg,ATOMATOSA.jpg,0.3328222632408142,0.3798775374889374,0.0054227313958108425,0.004922500345855951,0.7279916473885232,0.7421526148471833,1.0,0.0,0.0
novel,100,1,56,100,8079080.thl.jpg,Abottleofwin4.jpg,0.4620814621448517,0.40698668360710144,0.006767239421606064,0.006122521590441465,0.7368121644171852,0.7530116488110161,0.0,0.0,0.0
novel,100,1,57,100,26428057.thl.jpg,26421357.thl.jpg,0.31288838386535645,0.28767603635787964,0.0064554703421890736,0.004707664251327515,0.7114580027586855,0.762265344316611,0.0,0.0,0.0
novel,100,1,58,100,AFIRSTA15.jpg,26461413.thl.jpg,0.35556289553642273,0.269779235124588,0.003956880886107683,0.004161669407039881,0.6860390682468055,0.7798089348565601,0.0,1.0,0.0
novel,100,1,59,100,APITCHE15.jpg,ACANTELOP.jpg,0.5645771026611328,1.0426965951919556,0.006393828894942999,0.01019522175192833,0.6680533453019528,0.5693708292182125,1.0,1.0,1.0
novel,100,1,60,100,AMUSISTA2.jpg,26387690.thl.jpg,0.24887225031852722,0.25503185391426086,0.003532649017870426,0.0037622263189405203,0.7315231305849123,0.7717245001711522,1.0,1.0,0.0
novel,100,1,61,100,Acucumber2.jpg,Acookiecutte3.jpg,1.0185389518737793,1.2411171197891235,0.016234243288636208,0.019300641492009163,0.7583526593353955,0.7132355733197083,1.0,1.0,1.0
novel,100,1,62,100,26431414.thl.jpg,AONETOAST.jpg,0.2647600471973419,0.42450225353240967,0.005585206672549248,0.007566328160464764,0.7550433687499811,0.7277052026189543,1.0,1.0,1.0
novel,100,1,63,100,Asoapdish3.jpg,AGLASSBA4.jpg,0.2675209045410156,0.9907525777816772,0.00466265669092536,0.014264711178839207,0.751707124713551,0.5756467217878108,1.0,1.0,1.0
novel,100,1,64,100,peanutbutter.jpg,Ahandbag50.jpg,0.4902076721191406,0.5889953970909119,0.006254823412746191,0.008310141041874886,0.7420650884566516,0.7161465801056991,1.0,1.0,1.0
novel,100,1,65,100,AINCENSE4.jpg,ASEWINGT4.jpg,0.22412264347076416,0.33004382252693176,0.004010058473795652,0.004203027579933405,0.7597407837114545,0.7410769265380182,1.0,1.0,1.0
novel,100,1,66,100,Aflatwoodenba.jpg,26437080.thl.jpg,0.29816123843193054,0.41138580441474915,0.004825732670724392,0.006541202776134014,0.751238550517641,0.7732027206079145,1.0,1.0,0.0
novel,100,1,67,100,ALITERBOX.jpg,Abandage3.jpg,0.32609042525291443,0.8139411211013794,0.005289054941385984,0.012778151780366898,0.7598810088400223,0.7718329961147486,1.0,1.0,0.0
novel,100,1,68,100,22866972.thl.jpg,AHOSPLIF2.jpg,0.33483007550239563,0.25276634097099304,0.006613621953874826,0.003937117289751768,0.6887440936807532,0.740613050973156,0.0,0.0,0.0
novel,100,1,69,100,Ahappbirt.jpg,superman.jpg,0.2383837103843689,0.3473287522792816,0.003988690674304962,0.004360666964203119,0.7462536082721192,0.7053127581869288,1.0,1.0,1.0
novel,100,1,70,100,Apizzadoughin.jpg,Atoyboxwithb2.jpg,0.2589262127876282,0.3652840256690979,0.004735070280730724,0.003959591966122389,0.7515477796946758,0.7237661181059892,1.0,0.0,1.0
novel,100,1,71,100,Afish57.jpg,ATEETH7.jpg,0.36664965748786926,0.5048447847366333,0.004164820071309805,0.005579999648034573,0.7528666488536104,0.5288828763748487,1.0,1.0,1.0
novel,100,1,72,100,Brusselssprouts.jpg,ACEDAR.jpg,0.42088955640792847,0.9017261266708374,0.005543222185224295,0.012371006421744823,0.6679885396062236,0.32205658318129804,1.0,1.0,1.0
novel,100,1,73,100,Afrenchsigns2.jpg,keys-a.jpg,0.30602899193763733,0.2717062830924988,0.0037154785823076963,0.004712013527750969,0.7052884260628335,0.71745628975947,0.0,1.0,0.0
novel,100,1,74,100,22849260.thl.jpg,Ahousboa2.jpg,0.3235529661178589,0.45856791734695435,0.004465904552489519,0.006751708220690489,0.7117611445097812,0.6557185587153774,1.0,1.0,1.0
novel,100,1,75,100,Alighter12.jpg,AWALKER11.jpg,0.35424578189849854,0.2843558192253113,0.004861433524638414,0.004490347113460302,0.7337376084778608,0.7513521054152063,0.0,0.0,0.0
novel,100,1,76,100,Atoyslide.jpg,Aantiquemeta2.jpg,0.31622010469436646,0.3416861891746521,0.004354455973953009,0.004097853787243366,0.7648321638213137,0.6980995763682014,1.0,0.0,1.0
novel,100,1,77,100,Acheque.jpg,ASPARKER2.jpg,0.22049881517887115,0.2949223518371582,0.004308778326958418,0.005481952801346779,0.7187243533579736,0.7388310978453615,1.0,1.0,0.0
novel,100,1,78,100,AMUSICSTA.jpg,Aeiffeltower2.jpg,0.25318214297294617,0.24260999262332916,0.004482812713831663,0.004028969909995794,0.7594280761126787,0.7571423365609955,0.0,0.0,1.0
novel,100,1,79,100,Awildberries.jpg,22910996.thl.jpg,0.2909822165966034,0.35754138231277466,0.004207777790725231,0.005600295960903168,0.7371819572089862,0.7494840388849687,1.0,1.0,0.0
novel,100,1,80,100,APOKCHIP4.jpg,Aleaf74.jpg,0.2703385055065155,0.5802420377731323,0.004047478083521128,0.007573545444756746,0.7664992254512015,0.707155273221034,1.0,1.0,1.0
novel,100,1,81,100,ACREAME11.jpg,26428041.thl.jpg,1.2558934688568115,0.8365004658699036,0.017812147736549377,0.015063080005347729,0.7515807731933327,0.7473822869246415,0.0,0.0,1.0
novel,100,1,82,100,Aruler12.jpg,batslcshi.jpg,0.33462268114089966,0.44195616245269775,0.005020084325224161,0.004606002941727638,0.741146927928397,0.7134209818174913,1.0,0.0,1.0
novel,100,1,83,100,26433592.thl.jpg,Aflyingeagle9.jpg,0.23139403760433197,1.105646014213562,0.004280530381947756,0.01647847332060337,0.7499114137184578,0.7689260790199698,1.0,1.0,0.0
novel,100,1,84,100,Acork6.jpg,26464872.thl.jpg,0.3205433189868927,0.949702799320221,0.0053586033172905445,0.012488734908401966,0.7204774184141858,0.7121993640808323,1.0,1.0,1.0
novel,100,1,85,100,B_brush.jpg,Aboot9.jpg,0.32300636172294617,0.3446679711341858,0.00523933582007885,0.004360937513411045,0.7532521531460515,0.7109207871102292,1.0,0.0,1.0
novel,100,1,86,100,ABOWARRO8.jpg,Afaucet9.jpg,0.302435964345932,0.47351378202438354,0.004797132220119238,0.006204010918736458,0.7667744620656985,0.6757810733182721,1.0,1.0,1.0
novel,100,1,87,100,APALLETT2.jpg,pinballmachine.jpg,0.43911290168762207,0.3085709810256958,0.004709933418780565,0.00414802273735404,0.7269908518047079,0.7227158713244883,0.0,0.0,1.0
novel,100,1,88,100,ASKIHOLD.jpg,26554952.thl.jpg,0.2579289674758911,0.2559655010700226,0.003946223761886358,0.004529160913079977,0.7596563709867651,0.7460941959978085,0.0,1.0,1.0
novel,100,1,89,100,ALAB2.jpg,35311992.thl.jpg,0.21065586805343628,0.419640451669693,0.0036973408423364162,0.005080660339444876,0.7778636176442107,0.6879061161947326,1.0,1.0,1.0
novel,100,1,90,100,34935544.thl.jpg,26423296.thl.jpg,0.34750622510910034,0.34071123600006104,0.005799693521112204,0.0061246613040566444,0.7492956111383203,0.7273320277431147,0.0,1.0,1.0
novel,100,1,91,100,APERSRUG.jpg,driverlicencepitt.jpg,0.30153676867485046,0.3484998941421509,0.0047585610300302505,0.004701923578977585,0.7541094097695663,0.6620995183501149,1.0,0.0,1.0
novel,100,1,92,100,E_helicopter.jpg,ACHEESEB3.jpg,0.2557399570941925,1.3887217044830322,0.004348262678831816,0.01501696277409792,0.7542477970593497,0.6407153929532834,1.0,1.0,1.0
novel,100,1,93,100,carseat.jpg,ASOPRASAX.jpg,0.25419360399246216,0.34531816840171814,0.004116300493478775,0.005432728677988052,0.7453685091267725,0.729025446794144,1.0,1.0,1.0
novel,100,1,94,100,Asafetyrope.jpg,26688546.thl.jpg,0.3734997510910034,0.6180538535118103,0.005252497270703316,0.009626982733607292,0.7101076477707404,0.7476095280836192,1.0,1.0,0.0
novel,100,1,95,100,AARMHEL12.jpg,Ametalhousin4.jpg,0.3121923804283142,0.4516829252243042,0.004776347894221544,0.008105640299618244,0.7114900701982866,0.7301075683131513,1.0,1.0,0.0
novel,100,1,96,100,AFIGHTP16.jpg,Aspraybottle4.jpg,0.27673861384391785,0.5547351837158203,0.004076116252690554,0.007793741766363382,0.7398443284685461,0.6781252238965993,1.0,1.0,1.0
novel,100,1,97,100,ACHILDISH.jpg,Asantaclaus2.jpg,0.385981947183609,0.3960200250148773,0.0056284451857209206,0.00472745206207037,0.6864098233277293,0.7222037957539467,1.0,0.0,0.0
novel,100,1,98,100,ASHARK3.jpg,Ashark7.jpg,0.22116431593894958,0.2751501798629761,0.0032442056108266115,0.004004200920462608,0.7532529673859129,0.7534985705586726,1.0,1.0,0.0
novel,100,1,99,100,ignitionkey01.jpg,26375899.thl.jpg,0.24340824782848358,0.7804051637649536,0.004014455713331699,0.011618555523455143,0.7707217285614415,0.7126550167186451,1.0,1.0,1.0
novel,100,1,100,100,AFRYINGP2.jpg,Apeanut3.jpg,0.24060839414596558,0.349723756313324,0.004275408107787371,0.004786331672221422,0.7671968128305388,0.7242283069576368,1.0,1.0,1.0
novel,1000,1,1,1000,ACHINCHI4.jpg,Aknife92.jpg,0.18739397823810577,0.12117019295692444,0.003294127294793725,0.0017004217952489853,0.7575792794811413,0.805485392231925,0.0,0.0,0.0
novel,1000,1,2,1000,ACHAIR.jpg,Lanyard.jpg,0.3031104505062103,0.1457613855600357,0.003954663872718811,0.002786023076623678,0.7681163962332044,0.7932597568774229,0.0,0.0,0.0
novel,1000,1,3,1000,Astapler12.jpg,Asandgarden.jpg,0.15465347468852997,0.168044775724411,0.0026440864894539118,0.0026108489837497473,0.8089260406524426,0.8015078896846065,1.0,0.0,1.0
novel,1000,1,4,1000,AMETALPER.jpg,APIPEST18.jpg,0.18892230093479156,0.28150391578674316,0.0030204597860574722,0.003270507790148258,0.7894058915676757,0.7347955658980608,1.0,1.0,1.0
novel,1000,1,5,1000,Abowlofpasta.jpg,ADOMINO.jpg,0.21821662783622742,0.17357772588729858,0.0023494851775467396,0.0028841765597462654,0.7690845017877216,0.7839185490216319,0.0,1.0,0.0
novel,1000,1,6,1000,Agardeningrak.jpg,A_computerkey.jpg,0.11597323417663574,0.12662005424499512,0.0021033429075032473,0.002234352519735694,0.8089966623539935,0.796851008830775,1.0,1.0,1.0
novel,1000,1,7,1000,AOVEN.jpg,Asandal7.jpg,0.25993210077285767,0.13991110026836395,0.00454679923132062,0.0022734820377081633,0.771332327304642,0.7941927685616018,0.0,0.0,0.0
novel,1000,1,8,1000,DSCN3767-sm.jpg,ARCMPPOL2.jpg,0.19502784311771393,0.19593319296836853,0.0029342682100832462,0.0027572172693908215,0.7966096800427551,0.801383122704031,1.0,0.0,0.0
novel,1000,1,9,1000,ATURKEY11.jpg,AANTRAD24.jpg,0.2062634527683258,0.15739601850509644,0.002863621572032571,0.0023164106532931328,0.7557699425763994,0.789248616420384,0.0,0.0,0.0
novel,1000,1,10,1000,AHOUSBOA3.jpg,Asign7.jpg,0.25422489643096924,0.28822949528694153,0.003036679932847619,0.0033292830921709538,0.7559092901088188,0.7370600824010591,1.0,1.0,1.0
novel,1000,1,11,1000,ACARMON.jpg,Abeesonahoney.jpg,0.16355521976947784,0.34185415506362915,0.002644685562700033,0.00402036914601922,0.7974775044581861,0.7241179739172388,1.0,1.0,1.0
novel,1000,1,12,1000,26376346.thl.jpg,23060574.thl.jpg,0.28361350297927856,0.14691349864006042,0.003302547847852111,0.00246133073233068,0.7347907522979346,0.8121506055450084,0.0,0.0,0.0
novel,1000,1,13,1000,Avacuum20.jpg,AMECHHAN4.jpg,0.14130136370658875,0.16755537688732147,0.0026661506853997707,0.0023336366284638643,0.7943738926301758,0.7962442349987991,1.0,0.0,0.0
novel,1000,1,14,1000,26431734.thl.jpg,AXMASTIN3.jpg,0.26447170972824097,0.19137579202651978,0.0036541393492370844,0.0026254586409777403,0.7365293148111808,0.7851661870014991,0.0,0.0,0.0
novel,1000,1,15,1000,Adrinkinggl21.jpg,patioheater.jpg,0.23810704052448273,0.29452818632125854,0.004068417474627495,0.004967427346855402,0.7852884432529957,0.7642665491942289,1.0,1.0,1.0
novel,1000,1,16,1000,26433347.thl.jpg,ADIAMCRYS.jpg,0.20835721492767334,0.2509663701057434,0.003532071365043521,0.005292513407766819,0.8163106476139729,0.7248203229532487,1.0,1.0,1.0
novel,1000,1,17,1000,makeupfoundation.jpg,AFOODBLEN.jpg,0.1882379800081253,0.19069141149520874,0.0028442684561014175,0.002927167108282447,0.8068506727601846,0.7897189607977544,1.0,1.0,1.0
novel,1000,1,18,1000,asparagus.jpg,Aangel37.jpg,0.13148340582847595,0.16398698091506958,0.0019208923913538456,0.0024313637986779213,0.7999417889127652,0.7781220046594539,1.0,1.0,1.0
novel,1000,1,19,1000,Awoodenegg.jpg,Aantiquecigar.jpg,0.1743076741695404,0.1586199253797531,0.00259588984772563,0.0025258599780499935,0.7193547989751112,0.7977737709571974,0.0,0.0,0.0
novel,1000,1,20,1000,ALEMUR3.jpg,Atoy17.jpg,0.17270219326019287,0.18901848793029785,0.0027943956665694714,0.002303456887602806,0.7885834673799482,0.7796732198475237,1.0,0.0,1.0
novel,1000,1,21,1000,26419670.thl.jpg,26369999.thl.jpg,0.1526806652545929,0.21198871731758118,0.002541061257943511,0.0035224405582994223,0.8005694651234038,0.776513402035045,1.0,1.0,1.0
novel,1000,1,22,1000,Agreenplastic.jpg,Aflyingeagle9.jpg,0.24841533601284027,0.234367236495018,0.003528518369421363,0.003492993302643299,0.7575132297877236,0.7686463198475937,0.0,0.0,0.0
novel,1000,1,23,1000,26455183.thl.jpg,Aextensionco8.jpg,0.22338642179965973,0.3082028031349182,0.003940300550311804,0.0034815180115401745,0.7550445272632913,0.7578273232667009,1.0,0.0,0.0
novel,1000,1,24,1000,26441176.thl.jpg,D_exercisebike.jpg,0.2669242322444916,0.1667655110359192,0.0032061170786619186,0.002691306872293353,0.7864806182732186,0.797276877432392,0.0,0.0,0.0
novel,1000,1,25,1000,ADENTRAY3.jpg,Aropeandclamp.jpg,0.25255367159843445,0.15491239726543427,0.0045650857500731945,0.0022483894135802984,0.7826624183009901,0.8048187590187557,0.0,0.0,0.0
novel,1000,1,26,1000,26372404.thl.jpg,8256530.thl.jpg,0.15470075607299805,0.16037212312221527,0.002524500247091055,0.0030018091201782227,0.7899184800613198,0.7927802101411862,1.0,1.0,0.0
novel,1000,1,27,1000,Abeverageingl.jpg,Atray26.jpg,0.2038062959909439,0.2252761274576187,0.002299546031281352,0.003945863805711269,0.7697969999652537,0.7671020244115951,1.0,1.0,1.0
novel,1000,1,28,1000,26455774.thl.jpg,gumballmachine.jpg,0.339639276266098,0.1650027483701706,0.006895143073052168,0.0019231822807341814,0.730342278434519,0.7927357157035673,0.0,0.0,0.0
novel,1000,1,29,1000,Ajoystick10.jpg,Adicecupandb5.jpg,0.20620840787887573,0.2610207200050354,0.002901645377278328,0.0033973108511418104,0.7812876359314477,0.733846715041645,1.0,1.0,1.0
novel,1000,1,30,1000,ACAMPSTO7.jpg,Aglassjarwit2.jpg,0.27860069274902344,0.14461958408355713,0.004928817506879568,0.002697802847251296,0.7668410258004423,0.7935280674027604,0.0,0.0,0.0
novel,1000,1,31,1000,8020414.thl.jpg,ABAROMET2.jpg,0.1758929342031479,0.5548665523529053,0.0035788461100310087,0.0061543183401227,0.7788773250338858,0.6441344075894432,1.0,1.0,1.0
novel,1000,1,32,1000,Abells3.jpg,et060.jpg,0.14997141063213348,0.1739456057548523,0.002226916840299964,0.0029796333983540535,0.813833789397775,0.8076416727863559,1.0,1.0,1.0
novel,1000,1,33,1000,AWOODPYRA.jpg,22869912.thl.jpg,0.15224309265613556,0.16312584280967712,0.001987418392673135,0.003197606187313795,0.7528666126800788,0.7933766626300875,1.0,1.0,0.0
novel,1000,1,34,1000,Acampingcoffe.jpg,AASCENDER.jpg,0.24991293251514435,0.151289165019989,0.0038270247168838978,0.002153129316866398,0.7741363215207716,0.8122448042191185,0.0,0.0,0.0
novel,1000,1,35,1000,Acandle109.jpg,ACOMB11.jpg,0.19953428208827972,0.18187932670116425,0.0027457494288682938,0.0028442274779081345,0.740597200581736,0.7700758510076213,0.0,1.0,0.0
novel,1000,1,36,1000,Aspraybottle4.jpg,tires.jpg,0.2633777856826782,0.2998451888561249,0.003700321540236473,0.005263794679194689,0.721503184111369,0.7872233925534211,1.0,1.0,0.0
novel,1000,1,37,1000,ABONGO3.jpg,22856172.thl.jpg,0.39434632658958435,0.2197662591934204,0.005356276873499155,0.0027989051304757595,0.7707158557949867,0.7917006796400027,0.0,0.0,0.0
novel,1000,1,38,1000,Awindmill3.jpg,26370659.thm.jpg,0.11233173310756683,0.23621594905853271,0.0021047950722277164,0.0033710869029164314,0.7965664615570648,0.7333029274818784,1.0,1.0,1.0
novel,1000,1,39,1000,ACUSHIO60.jpg,seasponge.jpg,0.16777053475379944,0.4380134046077728,0.002344004577025771,0.005445017479360104,0.7807017834451152,0.6388369904433475,1.0,1.0,1.0
novel,1000,1,40,1000,8244991.thl.jpg,AFIREPLAC.jpg,0.15322011709213257,0.17018653452396393,0.0029615587554872036,0.0027973048854619265,0.8044721485209114,0.8001068123191835,1.0,0.0,1.0
novel,1000,1,41,1000,Ababtoy13.jpg,ARUSSDO13.jpg,0.15458300709724426,0.20825901627540588,0.0020816430915147066,0.002561088651418686,0.7868286995579347,0.7734218904194625,1.0,1.0,1.0
novel,1000,1,42,1000,26282515.thl.jpg,AARMHEL12.jpg,0.0992332175374031,0.21734535694122314,0.001845899154432118,0.0033252479042857885,0.7915608228765466,0.7473369018736042,1.0,1.0,1.0
novel,1000,1,43,1000,ABULDOZER.jpg,Achair611.jpg,0.1914294958114624,0.20891472697257996,0.002450308296829462,0.002370584523305297,0.8020633818004447,0.7806050494180224,1.0,0.0,1.0
novel,1000,1,44,1000,Acomputerbag.jpg,Amouthpiece4.jpg,0.1350574940443039,0.14390282332897186,0.002002803375944495,0.0021993250120431185,0.781038750076335,0.7791882933409177,1.0,1.0,1.0
novel,1000,1,45,1000,Ahourglass4.jpg,AFRUIT3.jpg,0.44632771611213684,0.17380858957767487,0.005319061689078808,0.0021836315281689167,0.7543098758356284,0.7505107506682421,0.0,0.0,1.0
novel,1000,1,46,1000,ABEARIN12.jpg,Acablelatch.jpg,0.29999351501464844,0.13576611876487732,0.005223688203841448,0.0023597923573106527,0.7501689157498704,0.8055923314604215,0.0,0.0,0.0
novel,1000,1,47,1000,23070748.thl.jpg,ACAESALAD.jpg,0.20719501376152039,0.3966556787490845,0.0033873035572469234,0.005321567412465811,0.7890195927616216,0.6455995127963807,1.0,1.0,1.0
novel,1000,1,48,1000,Apartyha3.jpg,Atoycoil.jpg,0.17366597056388855,0.25561511516571045,0.002322867512702942,0.0025682298000901937,0.7874358457556322,0.7695217958746778,1.0,1.0,1.0
novel,1000,1,49,1000,26465344.thl.jpg,8079958.thl.jpg,0.25532326102256775,0.17388039827346802,0.004475745372474194,0.0028059263713657856,0.7577427701044868,0.7819025425718762,0.0,0.0,0.0
novel,1000,1,50,1000,Aswitch17.jpg,ATOASTOV2.jpg,0.20388777554035187,0.2077552229166031,0.0037840823642909527,0.003392384387552738,0.7728722645686987,0.7753803855414613,1.0,0.0,0.0
novel,1000,1,51,1000,Anailpolish.jpg,AMINCOLLE.jpg,0.15824131667613983,0.23645302653312683,0.0025269463658332825,0.0031574766617268324,0.7967761761645185,0.7736756898650412,1.0,1.0,1.0
novel,1000,1,52,1000,ACAT6.jpg,Hammock.jpg,0.49907398223876953,0.11394533514976501,0.006792029831558466,0.001816085772588849,0.621159326798328,0.8072086690789112,0.0,0.0,0.0
novel,1000,1,53,1000,babyswig.jpg,Atoyseasaw.jpg,0.2414427399635315,0.17883723974227905,0.002585468115285039,0.0024243025109171867,0.7750139938676742,0.7980946376786472,0.0,0.0,0.0
novel,1000,1,54,1000,APEPPSHA4.jpg,ANAPKHOL7.jpg,0.16235436499118805,0.34127020835876465,0.002857294399291277,0.005430282559245825,0.8069384255944086,0.7581384464427409,1.0,1.0,1.0
novel,1000,1,55,1000,AKNIFE13.jpg,Acamcorde.jpg,0.1541300117969513,0.21316272020339966,0.002618629951030016,0.003400498768314719,0.803176752461949,0.7854448201309782,1.0,1.0,1.0
novel,1000,1,56,1000,footballpads.jpg,22857084.thl.jpg,0.13724112510681152,0.3153468370437622,0.0022517885081470013,0.004801810719072819,0.7951552742804349,0.7053466410219976,1.0,1.0,1.0
novel,1000,1,57,1000,AABSTRACT.jpg,changepurse03.jpg,0.16370223462581635,0.2690051198005676,0.002426940482109785,0.0033300486393272877,0.7760831033440948,0.7192406512092497,1.0,1.0,1.0
novel,1000,1,58,1000,Aroadsignind3.jpg,Aindustrialve.jpg,0.2207675278186798,0.18076038360595703,0.003597003873437643,0.0032974493224173784,0.7871272734965364,0.7644122166106717,0.0,0.0,1.0
novel,1000,1,59,1000,26373195.thl.jpg,donaldduck.jpg,0.22855466604232788,0.15651676058769226,0.0032986789010465145,0.0020692015532404184,0.7118736874219753,0.7853656376900358,0.0,0.0,0.0
novel,1000,1,60,1000,Aplantinpot4.jpg,26432173.thl.jpg,0.2135704904794693,0.15311475098133087,0.0028244974091649055,0.0025990193244069815,0.7681708035020881,0.7937146098877514,0.0,0.0,0.0
novel,1000,1,61,1000,8081398.thl.jpg,26432148.thl.jpg,0.2240975797176361,0.2393268197774887,0.0036983229219913483,0.0032642241567373276,0.7878511920261654,0.7914616755388819,1.0,0.0,0.0
novel,1000,1,62,1000,APAGODAMO.jpg,bountytowel.jpg,0.18138310313224792,0.21578653156757355,0.002778831636533141,0.002993168542161584,0.7749560573707126,0.7940938596986086,1.0,1.0,0.0
novel,1000,1,63,1000,AWOODFLUT.jpg,26440756.thl.jpg,0.11965560168027878,0.21832405030727386,0.0019221327966079116,0.0030542879831045866,0.8089686564891149,0.7686855182030554,1.0,1.0,1.0
novel,1000,1,64,1000,gameboy.jpg,ABROOCH41.jpg,0.19590336084365845,0.16047346591949463,0.0023140106350183487,0.0028407033532857895,0.7675144750041989,0.7997601941617688,0.0,1.0,0.0
novel,1000,1,65,1000,AKNIFECOL.jpg,ASCSIPORT.jpg,0.18924035131931305,0.19884388148784637,0.002414704067632556,0.0026115383952856064,0.7355344279404653,0.7621197014458767,1.0,1.0,0.0
novel,1000,1,66,1000,Acocktailumb4.jpg,ABROOCH53.jpg,0.1585186868906021,0.16668705642223358,0.0019264541333541274,0.002657274715602398,0.798954247529646,0.7929604599317615,1.0,1.0,1.0
novel,1000,1,67,1000,26424087.thl.jpg,marshmallows.jpg,0.2852962017059326,0.15482579171657562,0.003987614996731281,0.0032583645079284906,0.7190332258500587,0.744413479262235,0.0,0.0,0.0
novel,1000,1,68,1000,Adress6.jpg,ABAPITCHS.jpg,0.17711742222309113,0.12485772371292114,0.002434144262224436,0.0017333975993096828,0.7863308526122745,0.7935482863186529,0.0,0.0,0.0
novel,1000,1,69,1000,Ashoeshines15.jpg,Avacuum13.jpg,0.13773295283317566,0.2446848750114441,0.002233026782050729,0.003309302031993866,0.7988959800432265,0.7874044129529485,1.0,1.0,1.0
novel,1000,1,70,1000,APROSTAR2.jpg,Apotboilinge2.jpg,0.1667603850364685,0.19410595297813416,0.0022311299107968807,0.0034674028865993023,0.7829161541663942,0.7891079682344876,1.0,1.0,0.0
novel,1000,1,71,1000,Agarbagebin.jpg,Azebratoy2.jpg,0.23300579190254211,0.2244419902563095,0.002735016169026494,0.003423084504902363,0.726105203754149,0.758928246150309,0.0,1.0,0.0
novel,1000,1,72,1000,AHEARTSPO.jpg,Aembossedsta2.jpg,0.21537107229232788,0.12721504271030426,0.003421173198148608,0.0021361017134040594,0.8075241825470747,0.8095417099524974,0.0,0.0,0.0
novel,1000,1,73,1000,Agardeningpai.jpg,ACHIPPER.jpg,0.2269842028617859,0.21821676194667816,0.00302537577226758,0.0026433265302330256,0.7859251270691343,0.7985329653319173,0.0,0.0,0.0
novel,1000,1,74,1000,ASOPRASAX.jpg,AGHOST.jpg,0.1744653284549713,0.18862228095531464,0.0027447810862213373,0.0031993596348911524,0.7973426549502888,0.7761596081608234,1.0,1.0,1.0
novel,1000,1,75,1000,03015528000.jpg,ASHAKER2.jpg,0.34684497117996216,0.36272409558296204,0.004369073547422886,0.0039055084343999624,0.7630277915872052,0.6906190015494493,1.0,0.0,1.0
novel,1000,1,76,1000,26420893.thl.jpg,Ajar33.jpg,0.24800485372543335,0.16514062881469727,0.0036609177477657795,0.0032001319341361523,0.7691009747759109,0.7998093365046244,0.0,0.0,0.0
novel,1000,1,77,1000,8022302.thl.jpg,rollerblades.jpg,0.24024029076099396,0.3982439339160919,0.003683395218104124,0.004135497845709324,0.7869143985125855,0.7146146268555086,1.0,1.0,1.0
novel,1000,1,78,1000,Aintercom6.jpg,DSCN3757-sm.jpg,0.23035894334316254,0.1961124986410141,0.0033846565056592226,0.0031940105836838484,0.7324161976752608,0.7813049980850552,0.0,0.0,0.0
novel,1000,1,79,1000,AHEATER.jpg,4555.jpg,0.3389013707637787,0.20676884055137634,0.005752056371420622,0.0034656249918043613,0.6590238104290082,0.7192121745493011,0.0,0.0,0.0
novel,1000,1,80,1000,AGERMANH4.jpg,Afitting3.jpg,0.222664475440979,0.16921432316303253,0.0026725963689386845,0.0032401711214333773,0.7788294787807949,0.7989251577444044,0.0,1.0,0.0
novel,1000,1,81,1000,Adiamondring3.jpg,Asandwichiro2.jpg,0.18173575401306152,0.15506449341773987,0.0025268897879868746,0.0025600020308047533,0.790741277715306,0.8023091646979778,0.0,1.0,0.0
novel,1000,1,82,1000,Abicyclegear2.jpg,Ahat47.jpg,0.1412525475025177,0.16681574285030365,0.001975039253011346,0.002640272956341505,0.8008821937721301,0.7431876573184634,1.0,1.0,1.0
novel,1000,1,83,1000,Abowl74.jpg,monkeypuppet.jpg,0.20013730227947235,0.20471331477165222,0.0026687218341976404,0.003276966279372573,0.7481807412458865,0.7959562336054123,1.0,1.0,0.0
novel,1000,1,84,1000,26391514.thl.jpg,ABROOM11.jpg,0.19566886126995087,0.5350098609924316,0.0031630550511181355,0.007605769205838442,0.7804522481592703,0.733533467503388,1.0,1.0,1.0
novel,1000,1,85,1000,Astatueofwo29.jpg,26425112.thl.jpg,0.14825591444969177,0.16713646054267883,0.00210284860804677,0.0025104170199483633,0.7715902690865253,0.7784867422597787,1.0,1.0,0.0
novel,1000,1,86,1000,8079436.thl.jpg,snowflake.jpg,0.49235957860946655,0.37742143869400024,0.006418260280042887,0.005111012142151594,0.7530316493179257,0.7254886960111602,0.0,0.0,1.0
novel,1000,1,87,1000,26387690.thl.jpg,A_flower.jpg,0.14702363312244415,0.10315382480621338,0.002168890554457903,0.0017052575713023543,0.7941506252459988,0.8067576512437408,0.0,0.0,0.0
novel,1000,1,88,1000,Abottleofwin4.jpg,948_01.jpg,0.14277103543281555,0.2030666172504425,0.002147782128304243,0.0031887770164757967,0.8153784356222806,0.7972854165061839,1.0,1.0,1.0
novel,1000,1,89,1000,ABAGFLOU3.jpg,ABAGGROCE.jpg,0.12352888286113739,0.13427218794822693,0.0016316086985170841,0.002050262177363038,0.8068942460458522,0.7961120887112925,1.0,1.0,1.0
novel,1000,1,90,1000,gun.jpg,8258007.thl.jpg,0.24987488985061646,0.18383891880512238,0.0025851880200207233,0.0035047591663897038,0.79045037596058,0.8040116673242192,0.0,1.0,0.0
novel,1000,1,91,1000,Atable132.jpg,ADAQUIRI.jpg,0.1900995522737503,0.3432426154613495,0.002498998772352934,0.00526446383446455,0.8012617145472299,0.801718079113105,1.0,1.0,0.0
novel,1000,1,92,1000,Asoundmixer2.jpg,Afloweredsan3.jpg,0.24453707039356232,0.15389427542686462,0.003933011554181576,0.0019098243210464716,0.7715817431601406,0.7871451043618128,0.0,0.0,0.0
novel,1000,1,93,1000,Acampingstov9.jpg,Acompass20.jpg,0.3057936429977417,0.15377089381217957,0.003826185828074813,0.0026260458398610353,0.7452136520471959,0.803197598374594,0.0,0.0,0.0
novel,1000,1,94,1000,APBREAD2.jpg,ASMOKMEAT.jpg,0.26290184259414673,0.28418707847595215,0.0037917105946689844,0.0037599310744553804,0.732245278047467,0.7193067827379367,1.0,0.0,1.0
novel,1000,1,95,1000,Acarvedpumpk2.jpg,AHOSPLIF2.jpg,0.373739629983902,0.19931475818157196,0.004174496978521347,0.003104549366980791,0.7083289830498729,0.7914360289627302,0.0,0.0,0.0
novel,1000,1,96,1000,26432109.thl.jpg,Atoyball.jpg,0.18228429555892944,0.4792894721031189,0.0031323949806392193,0.0046754078939557076,0.7965557023991284,0.6930046554298095,1.0,1.0,1.0
novel,1000,1,97,1000,Abeaver.jpg,855874.jpg,0.2202264666557312,0.4015845060348511,0.0031091966666281223,0.005029721651226282,0.7403874044459958,0.7743767683290996,1.0,1.0,0.0
novel,1000,1,98,1000,ABOWARRO8.jpg,Abicyclerepa3.jpg,0.21327319741249084,0.16620686650276184,0.0033828639425337315,0.0029603110160678625,0.7897091961467922,0.7951559477707465,0.0,0.0,0.0
novel,1000,1,99,1000,ACOFGRIN2.jpg,ACOUNTING.jpg,0.17894700169563293,0.42320147156715393,0.0027155361603945494,0.006401086691766977,0.8063684023925947,0.6895138350537342,1.0,1.0,1.0
novel,1000,1,100,1000,AARCHERY.jpg,Asafetyrope.jpg,0.12276331335306168,0.2589394748210907,0.002021737862378359,0.0036414451897144318,0.796850029540868,0.7778227811743116,1.0,1.0,1.0
exemplar,1,1,1,1,suitcase1.jpg,suitcase2.jpg,20.592897415161133,20.89988899230957,0.30904462933540344,0.3157341182231903,0.9997812513814357,0.9998747286689478,1.0,1.0,0.0
exemplar,1,2,1,1,metalpin1.jpg,metalpin2.jpg,17.692094802856445,16.669370651245117,0.27503645420074463,0.26636451482772827,0.07324753118738024,0.06467358729607554,0.0,0.0,1.0
exemplar,1,3,1,1,chocolatebar1.jpg,chocolatebar2.jpg,17.98340606689453,14.733124732971191,0.2692009508609772,0.24827170372009277,0.8802056749466561,0.608035350740168,0.0,0.0,1.0
exemplar,1,4,1,1,toywrench1.jpg,toywrench2.jpg,16.17875099182129,20.565378189086914,0.26909080147743225,0.3219895362854004,0.06818847572472304,0.13127572678767935,1.0,1.0,0.0
exemplar,1,5,1,1,holepunch1.jpg,holepunch2.jpg,15.664752960205078,17.66506004333496,0.26872992515563965,0.3003104329109192,0.6419713238349951,0.38685659373670694,1.0,1.0,1.0
exemplar,1,6,1,1,pictureframe1.jpg,pictureframe2.jpg,21.899166107177734,16.744945526123047,0.3155539631843567,0.2531012296676636,0.9997696741412136,0.9993920136117282,0.0,0.0,1.0
exemplar,1,7,1,1,sunglasses1.jpg,sunglasses2.jpg,19.7255859375,19.88994789123535,0.287640243768692,0.29553040862083435,0.9715142448182184,0.7622424017707738,1.0,1.0,1.0
exemplar,1,8,1,1,wheelchair1.jpg,wheelchair2.jpg,23.592721939086914,25.552349090576172,0.3354014456272125,0.3404371738433838,0.996776120172886,0.9921267695624646,1.0,1.0,1.0
exemplar,1,9,1,1,microscope1.jpg,microscope2.jpg,18.290834426879883,18.922996520996094,0.29123327136039734,0.301779180765152,0.6763459123545719,0.9095618250386419,1.0,1.0,0.0
exemplar,1,10,1,1,train1.jpg,train2.jpg,17.313899993896484,17.217479705810547,0.27860814332962036,0.27273422479629517,0.8856180829749722,0.7401509209863409,0.0,0.0,1.0
exemplar,1,11,1,1,tractor1.jpg,tractor2.jpg,22.32516098022461,24.59690284729004,0.31224343180656433,0.32641661167144775,0.9535985514909753,0.906544020364316,1.0,1.0,1.0
exemplar,1,12,1,1,hotair1.jpg,hotair2.jpg,31.60068702697754,35.77998733520508,0.34407779574394226,0.40013548731803894,0.9972739969540195,0.9997250009303082,1.0,1.0,0.0
exemplar,1,13,1,1,fan1.jpg,fan2.jpg,20.04323387145996,20.684385299682617,0.304686039686203,0.3427489697933197,0.9934555712459463,0.9205446218543826,1.0,1.0,1.0
exemplar,1,14,1,1,wineglass1.jpg,wineglass2.jpg,17.420621871948242,17.21255874633789,0.2981628477573395,0.2888723313808441,0.11157270962496751,0.2465073411669385,0.0,0.0,0.0
exemplar,1,15,1,1,guitar1.jpg,guitar2.jpg,17.427532196044922,23.11374282836914,0.2598809003829956,0.3381946086883545,0.17836535834028744,0.39874721052956486,1.0,1.0,0.0
exemplar,1,16,1,1,breadloaf1.jpg,breadloaf2.jpg,19.982675552368164,21.666940689086914,0.29634544253349304,0.30503830313682556,0.9998891028180399,0.9997621108947934,1.0,1.0,1.0
exemplar,1,17,1,1,cheesecrackers1.jpg,cheesecrackers2.jpg,25.673309326171875,25.470693588256836,0.33096787333488464,0.31602609157562256,0.9998730679672687,0.9998207297949527,0.0,0.0,1.0
exemplar,1,18,1,1,toyairplane1.jpg,toyairplane2.jpg,22.99837875366211,29.219213485717773,0.30232617259025574,0.3622142970561981,0.9871267833701429,0.9709264418986802,1.0,1.0,1.0
exemplar,1,19,1,1,bikehelmet1.jpg,bikehelmet2.jpg,22.550182342529297,27.37483024597168,0.3055466115474701,0.36063122749328613,0.995808075673132,0.9894302524134441,1.0,1.0,1.0
exemplar,1,20,1,1,soother1.jpg,soother2.jpg,23.053865432739258,25.821420669555664,0.30554449558258057,0.34770718216896057,0.9871044218965827,0.9852081575979124,1.0,1.0,1.0
exemplar,1,21,1,1,bell1.jpg,bell2.jpg,20.129558563232422,17.691469192504883,0.31556230783462524,0.29013791680336,0.15517897248536866,0.0844029731621452,0.0,0.0,1.0
exemplar,1,22,1,1,chocolatecake.jpg,chocolatecake2.jpg,20.24913215637207,25.891685485839844,0.21164320409297943,0.3072703778743744,0.9999881109706037,0.9999962061524814,1.0,1.0,0.0
exemplar,1,23,1,1,bracelet1.jpg,bracelet2.jpg,15.245074272155762,28.610902786254883,0.20726950466632843,0.3782517611980438,0.9971619516034521,0.9999537608539925,1.0,1.0,0.0
exemplar,1,24,1,1,soapbottle1.jpg,soapbottle2.jpg,17.156890869140625,17.736631393432617,0.29586926102638245,0.3067539632320404,0.8573022954307492,0.7626350387365528,1.0,1.0,1.0
exemplar,1,25,1,1,rabbit1.jpg,rabbit2.jpg,25.009220123291016,23.228374481201172,0.3496971130371094,0.33434149622917175,0.9214992531439078,0.9964005008084789,0.0,0.0,0.0
exemplar,1,26,1,1,toyhandorn1.jpg,toyhandorn2.jpg,21.65298080444336,30.380020141601562,0.2918076813220978,0.3218381106853485,0.9713288460931045,0.9917095941568743,1.0,1.0,0.0
exemplar,1,27,1,1,peppers1.jpg,peppers2.jpg,16.55400848388672,23.199472427368164,0.2593747675418854,0.3510509431362152,0.9220013614423141,0.8850544761972337,1.0,1.0,1.0
exemplar,1,28,1,1,toykeys1.jpg,toykeys2.JPG,24.295726776123047,25.157182693481445,0.3222805857658386,0.33847859501838684,0.9100111695006651,0.9326446233133737,1.0,1.0,0.0
exemplar,1,29,1,1,backgammon1.jpg,backgammon2.jpg,20.66278076171875,19.663436889648438,0.3001749813556671,0.3054099678993225,0.9866141865966275,0.9894327474191156,0.0,1.0,0.0
exemplar,1,30,1,1,woodenbarrel1.jpg,woodenbarrel2.jpg,18.800355911254883,18.899221420288086,0.29290691018104553,0.2977781891822815,0.999938160477176,0.9999364923016053,1.0,1.0,1.0
exemplar,1,31,1,1,cone1.jpg,cone2.jpg,18.10773468017578,17.308162689208984,0.26833438873291016,0.2401222586631775,0.1269250493226461,0.21997518606966268,0.0,0.0,0.0
exemplar,1,32,1,1,skull1.jpg,skull2.jpg,17.58888053894043,19.224214553833008,0.28705260157585144,0.30749914050102234,0.9981875349910306,0.9987002146828847,1.0,1.0,0.0
exemplar,1,33,1,1,starfish1.jpg,starfish2.jpg,16.253192901611328,14.488738059997559,0.2755430340766907,0.2852954566478729,0.9839329376485836,0.6429367209701877,0.0,1.0,1.0
exemplar,1,34,1,1,stapleremover1.jpg,stapleremover2.jpg,14.707209587097168,26.930648803710938,0.2570299208164215,0.3549063205718994,0.988189231971904,0.9891992963627558,1.0,1.0,0.0
exemplar,1,35,1,1,anchor1.jpg,anchor2.jpg,23.437047958374023,18.59727668762207,0.3015102446079254,0.2939833998680115,0.939790284728761,0.9333885207170605,0.0,0.0,1.0
exemplar,1,36,1,1,turtle1.jpg,turtle2.jpg,21.032169342041016,20.36029815673828,0.29334771633148193,0.3144920766353607,0.9912523015436182,0.9977677579652894,0.0,1.0,0.0
exemplar,1,37,1,1,muffin1.jpg,muffin2.jpg,30.36821174621582,21.82611656188965,0.35919830203056335,0.3029099702835083,0.9999947790067578,0.9999994444470734,0.0,0.0,0.0
exemplar,1,38,1,1,bicycle1.jpg,bicycle2.jpg,32.82830047607422,27.665283203125,0.37454062700271606,0.36902010440826416,0.9988491922006757,0.9975389328885386,0.0,0.0,1.0
exemplar,1,39,1,1,plate1.jpg,plate2.jpg,26.3248348236084,25.52705192565918,0.2629309892654419,0.32627803087234497,0.9999958560680577,0.9999839813548143,0.0,1.0,1.0
exemplar,1,40,1,1,rake1.jpg,rake2.jpg,17.53289031982422,20.8283748626709,0.29439330101013184,0.326016366481781,0.10909338934740889,0.032299797316130766,1.0,1.0,1.0
exemplar,1,41,1,1,santahat1.jpg,santahat2.jpg,16.384716033935547,22.20669174194336,0.2724456191062927,0.3156416118144989,0.023231620920486848,0.2682065678435406,1.0,1.0,0.0
exemplar,1,42,1,1,horn1.jpg,horn2.jpg,18.75350570678711,16.41208839416504,0.3052603602409363,0.2802848517894745,0.9999856778500092,0.9999566580005774,0.0,0.0,1.0
exemplar,1,43,1,1,scroll1.jpg,scroll2.jpg,17.06588363647461,21.78919219970703,0.32046908140182495,0.33443009853363037,0.7499161491288379,0.450544043986398,1.0,1.0,1.0
exemplar,1,44,1,1,lei1.jpg,lei2.jpg,21.3151912689209,29.52710723876953,0.2658504247665405,0.367175817489624,0.9804169615172325,0.9888098367242306,1.0,1.0,0.0
exemplar,1,45,1,1,razor1.jpg,razor2.jpg,14.724903106689453,17.751983642578125,0.2573242485523224,0.2868606150150299,0.01926371810852897,0.05439807843037437,1.0,1.0,0.0
exemplar,1,46,1,1,balloon1.jpg,balloon2.jpg,17.708404541015625,22.426198959350586,0.29185259342193604,0.33207568526268005,0.028483375268995966,0.02153074091767905,1.0,1.0,1.0
exemplar,1,47,1,1,potatochips1.jpg,potatochips2.jpg,28.29245948791504,27.783262252807617,0.32752323150634766,0.3757750391960144,0.9996941196949104,0.9962415042109194,0.0,1.0,1.0
exemplar,1,48,1,1,lighter1.jpg,lighter2.jpg,18.17529296875,25.722566604614258,0.29460614919662476,0.3637891709804535,0.9995769745994086,0.9991707354236216,1.0,1.0,1.0
exemplar,1,49,1,1,soapdish1.jpg,soapdish2.jpg,17.19639778137207,21.553945541381836,0.29249826073646545,0.328710675239563,0.2751151786152723,0.6616757506119784,1.0,1.0,0.0
exemplar,1,50,1,1,chisel1.jpg,chisel2.jpg,17.10370635986328,13.605962753295898,0.29643428325653076,0.25493255257606506,0.018172898223318044,0.007097988882260316,0.0,0.0,1.0
exemplar,1,51,1,1,fishbowl1.jpg,fishbowl2.jpg,21.116195678710938,31.93670082092285,0.3181239068508148,0.42667150497436523,0.9970949263742865,0.9999120590324944,1.0,1.0,0.0
exemplar,1,52,1,1,trophy1.jpg,trophy2.jpg,20.558263778686523,19.340106964111328,0.29765135049819946,0.30445706844329834,0.9506997742296424,0.9820744584950141,0.0,1.0,0.0
exemplar,1,53,1,1,citroen1.jpg,citroen2.jpg,25.216947555541992,32.62165069580078,0.32858753204345703,0.36893734335899353,0.9999930175903362,0.9999978758104007,1.0,1.0,0.0
exemplar,1,54,1,1,money1.jpg,money2.jpg,17.792287826538086,15.9368314743042,0.2871209979057312,0.2868998050689697,0.5468408642080685,0.552521643657029,0.0,0.0,0.0
exemplar,1,55,1,1,soccerball1.jpg,soccerball2.jpg,20.828622817993164,15.529001235961914,0.36318036913871765,0.35540854930877686,0.9989101813764224,0.9949610589418373,0.0,0.0,1.0
exemplar,1,56,1,1,key1.jpg,key2.jpg,16.82865333557129,15.329073905944824,0.26974159479141235,0.2554762065410614,0.15116873300228428,0.04721182679777027,0.0,0.0,1.0
exemplar,1,57,1,1,stapler1.jpg,stapler2.jpg,15.358687400817871,19.32763671875,0.26465359330177307,0.3053396940231323,0.9955465813469918,0.9887193108187845,1.0,1.0,1.0
exemplar,1,58,1,1,globe1.jpg,globe2.jpg,25.499845504760742,30.387439727783203,0.3572689890861511,0.3860700726509094,0.9945132667790108,0.9989839581501655,1.0,1.0,0.0
exemplar,1,59,1,1,spraybottle1.jpg,spraybottle2.jpg,18.932056427001953,19.096525192260742,0.29086652398109436,0.27799656987190247,0.05830455540438159,0.04442833672147106,1.0,0.0,1.0
exemplar,1,60,1,1,flask1.jpg,flask2.jpg,15.938825607299805,16.446271896362305,0.2914096713066101,0.30077311396598816,0.13428311492190112,0.10577234388370184,1.0,1.0,1.0
exemplar,1,61,1,1,toydinosaur1.jpg,toydinosaur2.jpg,17.846105575561523,25.004226684570312,0.2721374034881592,0.3224799931049347,0.01955938438533393,0.1422968133057015,1.0,1.0,0.0
exemplar,1,62,1,1,oritable1.jpg,oritable2.jpg,15.742657661437988,19.208498001098633,0.2658349275588989,0.28324076533317566,0.9909341554222592,0.9930096141267416,1.0,1.0,0.0
exemplar,1,63,1,1,remote1.jpg,remote2.jpg,17.68097496032715,18.295934677124023,0.3025749921798706,0.3139492869377136,0.22013232669083446,0.3324680352810331,1.0,1.0,0.0
exemplar,1,64,1,1,headphone1.jpg,headphone2.jpg,16.869476318359375,15.551737785339355,0.286274790763855,0.2791688144207001,0.974890636740549,0.9847830233129766,0.0,0.0,0.0
exemplar,1,65,1,1,goggles1.jpg,goggles2.jpg,20.88210678100586,18.337108612060547,0.3159659802913666,0.30070650577545166,0.9479717579999908,0.975748534516994,0.0,0.0,0.0
exemplar,1,66,1,1,graduatedcylinder1.jpg,graduatedcylinder2.jpg,14.166483879089355,13.46895980834961,0.24369367957115173,0.23761211335659027,0.016294105691343076,0.005665450580544072,0.0,0.0,1.0
exemplar,1,67,1,1,spraynozzle1.jpg,spraynozzle2.jpg,19.601404190063477,20.122848510742188,0.2950904369354248,0.3124427795410156,0.8945128145016451,0.9682254336518316,1.0,1.0,0.0
exemplar,1,68,1,1,block1.jpg,block2.jpg,16.39232063293457,14.23220157623291,0.260993629693985,0.32820460200309753,0.999869425115101,0.9994753059651825,0.0,1.0,1.0
exemplar,1,69,1,1,doorway1.jpg,doorway2.jpg,18.342266082763672,13.350765228271484,0.26994186639785767,0.23317377269268036,0.934492680082825,0.5300487623348058,0.0,0.0,1.0
exemplar,1,70,1,1,coathanger1.jpg,coathanger2.jpg,14.603471755981445,19.908233642578125,0.2553101181983948,0.3111597001552582,0.02578037499226349,0.046218079728400085,1.0,1.0,0.0
exemplar,1,71,1,1,stool1.jpg,stool2.jpg,15.542618751525879,23.445255279541016,0.240565225481987,0.34104087948799133,0.2961947908747379,0.222679674061347,1.0,1.0,1.0
exemplar,1,72,1,1,grapes1.jpg,grapes2.jpg,21.641855239868164,27.603757858276367,0.30479317903518677,0.3512841463088989,0.7653170927809712,0.8803350714834932,1.0,1.0,0.0
exemplar,1,73,1,1,rabbitstuffed1.jpg,rabbitstuffed2.jpg,18.651243209838867,24.7331485748291,0.2778610289096832,0.33502721786499023,0.96514530320247,0.9672686904922924,1.0,1.0,0.0
exemplar,1,74,1,1,grandpiano1.jpg,grandpiano2.jpg,23.528095245361328,21.255979537963867,0.33992812037467957,0.31508129835128784,0.9999805680145747,0.9998543621325285,0.0,0.0,1.0
exemplar,1,75,1,1,baseballglove1.jpg,baseballglove2.jpg,29.422475814819336,24.68976593017578,0.3019578754901886,0.3243536055088043,0.9999901562419513,0.9998160121555446,0.0,1.0,1.0
exemplar,1,76,1,1,cabinet1.jpg,cabinet2.jpg,21.62906837463379,27.4615421295166,0.2573004364967346,0.2969812750816345,0.9988057670831065,0.9999038426815972,1.0,1.0,0.0
exemplar,1,77,1,1,bassguitar1.jpg,bassguitar2.jpg,19.67724609375,26.74505615234375,0.2987227439880371,0.35549911856651306,0.5874864201942617,0.9312556233644324,1.0,1.0,0.0
exemplar,1,78,1,1,candy1.jpg,candy2.jpg,21.945907592773438,34.30485153198242,0.23137107491493225,0.3277362883090973,0.9998820718593938,0.9999282799907052,1.0,1.0,0.0
exemplar,1,79,1,1,feather1.jpg,feather2.jpg,18.77092933654785,15.561447143554688,0.30923885107040405,0.27079543471336365,0.9927729469683737,0.9368332078240285,0.0,0.0,1.0
exemplar,1,80,1,1,parkmet1.jpg,parkmet2.jpg,18.110490798950195,20.62785530090332,0.3043576776981354,0.3045918941497803,0.2798672276975537,0.716709831354728,1.0,1.0,0.0
exemplar,1,81,1,1,pliers1.jpg,pliers2.jpg,13.722691535949707,18.344945907592773,0.24514205753803253,0.2916620075702667,0.010302735841564293,0.013497103521622558,1.0,1.0,0.0
exemplar,1,82,1,1,camera1.jpg,camera2.jpg,21.958721160888672,20.0329647064209,0.3170056939125061,0.3086997866630554,0.9999632896977009,0.9999607531208209,0.0,0.0,1.0
exemplar,1,83,1,1,basket1.jpg,basket2.jpg,28.26215934753418,24.904512405395508,0.3481921851634979,0.3486378788948059,0.9998727382116896,0.9998964533392819,0.0,1.0,0.0
exemplar,1,84,1,1,pizza1.jpg,pizza2.jpg,18.94767951965332,28.559263229370117,0.27221429347991943,0.3467242419719696,0.9929339128340022,0.994714392956223,1.0,1.0,0.0
exemplar,1,85,1,1,dogpresent1.JPG,dogpresent2.JPG,25.584869384765625,24.12019157409668,0.3108040988445282,0.3359094560146332,0.9740923531197321,0.8396046087738545,0.0,1.0,1.0
exemplar,1,86,1,1,teapot1.JPG,teapot2.JPG,20.446687698364258,27.752506256103516,0.27406397461891174,0.3085010349750519,0.9999952916051927,0.9999724532401039,1.0,1.0,1.0
exemplar,1,87,1,1,ship1.jpg,ship2.jpg,25.480358123779297,24.746639251708984,0.356016606092453,0.34632912278175354,0.9984212812057354,0.9941046695097093,0.0,0.0,1.0
exemplar,1,88,1,1,reportfile1.jpg,reportfile2.jpg,15.289690971374512,23.46299934387207,0.2904199957847595,0.3628278970718384,0.9948285696848141,0.9803493527600696,1.0,1.0,1.0
exemplar,1,89,1,1,log1.jpg,log2.jpg,23.489023208618164,17.839527130126953,0.29684215784072876,0.2804543972015381,0.9999899437093713,0.9995951247198391,0.0,0.0,1.0
exemplar,1,90,1,1,icecream1.jpg,icecream2.jpg,16.651945114135742,29.257007598876953,0.2902371287345886,0.37146255373954773,0.7431125447015716,0.9498620217118667,1.0,1.0,0.0
exemplar,1,91,1,1,kayak1.jpg,kayak2.jpg,20.409387588500977,25.569679260253906,0.3011825978755951,0.3352088928222656,0.2992370523649295,0.3338829837157323,1.0,1.0,0.0
exemplar,1,92,1,1,gardeningshovel1.jpg,gardeningshovel2.jpg,16.453977584838867,14.701797485351562,0.2740178406238556,0.2603573799133301,0.032412073427430826,0.04463608792014218,0.0,0.0,0.0
exemplar,1,93,1,1,binoculars1.jpg,binoculars2.jpg,18.10770034790039,28.826305389404297,0.3059496283531189,0.37658363580703735,0.8420948168630407,0.9931445738589191,1.0,1.0,0.0
exemplar,1,94,1,1,bathingsuit1.jpg,bathingsuit2.jpg,18.149139404296875,29.06321144104004,0.3008545935153961,0.38638609647750854,0.8890724969233297,0.927660900720014,1.0,1.0,0.0
exemplar,1,95,1,1,spool1.jpg,spool2.jpg,21.525726318359375,15.779555320739746,0.357812762260437,0.2936035990715027,0.9497304090828804,0.8768851961085524,0.0,0.0,1.0
exemplar,1,96,1,1,bonzai1.jpg,bonzai2.jpg,19.159318923950195,18.163415908813477,0.2802867889404297,0.2818114757537842,0.3759188316542369,0.3404265746090417,0.0,1.0,1.0
exemplar,1,97,1,1,cow1.jpg,cow2.jpg,21.49329376220703,20.84981346130371,0.28793203830718994,0.32167622447013855,0.9833515503245731,0.9643867382376513,0.0,1.0,1.0
exemplar,1,98,1,1,tongs1.jpg,tongs2.jpg,18.21063995361328,18.6028995513916,0.2650459110736847,0.295772910118103,0.3420327880933487,0.19609644884981609,1.0,1.0,1.0
exemplar,1,99,1,1,sharpener1.jpg,sharpener2.jpg,18.959430694580078,23.000869750976562,0.3351990878582001,0.3470393419265747,0.9999367667234748,0.9999953903827558,1.0,1.0,0.0
exemplar,1,100,1,1,calculator1.jpg,calculator2.jpg,21.47338104248047,22.92082405090332,0.338849276304245,0.32749974727630615,0.9511340090471404,0.997340165242786,1.0,0.0,0.0
exemplar,10,1,1,10,tractor1.jpg,tractor2.jpg,0.7821757197380066,1.247691035270691,0.010939640924334526,0.016557656228542328,0.6205496531015202,0.4653929293492421,1.0,1.0,1.0
exemplar,10,1,2,10,lei1.jpg,lei2.jpg,1.4122722148895264,1.3022950887680054,0.017614345997571945,0.016194313764572144,0.4066852019388835,0.2944626218831408,0.0,0.0,1.0
exemplar,10,1,3,10,balloon1.jpg,balloon2.jpg,0.9947443008422852,1.4483166933059692,0.01639440283179283,0.02144593372941017,0.6411208362137584,0.3951876646295094,1.0,1.0,1.0
exemplar,10,1,4,10,flask1.jpg,flask2.jpg,1.0465573072433472,1.0998363494873047,0.019134216010570526,0.020114054903388023,0.4838656501811745,0.5699114616270036,1.0,1.0,0.0
exemplar,10,1,5,10,bikehelmet1.jpg,bikehelmet2.jpg,1.3437644243240356,1.369050145149231,0.018207509070634842,0.018035627901554108,0.4697749010040262,0.5029641988137799,1.0,0.0,0.0
exemplar,10,1,6,10,block1.jpg,block2.jpg,0.7589589953422546,0.8057364225387573,0.01208391785621643,0.018580850213766098,0.525185865924807,0.406218016066325,1.0,1.0,1.0
exemplar,10,1,7,10,santahat1.jpg,santahat2.jpg,0.621167004108429,0.8750952482223511,0.010328786447644234,0.012438434176146984,0.6005047411526002,0.13989005935771173,1.0,1.0,1.0
exemplar,10,1,8,10,icecream1.jpg,icecream2.jpg,0.5723720788955688,0.796072244644165,0.009976229630410671,0.010107357986271381,0.6173587910982706,0.5020590588860705,1.0,1.0,1.0
exemplar,10,1,9,10,toydinosaur1.jpg,toydinosaur2.jpg,0.7037670016288757,1.1661043167114258,0.010731827467679977,0.015039270743727684,0.6470725429089466,0.5808824502001059,1.0,1.0,1.0
exemplar,10,1,10,10,log1.jpg,log2.jpg,0.680191159248352,0.7849222421646118,0.0085959043353796,0.012339726090431213,0.6037879820234344,0.4047136089298715,1.0,1.0,1.0
exemplar,10,2,1,10,cheesecrackers1.jpg,cheesecrackers2.jpg,1.0979344844818115,1.0795599222183228,0.0141540402546525,0.013394573703408241,0.5757121431047699,0.5400313863701656,0.0,0.0,1.0
exemplar,10,2,2,10,ship1.jpg,ship2.jpg,1.5045742988586426,2.3586511611938477,0.021022209897637367,0.03300931304693222,0.5323158814655427,0.37213324407067716,1.0,1.0,1.0
exemplar,10,2,3,10,toyairplane1.jpg,toyairplane2.jpg,1.1316264867782593,1.4153141975402832,0.014875844120979309,0.017544861882925034,0.6099438370199916,0.5316046324347613,1.0,1.0,1.0
exemplar,10,2,4,10,doorway1.jpg,doorway2.jpg,0.8833529353141785,0.884734034538269,0.013000243343412876,0.01545205619186163,0.5347276893661502,0.573840086623143,1.0,1.0,0.0
exemplar,10,2,5,10,guitar1.jpg,guitar2.jpg,0.9047020673751831,0.9774414896965027,0.013490998186171055,0.014301683753728867,0.6134446239446834,0.584071438180171,1.0,1.0,1.0
exemplar,10,2,6,10,starfish1.jpg,starfish2.jpg,0.9000599384307861,0.9719130396842957,0.015258862636983395,0.019137786701321602,0.4990350496646473,0.6014279991675292,1.0,1.0,0.0
exemplar,10,2,7,10,bonzai1.jpg,bonzai2.jpg,0.9565636515617371,0.9403671026229858,0.0139938248321414,0.014590110629796982,0.5599054841971041,0.5937586921890087,0.0,1.0,0.0
exemplar,10,2,8,10,remote1.jpg,remote2.jpg,3.082259178161621,2.6162116527557373,0.05274678394198418,0.04489291086792946,0.48871168625081274,0.30443528766698424,0.0,0.0,1.0
exemplar,10,2,9,10,potatochips1.jpg,potatochips2.jpg,0.9962693452835083,1.7339550256729126,0.011533156037330627,0.023452142253518105,0.5151582675354301,0.6044588233134243,1.0,1.0,0.0
exemplar,10,2,10,10,toykeys1.jpg,toykeys2.JPG,1.1530059576034546,1.2286564111709595,0.015294517390429974,0.016531020402908325,0.631117353141626,0.5376704834412568,1.0,1.0,1.0
exemplar,10,3,1,10,toyhandorn1.jpg,toyhandorn2.jpg,0.8680319786071777,1.3367441892623901,0.011698083952069283,0.014161123894155025,0.4256294277168435,0.2739969964089503,1.0,1.0,1.0
exemplar,10,3,2,10,cone1.jpg,cone2.jpg,1.107169508934021,0.9580031037330627,0.016406891867518425,0.013290715403854847,0.5776605630544636,0.3370686940987231,0.0,0.0,1.0
exemplar,10,3,3,10,gardeningshovel1.jpg,gardeningshovel2.jpg,0.8508610725402832,0.7375972270965576,0.014169893227517605,0.01306227222084999,0.6705051882579702,0.6688246357500767,0.0,0.0,1.0
exemplar,10,3,4,10,cabinet1.jpg,cabinet2.jpg,0.9499070644378662,0.9237711429595947,0.01130014006048441,0.009990070015192032,0.35947170789668725,0.49219960240679106,0.0,0.0,0.0
exemplar,10,3,5,10,binoculars1.jpg,binoculars2.jpg,0.765723705291748,1.00172758102417,0.012937748804688454,0.013086456805467606,0.6081508138574112,0.6399341854936235,1.0,1.0,0.0
exemplar,10,3,6,10,bassguitar1.jpg,bassguitar2.jpg,0.9282479286193848,1.6103981733322144,0.014091848395764828,0.021405642852187157,0.589041077411324,0.5704301477637046,1.0,1.0,1.0
exemplar,10,3,7,10,goggles1.jpg,goggles2.jpg,0.9538392424583435,0.8230509161949158,0.01443248800933361,0.013497044332325459,0.58686840502198,0.5896834521948476,0.0,0.0,0.0
exemplar,10,3,8,10,spool1.jpg,spool2.jpg,1.0365962982177734,1.1387197971343994,0.017230888828635216,0.021187683567404747,0.42958516791030865,0.3301114003948646,1.0,1.0,1.0
exemplar,10,3,9,10,grandpiano1.jpg,grandpiano2.jpg,0.9932960867881775,0.8085570931434631,0.014350896701216698,0.011985390447080135,0.5136998999605947,0.590125386523797,0.0,0.0,0.0
exemplar,10,3,10,10,sunglasses1.jpg,sunglasses2.jpg,0.6357151865959167,0.8590945601463318,0.00927005521953106,0.01276466716080904,0.6156260205851203,0.526532347144834,1.0,1.0,1.0
exemplar,10,4,1,10,chocolatecake.jpg,chocolatecake2.jpg,1.6690022945404053,0.8467593193054199,0.017444351688027382,0.010048942640423775,0.42971706527362385,0.47330244636470714,0.0,0.0,0.0
exemplar,10,4,2,10,toywrench1.jpg,toywrench2.jpg,0.9193835258483887,0.8537960648536682,0.015291516669094563,0.013367777690291405,0.5748421059819198,0.6484558176818193,0.0,0.0,0.0
exemplar,10,4,3,10,candy1.jpg,candy2.jpg,1.313093900680542,1.7564423084259033,0.013843671418726444,0.016780421137809753,0.47614342096328055,0.19347174022770364,1.0,1.0,1.0
exemplar,10,4,4,10,stapler1.jpg,stapler2.jpg,0.7056225538253784,0.951782763004303,0.012158951722085476,0.015036347322165966,0.6219067067333194,0.4378831508991566,1.0,1.0,1.0
exemplar,10,4,5,10,spraynozzle1.jpg,spraynozzle2.jpg,0.8233259320259094,1.2348557710647583,0.012394806370139122,0.01917331852018833,0.6134359287224651,0.6530514642123268,1.0,1.0,0.0
exemplar,10,4,6,10,muffin1.jpg,muffin2.jpg,1.2809669971466064,0.839267373085022,0.01515140850096941,0.011647626757621765,0.43639406203272435,0.38154170049937924,0.0,0.0,1.0
exemplar,10,4,7,10,lighter1.jpg,lighter2.jpg,0.9215201139450073,1.3121540546417236,0.014937061816453934,0.018557535484433174,0.5333483059623144,0.46253483404890494,1.0,1.0,1.0
exemplar,10,4,8,10,teapot1.JPG,teapot2.JPG,0.9881225228309631,1.0841097831726074,0.01324462890625,0.012051127851009369,0.5313560087521578,0.3737646005359826,1.0,0.0,1.0
exemplar,10,4,9,10,spraybottle1.jpg,spraybottle2.jpg,0.7012061476707458,0.6935227513313293,0.010773124173283577,0.010095917619764805,0.6484001024396395,0.6195529514319158,0.0,0.0,1.0
exemplar,10,4,10,10,backgammon1.jpg,backgammon2.jpg,0.7465845942497253,1.4220925569534302,0.010845879092812538,0.022087758406996727,0.5249341506653548,0.4968788793067284,1.0,1.0,1.0
exemplar,10,5,1,10,pliers1.jpg,pliers2.jpg,0.7941229343414307,0.8213064670562744,0.01418620627373457,0.013057759031653404,0.6619837056172235,0.6127828851250646,1.0,0.0,1.0
exemplar,10,5,2,10,hotair1.jpg,hotair2.jpg,2.9505114555358887,3.075709104537964,0.032126057893037796,0.03439633548259735,0.3596640357096769,0.4577117291205591,1.0,1.0,0.0
exemplar,10,5,3,10,soapbottle1.jpg,soapbottle2.jpg,1.099544644355774,0.8478322625160217,0.01896156370639801,0.014663206413388252,0.5437221079492924,0.5595891789122109,0.0,0.0,0.0
exemplar,10,5,4,10,globe1.jpg,globe2.jpg,1.3672322034835815,1.7893667221069336,0.01915578916668892,0.022733766585588455,0.5701714990152876,0.565386363291639,1.0,1.0,1.0
exemplar,10,5,5,10,tongs1.jpg,tongs2.jpg,0.7388331294059753,0.7951884269714355,0.010753313079476357,0.012642931193113327,0.6242857453008355,0.5799134797892584,1.0,1.0,1.0
exemplar,10,5,6,10,baseballglove1.jpg,baseballglove2.jpg,1.7531390190124512,1.0683491230010986,0.017992166802287102,0.014035082422196865,0.4286979676304669,0.3858436388169138,0.0,0.0,1.0
exemplar,10,5,7,10,bell1.jpg,bell2.jpg,0.8873879909515381,1.5948957204818726,0.013911194168031216,0.026156092062592506,0.6318186475401761,0.5835960210239127,1.0,1.0,1.0
exemplar,10,5,8,10,holepunch1.jpg,holepunch2.jpg,0.7688960433006287,0.798819363117218,0.013190465047955513,0.01358012855052948,0.6279647864134477,0.6698854331462769,1.0,1.0,0.0
exemplar,10,5,9,10,bracelet1.jpg,bracelet2.jpg,0.6733790636062622,2.1037662029266357,0.00915515050292015,0.027812939137220383,0.42984999423511583,0.23781500249607596,1.0,1.0,1.0
exemplar,10,5,10,10,coathanger1.jpg,coathanger2.jpg,0.687320351600647,0.8997674584388733,0.01201631035655737,0.01406309474259615,0.6704837847160038,0.5125688449413741,1.0,1.0,1.0
exemplar,10,6,1,10,sharpener1.jpg,sharpener2.jpg,1.131926417350769,1.2782365083694458,0.02001224271953106,0.019286155700683594,0.516887163183465,0.5958915398720729,1.0,0.0,0.0
exemplar,10,6,2,10,microscope1.jpg,microscope2.jpg,0.6787658333778381,0.6254554390907288,0.010807554237544537,0.009974606335163116,0.6309772841967898,0.6263032186457943,0.0,0.0,1.0
exemplar,10,6,3,10,chisel1.jpg,chisel2.jpg,0.9498625993728638,0.7583450675010681,0.016462620347738266,0.014208978973329067,0.6307890650432106,0.6706277681784023,0.0,0.0,0.0
exemplar,10,6,4,10,calculator1.jpg,calculator2.jpg,1.407759666442871,2.3643860816955566,0.022214403375983238,0.033783070743083954,0.3355721989064952,0.27132048227185296,1.0,1.0,1.0
exemplar,10,6,5,10,oritable1.jpg,oritable2.jpg,0.7086249589920044,1.0924726724624634,0.0119660384953022,0.0161091610789299,0.4879376352190988,0.47057151129929176,1.0,1.0,1.0
exemplar,10,6,6,10,skull1.jpg,skull2.jpg,0.776814877986908,0.7519988417625427,0.012677710503339767,0.012028527446091175,0.3890347839364791,0.560173329728623,0.0,0.0,0.0
exemplar,10,6,7,10,rabbitstuffed1.jpg,rabbitstuffed2.jpg,0.6782036423683167,0.9615659713745117,0.010103688575327396,0.01302506122738123,0.4930361357652797,0.532967696882431,1.0,1.0,0.0
exemplar,10,6,8,10,graduatedcylinder1.jpg,graduatedcylinder2.jpg,0.6698341369628906,0.780525803565979,0.011522573418915272,0.01376961451023817,0.6340376990889,0.6494392676291451,1.0,1.0,0.0
exemplar,10,6,9,10,trophy1.jpg,trophy2.jpg,0.7028752565383911,0.9859973788261414,0.010176529176533222,0.015521831810474396,0.5994545721849328,0.48827782113469526,1.0,1.0,1.0
exemplar,10,6,10,10,fan1.jpg,fan2.jpg,0.7089725732803345,0.9314731955528259,0.010777405463159084,0.015434902161359787,0.6156252375945641,0.5157021372832823,1.0,1.0,1.0
exemplar,10,7,1,10,citroen1.jpg,citroen2.jpg,1.1886316537857056,1.589738368988037,0.01548837497830391,0.01797928288578987,0.5017438699536277,0.361821316980119,1.0,1.0,1.0
exemplar,10,7,2,10,stool1.jpg,stool2.jpg,0.9261293411254883,1.9636019468307495,0.014334426261484623,0.02856307476758957,0.47498875692084586,0.3758241135555761,1.0,1.0,1.0
exemplar,10,7,3,10,bicycle1.jpg,bicycle2.jpg,2.2503585815429688,2.1369540691375732,0.02567451447248459,0.028504282236099243,0.39501636385437633,0.4497851222216759,0.0,1.0,0.0
exemplar,10,7,4,10,bathingsuit1.jpg,bathingsuit2.jpg,1.0354893207550049,1.5872471332550049,0.01716509647667408,0.021101942285895348,0.5727426656091817,0.2927659944262348,1.0,1.0,1.0
exemplar,10,7,5,10,stapleremover1.jpg,stapleremover2.jpg,0.7433923482894897,0.9217569828033447,0.01299186423420906,0.01214740052819252,0.6054649267174378,0.475338181019931,1.0,0.0,1.0
exemplar,10,7,6,10,headphone1.jpg,headphone2.jpg,0.8262986540794373,0.78169846534729,0.014022277668118477,0.01403224840760231,0.6215738237868401,0.6952177391898875,0.0,1.0,0.0
exemplar,10,7,7,10,soother1.jpg,soother2.jpg,0.911485493183136,1.1440526247024536,0.012080376967787743,0.015405632555484772,0.5019187491556834,0.4644770804674488,1.0,1.0,1.0
exemplar,10,7,8,10,rake1.jpg,rake2.jpg,0.8016452193260193,1.0935935974121094,0.013460357673466206,0.017117485404014587,0.6319152047729129,0.4710222604841579,1.0,1.0,1.0
exemplar,10,7,9,10,peppers1.jpg,peppers2.jpg,0.7959922552108765,0.9313250780105591,0.012471921741962433,0.014092671684920788,0.6344121001054152,0.5363471120514791,1.0,1.0,1.0
exemplar,10,7,10,10,fishbowl1.jpg,fishbowl2.jpg,0.6879784464836121,1.2680639028549194,0.010364670306444168,0.016941221430897713,0.5270869988355336,0.5098630711629963,1.0,1.0,1.0
exemplar,10,8,1,10,wineglass1.jpg,wineglass2.jpg,1.3345178365707397,1.2707769870758057,0.02284095622599125,0.021327005699276924,0.7217255278681429,0.6894755998461688,0.0,0.0,1.0
exemplar,10,8,2,10,suitcase1.jpg,suitcase2.jpg,0.7900790572166443,0.9198168516159058,0.011856986209750175,0.013895650394260883,0.5359232423158842,0.4110490896845688,1.0,1.0,1.0
exemplar,10,8,3,10,parkmet1.jpg,parkmet2.jpg,0.739850640296936,0.8875590562820435,0.012433634139597416,0.013105738908052444,0.6206430687089322,0.5637766364021802,1.0,1.0,1.0
exemplar,10,8,4,10,chocolatebar1.jpg,chocolatebar2.jpg,0.7772642970085144,0.7147780656814575,0.011635186150670052,0.012044910341501236,0.551507482659947,0.6295844478575829,0.0,1.0,0.0
exemplar,10,8,5,10,pictureframe1.jpg,pictureframe2.jpg,1.1044621467590332,0.6753429770469666,0.015914643183350563,0.01020786538720131,0.49112156353905334,0.5866330755093826,0.0,0.0,0.0
exemplar,10,8,6,10,money1.jpg,money2.jpg,0.803749680519104,1.2265832424163818,0.012970417737960815,0.02208133228123188,0.5714961280339487,0.6141200792668894,1.0,1.0,0.0
exemplar,10,8,7,10,soapdish1.jpg,soapdish2.jpg,0.7114239931106567,0.8881233930587769,0.012100806459784508,0.013544417917728424,0.5310332119685072,0.3689131672954191,1.0,1.0,1.0
exemplar,10,8,8,10,horn1.jpg,horn2.jpg,0.8199573755264282,0.7455644607543945,0.013346862979233265,0.012732714414596558,0.6001298866332524,0.5195481054403819,0.0,0.0,1.0
exemplar,10,8,9,10,soccerball1.jpg,soccerball2.jpg,0.9690593481063843,0.8665826320648193,0.01689709909260273,0.019833270460367203,0.43105721727960233,0.528222220029707,0.0,1.0,0.0
exemplar,10,8,10,10,train1.jpg,train2.jpg,0.6710917949676514,0.7383198142051697,0.010798932053148746,0.011695386841893196,0.6260428216950593,0.5250068289638286,1.0,1.0,1.0
exemplar,10,9,1,10,kayak1.jpg,kayak2.jpg,1.1835229396820068,1.0327227115631104,0.017465321347117424,0.013538606464862823,0.6809385562988435,0.3120331771762066,0.0,0.0,1.0
exemplar,10,9,2,10,scroll1.jpg,scroll2.jpg,0.7405810952186584,0.8331856727600098,0.013906888663768768,0.012788099236786366,0.575724652621284,0.4883085121775613,1.0,0.0,1.0
exemplar,10,9,3,10,anchor1.jpg,anchor2.jpg,1.0105706453323364,0.7353155612945557,0.013000673614442348,0.011623775586485863,0.4668429832746165,0.6049954587584243,0.0,0.0,0.0
exemplar,10,9,4,10,wheelchair1.jpg,wheelchair2.jpg,1.7374536991119385,2.826439142227173,0.02470017969608307,0.037657007575035095,0.3519953313812219,0.13241519787903247,1.0,1.0,1.0
exemplar,10,9,5,10,key1.jpg,key2.jpg,0.7844522595405579,0.7183941006660461,0.012573756277561188,0.011972842738032341,0.6620220903396012,0.5603976918585288,0.0,0.0,1.0
exemplar,10,9,6,10,pizza1.jpg,pizza2.jpg,0.8342971801757812,0.9860233664512634,0.011986037716269493,0.011970833875238895,0.3816296419660097,0.22215007637058676,1.0,0.0,1.0
exemplar,10,9,7,10,feather1.jpg,feather2.jpg,0.7815703749656677,0.7927595973014832,0.01287586335092783,0.013795355334877968,0.5794438753294051,0.6330315109147957,1.0,1.0,0.0
exemplar,10,9,8,10,razor1.jpg,razor2.jpg,0.6985252499580383,0.7635318636894226,0.012207039631903172,0.012338182888925076,0.6269562591020256,0.5885530542444234,1.0,1.0,1.0
exemplar,10,9,9,10,woodenbarrel1.jpg,woodenbarrel2.jpg,0.8792474865913391,0.8058758974075317,0.013698551803827286,0.01269746758043766,0.5200783497447583,0.4493744475082895,0.0,0.0,1.0
exemplar,10,9,10,10,dogpresent1.JPG,dogpresent2.JPG,0.6378326416015625,1.0392608642578125,0.007748368661850691,0.01447325013577938,0.5348781293321129,0.44662365295517387,1.0,1.0,1.0
exemplar,10,10,1,10,turtle1.jpg,turtle2.jpg,0.8867989182472229,0.7870436310768127,0.012368693016469479,0.01215694285929203,0.5695366459509936,0.5303133015042407,0.0,0.0,1.0
exemplar,10,10,2,10,rabbit1.jpg,rabbit2.jpg,1.3197355270385742,1.1515957117080688,0.018453501164913177,0.016575684770941734,0.36210373265217877,0.5426947164158776,0.0,0.0,0.0
exemplar,10,10,3,10,grapes1.jpg,grapes2.jpg,0.8604485988616943,0.9302093386650085,0.01211813185364008,0.011837800964713097,0.5152807726739446,0.5071365295522916,1.0,0.0,1.0
exemplar,10,10,4,10,breadloaf1.jpg,breadloaf2.jpg,0.7741014957427979,0.8899351954460144,0.011480016633868217,0.012528964318335056,0.5034195378061532,0.4117222821390601,1.0,1.0,1.0
exemplar,10,10,5,10,plate1.jpg,plate2.jpg,1.1690661907196045,6.924009323120117,0.011676568537950516,0.08850031346082687,0.36490455304909214,0.6367155490105567,1.0,1.0,0.0
exemplar,10,10,6,10,reportfile1.jpg,reportfile2.jpg,0.9532090425491333,1.3896042108535767,0.018105726689100266,0.021488606929779053,0.5607679063931421,0.3819787697377012,1.0,1.0,1.0
exemplar,10,10,7,10,camera1.jpg,camera2.jpg,1.0921449661254883,0.9861294031143188,0.015766682103276253,0.015195849351584911,0.5017031452883064,0.5977989499474669,0.0,0.0,0.0
exemplar,10,10,8,10,cow1.jpg,cow2.jpg,0.7846493124961853,1.008812427520752,0.010511449538171291,0.015564214438199997,0.5724433703677501,0.45593145166545357,1.0,1.0,1.0
exemplar,10,10,9,10,metalpin1.jpg,metalpin2.jpg,0.8341273665428162,0.8289204239845276,0.012967115268111229,0.01324555091559887,0.6274665517731977,0.6250937661293285,0.0,1.0,1.0
exemplar,10,10,10,10,basket1.jpg,basket2.jpg,1.22538423538208,1.666771650314331,0.015096837654709816,0.0233331099152565,0.5598189225468116,0.6059639561693524,1.0,1.0,0.0
exemplar,100,1,1,100,coathanger1.jpg,coathanger2.jpg,0.26260828971862793,0.2920513451099396,0.004591138102114201,0.004564674571156502,0.7734359239822237,0.7333896910069075,1.0,0.0,1.0
exemplar,100,1,2,100,kayak1.jpg,kayak2.jpg,0.6609205007553101,0.3678187429904938,0.009753244929015636,0.004821965470910072,0.7890648507930388,0.7425036336005654,0.0,0.0,1.0
exemplar,100,1,3,100,skull1.jpg,skull2.jpg,0.4125453233718872,0.29300639033317566,0.006732788402587175,0.0046867565251886845,0.7014951598620667,0.7388573207194644,0.0,0.0,0.0
exemplar,100,1,4,100,stapleremover1.jpg,stapleremover2.jpg,0.3727829158306122,0.5858003497123718,0.006514924578368664,0.007719986606389284,0.7356401264873694,0.7345483200503735,1.0,1.0,1.0
exemplar,100,1,5,100,santahat1.jpg,santahat2.jpg,0.23085442185401917,0.350557416677475,0.003838655538856983,0.0049827550537884235,0.7695371231955611,0.7535230322920797,1.0,1.0,1.0
exemplar,100,1,6,100,metalpin1.jpg,metalpin2.jpg,0.3131285309791565,0.3175443410873413,0.0048678102903068066,0.005074129439890385,0.802889601730808,0.8023528100348849,1.0,1.0,1.0
exemplar,100,1,7,100,toyhandorn1.jpg,toyhandorn2.jpg,0.3252347707748413,0.4794701635837555,0.004383045714348555,0.005079383496195078,0.7466498218598756,0.6864472257830361,1.0,1.0,1.0
exemplar,100,1,8,100,feather1.jpg,feather2.jpg,0.9365020394325256,0.9380251169204712,0.015428261831402779,0.01632321998476982,0.7047570893536261,0.763405442407282,1.0,1.0,0.0
exemplar,100,1,9,100,citroen1.jpg,citroen2.jpg,0.46225544810295105,0.46162182092666626,0.006023384630680084,0.005220751278102398,0.7342039523966124,0.7298607605722471,0.0,0.0,1.0
exemplar,100,1,10,100,spraynozzle1.jpg,spraynozzle2.jpg,0.3292614221572876,0.5311530828475952,0.004956884775310755,0.008247090503573418,0.7756678742043462,0.7791889020087561,1.0,1.0,0.0
exemplar,100,1,11,100,parkmet1.jpg,parkmet2.jpg,0.5295369029045105,0.3487265110015869,0.008899185806512833,0.005149312317371368,0.6411007882135221,0.7037435814276332,0.0,0.0,0.0
exemplar,100,1,12,100,hotair1.jpg,hotair2.jpg,0.770176112651825,0.4587445855140686,0.008385909721255302,0.0051302420906722546,0.6717842956831772,0.6972528469736751,0.0,0.0,0.0
exemplar,100,1,13,100,graduatedcylinder1.jpg,graduatedcylinder2.jpg,0.4064675569534302,0.3122296929359436,0.006992107257246971,0.00550818769261241,0.7542610835072433,0.7557167821714276,0.0,0.0,0.0
exemplar,100,1,14,100,spool1.jpg,spool2.jpg,0.42690375447273254,0.9593115448951721,0.007096235174685717,0.017849508672952652,0.6280344611680766,0.7037254343807426,1.0,1.0,0.0
exemplar,100,1,15,100,toyairplane1.jpg,toyairplane2.jpg,0.3847491145133972,0.3212578594684601,0.005057735834270716,0.003982454538345337,0.7541043359940628,0.7418561134978898,0.0,0.0,1.0
exemplar,100,1,16,100,horn1.jpg,horn2.jpg,0.4640647768974304,0.3565913140773773,0.007553818169981241,0.0060898493975400925,0.7144117658403233,0.6857283572705317,0.0,0.0,1.0
exemplar,100,1,17,100,toydinosaur1.jpg,toydinosaur2.jpg,0.2671632468700409,0.34522390365600586,0.004074004478752613,0.004452359396964312,0.7631266260232266,0.755863994985607,1.0,1.0,1.0
exemplar,100,1,18,100,block1.jpg,block2.jpg,0.32967567443847656,0.37682512402534485,0.005248997360467911,0.008689853362739086,0.7198325058014582,0.6829008835630368,1.0,1.0,1.0
exemplar,100,1,19,100,wheelchair1.jpg,wheelchair2.jpg,0.5216990113258362,0.4944440722465515,0.0074166348204016685,0.006587540730834007,0.6770368387582109,0.7779739738145651,0.0,0.0,0.0
exemplar,100,1,20,100,sharpener1.jpg,sharpener2.jpg,0.4759140610694885,0.36255112290382385,0.008414069190621376,0.005470206495374441,0.7348213494064603,0.7704278219648334,0.0,0.0,0.0
exemplar,100,1,21,100,icecream1.jpg,icecream2.jpg,0.3008294999599457,0.3734130859375,0.005243345163762569,0.004741051699966192,0.7590643254208532,0.7618809221852119,1.0,0.0,0.0
exemplar,100,1,22,100,globe1.jpg,globe2.jpg,0.3255569040775299,0.43148720264434814,0.004561258479952812,0.00548201147466898,0.7642239589426795,0.7346782355030178,1.0,1.0,1.0
exemplar,100,1,23,100,bassguitar1.jpg,bassguitar2.jpg,0.397605299949646,0.5637796521186829,0.006036095786839724,0.0074938395991921425,0.7050692137543453,0.7095067465181439,1.0,1.0,0.0
exemplar,100,1,24,100,rabbit1.jpg,rabbit2.jpg,0.8116222023963928,0.483935683965683,0.011348691768944263,0.0069656092673540115,0.6665334663025564,0.720398965583323,0.0,0.0,0.0
exemplar,100,1,25,100,calculator1.jpg,calculator2.jpg,0.9868414402008057,0.7922667860984802,0.015572327189147472,0.011320149526000023,0.6472548226877459,0.5573303974078319,0.0,0.0,1.0
exemplar,100,1,26,100,gardeningshovel1.jpg,gardeningshovel2.jpg,0.3152441382408142,0.3116064965724945,0.0052499473094940186,0.005518308375030756,0.7516655338818379,0.7668710527292614,0.0,1.0,0.0
exemplar,100,1,27,100,rabbitstuffed1.jpg,rabbitstuffed2.jpg,0.27576538920402527,0.34236428141593933,0.004108275752514601,0.004637555684894323,0.7129100211303355,0.7429440342069684,1.0,1.0,0.0
exemplar,100,1,28,100,sunglasses1.jpg,sunglasses2.jpg,0.23710697889328003,0.2815564274787903,0.0034575152676552534,0.004183444194495678,0.7538065886281637,0.7435505028043281,1.0,1.0,1.0
exemplar,100,1,29,100,basket1.jpg,basket2.jpg,0.5640897750854492,0.5537812113761902,0.006949633825570345,0.007752374280244112,0.6378518103230927,0.7246748144335664,0.0,1.0,0.0
exemplar,100,1,30,100,cone1.jpg,cone2.jpg,0.3366070091724396,0.3444071412086487,0.004988102242350578,0.004778082016855478,0.716041837486892,0.735704187291622,1.0,0.0,0.0
exemplar,100,1,31,100,potatochips1.jpg,potatochips2.jpg,0.3933597803115845,0.34436142444610596,0.004553667735308409,0.004657567944377661,0.7330815331419657,0.7398181352265657,0.0,1.0,0.0
exemplar,100,1,32,100,oritable1.jpg,oritable2.jpg,0.3070871829986572,0.4342752695083618,0.00518555985763669,0.00640364782884717,0.7437680488986386,0.7329664076220825,1.0,1.0,1.0
exemplar,100,1,33,100,toywrench1.jpg,toywrench2.jpg,0.33329370617866516,0.2709348797798157,0.005543460603803396,0.004241993185132742,0.7468766323427333,0.7706223933788662,0.0,0.0,0.0
exemplar,100,1,34,100,holepunch1.jpg,holepunch2.jpg,0.2700907588005066,0.31881141662597656,0.004633425734937191,0.005419873632490635,0.7707567502709523,0.7745948612139176,1.0,1.0,0.0
exemplar,100,1,35,100,suitcase1.jpg,suitcase2.jpg,0.34063366055488586,0.48157498240470886,0.005112005397677422,0.0072751413099467754,0.7006806665918245,0.7214301642568034,1.0,1.0,0.0
exemplar,100,1,36,100,toykeys1.jpg,toykeys2.JPG,0.3517646789550781,0.3162025809288025,0.004666125867515802,0.004254363477230072,0.7518001375916582,0.7477389979529148,0.0,0.0,1.0
exemplar,100,1,37,100,bathingsuit1.jpg,bathingsuit2.jpg,0.3365381062030792,0.4253185987472534,0.005578723736107349,0.005654474720358849,0.7161147164287365,0.7507133296462923,1.0,1.0,0.0
exemplar,100,1,38,100,microscope1.jpg,microscope2.jpg,0.30972522497177124,0.3220868408679962,0.0049315569922327995,0.005136559717357159,0.7531135107613687,0.7584400110882887,1.0,1.0,0.0
exemplar,100,1,39,100,woodenbarrel1.jpg,woodenbarrel2.jpg,0.6040716171264648,0.6483174562454224,0.009411350823938847,0.01021496020257473,0.7066012304508739,0.5901618255679058,1.0,1.0,1.0
exemplar,100,1,40,100,plate1.jpg,plate2.jpg,0.4970504641532898,0.6549570560455322,0.004964512772858143,0.008371436968445778,0.6222563250947087,0.5410216164445878,1.0,1.0,1.0
exemplar,100,1,41,100,wineglass1.jpg,wineglass2.jpg,0.3770377039909363,0.4387388527393341,0.006453193258494139,0.007363200653344393,0.7720476431236026,0.7733666101752303,1.0,1.0,0.0
exemplar,100,1,42,100,bicycle1.jpg,bicycle2.jpg,0.732893168926239,0.6045435667037964,0.00836163479834795,0.008063851855695248,0.7466601629545786,0.7540515564025094,0.0,0.0,0.0
exemplar,100,1,43,100,ship1.jpg,ship2.jpg,0.38511964678764343,1.3182907104492188,0.005380968097597361,0.01844947412610054,0.7442527770836938,0.6822960381767981,1.0,1.0,1.0
exemplar,100,1,44,100,chisel1.jpg,chisel2.jpg,0.2571358382701874,0.2982591390609741,0.004456570837646723,0.005588429514318705,0.7494706188387126,0.779353811290424,1.0,1.0,0.0
exemplar,100,1,45,100,baseballglove1.jpg,baseballglove2.jpg,0.46600309014320374,0.29989784955978394,0.004782510455697775,0.003939808811992407,0.6870871214931378,0.725768074050547,0.0,0.0,0.0
exemplar,100,1,46,100,grandpiano1.jpg,grandpiano2.jpg,0.46715617179870605,0.36591625213623047,0.006749357096850872,0.005424043629318476,0.7070964088788898,0.7366223777305516,0.0,0.0,0.0
exemplar,100,1,47,100,pizza1.jpg,pizza2.jpg,0.4016508460044861,0.37854206562042236,0.005770368501543999,0.004595696460455656,0.6581138093405394,0.606794904798677,0.0,0.0,1.0
exemplar,100,1,48,100,reportfile1.jpg,reportfile2.jpg,0.25432848930358887,0.34758231043815613,0.0048308419063687325,0.0053749545477330685,0.7304245114738996,0.7189378586965885,1.0,1.0,1.0
exemplar,100,1,49,100,camera1.jpg,camera2.jpg,0.4615092873573303,0.35876935720443726,0.006662549450993538,0.005528488662093878,0.6950741541083664,0.7471449722326431,0.0,0.0,0.0
exemplar,100,1,50,100,guitar1.jpg,guitar2.jpg,0.32703861594200134,0.27799415588378906,0.004876829218119383,0.004067542031407356,0.7719324772394353,0.748472452724023,0.0,0.0,1.0
exemplar,100,1,51,100,tongs1.jpg,tongs2.jpg,0.26191848516464233,0.31139999628067017,0.003812080482020974,0.004951038863509893,0.7499071749492444,0.7605494401015876,1.0,1.0,0.0
exemplar,100,1,52,100,soother1.jpg,soother2.jpg,0.42082178592681885,0.34241992235183716,0.005577363073825836,0.004610972944647074,0.7432387044111517,0.7812346251897582,0.0,0.0,0.0
exemplar,100,1,53,100,backgammon1.jpg,backgammon2.jpg,0.4380510747432709,0.47283393144607544,0.006363711319863796,0.007343995850533247,0.6742415623137409,0.707210967804137,1.0,1.0,0.0
exemplar,100,1,54,100,bracelet1.jpg,bracelet2.jpg,0.2795131206512451,0.6496798396110535,0.003800214035436511,0.00858912244439125,0.6766885639869096,0.661839292456625,1.0,1.0,1.0
exemplar,100,1,55,100,candy1.jpg,candy2.jpg,0.5229440331459045,0.6463255882263184,0.005513288546353579,0.006174763664603233,0.6704968485506076,0.5530427186136699,1.0,1.0,1.0
exemplar,100,1,56,100,stapler1.jpg,stapler2.jpg,0.2807736098766327,0.445300817489624,0.00483815697953105,0.007034901063889265,0.7764652628856703,0.7196873087499189,1.0,1.0,1.0
exemplar,100,1,57,100,tractor1.jpg,tractor2.jpg,0.2665744423866272,0.45863625407218933,0.0037283548153936863,0.006086396053433418,0.7727128593677615,0.703219230968016,1.0,1.0,1.0
exemplar,100,1,58,100,flask1.jpg,flask2.jpg,0.3492928147315979,0.3058094084262848,0.00638612313196063,0.005592711269855499,0.7525150386318875,0.7582609508011817,0.0,0.0,0.0
exemplar,100,1,59,100,teapot1.JPG,teapot2.JPG,0.38156336545944214,0.49291425943374634,0.005114411469548941,0.005479309242218733,0.7276061641020889,0.6677269979725269,1.0,1.0,1.0
exemplar,100,1,60,100,razor1.jpg,razor2.jpg,0.2931361198425293,0.35595184564590454,0.00512268440797925,0.005751952528953552,0.7704610772778638,0.7617644263563835,1.0,1.0,1.0
exemplar,100,1,61,100,headphone1.jpg,headphone2.jpg,0.3353560268878937,0.2595023512840271,0.005690987687557936,0.0046583195216953754,0.7466529848620348,0.7556217704296134,0.0,0.0,0.0
exemplar,100,1,62,100,soapdish1.jpg,soapdish2.jpg,0.28323498368263245,0.2771952152252197,0.004817621782422066,0.004227394238114357,0.735265162863659,0.7579870168943834,0.0,0.0,0.0
exemplar,100,1,63,100,goggles1.jpg,goggles2.jpg,0.3261086046695709,0.33707666397094727,0.004934330936521292,0.005527651868760586,0.7608953062102393,0.7275840306470366,1.0,1.0,1.0
exemplar,100,1,64,100,remote1.jpg,remote2.jpg,1.2096867561340332,1.0851095914840698,0.020701400935649872,0.018619948998093605,0.6693034231926459,0.5982569398880506,0.0,0.0,1.0
exemplar,100,1,65,100,bikehelmet1.jpg,bikehelmet2.jpg,0.37754297256469727,0.3450503647327423,0.0051155672408640385,0.004545633215457201,0.7194648286256751,0.7087177999689082,0.0,0.0,1.0
exemplar,100,1,66,100,binoculars1.jpg,binoculars2.jpg,0.36549922823905945,0.3242088258266449,0.006175513844937086,0.00423542782664299,0.749121376891657,0.7431420103705948,0.0,0.0,1.0
exemplar,100,1,67,100,cheesecrackers1.jpg,cheesecrackers2.jpg,0.31417256593704224,0.2755497992038727,0.004050160758197308,0.0034188672434538603,0.7571192530395152,0.7401603364111287,0.0,0.0,1.0
exemplar,100,1,68,100,spraybottle1.jpg,spraybottle2.jpg,0.2969479560852051,0.29614031314849854,0.00456222053617239,0.004311045631766319,0.7793789444136981,0.775128273043603,0.0,0.0,1.0
exemplar,100,1,69,100,fan1.jpg,fan2.jpg,0.2963505983352661,0.5182706117630005,0.004504956305027008,0.00858796201646328,0.7521881233119573,0.7223888005405167,1.0,1.0,1.0
exemplar,100,1,70,100,peppers1.jpg,peppers2.jpg,0.345203161239624,0.3865296244621277,0.005408779717981815,0.005848908796906471,0.6984940784057194,0.7652157361945398,1.0,1.0,0.0
exemplar,100,1,71,100,chocolatecake.jpg,chocolatecake2.jpg,0.44297099113464355,0.3193848133087158,0.004629916977137327,0.0037903091870248318,0.6609009649024997,0.7097085701460849,0.0,0.0,0.0
exemplar,100,1,72,100,fishbowl1.jpg,fishbowl2.jpg,0.3201003670692444,0.44939082860946655,0.004822439979761839,0.006003821734338999,0.7143668881603207,0.6996850720584685,1.0,1.0,1.0
exemplar,100,1,73,100,dogpresent1.JPG,dogpresent2.JPG,0.3078343868255615,0.7646492123603821,0.0037395614199340343,0.010648874565958977,0.6791701365255437,0.6163784017065749,1.0,1.0,1.0
exemplar,100,1,74,100,lei1.jpg,lei2.jpg,0.3279799818992615,0.4499444365501404,0.004090679343789816,0.005595154128968716,0.7040998143116863,0.636823210454757,1.0,1.0,1.0
exemplar,100,1,75,100,rake1.jpg,rake2.jpg,0.2751882076263428,0.32680341601371765,0.004620661959052086,0.005115293897688389,0.7719368471814376,0.756971029290757,1.0,1.0,1.0
exemplar,100,1,76,100,balloon1.jpg,balloon2.jpg,0.30073297023773193,0.4915273189544678,0.0049563865177333355,0.007278285454958677,0.7700150488709353,0.7526167008065435,1.0,1.0,1.0
exemplar,100,1,77,100,starfish1.jpg,starfish2.jpg,0.3876116871833801,0.3711058497428894,0.006571243982762098,0.007307386491447687,0.6429775758172863,0.7367494964405543,0.0,1.0,0.0
exemplar,100,1,78,100,turtle1.jpg,turtle2.jpg,0.3603433668613434,0.3300284743309021,0.005025915335863829,0.005097731947898865,0.7441614211515758,0.7361759830614601,0.0,1.0,1.0
exemplar,100,1,79,100,bell1.jpg,bell2.jpg,0.28668445348739624,0.6608521938323975,0.0044942270033061504,0.010837893933057785,0.7498789312619826,0.7310029357414882,1.0,1.0,1.0
exemplar,100,1,80,100,key1.jpg,key2.jpg,0.2575157880783081,0.26367703080177307,0.0041276453994214535,0.004394473508000374,0.7583737714351799,0.7600252067093889,1.0,1.0,0.0
exemplar,100,1,81,100,soccerball1.jpg,soccerball2.jpg,0.5509776473045349,0.3035433888435364,0.009607176296412945,0.006947124842554331,0.6492772055747025,0.7246418560971961,0.0,0.0,0.0
exemplar,100,1,82,100,pictureframe1.jpg,pictureframe2.jpg,0.39027273654937744,0.25096556544303894,0.005623598117381334,0.0037933653220534325,0.7201241534239354,0.7446080418756557,0.0,0.0,0.0
exemplar,100,1,83,100,cabinet1.jpg,cabinet2.jpg,0.308866411447525,0.3094194531440735,0.0036742896772921085,0.0033461989369243383,0.7031802639482122,0.7238197074763696,1.0,0.0,0.0
exemplar,100,1,84,100,train1.jpg,train2.jpg,0.2650455832481384,0.31484848260879517,0.004265004303306341,0.004987370688468218,0.7489280813613745,0.7338204370997063,1.0,1.0,1.0
exemplar,100,1,85,100,grapes1.jpg,grapes2.jpg,0.3511369824409485,0.3669717311859131,0.004945239517837763,0.004670065362006426,0.7188009891434951,0.7054948868146783,1.0,0.0,1.0
exemplar,100,1,86,100,log1.jpg,log2.jpg,0.2589234411716461,0.3440758287906647,0.0032721408642828465,0.005409200210124254,0.7238000416982997,0.6934818553879756,1.0,1.0,1.0
exemplar,100,1,87,100,pliers1.jpg,pliers2.jpg,0.2615355849266052,0.3084198236465454,0.004672069568186998,0.004903494380414486,0.7602188288751186,0.7327213453045164,1.0,1.0,1.0
exemplar,100,1,88,100,muffin1.jpg,muffin2.jpg,0.36074262857437134,0.4784267544746399,0.004266900476068258,0.006639762781560421,0.7003322369829125,0.6756130309980775,1.0,1.0,1.0
exemplar,100,1,89,100,money1.jpg,money2.jpg,0.2896059453487396,0.556317150592804,0.00467348238453269,0.010014994069933891,0.74213013579204,0.7234150246507167,1.0,1.0,1.0
exemplar,100,1,90,100,cow1.jpg,cow2.jpg,0.44575035572052,0.5633528232574463,0.0059714349918067455,0.008691550232470036,0.7089491793440091,0.647321927577238,1.0,1.0,1.0
exemplar,100,1,91,100,soapbottle1.jpg,soapbottle2.jpg,0.4355021119117737,0.31712639331817627,0.0075102006085217,0.005484681576490402,0.7025892055617987,0.7549631040738713,0.0,0.0,0.0
exemplar,100,1,92,100,chocolatebar1.jpg,chocolatebar2.jpg,0.26988527178764343,0.2565554678440094,0.004040022846311331,0.004323282744735479,0.7350714351876578,0.7532448149640131,0.0,1.0,0.0
exemplar,100,1,93,100,stool1.jpg,stool2.jpg,0.2992097735404968,0.5562185049057007,0.0046311030164361,0.008090902119874954,0.705461663421766,0.678571210418317,1.0,1.0,1.0
exemplar,100,1,94,100,breadloaf1.jpg,breadloaf2.jpg,0.2968261241912842,0.34460821747779846,0.004401966463774443,0.004851571284234524,0.704812662027054,0.6734694883826536,1.0,1.0,1.0
exemplar,100,1,95,100,doorway1.jpg,doorway2.jpg,0.2966262698173523,0.47688207030296326,0.004365428350865841,0.008328840136528015,0.7345092631562536,0.7569358187288979,1.0,1.0,0.0
exemplar,100,1,96,100,scroll1.jpg,scroll2.jpg,0.2115519940853119,0.331218957901001,0.003972596954554319,0.005083694122731686,0.7686031454338417,0.7513625293918544,1.0,1.0,1.0
exemplar,100,1,97,100,lighter1.jpg,lighter2.jpg,0.39204442501068115,0.6433310508728027,0.006354708690196276,0.009098503738641739,0.7542952463173171,0.7481690250590292,1.0,1.0,1.0
exemplar,100,1,98,100,bonzai1.jpg,bonzai2.jpg,0.33997660875320435,0.3239268660545349,0.004973608534783125,0.00502583384513855,0.7407645346137776,0.7423779155951554,0.0,1.0,0.0
exemplar,100,1,99,100,trophy1.jpg,trophy2.jpg,0.2548218071460724,0.450145959854126,0.0036894194781780243,0.007086316589266062,0.7702672461513176,0.7165127152926953,1.0,1.0,1.0
exemplar,100,1,100,100,anchor1.jpg,anchor2.jpg,0.25705817341804504,0.29403823614120483,0.003306972561404109,0.004648119211196899,0.7477648781362697,0.7721858786543804,1.0,1.0,0.0
exemplar,1000,1,1,1000,balloon1.jpg,balloon2.jpg,0.14439496397972107,0.20435814559459686,0.002379776444286108,0.003026030957698822,0.8035047825374961,0.7829799173390577,1.0,1.0,1.0
exemplar,1000,1,2,1000,spraynozzle1.jpg,spraynozzle2.jpg,0.16513702273368835,0.16923877596855164,0.002486064564436674,0.002627731068059802,0.8025728390999236,0.7950669083913907,1.0,1.0,1.0
exemplar,1000,1,3,1000,candy1.jpg,candy2.jpg,0.5074867606163025,0.5434293150901794,0.005350325722247362,0.00519172940403223,0.7125473437726686,0.6802374044819861,1.0,0.0,1.0
exemplar,1000,1,4,1000,cabinet1.jpg,cabinet2.jpg,0.23455405235290527,0.20789885520935059,0.0027902661822736263,0.002248310251161456,0.7482361376818385,0.7511749393203971,0.0,0.0,0.0
exemplar,1000,1,5,1000,bassguitar1.jpg,bassguitar2.jpg,0.2024933397769928,0.22382991015911102,0.0030740767251700163,0.0029751791153103113,0.7798319384694412,0.773700469519833,1.0,0.0,1.0
exemplar,1000,1,6,1000,grandpiano1.jpg,grandpiano2.jpg,0.2748473286628723,0.2239847183227539,0.0039709266275167465,0.0033201666083186865,0.761593168346252,0.7814256811514538,0.0,0.0,0.0
exemplar,1000,1,7,1000,globe1.jpg,globe2.jpg,0.1574651598930359,0.18692362308502197,0.0022061867639422417,0.0023748502135276794,0.7893989723592635,0.7784217865955029,1.0,1.0,1.0
exemplar,1000,1,8,1000,potatochips1.jpg,potatochips2.jpg,0.19674928486347198,0.15951724350452423,0.0022776371333748102,0.0021575074642896652,0.7645950770629591,0.774407394345197,0.0,0.0,0.0
exemplar,1000,1,9,1000,headphone1.jpg,headphone2.jpg,0.23982322216033936,0.15957795083522797,0.004069797229021788,0.002864579437300563,0.7935503019828188,0.7999016919486847,0.0,0.0,0.0
exemplar,1000,1,10,1000,lighter1.jpg,lighter2.jpg,0.36139580607414246,0.28676775097846985,0.005857920739799738,0.004055699799209833,0.7671313611001156,0.7839162980630929,0.0,0.0,0.0
exemplar,1000,1,11,1000,train1.jpg,train2.jpg,0.1629544198513031,0.15985238552093506,0.0026221952866762877,0.002532148500904441,0.7794803537923879,0.7708692012231463,0.0,0.0,1.0
exemplar,1000,1,12,1000,toykeys1.jpg,toykeys2.JPG,0.1773553490638733,0.16378271579742432,0.0023526023142039776,0.0022036228328943253,0.7769322357034657,0.7890254013443679,0.0,0.0,0.0
exemplar,1000,1,13,1000,chocolatecake.jpg,chocolatecake2.jpg,0.42829209566116333,0.2501945495605469,0.004476493690162897,0.0029691914096474648,0.6841868966009265,0.7634444454596577,0.0,0.0,0.0
exemplar,1000,1,14,1000,turtle1.jpg,turtle2.jpg,0.23887743055820465,0.18924321234226227,0.003331760410219431,0.002923114923760295,0.7725675538462969,0.7301178069642088,0.0,0.0,1.0
exemplar,1000,1,15,1000,bikehelmet1.jpg,bikehelmet2.jpg,0.20487573742866516,0.21612593531608582,0.002775990404188633,0.0028472053818404675,0.7820662525734569,0.780436320317488,1.0,1.0,1.0
exemplar,1000,1,16,1000,fishbowl1.jpg,fishbowl2.jpg,0.2056467980146408,0.2334357351064682,0.0030981511808931828,0.003118680790066719,0.7569451148508366,0.7659966412427291,1.0,1.0,0.0
exemplar,1000,1,17,1000,calculator1.jpg,calculator2.jpg,0.34509748220443726,0.3561560809612274,0.005445627495646477,0.005088867153972387,0.7278852060040635,0.7093699690704677,1.0,0.0,1.0
exemplar,1000,1,18,1000,coathanger1.jpg,coathanger2.jpg,0.1398863047361374,0.18907974660396576,0.0024456095416098833,0.002955259522423148,0.7996497022752203,0.7855491507882579,1.0,1.0,1.0
exemplar,1000,1,19,1000,graduatedcylinder1.jpg,graduatedcylinder2.jpg,0.16619326174259186,0.11781055480241776,0.002858877880498767,0.00207835016772151,0.7810741893026938,0.7790337387839581,0.0,0.0,1.0
exemplar,1000,1,20,1000,pliers1.jpg,pliers2.jpg,0.13806979358196259,0.14656448364257812,0.0024664776865392923,0.0023301944602280855,0.7931395965857595,0.7916904660725534,1.0,0.0,1.0
exemplar,1000,1,21,1000,microscope1.jpg,microscope2.jpg,0.20699790120124817,0.1929604709148407,0.0032958954107016325,0.0030772851314395666,0.8051744144321511,0.7900432334824321,0.0,0.0,1.0
exemplar,1000,1,22,1000,pizza1.jpg,pizza2.jpg,0.2977803945541382,0.30818361043930054,0.004278100561350584,0.0037415085826069117,0.7032334628727975,0.6643725106200259,1.0,0.0,1.0
exemplar,1000,1,23,1000,chocolatebar1.jpg,chocolatebar2.jpg,0.16801927983760834,0.18740059435367584,0.0025151490699499846,0.0031579360365867615,0.76670669495522,0.784613116875767,1.0,1.0,0.0
exemplar,1000,1,24,1000,bicycle1.jpg,bicycle2.jpg,0.4019113779067993,0.36630159616470337,0.0045854379422962666,0.004886002745479345,0.7670379173975983,0.7600974244905262,0.0,1.0,1.0
exemplar,1000,1,25,1000,guitar1.jpg,guitar2.jpg,0.1536204218864441,0.18446940183639526,0.002290801377967,0.0026991108898073435,0.7936006871588457,0.7868610040538118,1.0,1.0,1.0
exemplar,1000,1,26,1000,sunglasses1.jpg,sunglasses2.jpg,0.19807182252407074,0.19929595291614532,0.00288830092176795,0.0029611950740218163,0.7977615616509595,0.7882446896623482,1.0,1.0,1.0
exemplar,1000,1,27,1000,peppers1.jpg,peppers2.jpg,0.20951929688453674,0.20626994967460632,0.003282831283286214,0.0031212461180984974,0.7644166074462422,0.7908309283069609,0.0,0.0,0.0
exemplar,1000,1,28,1000,basket1.jpg,basket2.jpg,0.509422779083252,0.29567858576774597,0.006276131607592106,0.00413919985294342,0.7244377310624577,0.7381818058963483,0.0,0.0,0.0
exemplar,1000,1,29,1000,tractor1.jpg,tractor2.jpg,0.11745642870664597,0.1681046485900879,0.0016427653608843684,0.0022308561019599438,0.8126341018394081,0.7954359077584573,1.0,1.0,1.0
exemplar,1000,1,30,1000,sharpener1.jpg,sharpener2.jpg,0.3629499077796936,0.23902203142642975,0.00641688471660018,0.0036063874140381813,0.7445599556827341,0.7892999265578873,0.0,0.0,0.0
exemplar,1000,1,31,1000,bracelet1.jpg,bracelet2.jpg,0.23574228584766388,0.3980695605278015,0.003205113112926483,0.0052626971155405045,0.7376946437280626,0.7101330941847737,1.0,1.0,1.0
exemplar,1000,1,32,1000,starfish1.jpg,starfish2.jpg,0.2411515712738037,0.22192272543907166,0.004088282119482756,0.004369845148175955,0.7347938151367915,0.7907883598961635,0.0,1.0,0.0
exemplar,1000,1,33,1000,cow1.jpg,cow2.jpg,0.2704869508743286,0.2606518268585205,0.0036235421430319548,0.0040214029140770435,0.7732545250514562,0.733105784251827,0.0,1.0,1.0
exemplar,1000,1,34,1000,teapot1.JPG,teapot2.JPG,0.2733860909938812,0.32423457503318787,0.003664421383291483,0.003604240482673049,0.7618557241844833,0.7485334565909757,1.0,0.0,1.0
exemplar,1000,1,35,1000,camera1.jpg,camera2.jpg,0.25658872723579407,0.2150706648826599,0.0037042268086224794,0.003314150730147958,0.752093051827682,0.7895200313834188,0.0,0.0,0.0
exemplar,1000,1,36,1000,cheesecrackers1.jpg,cheesecrackers2.jpg,0.1534814089536667,0.13729330897331238,0.0019786080811172724,0.001703458372503519,0.7675495921041211,0.782729379224054,0.0,0.0,0.0
exemplar,1000,1,37,1000,log1.jpg,log2.jpg,0.15239010751247406,0.2203182578086853,0.001925827469676733,0.0034636131022125483,0.7239020492455261,0.6938357403397941,1.0,1.0,1.0
exemplar,1000,1,38,1000,wheelchair1.jpg,wheelchair2.jpg,0.2189381867647171,0.49098941683769226,0.003112493082880974,0.006541514303535223,0.741998417278029,0.7902761343500113,1.0,1.0,0.0
exemplar,1000,1,39,1000,toyairplane1.jpg,toyairplane2.jpg,0.1375093162059784,0.16142483055591583,0.0018076346023008227,0.002001093700528145,0.7579078722404634,0.7994057172893405,1.0,1.0,0.0
exemplar,1000,1,40,1000,soccerball1.jpg,soccerball2.jpg,0.19389811158180237,0.1799526810646057,0.0033809237647801638,0.004118533805012703,0.7541754377581271,0.7611913689091319,0.0,1.0,0.0
exemplar,1000,1,41,1000,grapes1.jpg,grapes2.jpg,0.2389446198940277,0.19430586695671082,0.00336517789401114,0.0024727273266762495,0.7446673760179844,0.7803636657745984,0.0,0.0,0.0
exemplar,1000,1,42,1000,icecream1.jpg,icecream2.jpg,0.13953080773353577,0.13432174921035767,0.002431969391182065,0.001705420552752912,0.7724767476759463,0.7805946617162537,0.0,0.0,0.0
exemplar,1000,1,43,1000,key1.jpg,key2.jpg,0.10263402760028839,0.13995106518268585,0.0016450908733531833,0.0023324412759393454,0.7963666886025332,0.7940208069777871,1.0,1.0,1.0
exemplar,1000,1,44,1000,scroll1.jpg,scroll2.jpg,0.14567188918590546,0.13417962193489075,0.0027354774065315723,0.0020594478119164705,0.7654872723116282,0.7755172917781731,0.0,0.0,0.0
exemplar,1000,1,45,1000,stool1.jpg,stool2.jpg,0.1951976716518402,0.23290644586086273,0.0030212264973670244,0.0033879189286381006,0.7660060215695481,0.7868583544618761,1.0,1.0,0.0
exemplar,1000,1,46,1000,gardeningshovel1.jpg,gardeningshovel2.jpg,0.1295444667339325,0.14676561951637268,0.0021573808044195175,0.0025991047732532024,0.7907798371501897,0.7977328518530338,1.0,1.0,0.0
exemplar,1000,1,47,1000,woodenbarrel1.jpg,woodenbarrel2.jpg,0.29387518763542175,0.25738438963890076,0.004578534048050642,0.004055376164615154,0.7401873081176845,0.7595297439020183,0.0,0.0,0.0
exemplar,1000,1,48,1000,rabbit1.jpg,rabbit2.jpg,0.41396763920783997,0.27904629707336426,0.005788396578282118,0.004016499500721693,0.6820863943839517,0.7146345907302076,0.0,0.0,0.0
exemplar,1000,1,49,1000,block1.jpg,block2.jpg,0.2024434357881546,0.18952369689941406,0.00322324363514781,0.004370550159364939,0.7333166109427708,0.736719343382452,0.0,1.0,0.0
exemplar,1000,1,50,1000,ship1.jpg,ship2.jpg,0.25737011432647705,0.8070187568664551,0.0035960262175649405,0.011294224299490452,0.7213682748471908,0.795130495191619,1.0,1.0,0.0
exemplar,1000,1,51,1000,wineglass1.jpg,wineglass2.jpg,0.1707986742258072,0.20532894134521484,0.0029233067762106657,0.0034459636081010103,0.7971608943891284,0.7947989111885635,1.0,1.0,1.0
exemplar,1000,1,52,1000,suitcase1.jpg,suitcase2.jpg,0.18042480945587158,0.22332772612571716,0.00270769651979208,0.0033738063648343086,0.7823684995835976,0.7633107740133172,1.0,1.0,1.0
exemplar,1000,1,53,1000,cone1.jpg,cone2.jpg,0.1677420735359192,0.18717405200004578,0.0024857313837856054,0.002596731763333082,0.7934022276125688,0.7753373541150325,1.0,1.0,1.0
exemplar,1000,1,54,1000,fan1.jpg,fan2.jpg,0.2015472799539566,0.26680541038513184,0.003063809359446168,0.00442107766866684,0.7970777497766601,0.7954713089265827,1.0,1.0,1.0
exemplar,1000,1,55,1000,reportfile1.jpg,reportfile2.jpg,0.15101894736289978,0.21113494038581848,0.002868529176339507,0.0032649552449584007,0.7208821983535458,0.7252483515176491,1.0,1.0,0.0
exemplar,1000,1,56,1000,flask1.jpg,flask2.jpg,0.18542197346687317,0.1313827484846115,0.0033900714479386806,0.0024027572944760323,0.7832280423652909,0.7942666500798382,0.0,0.0,0.0
exemplar,1000,1,57,1000,stapler1.jpg,stapler2.jpg,0.13900575041770935,0.18366283178329468,0.002395280869677663,0.002901521511375904,0.8030609442209983,0.7497949122957286,1.0,1.0,1.0
exemplar,1000,1,58,1000,bathingsuit1.jpg,bathingsuit2.jpg,0.22701451182365417,0.16526734828948975,0.0037631732411682606,0.0021971764508634806,0.7474431222297176,0.7771454996027738,0.0,0.0,0.0
exemplar,1000,1,59,1000,santahat1.jpg,santahat2.jpg,0.09081900119781494,0.1453482210636139,0.0015101415337994695,0.002065951470285654,0.7945755666837161,0.7742772026875722,1.0,1.0,1.0
exemplar,1000,1,60,1000,skull1.jpg,skull2.jpg,0.23985683917999268,0.20009976625442505,0.00391449173912406,0.0032006772235035896,0.7440243460921436,0.7692584871971794,0.0,0.0,0.0
exemplar,1000,1,61,1000,soapbottle1.jpg,soapbottle2.jpg,0.33284616470336914,0.20115190744400024,0.005739906802773476,0.003478909842669964,0.756207006284306,0.7844706371329581,0.0,0.0,0.0
exemplar,1000,1,62,1000,remote1.jpg,remote2.jpg,0.2597024738788605,0.22005745768547058,0.0044442955404520035,0.00377607811242342,0.7682248647534713,0.7372815553441061,0.0,0.0,1.0
exemplar,1000,1,63,1000,stapleremover1.jpg,stapleremover2.jpg,0.16498327255249023,0.18220099806785583,0.0028833230026066303,0.002401140984147787,0.7902973503980038,0.772953779413085,1.0,0.0,1.0
exemplar,1000,1,64,1000,horn1.jpg,horn2.jpg,0.24883374571800232,0.20977479219436646,0.0040503935888409615,0.0035825239028781652,0.756862507107813,0.76181107970075,0.0,0.0,0.0
exemplar,1000,1,65,1000,backgammon1.jpg,backgammon2.jpg,0.34087416529655457,0.2623539865016937,0.0049519906751811504,0.004074848257005215,0.7196480100975785,0.7698439543037333,0.0,0.0,0.0
exemplar,1000,1,66,1000,tongs1.jpg,tongs2.jpg,0.15199783444404602,0.1395956575870514,0.0022122454829514027,0.002219471847638488,0.7819878431910872,0.7935158770065331,0.0,1.0,0.0
exemplar,1000,1,67,1000,trophy1.jpg,trophy2.jpg,0.14105190336704254,0.22264260053634644,0.0020422099623829126,0.0035048986319452524,0.807996282690299,0.7831110547107729,1.0,1.0,1.0
exemplar,1000,1,68,1000,soapdish1.jpg,soapdish2.jpg,0.11790315061807632,0.145827054977417,0.002005447167903185,0.0022239505778998137,0.7564290378992123,0.7752471746432197,1.0,1.0,0.0
exemplar,1000,1,69,1000,binoculars1.jpg,binoculars2.jpg,0.18614767491817474,0.1786481738090515,0.0031451708637177944,0.0023338396567851305,0.7797691632991542,0.7789870573517609,0.0,0.0,1.0
exemplar,1000,1,70,1000,metalpin1.jpg,metalpin2.jpg,0.2017134428024292,0.19459405541419983,0.003135781968012452,0.003109472570940852,0.8063116245053153,0.8012948361015798,0.0,0.0,1.0
exemplar,1000,1,71,1000,toydinosaur1.jpg,toydinosaur2.jpg,0.1356033980846405,0.1745767891407013,0.0020678325090557337,0.002251520287245512,0.781939695848636,0.7749680144254971,1.0,1.0,1.0
exemplar,1000,1,72,1000,bonzai1.jpg,bonzai2.jpg,0.2588307857513428,0.20882321894168854,0.0037865047343075275,0.0032399622723460197,0.7878489432407141,0.7980294276609475,0.0,0.0,0.0
exemplar,1000,1,73,1000,plate1.jpg,plate2.jpg,0.27126380801200867,0.2967812716960907,0.002709368010982871,0.0037933564744889736,0.6878781196161695,0.6453030475011962,1.0,1.0,1.0
exemplar,1000,1,74,1000,pictureframe1.jpg,pictureframe2.jpg,0.2603909373283386,0.19393837451934814,0.00375207862816751,0.00293139461427927,0.7548301291884675,0.7852824276403336,0.0,0.0,0.0
exemplar,1000,1,75,1000,spool1.jpg,spool2.jpg,0.23037190735340118,0.3342069685459137,0.003829371649771929,0.006218449212610722,0.7259643258953021,0.7232574303949109,1.0,1.0,1.0
exemplar,1000,1,76,1000,doorway1.jpg,doorway2.jpg,0.2857471704483032,0.20138859748840332,0.004205321427434683,0.0035172919742763042,0.7713589915437853,0.7789228950693616,0.0,0.0,0.0
exemplar,1000,1,77,1000,goggles1.jpg,goggles2.jpg,0.16144520044326782,0.18208198249340057,0.0024428183678537607,0.0029859254136681557,0.7920040064326146,0.7864021051366297,1.0,1.0,1.0
exemplar,1000,1,78,1000,citroen1.jpg,citroen2.jpg,0.27379703521728516,0.2344943881034851,0.003567691659554839,0.0026520343963056803,0.7652806221712211,0.7598702640805215,0.0,0.0,1.0
exemplar,1000,1,79,1000,rake1.jpg,rake2.jpg,0.12531420588493347,0.19165828824043274,0.0021041403524577618,0.002999933436512947,0.7934140946241075,0.7969383560022995,1.0,1.0,0.0
exemplar,1000,1,80,1000,rabbitstuffed1.jpg,rabbitstuffed2.jpg,0.17303580045700073,0.1824198216199875,0.0025778391864150763,0.0024709999561309814,0.743564217337945,0.7684810035585149,1.0,0.0,0.0
exemplar,1000,1,81,1000,parkmet1.jpg,parkmet2.jpg,0.34685197472572327,0.23240064084529877,0.005829055327922106,0.0034316389355808496,0.751958647766679,0.7739431807969472,0.0,0.0,0.0
exemplar,1000,1,82,1000,hotair1.jpg,hotair2.jpg,0.6178185343742371,0.278072714805603,0.006726994179189205,0.003109748475253582,0.7411181329038835,0.7669436920698505,0.0,0.0,0.0
exemplar,1000,1,83,1000,dogpresent1.JPG,dogpresent2.JPG,0.2927957773208618,0.6111660599708557,0.0035568729508668184,0.008511394262313843,0.772105806033009,0.7229046259979655,1.0,1.0,1.0
exemplar,1000,1,84,1000,breadloaf1.jpg,breadloaf2.jpg,0.15717265009880066,0.2927139103412628,0.002330888994038105,0.004120976664125919,0.7223170930796436,0.6918891608715216,1.0,1.0,1.0
exemplar,1000,1,85,1000,razor1.jpg,razor2.jpg,0.1436205506324768,0.13095679879188538,0.0025098330806940794,0.002116177463904023,0.7978269077862935,0.7995178573808273,0.0,0.0,0.0
exemplar,1000,1,86,1000,money1.jpg,money2.jpg,0.1664666086435318,0.15818870067596436,0.0026863357052206993,0.002847762079909444,0.7848549279660254,0.7864675307228443,0.0,1.0,0.0
exemplar,1000,1,87,1000,toywrench1.jpg,toywrench2.jpg,0.1527564972639084,0.11646279692649841,0.002540700836107135,0.0018234433373436332,0.7848493510620108,0.7929960153592308,0.0,0.0,0.0
exemplar,1000,1,88,1000,spraybottle1.jpg,spraybottle2.jpg,0.1732049584388733,0.17603610455989838,0.0026610696222633123,0.0025626355782151222,0.8071792676044356,0.7992513609366364,1.0,0.0,1.0
exemplar,1000,1,89,1000,chisel1.jpg,chisel2.jpg,0.12144177407026291,0.13565516471862793,0.0021047780755907297,0.0025417471770197153,0.7927776719966879,0.7935313921415474,1.0,1.0,0.0
exemplar,1000,1,90,1000,anchor1.jpg,anchor2.jpg,0.21242818236351013,0.1656324565410614,0.0027328217402100563,0.0026182967703789473,0.7613562776113973,0.7944936095249767,0.0,0.0,0.0
exemplar,1000,1,91,1000,feather1.jpg,feather2.jpg,0.1728011965751648,0.16761943697929382,0.002846787218004465,0.002916861092671752,0.7511189256367489,0.7865181591795889,0.0,1.0,0.0
exemplar,1000,1,92,1000,soother1.jpg,soother2.jpg,0.1829354465007782,0.1492762714624405,0.002424535807222128,0.002010130789130926,0.7866881231621343,0.7850889145575846,0.0,0.0,1.0
exemplar,1000,1,93,1000,bell1.jpg,bell2.jpg,0.1636742502450943,0.21071569621562958,0.002565849805250764,0.0034557112958282232,0.7882409611676512,0.7856405016511503,1.0,1.0,1.0
exemplar,1000,1,94,1000,lei1.jpg,lei2.jpg,0.21422995626926422,0.20841223001480103,0.0026719500310719013,0.002591650001704693,0.753012475735171,0.7536198341411724,0.0,0.0,0.0
exemplar,1000,1,95,1000,holepunch1.jpg,holepunch2.jpg,0.1306474655866623,0.11744129657745361,0.0022412664256989956,0.0019965313840657473,0.8017558595027738,0.8022856569200332,0.0,0.0,0.0
exemplar,1000,1,96,1000,muffin1.jpg,muffin2.jpg,0.2693789005279541,0.39169999957084656,0.0031862410251051188,0.005436140578240156,0.7181048711893694,0.7255338859394895,1.0,1.0,0.0
exemplar,1000,1,97,1000,baseballglove1.jpg,baseballglove2.jpg,0.2066306173801422,0.16096781194210052,0.0021206149831414223,0.002114661270752549,0.738298397597196,0.7235167401820211,0.0,0.0,1.0
exemplar,1000,1,98,1000,oritable1.jpg,oritable2.jpg,0.1763095259666443,0.20892074704170227,0.0029772119596600533,0.003080660942941904,0.7878916774153903,0.7855838104586333,1.0,1.0,1.0
exemplar,1000,1,99,1000,kayak1.jpg,kayak2.jpg,0.0985288918018341,0.19940581917762756,0.001453996985219419,0.0026141353882849216,0.7964766055261482,0.7924235047133805,1.0,1.0,1.0
exemplar,1000,1,100,1000,toyhandorn1.jpg,toyhandorn2.jpg,0.13943541049957275,0.26381543278694153,0.0018791095353662968,0.002794792642816901,0.773254752769327,0.7403980039441392,1.0,1.0,1.0
state,1,1,1,1,containero1.jpg,containero2.jpg,24.81020164489746,17.964229583740234,0.3150573670864105,0.27316126227378845,0.9952995050038795,0.9383260100795461,0.0,0.0,1.0
state,1,2,1,1,waffleiron1.jpg,waffleiron2.jpg,17.150440216064453,15.320326805114746,0.2724050283432007,0.2629867494106293,0.9673241041162499,0.7472237630688835,0.0,0.0,1.0
state,1,3,1,1,alligatorsk1.jpg,alligatorsk2.jpg,17.138439178466797,16.92145538330078,0.27721676230430603,0.281287282705307,0.20677574836248758,0.1259445535763743,0.0,1.0,1.0
state,1,4,1,1,dishwash1.jpg,dishwash2.jpg,18.138334274291992,16.665096282958984,0.2608832120895386,0.27459749579429626,0.9999637993881426,0.9999936597593453,0.0,1.0,0.0
state,1,5,1,1,groomingset1.jpg,groomingset2.jpg,17.396160125732422,19.891395568847656,0.2713684141635895,0.3021869957447052,0.9563343842934217,0.9354224557088165,1.0,1.0,1.0
state,1,6,1,1,metronome1.jpg,metronome2.JPG,19.814638137817383,19.5751953125,0.292651504278183,0.2825525403022766,0.7890677501627666,0.537963314715074,0.0,0.0,1.0
state,1,7,1,1,toast1.jpg,toast2.jpg,17.979198455810547,18.782939910888672,0.2791638970375061,0.34069669246673584,0.99998772393839,0.9933499185353867,1.0,1.0,1.0
state,1,8,1,1,dough1.jpg,dough2.jpg,18.76858901977539,17.289539337158203,0.2747079133987427,0.27558770775794983,0.9937174935031625,0.9577197152249423,0.0,1.0,1.0
state,1,9,1,1,garbagecans1.jpg,garbagecans2.jpg,21.495241165161133,18.678512573242188,0.3094618320465088,0.2806887626647949,0.9999915598015724,0.9999412766101353,0.0,0.0,1.0
state,1,10,1,1,basketofapples1.jpg,basketofapples2.jpg,27.66779327392578,22.954662322998047,0.34550967812538147,0.31552743911743164,0.9995551639006178,0.9943581279209018,0.0,0.0,1.0
state,1,11,1,1,toilet1.JPG,toilet2.JPG,22.15676498413086,18.619483947753906,0.33484792709350586,0.3058273494243622,0.5785439696297627,0.39799646892027085,0.0,0.0,1.0
state,1,12,1,1,present1.jpg,present2.jpg,24.046886444091797,20.77071762084961,0.3315238952636719,0.3069289028644562,0.9996518585628724,0.9999253026565897,0.0,0.0,0.0
state,1,13,1,1,boxcookies1.JPG,boxcookies2.JPG,20.580690383911133,17.853452682495117,0.3060113191604614,0.2844716012477875,0.9994299268097829,0.9991041290759999,0.0,0.0,1.0
state,1,14,1,1,coffeemaker1.JPG,coffeemaker2.JPG,20.12751007080078,16.080411911010742,0.30954551696777344,0.2811102867126465,0.9963644613788739,0.971831781785039,0.0,0.0,1.0
state,1,15,1,1,schoolbag1.JPG,schoolbag2.JPG,19.884302139282227,19.454971313476562,0.29951056838035583,0.2991161048412323,0.9999865542762801,0.9998732381702302,0.0,0.0,1.0
state,1,16,1,1,babytoy1.JPG,babytoy2.JPG,28.739931106567383,28.933631896972656,0.32887500524520874,0.32282882928848267,0.995810628697377,0.9904392409863537,1.0,0.0,1.0
state,1,17,1,1,ballofyarn1.jpg,ballofyarn2.jpg,16.191625595092773,19.747241973876953,0.28010115027427673,0.31810569763183594,0.11569360135553983,0.19280130045335628,1.0,1.0,0.0
state,1,18,1,1,notebook1.jpg,notebook2.jpg,16.809968948364258,20.580846786499023,0.2872203290462494,0.3144527077674866,0.9906372428030517,0.9999621935808808,1.0,1.0,0.0
state,1,19,1,1,cookingpot1.JPG,cookingpot2.JPG,18.036664962768555,17.971513748168945,0.27603739500045776,0.27759623527526855,0.6248141045523222,0.6850746579149113,0.0,1.0,0.0
state,1,20,1,1,tomato1.jpg,tomato2.jpg,22.292821884155273,41.741485595703125,0.27893170714378357,0.35994574427604675,0.9999997413077543,0.9999829697213092,1.0,1.0,1.0
state,1,21,1,1,tiger1.jpg,tiger2.jpg,17.087299346923828,18.660266876220703,0.27418771386146545,0.30137816071510315,0.7461843535232617,0.9041881523002742,1.0,1.0,0.0
state,1,22,1,1,cabinet1.jpg,cabinet2.jpg,17.80426788330078,16.91524887084961,0.2723870873451233,0.26970791816711426,0.9995490499967762,0.9984811958358639,0.0,0.0,1.0
state,1,23,1,1,redumbrella1.jpg,redumbrella2.jpg,17.83881950378418,16.69527244567871,0.27674490213394165,0.26096248626708984,0.42626451473680843,0.4843046245506791,0.0,0.0,0.0
state,1,24,1,1,drum1.jpg,drum2.jpg,23.07605743408203,26.77229881286621,0.2729683220386505,0.3044269382953644,0.999996006698227,0.9999939093434469,1.0,1.0,1.0
state,1,25,1,1,dryer1.jpg,dryer2.jpg,15.670751571655273,18.97154426574707,0.28837087750434875,0.2992805540561676,0.9165959710630629,0.9418004819702241,1.0,1.0,0.0
state,1,26,1,1,donut1.jpg,donut2.jpg,23.818342208862305,21.501789093017578,0.2998497486114502,0.3036700189113617,0.999956485698821,0.999640915351458,0.0,1.0,1.0
state,1,27,1,1,deepfryer1.jpg,deepfryer2.jpg,22.708106994628906,18.410335540771484,0.3353510797023773,0.34141913056373596,0.9992755362695586,0.9982099804546651,0.0,1.0,1.0
state,1,28,1,1,glassjuice1.JPG,glassjuice2.JPG,17.316633224487305,21.621349334716797,0.30195391178131104,0.31086844205856323,0.859826814763555,0.9262855053540981,1.0,1.0,0.0
state,1,29,1,1,whitebox1.jpg,whitebox2.jpg,14.640892028808594,15.055595397949219,0.2891954779624939,0.2973237633705139,0.9214619174354204,0.739511081983588,1.0,1.0,1.0
state,1,30,1,1,scales1.jpg,scales2.jpg,20.2122802734375,20.649160385131836,0.304710328578949,0.31571900844573975,0.9771783756300377,0.9809229023471205,1.0,1.0,0.0
state,1,31,1,1,books1.JPG,books2.JPG,16.110496520996094,17.792339324951172,0.27705565094947815,0.30504438281059265,0.976904052618322,0.9762271008627116,1.0,1.0,1.0
state,1,32,1,1,bottle1.jpg,bottle2.jpg,16.28097152709961,14.448636054992676,0.2709394693374634,0.2752653658390045,0.5374671150577015,0.3056349563357706,0.0,1.0,1.0
state,1,33,1,1,briefcasece1.jpg,briefcasece2.jpg,20.590133666992188,19.63841438293457,0.2651641368865967,0.2787056267261505,0.9974184101159336,0.9849782939993799,0.0,1.0,1.0
state,1,34,1,1,redbox1.jpg,redbox2.jpg,18.05438232421875,19.940279006958008,0.26011282205581665,0.2581581473350525,0.9996275732967862,0.9997827333158147,1.0,0.0,0.0
state,1,35,1,1,dresser1.JPG,dresser2.JPG,20.027843475341797,22.400482177734375,0.282221257686615,0.3090176284313202,0.9980520265846384,0.9997763269283638,1.0,1.0,0.0
state,1,36,1,1,typewriter1.jpg,typewriter2.jpg,21.281702041625977,22.059247970581055,0.3081100583076477,0.31301793456077576,0.9991288616716122,0.9999492880867258,1.0,1.0,0.0
state,1,37,1,1,crayon1.jpg,crayon2.jpg,24.791324615478516,21.772323608398438,0.3198486566543579,0.2924426198005676,0.9784331082535721,0.9478524756565201,0.0,0.0,1.0
state,1,38,1,1,sweater1.jpg,sweater2.jpg,19.111957550048828,19.068397521972656,0.3119669556617737,0.30911070108413696,0.9837775857559474,0.9846863665751728,0.0,0.0,0.0
state,1,39,1,1,pie1.JPG,pie2.JPG,20.934045791625977,20.629301071166992,0.2851536273956299,0.2926751375198364,0.9953639958723473,0.9943496074141829,0.0,1.0,1.0
state,1,40,1,1,eggplant1.jpg,eggplant2.jpg,17.825252532958984,25.06855583190918,0.2933185398578644,0.382639080286026,0.9983708009104679,0.9952531244249664,1.0,1.0,1.0
state,1,41,1,1,belt1.jpg,belt2.jpg,23.282943725585938,22.05474853515625,0.32318592071533203,0.3365836441516876,0.9999276299262181,0.9998312743267253,0.0,1.0,1.0
state,1,42,1,1,egg1.jpg,egg2.jpg,25.92718505859375,26.495826721191406,0.3162332773208618,0.32823801040649414,0.9998284507387136,0.9998431113166095,1.0,1.0,0.0
state,1,43,1,1,clipboard1.jpg,clipboard2.jpg,14.386826515197754,14.704878807067871,0.2599751949310303,0.2681557536125183,0.6023014648190198,0.7031919827425964,1.0,1.0,0.0
state,1,44,1,1,iron1.jpg,iron2.jpg,17.078712463378906,25.293846130371094,0.2685137093067169,0.33831387758255005,0.8172125330942698,0.9057089121658096,1.0,1.0,0.0
state,1,45,1,1,redcabbage1.jpg,redcabbage2.jpg,21.682125091552734,33.26506042480469,0.2597194314002991,0.32504287362098694,0.99992545879007,0.9997018499106988,1.0,1.0,1.0
state,1,46,1,1,handshake1.JPG,handshake2.JPG,18.753067016601562,20.437992095947266,0.27245989441871643,0.29036369919776917,0.9233981209695413,0.8060534465052942,1.0,1.0,1.0
state,1,47,1,1,teacupplate1.jpg,teacupplate2.jpg,22.130035400390625,21.815637588500977,0.2880944609642029,0.29924702644348145,0.9998933393429114,0.9999057618329438,0.0,1.0,0.0
state,1,48,1,1,giftbag1.jpg,giftbag2.jpg,25.631805419921875,27.65224266052246,0.3322555720806122,0.3372732102870941,0.9988571063579745,0.9994592325621454,1.0,1.0,0.0
state,1,49,1,1,racketball1.jpg,racketball2.jpg,21.950021743774414,20.79326820373535,0.30791306495666504,0.29583412408828735,0.7853807500624576,0.5064276485498741,0.0,0.0,1.0
state,1,50,1,1,pumpkinpie1.jpg,pumpkinpie2.jpg,27.204029083251953,27.134952545166016,0.2961274981498718,0.2973535656929016,0.999345304700935,0.999640524782192,0.0,1.0,0.0
state,1,51,1,1,diapers1.jpg,diapers2.jpg,15.56969165802002,19.473360061645508,0.279479056596756,0.3303315043449402,0.8921010722234047,0.7395361965466084,1.0,1.0,1.0
state,1,52,1,1,piggybank1.jpg,piggybank2.jpg,15.900065422058105,24.454627990722656,0.31195303797721863,0.3387494683265686,0.8654302645671303,0.9859947580297919,1.0,1.0,0.0
state,1,53,1,1,dice1.jpg,dice2.jpg,18.535457611083984,22.13509178161621,0.333385705947876,0.35103777050971985,0.9992595311248135,0.9995737271479997,1.0,1.0,0.0
state,1,54,1,1,bulletandca1.jpg,bulletandca2.jpg,14.849709510803223,12.420458793640137,0.24672168493270874,0.22635240852832794,0.4257410573777093,0.1562038163291911,0.0,0.0,1.0
state,1,55,1,1,briefcase1.JPG,briefcase2.JPG,16.694564819335938,17.037565231323242,0.24417564272880554,0.28540119528770447,0.9997327968963758,0.9991679158591201,1.0,1.0,1.0
state,1,56,1,1,accordion1.JPG,accordion2.JPG,27.858959197998047,26.547910690307617,0.35154348611831665,0.3011886775493622,0.9998913524792546,0.9994457332530858,0.0,0.0,1.0
state,1,57,1,1,accord1.jpg,accord2.jpg,22.079208374023438,26.004262924194336,0.3300524652004242,0.35142120718955994,0.9989024034260403,0.9999888820165166,1.0,1.0,0.0
state,1,58,1,1,padlock1.jpg,padlock2.jpg,18.691789627075195,16.521488189697266,0.29505881667137146,0.27530187368392944,0.8690251350891393,0.48359625458963834,0.0,0.0,1.0
state,1,59,1,1,biscuit1.jpg,biscuit2.jpg,20.425899505615234,17.863475799560547,0.29753899574279785,0.2869548499584198,0.9537086820119552,0.823707737245186,0.0,0.0,1.0
state,1,60,1,1,patiota1.jpg,patiota2.jpg,18.364316940307617,18.73865509033203,0.3034467101097107,0.294679194688797,0.9855738059934293,0.9344741091608174,1.0,0.0,1.0
state,1,61,1,1,apples1.JPG,apples2.JPG,22.98179817199707,29.007530212402344,0.2819768488407135,0.31840911507606506,0.9971327382098727,0.9997527776062173,1.0,1.0,0.0
state,1,62,1,1,antiquephone1.jpg,antiquephone2.jpg,17.2634220123291,19.857608795166016,0.2737770974636078,0.31338781118392944,0.8330668689871205,0.8411541279486288,1.0,1.0,0.0
state,1,63,1,1,mirror1.jpg,mirror2.jpg,15.02472972869873,15.85959243774414,0.2697106599807739,0.27025970816612244,0.011670878145769156,0.013266937863115249,1.0,1.0,0.0
state,1,64,1,1,tent1.jpg,tent2.jpg,22.03978157043457,24.58392333984375,0.2969750165939331,0.3013015389442444,0.9971599531448553,0.9958955249225013,1.0,1.0,1.0
state,1,65,1,1,servdis1.jpg,servdis2.jpg,20.496919631958008,16.461406707763672,0.29410913586616516,0.28411996364593506,0.9936269303045033,0.991638600346461,0.0,0.0,1.0
state,1,66,1,1,cerobj1.jpg,cerobj2.jpg,17.505863189697266,17.931419372558594,0.2780514061450958,0.28470832109451294,0.9346900207568415,0.9109059944087172,1.0,1.0,1.0
state,1,67,1,1,bandagetape1.jpg,bandagetape2.jpg,16.169387817382812,23.522327423095703,0.3145214021205902,0.3933618664741516,0.9461473439130553,0.7788838796910929,1.0,1.0,1.0
state,1,68,1,1,bagel1.JPG,bagel2.jpg,24.952234268188477,27.116474151611328,0.3103560507297516,0.3154936134815216,0.9999680250037686,0.999972503158102,1.0,1.0,0.0
state,1,69,1,1,bread1.jpg,bread2.jpg,24.244516372680664,25.048786163330078,0.33743852376937866,0.33801016211509705,0.966306139508921,0.9724219583705722,1.0,1.0,0.0
state,1,70,1,1,coffeegrind1.jpg,coffeegrind2.jpg,15.2370023727417,17.841814041137695,0.26531848311424255,0.298664927482605,0.9997413193606232,0.9939888464577727,1.0,1.0,1.0
state,1,71,1,1,container1.JPG,container2.JPG,24.96181297302246,22.77385711669922,0.3178204298019409,0.2920200228691101,0.9994764042464338,0.9994015748722148,0.0,0.0,1.0
state,1,72,1,1,cheese1.JPG,cheese2.JPG,13.467230796813965,15.563846588134766,0.284078985452652,0.3047829270362854,0.9988721945735507,0.998868760397884,1.0,1.0,1.0
state,1,73,1,1,waterbottle1.JPG,waterbottle2.JPG,22.56218910217285,25.325841903686523,0.30547285079956055,0.329950749874115,0.9990088701296407,0.9989647390177387,1.0,1.0,1.0
state,1,74,1,1,abacus1.jpg,abacus2.jpg,38.71714782714844,37.01435852050781,0.3567197322845459,0.34267303347587585,0.9999994759718834,0.9999992759408456,0.0,0.0,1.0
state,1,75,1,1,telephone1.JPG,telephone2.JPG,18.080501556396484,16.66181755065918,0.305810809135437,0.28926342725753784,0.7903585320698929,0.854374270156942,0.0,0.0,0.0
state,1,76,1,1,napdisp1.jpg,napdisp2.jpg,15.121516227722168,14.584776878356934,0.3053315579891205,0.3000652492046356,0.9853060143314646,0.9605056283180089,0.0,0.0,1.0
state,1,77,1,1,firetrucktoy1.jpg,firetrucktoy2.jpg,23.56767463684082,24.32722282409668,0.30314522981643677,0.31018131971359253,0.9847580060885041,0.9807631208643245,1.0,1.0,1.0
state,1,78,1,1,lunchbox1.jpg,lunchbox2.jpg,27.590940475463867,28.335235595703125,0.3113107681274414,0.33293166756629944,0.9995904522011757,0.9998284790406964,1.0,1.0,0.0
state,1,79,1,1,laptop1.JPG,laptop2.JPG,15.625609397888184,14.228952407836914,0.25410348176956177,0.2522556185722351,0.9999920859106256,0.9997690947223933,0.0,0.0,1.0
state,1,80,1,1,twofingers1.JPG,twofingers2.JPG,19.166227340698242,20.438552856445312,0.27882638573646545,0.2975279688835144,0.4065603912230044,0.5774745418001763,1.0,1.0,0.0
state,1,81,1,1,dishes1.JPG,dishes2.JPG,20.3220272064209,28.86733627319336,0.2674912214279175,0.31513047218322754,0.9934739348524678,0.9984977329232158,1.0,1.0,0.0
state,1,82,1,1,filebox1.jpg,filebox2.jpg,18.166440963745117,19.3050537109375,0.28638577461242676,0.29464074969291687,0.9998754000992282,0.9998931684779372,1.0,1.0,0.0
state,1,83,1,1,barnmail1.jpg,barnmail2.jpg,21.994348526000977,22.297502517700195,0.3117515444755554,0.30624184012413025,0.9897485947723853,0.9810376482504924,1.0,0.0,1.0
state,1,84,1,1,antiquechest1.jpg,antiquechest2.jpg,18.067245483398438,21.184200286865234,0.2713682949542999,0.30806076526641846,0.9287566889120173,0.9500393211691198,1.0,1.0,0.0
state,1,85,1,1,theasea1.jpg,theasea2.jpg,23.615259170532227,25.65068244934082,0.3128281235694885,0.3229583203792572,0.9931679937090077,0.9986476279653784,1.0,1.0,0.0
state,1,86,1,1,polarbear1.jpg,polarbear2.jpg,23.047595977783203,19.474246978759766,0.31812798976898193,0.3132007420063019,0.8840704577494312,0.8764472659658359,0.0,0.0,1.0
state,1,87,1,1,scissors1.JPG,scissors2.JPG,18.477481842041016,17.519773483276367,0.28830230236053467,0.27943092584609985,0.6860236796581335,0.3723381875899358,0.0,0.0,1.0
state,1,88,1,1,rhinoceros1.jpg,rhinoceros2.jpg,21.04398536682129,22.80389976501465,0.306936651468277,0.3345699608325958,0.9999213211248839,0.9994761455183387,1.0,1.0,1.0
state,1,89,1,1,purplecoffee1.jpg,purplecoffee2.jpg,16.616390228271484,17.3859806060791,0.3149627149105072,0.33061400055885315,0.9948762745536052,0.9962556681142966,1.0,1.0,0.0
state,1,90,1,1,banana1.jpg,banana2.jpg,21.056354522705078,22.86814308166504,0.3124743103981018,0.3402060568332672,0.8375529019418705,0.9483977892010822,1.0,1.0,0.0
state,1,91,1,1,apple1.jpg,apple2.jpg,29.871740341186523,22.713104248046875,0.31763017177581787,0.25258904695510864,0.9999256021659458,0.99980229130753,0.0,0.0,1.0
state,1,92,1,1,player1.jpg,player2.jpg,19.065641403198242,19.020660400390625,0.34303411841392517,0.33090072870254517,0.9957909041523233,0.998250069301601,0.0,0.0,0.0
state,1,93,1,1,breadbox1.JPG,breadbox2.JPG,17.321487426757812,15.837403297424316,0.27189019322395325,0.2587076723575592,0.9997442186411571,0.9994824476210441,0.0,0.0,1.0
state,1,94,1,1,cantaloupe1.jpg,cantaloupe2.jpg,24.89772605895996,30.780866622924805,0.3131811022758484,0.3556548058986664,0.9981504479541986,0.9957424913846621,1.0,1.0,1.0
state,1,95,1,1,seatbelt1.jpg,seatbelt2.jpg,17.64425277709961,16.42479705810547,0.2851155996322632,0.2773647606372833,0.0896858293460325,0.11041834824549641,0.0,0.0,0.0
state,1,96,1,1,basketofpeppers1.jpg,basketofpeppers2.jpg,27.239364624023438,26.778749465942383,0.35204824805259705,0.34420040249824524,0.9937819444111566,0.9904273150515165,0.0,0.0,1.0
state,1,97,1,1,oldbook1.JPG,oldbook2.JPG,17.886577606201172,19.475618362426758,0.2742508351802826,0.28542372584342957,0.825605148707248,0.9410115096595282,1.0,1.0,0.0
state,1,98,1,1,traffic1.jpg,traffic2.jpg,20.499061584472656,20.42262077331543,0.3046777546405792,0.31084346771240234,0.3939809958621409,0.42540745889231624,0.0,1.0,0.0
state,1,99,1,1,scanner1.JPG,scanner2.JPG,14.640050888061523,14.495075225830078,0.258920282125473,0.2794272005558014,0.10878703231898654,0.06043005048080127,0.0,1.0,1.0
state,1,100,1,1,carton1.jpg,carton2.jpg,14.768622398376465,14.008452415466309,0.25185897946357727,0.24611341953277588,0.9991485454176461,0.9985331273759588,0.0,0.0,1.0
state,10,1,1,10,scanner1.JPG,scanner2.JPG,1.110707402229309,0.7290237545967102,0.019643692299723625,0.014053674414753914,0.3645525440612496,0.41350308479112363,0.0,0.0,0.0
state,10,1,2,10,eggplant1.jpg,eggplant2.jpg,0.8419528603553772,1.5958629846572876,0.013854524120688438,0.024358784779906273,0.5044819733880902,0.15553819966434845,1.0,1.0,1.0
state,10,1,3,10,firetrucktoy1.jpg,firetrucktoy2.jpg,0.95986407995224,0.989905595779419,0.012346496805548668,0.01262167189270258,0.37200302149873354,0.4158991855739854,1.0,1.0,0.0
state,10,1,4,10,toast1.jpg,toast2.jpg,1.0210695266723633,1.3919674158096313,0.01585419662296772,0.025248372927308083,0.3104323433722665,0.29121507761345167,1.0,1.0,1.0
state,10,1,5,10,deepfryer1.jpg,deepfryer2.jpg,1.4244707822799683,1.516356348991394,0.02103644236922264,0.02812078222632408,0.3032199940080797,0.28872797479961154,1.0,1.0,1.0
state,10,1,6,10,basketofapples1.jpg,basketofapples2.jpg,1.1125115156173706,1.0346522331237793,0.013892813585698605,0.014221998862922192,0.36209577105037954,0.45219242216188166,0.0,1.0,0.0
state,10,1,7,10,servdis1.jpg,servdis2.jpg,0.7724553942680359,0.867491602897644,0.011083918623626232,0.014972698874771595,0.44470513643027576,0.41483787187167886,1.0,1.0,1.0
state,10,1,8,10,cheese1.JPG,cheese2.JPG,0.665863037109375,0.8530579805374146,0.014045774936676025,0.016705222427845,0.29262050629722874,0.2944601714474398,1.0,1.0,0.0
state,10,1,9,10,waterbottle1.JPG,waterbottle2.JPG,0.8924791216850281,1.1172425746917725,0.012083407491445541,0.014555687084794044,0.41853926201337277,0.4103759364180505,1.0,1.0,1.0
state,10,1,10,10,dresser1.JPG,dresser2.JPG,0.6721059083938599,0.9101517200469971,0.009470943361520767,0.012555664405226707,0.4413989064257175,0.3402533857480986,1.0,1.0,1.0
state,10,2,1,10,tent1.jpg,tent2.jpg,1.8741014003753662,1.984070062637329,0.025252576917409897,0.02431684173643589,0.5730199034722031,0.5003307552214645,1.0,0.0,1.0
state,10,2,2,10,filebox1.jpg,filebox2.jpg,0.8266564011573792,0.7922174334526062,0.013031866401433945,0.012091110460460186,0.5069833611360572,0.5236764074191584,0.0,0.0,0.0
state,10,2,3,10,biscuit1.jpg,biscuit2.jpg,0.8369241952896118,0.756732165813446,0.01219126582145691,0.012155975215137005,0.45565950575441383,0.4271614190827239,0.0,0.0,1.0
state,10,2,4,10,briefcasece1.jpg,briefcasece2.jpg,0.7808834910392761,0.7487667202949524,0.010056384839117527,0.010626392439007759,0.5056539736961219,0.516774455378631,0.0,1.0,0.0
state,10,2,5,10,coffeegrind1.jpg,coffeegrind2.jpg,0.7727452516555786,0.7932079434394836,0.013455638661980629,0.013277987018227577,0.6322333031566846,0.618080872992103,1.0,0.0,1.0
state,10,2,6,10,present1.jpg,present2.jpg,0.8504918217658997,0.9179216027259827,0.011725357733666897,0.013564128428697586,0.4748164994766805,0.48402376345329795,1.0,1.0,0.0
state,10,2,7,10,bagel1.JPG,bagel2.jpg,0.8984732031822205,0.9376462697982788,0.011175215244293213,0.010909287258982658,0.5542243993565967,0.5634442924682954,1.0,0.0,0.0
state,10,2,8,10,briefcase1.JPG,briefcase2.JPG,0.7737351655960083,0.9045981168746948,0.011316693387925625,0.015153185464441776,0.550046438870862,0.4837184544874438,1.0,1.0,1.0
state,10,2,9,10,piggybank1.jpg,piggybank2.jpg,1.1771129369735718,1.2616348266601562,0.02309449203312397,0.017476370558142662,0.5426930527555466,0.5750063243392847,1.0,0.0,0.0
state,10,2,10,10,coffeemaker1.JPG,coffeemaker2.JPG,0.7986307740211487,0.724287211894989,0.012282322160899639,0.012661651708185673,0.6268562795982707,0.6216928259904596,0.0,1.0,1.0
state,10,3,1,10,polarbear1.jpg,polarbear2.jpg,2.123009204864502,1.8737934827804565,0.029304083436727524,0.030135875567793846,0.42237100003922756,0.47113351069980985,0.0,1.0,0.0
state,10,3,2,10,alligatorsk1.jpg,alligatorsk2.jpg,0.7777373790740967,0.7695538997650146,0.012580015696585178,0.012792382389307022,0.5737126258379679,0.6375988892191091,0.0,1.0,0.0
state,10,3,3,10,bandagetape1.jpg,bandagetape2.jpg,0.8981420993804932,2.9618279933929443,0.017470352351665497,0.04953039437532425,0.4677300362792364,0.12087329913756627,1.0,1.0,1.0
state,10,3,4,10,redumbrella1.jpg,redumbrella2.jpg,1.4825869798660278,0.7800378799438477,0.023000309243798256,0.012192710302770138,0.0472373433976208,0.484212837053098,0.0,0.0,0.0
state,10,3,5,10,babytoy1.JPG,babytoy2.JPG,1.3709664344787598,1.5755102634429932,0.015688158571720123,0.0175788551568985,0.3090830737825839,0.23788282620095297,1.0,1.0,1.0
state,10,3,6,10,racketball1.jpg,racketball2.jpg,1.0564385652542114,0.885803759098053,0.014819632284343243,0.012602683156728745,0.5632069793178178,0.586190824241744,0.0,0.0,0.0
state,10,3,7,10,accord1.jpg,accord2.jpg,1.4082670211791992,2.358008861541748,0.021051570773124695,0.03186609596014023,0.36971946427559016,0.3554138222670017,1.0,1.0,1.0
state,10,3,8,10,garbagecans1.jpg,garbagecans2.jpg,1.0750956535339355,0.9731196165084839,0.015477893874049187,0.014623420313000679,0.5896490419123779,0.5241891190348393,0.0,0.0,1.0
state,10,3,9,10,schoolbag1.JPG,schoolbag2.JPG,0.7209469079971313,0.6922718286514282,0.010859380476176739,0.010643534362316132,0.6021228948113699,0.562073051008871,0.0,0.0,1.0
state,10,3,10,10,oldbook1.JPG,oldbook2.JPG,0.604786217212677,0.6225366592407227,0.009273050352931023,0.009123547933995724,0.6305425176380769,0.5323579527900801,1.0,0.0,1.0
state,10,4,1,10,ballofyarn1.jpg,ballofyarn2.jpg,0.7821869254112244,0.8454104065895081,0.013531157746911049,0.013618603348731995,0.6423423907701872,0.6071110137707839,1.0,1.0,1.0
state,10,4,2,10,patiota1.jpg,patiota2.jpg,0.8552810549736023,0.8835895657539368,0.014132418669760227,0.013895099051296711,0.5721105668517659,0.6455148355008462,1.0,0.0,0.0
state,10,4,3,10,cookingpot1.JPG,cookingpot2.JPG,0.8426105380058289,0.9267346858978271,0.012895510531961918,0.01431476790457964,0.6797530553602646,0.6683117604877503,1.0,1.0,1.0
state,10,4,4,10,lunchbox1.jpg,lunchbox2.jpg,1.0201964378356934,1.030231237411499,0.011510957032442093,0.012104949913918972,0.4200802669355321,0.4161139417109647,1.0,1.0,1.0
state,10,4,5,10,tiger1.jpg,tiger2.jpg,0.8738002181053162,0.9963113069534302,0.014021249487996101,0.01609122008085251,0.6115091897160425,0.5892367950919488,1.0,1.0,1.0
state,10,4,6,10,container1.JPG,container2.JPG,1.0322768688201904,1.2350218296051025,0.013143222779035568,0.015836188569664955,0.4344732849968991,0.5179650789449081,1.0,1.0,0.0
state,10,4,7,10,telephone1.JPG,telephone2.JPG,0.8248957395553589,0.7986341118812561,0.013952159322798252,0.01386497262865305,0.5809488630102281,0.5466606489524872,0.0,0.0,1.0
state,10,4,8,10,dryer1.jpg,dryer2.jpg,0.8763778209686279,1.0562617778778076,0.016126977279782295,0.016662778332829475,0.4633954371852515,0.5606515502743569,1.0,1.0,0.0
state,10,4,9,10,bottle1.jpg,bottle2.jpg,0.6320755481719971,0.7507426738739014,0.010518672876060009,0.014302627183496952,0.6590873853332526,0.6677112825134147,1.0,1.0,0.0
state,10,4,10,10,antiquephone1.jpg,antiquephone2.jpg,0.6134917736053467,0.8106343746185303,0.009729241020977497,0.012793228961527348,0.6591398665395448,0.6052788406647133,1.0,1.0,1.0
state,10,5,1,10,traffic1.jpg,traffic2.jpg,3.1424801349639893,4.1150712966918945,0.04670671373605728,0.06263363361358643,0.6964137025267791,0.7205737361178526,1.0,1.0,0.0
state,10,5,2,10,basketofpeppers1.jpg,basketofpeppers2.jpg,1.1012442111968994,1.0178766250610352,0.014232750982046127,0.013083267025649548,0.4081298559773379,0.2949951671141462,0.0,0.0,1.0
state,10,5,3,10,breadbox1.JPG,breadbox2.JPG,0.8290510773658752,0.8643084168434143,0.013013366609811783,0.0141186797991395,0.5390612926054558,0.5709428996231233,1.0,1.0,0.0
state,10,5,4,10,cantaloupe1.jpg,cantaloupe2.jpg,0.8207892775535583,2.5857961177825928,0.010324465110898018,0.029877353459596634,0.4513494255930686,0.34469290474625053,1.0,1.0,1.0
state,10,5,5,10,notebook1.jpg,notebook2.jpg,1.0806187391281128,1.0367616415023804,0.01846378669142723,0.015840576961636543,0.7863300881675753,0.7415814734700413,0.0,0.0,1.0
state,10,5,6,10,twofingers1.JPG,twofingers2.JPG,0.646806538105011,0.685969352722168,0.00940961018204689,0.009985788725316525,0.5030124461194481,0.517940455497612,1.0,1.0,0.0
state,10,5,7,10,redbox1.jpg,redbox2.jpg,0.67507404088974,0.7401859760284424,0.00972591619938612,0.009582866914570332,0.47077643883336945,0.43591658854583154,1.0,0.0,1.0
state,10,5,8,10,containero1.jpg,containero2.jpg,0.6898585557937622,0.7162004113197327,0.008760307915508747,0.010890431702136993,0.5401434422149947,0.5446898549640307,1.0,1.0,0.0
state,10,5,9,10,drum1.jpg,drum2.jpg,0.7135303020477295,0.961388111114502,0.00844040047377348,0.010931912809610367,0.39333993134852663,0.34295110896312786,1.0,1.0,1.0
state,10,5,10,10,metronome1.jpg,metronome2.JPG,0.7001067399978638,0.6984400749206543,0.010340197943150997,0.010081433691084385,0.5832987770550399,0.5477893585266475,0.0,0.0,1.0
state,10,6,1,10,scales1.jpg,scales2.jpg,1.3799786567687988,1.2446911334991455,0.020803874358534813,0.019030926749110222,0.36912010735431416,0.3821036426528824,0.0,0.0,0.0
state,10,6,2,10,giftbag1.jpg,giftbag2.jpg,0.9854736328125,1.0247596502304077,0.012774329632520676,0.012498949654400349,0.5596033763799303,0.5775468579645252,1.0,0.0,0.0
state,10,6,3,10,redcabbage1.jpg,redcabbage2.jpg,0.9467954039573669,1.2030236721038818,0.01134119275957346,0.01175510510802269,0.4595588765423703,0.2583795609670444,1.0,1.0,1.0
state,10,6,4,10,glassjuice1.JPG,glassjuice2.JPG,1.26692533493042,1.8744511604309082,0.022091655060648918,0.026950571686029434,0.6058832660052965,0.48293722091436114,1.0,1.0,1.0
state,10,6,5,10,abacus1.jpg,abacus2.jpg,2.2518112659454346,2.0740716457366943,0.020747020840644836,0.019201425835490227,0.219663460572645,0.2657546165020389,0.0,0.0,0.0
state,10,6,6,10,carton1.jpg,carton2.jpg,0.9107509851455688,0.7444702386856079,0.0155316311866045,0.013079539872705936,0.4392669914493156,0.5304167641655555,0.0,0.0,0.0
state,10,6,7,10,diapers1.jpg,diapers2.jpg,0.7660551071166992,0.7397867441177368,0.013750840909779072,0.012549188919365406,0.5560287996249714,0.5545055603426906,0.0,0.0,1.0
state,10,6,8,10,groomingset1.jpg,groomingset2.jpg,0.7894607782363892,0.8579162359237671,0.012315058149397373,0.01303333044052124,0.562645677384678,0.5513621076472692,1.0,1.0,1.0
state,10,6,9,10,pie1.JPG,pie2.JPG,0.842592716217041,0.7997012138366699,0.011477398686110973,0.011345641687512398,0.4478319095028779,0.45746480170823484,0.0,0.0,0.0
state,10,6,10,10,bread1.jpg,bread2.jpg,0.7941434383392334,0.8550920486450195,0.011052997782826424,0.011538675054907799,0.6328041067220969,0.6246286038800385,1.0,1.0,1.0
state,10,7,1,10,sweater1.jpg,sweater2.jpg,2.307438373565674,3.5259671211242676,0.037664614617824554,0.05715814232826233,0.3436940149971315,0.30479452857488765,1.0,1.0,1.0
state,10,7,2,10,cerobj1.jpg,cerobj2.jpg,0.8628463745117188,0.8058934807777405,0.01370487455278635,0.012795672751963139,0.5769431624099144,0.5483456258325196,0.0,0.0,1.0
state,10,7,3,10,apples1.JPG,apples2.JPG,0.7877193093299866,0.9328088760375977,0.009664979763329029,0.010239233262836933,0.5712308848221394,0.43507024356337115,1.0,1.0,1.0
state,10,7,4,10,handshake1.JPG,handshake2.JPG,0.6625862121582031,0.662213921546936,0.009626594372093678,0.00940811075270176,0.5412056697252088,0.4653944867677649,0.0,0.0,1.0
state,10,7,5,10,teacupplate1.jpg,teacupplate2.jpg,0.8051304817199707,0.884479820728302,0.0104813938960433,0.012132487259805202,0.5115835270702491,0.4819713164237755,1.0,1.0,1.0
state,10,7,6,10,dishes1.JPG,dishes2.JPG,0.6587729454040527,0.8023540377616882,0.00867118127644062,0.008758903481066227,0.597169913072464,0.521152721178894,1.0,1.0,1.0
state,10,7,7,10,theasea1.jpg,theasea2.jpg,0.8191462159156799,0.8403506278991699,0.010851118713617325,0.010580546222627163,0.5973614213705679,0.483465056144411,1.0,0.0,1.0
state,10,7,8,10,crayon1.jpg,crayon2.jpg,0.8758965134620667,0.7976157069206238,0.011300498619675636,0.010713456198573112,0.5603852550524582,0.6046985437697253,0.0,0.0,0.0
state,10,7,9,10,cabinet1.jpg,cabinet2.jpg,0.6158286929130554,0.6839962005615234,0.009421548806130886,0.010906088165938854,0.5414256770963276,0.5823347563722155,1.0,1.0,0.0
state,10,7,10,10,dough1.jpg,dough2.jpg,0.6489994525909424,0.716269314289093,0.00949913077056408,0.011417020112276077,0.5962027156504622,0.6221991239779409,1.0,1.0,0.0
state,10,8,1,10,padlock1.jpg,padlock2.jpg,0.8091970682144165,0.8802286386489868,0.012773562222719193,0.014667480252683163,0.596806570274858,0.5603042604057589,1.0,1.0,1.0
state,10,8,2,10,antiquechest1.jpg,antiquechest2.jpg,0.9442026019096375,1.3212535381317139,0.0141818318516016,0.01921367645263672,0.45853223829984374,0.42198455819047886,1.0,1.0,1.0
state,10,8,3,10,player1.jpg,player2.jpg,1.367763876914978,1.4280283451080322,0.024609174579381943,0.024843282997608185,0.49964513403933664,0.5240837957366273,1.0,1.0,0.0
state,10,8,4,10,clipboard1.jpg,clipboard2.jpg,0.829294741153717,0.8138995170593262,0.01498565822839737,0.014842137694358826,0.5644077290837843,0.5597042881490774,0.0,0.0,1.0
state,10,8,5,10,donut1.jpg,donut2.jpg,0.8722522258758545,0.8165104985237122,0.010980806313455105,0.011531587690114975,0.42666147002367216,0.47601506081343686,0.0,1.0,0.0
state,10,8,6,10,belt1.jpg,belt2.jpg,0.7444981932640076,0.8702348470687866,0.01033423189073801,0.013280895538628101,0.589311944325862,0.5202567074550795,1.0,1.0,1.0
state,10,8,7,10,books1.JPG,books2.JPG,0.7906492948532104,0.9116429686546326,0.013596964068710804,0.015629848465323448,0.572520820447739,0.5172706436237504,1.0,1.0,1.0
state,10,8,8,10,scissors1.JPG,scissors2.JPG,0.869826078414917,0.9438448548316956,0.01357180904597044,0.015053816139698029,0.5875635435296301,0.5877875755695856,1.0,1.0,0.0
state,10,8,9,10,boxcookies1.JPG,boxcookies2.JPG,0.8940933346748352,0.9967373609542847,0.013294145464897156,0.015881717205047607,0.5252959030694774,0.5624940045368623,1.0,1.0,0.0
state,10,8,10,10,dice1.jpg,dice2.jpg,1.0446863174438477,1.2376623153686523,0.018790120258927345,0.01962793990969658,0.462875046316723,0.4495874351152898,1.0,1.0,1.0
state,10,9,1,10,bulletandca1.jpg,bulletandca2.jpg,0.9546362161636353,0.7475279569625854,0.01586087979376316,0.013623068109154701,0.5469571056171211,0.5839050314678342,0.0,0.0,0.0
state,10,9,2,10,whitebox1.jpg,whitebox2.jpg,0.8239688873291016,0.7850094437599182,0.016275515779852867,0.015502672642469406,0.5155307503130835,0.47219357791107164,0.0,0.0,1.0
state,10,9,3,10,accordion1.JPG,accordion2.JPG,1.65891695022583,1.3204184770584106,0.020933352410793304,0.014980277977883816,0.5558027930763365,0.39390062974761947,0.0,0.0,1.0
state,10,9,4,10,rhinoceros1.jpg,rhinoceros2.jpg,0.7519203424453735,0.7967979907989502,0.010967119596898556,0.011690311133861542,0.3911380315451051,0.3523505626085145,1.0,1.0,1.0
state,10,9,5,10,waffleiron1.jpg,waffleiron2.jpg,0.7797824144363403,0.7519564628601074,0.012385493144392967,0.012907987460494041,0.583971139957957,0.5470082619430812,0.0,1.0,1.0
state,10,9,6,10,laptop1.JPG,laptop2.JPG,1.406302809715271,1.3901376724243164,0.022869281470775604,0.024644823744893074,0.5820730268496697,0.5164082479686393,0.0,1.0,1.0
state,10,9,7,10,dishwash1.jpg,dishwash2.jpg,0.6968171000480652,0.9665105938911438,0.010022303089499474,0.015925584360957146,0.5274254141213383,0.4518925922924432,1.0,1.0,1.0
state,10,9,8,10,toilet1.JPG,toilet2.JPG,0.8542966246604919,0.8290228247642517,0.01291070505976677,0.013616803102195263,0.5161766563064563,0.532079755461604,0.0,1.0,0.0
state,10,9,9,10,tomato1.jpg,tomato2.jpg,1.0268975496292114,1.8404308557510376,0.012848722748458385,0.01587042771279812,0.4185550708453434,0.16819973425056534,1.0,1.0,1.0
state,10,9,10,10,purplecoffee1.jpg,purplecoffee2.jpg,4.149877071380615,5.682802677154541,0.07866067439317703,0.10806489735841751,0.7274881595575174,0.710637336852691,1.0,1.0,1.0
state,10,10,1,10,mirror1.jpg,mirror2.jpg,1.020554542541504,1.1014244556427002,0.01832009293138981,0.018769124522805214,0.5952727862358863,0.6148185742408928,1.0,1.0,0.0
state,10,10,2,10,egg1.jpg,egg2.jpg,1.6319531202316284,1.9037230014801025,0.01990489475429058,0.023583875969052315,0.3197262061791917,0.3441855303728987,1.0,1.0,0.0
state,10,10,3,10,barnmail1.jpg,barnmail2.jpg,1.2349289655685425,1.3360495567321777,0.017504088580608368,0.01834977976977825,0.5339081105591347,0.5223123666559276,1.0,1.0,1.0
state,10,10,4,10,banana1.jpg,banana2.jpg,1.3245408535003662,1.2274821996688843,0.019656062126159668,0.018261075019836426,0.519882505893706,0.5486139706062054,0.0,0.0,0.0
state,10,10,5,10,seatbelt1.jpg,seatbelt2.jpg,1.0135010480880737,0.9499688148498535,0.0163772851228714,0.016042077913880348,0.5750477544116824,0.5822801033650457,0.0,0.0,0.0
state,10,10,6,10,typewriter1.jpg,typewriter2.jpg,2.0795986652374268,2.3244307041168213,0.030107801780104637,0.03298337757587433,0.5876543293504842,0.6110006975352762,1.0,1.0,0.0
state,10,10,7,10,napdisp1.jpg,napdisp2.jpg,0.9544229507446289,1.034233570098877,0.019271574914455414,0.02127818390727043,0.4985491830570577,0.5171150826352259,1.0,1.0,0.0
state,10,10,8,10,iron1.jpg,iron2.jpg,0.9198086261749268,2.2771100997924805,0.01446134876459837,0.030457129701972008,0.5488692026528034,0.5243052755104491,1.0,1.0,1.0
state,10,10,9,10,pumpkinpie1.jpg,pumpkinpie2.jpg,1.2793166637420654,1.2469508647918701,0.01392590906471014,0.0136644896119833,0.45459169914934977,0.4534560371650245,0.0,0.0,1.0
state,10,10,10,10,apple1.jpg,apple2.jpg,4.115534782409668,4.218367099761963,0.04376102611422539,0.046911828219890594,0.05466689715393559,0.044134740336464376,1.0,1.0,1.0
state,100,1,1,100,deepfryer1.jpg,deepfryer2.jpg,0.6930757164955139,0.7879482507705688,0.010235273279249668,0.014612476341426373,0.6343148943432148,0.6028182766212437,1.0,1.0,1.0
state,100,1,2,100,egg1.jpg,egg2.jpg,0.5759552717208862,0.655713677406311,0.007024913560599089,0.00812317244708538,0.7237128723389146,0.7048380640355285,1.0,1.0,1.0
state,100,1,3,100,pie1.JPG,pie2.JPG,0.3406335711479187,0.362571120262146,0.004639948718249798,0.005143923684954643,0.6802050045457777,0.6640162271438216,1.0,1.0,1.0
state,100,1,4,100,basketofpeppers1.jpg,basketofpeppers2.jpg,0.7338177561759949,0.34980058670043945,0.009484040550887585,0.004496158566325903,0.7336864780881497,0.7060489944979691,0.0,0.0,1.0
state,100,1,5,100,books1.JPG,books2.JPG,0.3082599937915802,1.232990026473999,0.005301212891936302,0.021139247342944145,0.7613405424907215,0.7946905785514015,1.0,1.0,0.0
state,100,1,6,100,whitebox1.jpg,whitebox2.jpg,0.3205254375934601,0.3491932153701782,0.006331206299364567,0.006896003615111113,0.7685593319114156,0.761694190777985,1.0,1.0,1.0
state,100,1,7,100,rhinoceros1.jpg,rhinoceros2.jpg,0.4309619665145874,0.5236998796463013,0.006285787560045719,0.00768352160230279,0.6808975250597092,0.6231471041050209,1.0,1.0,1.0
state,100,1,8,100,teacupplate1.jpg,teacupplate2.jpg,0.5167335271835327,0.4004908502101898,0.0067269690334796906,0.005493568256497383,0.6974692337907723,0.6987585858576351,0.0,0.0,0.0
state,100,1,9,100,cheese1.JPG,cheese2.JPG,0.2793940603733063,0.43653440475463867,0.005893563386052847,0.008548544719815254,0.6675138457784016,0.6977145210070493,1.0,1.0,0.0
state,100,1,10,100,patiota1.jpg,patiota2.jpg,0.32936733961105347,0.30664488673210144,0.005442371591925621,0.004822217393666506,0.7237529501347406,0.7488689155655786,0.0,0.0,0.0
state,100,1,11,100,babytoy1.JPG,babytoy2.JPG,0.36324620246887207,0.3854595720767975,0.00415667612105608,0.004300789441913366,0.8004597939839907,0.7843646340629509,1.0,1.0,1.0
state,100,1,12,100,dishwash1.jpg,dishwash2.jpg,0.2919323742389679,0.32885390520095825,0.004198856186121702,0.005418658256530762,0.7449354748106704,0.7468349557784345,1.0,1.0,0.0
state,100,1,13,100,dice1.jpg,dice2.jpg,0.6696040630340576,0.7361395359039307,0.012043749913573265,0.011674349196255207,0.6822687055777059,0.6702212470077374,1.0,0.0,1.0
state,100,1,14,100,bandagetape1.jpg,bandagetape2.jpg,0.3480657637119293,0.7775751948356628,0.006770456209778786,0.01300332322716713,0.7363834717372736,0.6283244667510695,1.0,1.0,1.0
state,100,1,15,100,alligatorsk1.jpg,alligatorsk2.jpg,0.30646878480911255,0.26311999559402466,0.004957177676260471,0.004373873583972454,0.7479287625861839,0.7596918124759164,0.0,0.0,0.0
state,100,1,16,100,schoolbag1.JPG,schoolbag2.JPG,0.3360019326210022,0.3150782585144043,0.005061083938926458,0.0048442622646689415,0.7648818118563977,0.7511562556670077,0.0,0.0,1.0
state,100,1,17,100,redumbrella1.jpg,redumbrella2.jpg,0.4278300404548645,0.37676525115966797,0.006637198384851217,0.005889188032597303,0.746895082344592,0.7726248348198892,0.0,0.0,0.0
state,100,1,18,100,notebook1.jpg,notebook2.jpg,0.4386034905910492,0.458321750164032,0.007494114805012941,0.007002652157098055,0.6260537951727603,0.6787742903316203,1.0,0.0,0.0
state,100,1,19,100,twofingers1.JPG,twofingers2.JPG,0.32713955640792847,0.32000869512557983,0.004759159870445728,0.0046584284864366055,0.746735984443933,0.7490351491697655,0.0,0.0,0.0
state,100,1,20,100,seatbelt1.jpg,seatbelt2.jpg,0.25704458355903625,0.26592013239860535,0.0041536143980920315,0.004490580875426531,0.7391862505356445,0.7598263587407128,1.0,1.0,0.0
state,100,1,21,100,scales1.jpg,scales2.jpg,0.4200036823749542,0.4022485911846161,0.006331767421215773,0.006150251254439354,0.6745445004367373,0.6746664632861105,0.0,0.0,0.0
state,100,1,22,100,clipboard1.jpg,clipboard2.jpg,0.3184072971343994,0.33601632714271545,0.005753736011683941,0.006127538625150919,0.7517015780148464,0.7594655044055051,1.0,1.0,0.0
state,100,1,23,100,cookingpot1.JPG,cookingpot2.JPG,0.2810719311237335,0.28508812189102173,0.00430159131065011,0.0044036018662154675,0.7915695234409771,0.7844288587008761,1.0,1.0,1.0
state,100,1,24,100,mirror1.jpg,mirror2.jpg,0.24476832151412964,0.28814223408699036,0.004393864423036575,0.004910166375339031,0.7696719068249914,0.7662431631676946,1.0,1.0,1.0
state,100,1,25,100,cabinet1.jpg,cabinet2.jpg,0.35862869024276733,0.43308109045028687,0.005486652255058289,0.006905331742018461,0.7287108592572028,0.754369311772764,1.0,1.0,0.0
state,100,1,26,100,firetrucktoy1.jpg,firetrucktoy2.jpg,0.4506855309009552,0.40118318796157837,0.0057970574125647545,0.005115238018333912,0.7260028641922637,0.740408437449567,0.0,0.0,0.0
state,100,1,27,100,diapers1.jpg,diapers2.jpg,0.39255520701408386,0.35782986879348755,0.007046443875879049,0.006069958209991455,0.7348525541134193,0.6993641271439807,0.0,0.0,1.0
state,100,1,28,100,pumpkinpie1.jpg,pumpkinpie2.jpg,0.3499170243740082,0.33462801575660706,0.003808996407315135,0.0036669615656137466,0.6878520086562798,0.6978972587967452,0.0,0.0,0.0
state,100,1,29,100,tomato1.jpg,tomato2.jpg,0.501885175704956,0.504452109336853,0.006279675755649805,0.004349998198449612,0.7243903121805632,0.6301883294194679,1.0,0.0,1.0
state,100,1,30,100,biscuit1.jpg,biscuit2.jpg,0.4418609142303467,0.3537220358848572,0.00643647788092494,0.005682111252099276,0.7310483463899458,0.7155144309535441,0.0,0.0,1.0
state,100,1,31,100,iron1.jpg,iron2.jpg,0.5137759447097778,0.8032739162445068,0.008077651262283325,0.010744065046310425,0.698659566166232,0.6441234399871039,1.0,1.0,1.0
state,100,1,32,100,bagel1.JPG,bagel2.jpg,0.5177612900733948,0.4737766981124878,0.00643991818651557,0.005512277130037546,0.6504702957568163,0.7105163989709373,0.0,0.0,0.0
state,100,1,33,100,apples1.JPG,apples2.JPG,0.28639405965805054,0.3137950301170349,0.00351393292658031,0.0034444574266672134,0.7677670964433531,0.6712569988921085,1.0,0.0,1.0
state,100,1,34,100,tent1.jpg,tent2.jpg,0.348448783159256,0.48699599504470825,0.0046951728872954845,0.005968642421066761,0.7263193089207169,0.6966641464951125,1.0,1.0,1.0
state,100,1,35,100,antiquechest1.jpg,antiquechest2.jpg,0.28488999605178833,0.5204432606697083,0.004279020242393017,0.0075682890601456165,0.721514886530036,0.7026549250982687,1.0,1.0,1.0
state,100,1,36,100,redcabbage1.jpg,redcabbage2.jpg,0.3500276803970337,0.7628310918807983,0.004192807711660862,0.007453851401805878,0.704020519677136,0.48435275649596604,1.0,1.0,1.0
state,100,1,37,100,padlock1.jpg,padlock2.jpg,0.26981818675994873,0.35483425855636597,0.004259209148585796,0.00591269601136446,0.7518441341983191,0.7653082092572014,1.0,1.0,0.0
state,100,1,38,100,oldbook1.JPG,oldbook2.JPG,0.24733300507068634,0.3413953185081482,0.0037923010531812906,0.005003298167139292,0.7771033590662126,0.7539173857734669,1.0,1.0,1.0
state,100,1,39,100,servdis1.jpg,servdis2.jpg,0.32451921701431274,0.27269071340560913,0.004656507633626461,0.004706576932221651,0.7576683170227247,0.7538659847036931,0.0,1.0,1.0
state,100,1,40,100,waterbottle1.JPG,waterbottle2.JPG,0.41842690110206604,0.5037893652915955,0.0056651439517736435,0.006563480943441391,0.7495224288789593,0.7438607388879578,1.0,1.0,1.0
state,100,1,41,100,lunchbox1.jpg,lunchbox2.jpg,0.5071765184402466,0.4055323600769043,0.00572251295670867,0.004764900077134371,0.7563603907552183,0.7721814069999522,0.0,0.0,0.0
state,100,1,42,100,coffeemaker1.JPG,coffeemaker2.JPG,0.3013759255409241,0.3257105350494385,0.004634928423911333,0.0056939199566841125,0.7488607540568969,0.7545392600831673,1.0,1.0,0.0
state,100,1,43,100,purplecoffee1.jpg,purplecoffee2.jpg,0.8219985365867615,0.8696309328079224,0.015580934472382069,0.0165370125323534,0.7359981186154883,0.7076967034232089,1.0,1.0,1.0
state,100,1,44,100,redbox1.jpg,redbox2.jpg,0.31821519136428833,0.512198805809021,0.004584584850817919,0.006631216034293175,0.7338932834857326,0.7051003404624222,1.0,1.0,1.0
state,100,1,45,100,crayon1.jpg,crayon2.jpg,0.3863831162452698,0.38508543372154236,0.0049849748611450195,0.005172410514205694,0.8000793677002903,0.8127567501452672,0.0,1.0,0.0
state,100,1,46,100,napdisp1.jpg,napdisp2.jpg,0.34941744804382324,0.3386545777320862,0.007055388297885656,0.0069674341939389706,0.7611206572748261,0.7694370401853367,0.0,0.0,0.0
state,100,1,47,100,filebox1.jpg,filebox2.jpg,0.30242544412612915,0.311520516872406,0.004767601378262043,0.004754539113491774,0.7124593885077621,0.7259551445464494,1.0,0.0,0.0
state,100,1,48,100,scissors1.JPG,scissors2.JPG,0.3481164574623108,0.32014745473861694,0.005431625992059708,0.005106179043650627,0.7556587459511165,0.7733777000186454,0.0,0.0,0.0
state,100,1,49,100,container1.JPG,container2.JPG,0.5541930198669434,0.47489553689956665,0.007056132424622774,0.00608939491212368,0.7110203220985036,0.7303430649578958,0.0,0.0,0.0
state,100,1,50,100,abacus1.jpg,abacus2.jpg,1.773228645324707,1.7090396881103516,0.01633760891854763,0.015822017565369606,0.5302840526537465,0.5310402918077504,0.0,0.0,0.0
state,100,1,51,100,breadbox1.JPG,breadbox2.JPG,0.2735375463962555,0.3346935212612152,0.0042936368845403194,0.005467296577990055,0.7100317341675255,0.7251048474398585,1.0,1.0,0.0
state,100,1,52,100,carton1.jpg,carton2.jpg,0.6768990159034729,0.4929050803184509,0.01154360082000494,0.008659811690449715,0.7318785076030992,0.7650569097379841,0.0,0.0,0.0
state,100,1,53,100,donut1.jpg,donut2.jpg,0.3497055768966675,0.2771053612232208,0.004402453079819679,0.003913562279194593,0.704188473538314,0.750386025238125,0.0,0.0,0.0
state,100,1,54,100,scanner1.JPG,scanner2.JPG,0.3031690716743469,0.26757267117500305,0.005361772142350674,0.005158102605491877,0.7573731021285618,0.7583465089300745,0.0,0.0,0.0
state,100,1,55,100,banana1.jpg,banana2.jpg,0.294437438249588,0.32769447565078735,0.004369423724710941,0.004875063430517912,0.766146696709252,0.7200674171178307,1.0,1.0,1.0
state,100,1,56,100,basketofapples1.jpg,basketofapples2.jpg,0.48217111825942993,0.3523867726325989,0.006021253298968077,0.004843795672059059,0.6863046763207103,0.7582897990975777,0.0,0.0,0.0
state,100,1,57,100,containero1.jpg,containero2.jpg,0.3550383448600769,0.3218432366847992,0.004508526064455509,0.004893898032605648,0.7828491831854508,0.7684564394017347,0.0,1.0,1.0
state,100,1,58,100,theasea1.jpg,theasea2.jpg,0.4097837209701538,0.45397961139678955,0.005428349133580923,0.005715890787541866,0.7651495740548089,0.7535306928999942,1.0,1.0,1.0
state,100,1,59,100,dryer1.jpg,dryer2.jpg,0.49869924783706665,0.43423229455947876,0.009176990948617458,0.006850116420537233,0.7185595455590162,0.7406634166718056,0.0,0.0,0.0
state,100,1,60,100,garbagecans1.jpg,garbagecans2.jpg,0.2983089089393616,0.33104339241981506,0.004294681828469038,0.004974708892405033,0.7538175585326646,0.7517635206096814,1.0,1.0,1.0
state,100,1,61,100,telephone1.JPG,telephone2.JPG,0.4305917024612427,0.3351220488548279,0.007282961625605822,0.005818006116896868,0.7131866513587577,0.7181807730794235,0.0,0.0,0.0
state,100,1,62,100,metronome1.jpg,metronome2.JPG,0.366594135761261,0.2942514717578888,0.005414397455751896,0.0042472886852920055,0.7632323286111561,0.7560912622721392,0.0,0.0,1.0
state,100,1,63,100,bulletandca1.jpg,bulletandca2.jpg,0.3360518515110016,0.27693474292755127,0.0055833603255450726,0.0050469026900827885,0.7431609471565783,0.7882752491763911,0.0,0.0,0.0
state,100,1,64,100,toast1.jpg,toast2.jpg,0.4569011330604553,0.5215262174606323,0.007094325963407755,0.009459767490625381,0.6750453888497947,0.5724585220113624,1.0,1.0,1.0
state,100,1,65,100,antiquephone1.jpg,antiquephone2.jpg,0.31465521454811096,0.3110043406486511,0.00499005289748311,0.004908192437142134,0.7525341598973743,0.7317257674796446,0.0,0.0,1.0
state,100,1,66,100,groomingset1.jpg,groomingset2.jpg,0.29923775792121887,0.29032301902770996,0.004667907953262329,0.004410542082041502,0.7770485658927997,0.7450619212679691,0.0,0.0,1.0
state,100,1,67,100,laptop1.JPG,laptop2.JPG,0.703774631023407,0.9308464527130127,0.011444775387644768,0.01650235615670681,0.7197321204535794,0.6933550192406773,1.0,1.0,1.0
state,100,1,68,100,cantaloupe1.jpg,cantaloupe2.jpg,0.31267231702804565,0.5197697877883911,0.00393301248550415,0.0060056340880692005,0.7532308602966907,0.5547600188804037,1.0,1.0,1.0
state,100,1,69,100,accord1.jpg,accord2.jpg,0.45918771624565125,0.7082118988037109,0.006864197086542845,0.009570764377713203,0.6699770790865582,0.5937724900939496,1.0,1.0,1.0
state,100,1,70,100,bottle1.jpg,bottle2.jpg,0.2399558424949646,0.315165251493454,0.0039932201616466045,0.006004308816045523,0.7686439375444066,0.7680125117880842,1.0,1.0,1.0
state,100,1,71,100,giftbag1.jpg,giftbag2.jpg,0.2783103287220001,0.3308391571044922,0.003607633523643017,0.004035231191664934,0.7579614028969641,0.7489400991655405,1.0,1.0,1.0
state,100,1,72,100,eggplant1.jpg,eggplant2.jpg,0.28681883215904236,0.39743754267692566,0.004719668533653021,0.006066370289772749,0.7775631485250085,0.7086590047830311,1.0,1.0,1.0
state,100,1,73,100,player1.jpg,player2.jpg,0.5444509387016296,0.4709043800830841,0.009795906953513622,0.008192281238734722,0.7123320030588581,0.7528492569135725,0.0,0.0,0.0
state,100,1,74,100,racketball1.jpg,racketball2.jpg,0.4057920575141907,0.31033048033714294,0.0056924172677099705,0.004415195435285568,0.7296256794080962,0.7688169633250103,0.0,0.0,0.0
state,100,1,75,100,dresser1.JPG,dresser2.JPG,0.29393863677978516,0.4177649915218353,0.004142020363360643,0.005763123743236065,0.765886799871903,0.7070968594422306,1.0,1.0,1.0
state,100,1,76,100,briefcasece1.jpg,briefcasece2.jpg,0.3725464344024658,0.3339935541152954,0.004797732457518578,0.004739989526569843,0.7280506133102079,0.743272551619271,0.0,0.0,0.0
state,100,1,77,100,piggybank1.jpg,piggybank2.jpg,0.574486494064331,0.7615646123886108,0.011271199211478233,0.010549317114055157,0.7309910497193405,0.7628261795096087,1.0,0.0,0.0
state,100,1,78,100,cerobj1.jpg,cerobj2.jpg,0.36849966645240784,0.3331413269042969,0.005853001959621906,0.005289492197334766,0.730585190388355,0.7327526786978548,0.0,0.0,0.0
state,100,1,79,100,bread1.jpg,bread2.jpg,0.32292014360427856,0.301957905292511,0.00449444679543376,0.004074642434716225,0.7750841682745836,0.7711434985481225,0.0,0.0,1.0
state,100,1,80,100,apple1.jpg,apple2.jpg,0.871371865272522,0.8731520175933838,0.009265412576496601,0.009710192680358887,0.10359159699325309,0.17002864499326512,1.0,1.0,0.0
state,100,1,81,100,tiger1.jpg,tiger2.jpg,0.31844720244407654,0.6523904204368591,0.00510989548638463,0.010536624118685722,0.7312612304846419,0.711773790983902,1.0,1.0,1.0
state,100,1,82,100,dishes1.JPG,dishes2.JPG,0.3064342439174652,0.36393824219703674,0.004033478908240795,0.0039729345589876175,0.7423857430626595,0.7310141935240091,1.0,0.0,1.0
state,100,1,83,100,traffic1.jpg,traffic2.jpg,0.38361939787864685,0.5633757710456848,0.005701739341020584,0.008574887178838253,0.7455258449746838,0.7388709420259552,1.0,1.0,1.0
state,100,1,84,100,dough1.jpg,dough2.jpg,0.3713703453540802,0.459542840719223,0.005435590632259846,0.007324912119656801,0.7183485900258567,0.7474329272010564,1.0,1.0,0.0
state,100,1,85,100,briefcase1.JPG,briefcase2.JPG,0.28670454025268555,0.31926023960113525,0.004193356726318598,0.005348020698875189,0.7249868453510784,0.764024240213747,1.0,1.0,0.0
state,100,1,86,100,glassjuice1.JPG,glassjuice2.JPG,0.5166767239570618,0.6639187932014465,0.00900940503925085,0.009545722045004368,0.757711837244395,0.7190130491050245,1.0,1.0,1.0
state,100,1,87,100,barnmail1.jpg,barnmail2.jpg,0.3078949451446533,0.31776875257492065,0.00436415383592248,0.004364348948001862,0.7416897903244418,0.7585530144622963,1.0,1.0,0.0
state,100,1,88,100,coffeegrind1.jpg,coffeegrind2.jpg,0.30831432342529297,0.2546631693840027,0.005368607584387064,0.004262960981577635,0.7615515616503225,0.7584468057170899,0.0,0.0,1.0
state,100,1,89,100,toilet1.JPG,toilet2.JPG,0.4668056070804596,0.43582043051719666,0.007054680492728949,0.007158404681831598,0.742946927207501,0.7500462548840439,0.0,1.0,0.0
state,100,1,90,100,present1.jpg,present2.jpg,0.4034361243247986,0.42979899048805237,0.005561997182667255,0.0063511403277516365,0.7009769056120271,0.6646402097317591,1.0,1.0,1.0
state,100,1,91,100,handshake1.JPG,handshake2.JPG,0.3444643020629883,0.3158276379108429,0.005004658829420805,0.004486980848014355,0.6799522653017352,0.6763445495029807,0.0,0.0,1.0
state,100,1,92,100,ballofyarn1.jpg,ballofyarn2.jpg,0.2791280150413513,0.2889341413974762,0.00482867332175374,0.004654401447623968,0.75941672746303,0.7573404130169222,1.0,0.0,1.0
state,100,1,93,100,typewriter1.jpg,typewriter2.jpg,0.7922579646110535,0.992140531539917,0.011470071971416473,0.014078347943723202,0.7450819280100969,0.7404294228358799,1.0,1.0,1.0
state,100,1,94,100,belt1.jpg,belt2.jpg,0.29213011264801025,0.5154765248298645,0.004055000375956297,0.007866830565035343,0.7507571627745013,0.7313768129400193,1.0,1.0,1.0
state,100,1,95,100,accordion1.JPG,accordion2.JPG,0.37952807545661926,0.3473021984100342,0.004789145663380623,0.003940177615731955,0.7326366753123437,0.702129165119278,0.0,0.0,1.0
state,100,1,96,100,sweater1.jpg,sweater2.jpg,0.44028976559638977,0.3335595428943634,0.00718690687790513,0.005407209973782301,0.6934830319002432,0.6926823096571402,0.0,0.0,1.0
state,100,1,97,100,polarbear1.jpg,polarbear2.jpg,0.432760089635849,0.5286856889724731,0.005973425693809986,0.008502754382789135,0.6616780115045513,0.6980446691510207,1.0,1.0,0.0
state,100,1,98,100,boxcookies1.JPG,boxcookies2.JPG,0.3545684218406677,0.35823872685432434,0.005272026639431715,0.0057080695405602455,0.7363307069578485,0.7696567412704796,1.0,1.0,0.0
state,100,1,99,100,drum1.jpg,drum2.jpg,0.4590551257133484,0.683386504650116,0.005430195946246386,0.007770765572786331,0.7478453725306331,0.6918926812238635,1.0,1.0,1.0
state,100,1,100,100,waffleiron1.jpg,waffleiron2.jpg,0.24703428149223328,0.2604368329048157,0.003923711832612753,0.004470624960958958,0.7745986483251718,0.7663598815752154,1.0,1.0,1.0
state,1000,1,1,1000,accord1.jpg,accord2.jpg,0.3365098237991333,0.8478317260742188,0.005030338652431965,0.011457584798336029,0.7168895466206004,0.6627902547013537,1.0,1.0,1.0
state,1000,1,2,1000,bagel1.JPG,bagel2.jpg,0.27429482340812683,0.21273934841156006,0.0034116809256374836,0.002475170651450753,0.7335930169312064,0.7525218797302057,0.0,0.0,0.0
state,1000,1,3,1000,container1.JPG,container2.JPG,0.24857713282108307,0.23692123591899872,0.0031649500597268343,0.003037945833057165,0.7619940053656507,0.7674769700204829,0.0,0.0,0.0
state,1000,1,4,1000,accordion1.JPG,accordion2.JPG,0.3435361087322235,0.2202024757862091,0.004334974568337202,0.0024982187896966934,0.7652481787205347,0.7423926769508117,0.0,0.0,1.0
state,1000,1,5,1000,dough1.jpg,dough2.jpg,0.17268088459968567,0.22762054204940796,0.002527457196265459,0.003628171980381012,0.7448258353037321,0.766299603472638,1.0,1.0,0.0
state,1000,1,6,1000,rhinoceros1.jpg,rhinoceros2.jpg,0.21351617574691772,0.21743986010551453,0.0031142360530793667,0.003190193325281143,0.7160363686352115,0.7295084268347242,1.0,1.0,0.0
state,1000,1,7,1000,coffeegrind1.jpg,coffeegrind2.jpg,0.1496714949607849,0.13828019797801971,0.0026061958633363247,0.0023147559259086847,0.7947807027135227,0.7910232901402066,0.0,0.0,1.0
state,1000,1,8,1000,teacupplate1.jpg,teacupplate2.jpg,0.1918179988861084,0.15611334145069122,0.0024971356615424156,0.0021414204966276884,0.7319178640383904,0.7378137461850826,0.0,0.0,0.0
state,1000,1,9,1000,cerobj1.jpg,cerobj2.jpg,0.23655983805656433,0.1903008371591568,0.0037573580630123615,0.0030215249862521887,0.7769983425063784,0.7792372927749609,0.0,0.0,0.0
state,1000,1,10,1000,deepfryer1.jpg,deepfryer2.jpg,0.30727052688598633,0.43612200021743774,0.004537740722298622,0.008087869733572006,0.7156515964783727,0.7457714368280162,1.0,1.0,0.0
state,1000,1,11,1000,tiger1.jpg,tiger2.jpg,0.14731746912002563,0.24250254034996033,0.0023638985585421324,0.003916609100997448,0.8020929769700331,0.7528674715648344,1.0,1.0,1.0
state,1000,1,12,1000,egg1.jpg,egg2.jpg,0.15864038467407227,0.27398186922073364,0.0019349331269040704,0.003394167171791196,0.7385828001008615,0.746665727428801,1.0,1.0,0.0
state,1000,1,13,1000,seatbelt1.jpg,seatbelt2.jpg,0.14659826457500458,0.12972894310951233,0.002368898829445243,0.002190726576372981,0.7659361737895977,0.7874074794624977,0.0,0.0,0.0
state,1000,1,14,1000,racketball1.jpg,racketball2.jpg,0.2919299900531769,0.2289501428604126,0.004095169715583324,0.0032573649659752846,0.742035182505864,0.7924556687392129,0.0,0.0,0.0
state,1000,1,15,1000,sweater1.jpg,sweater2.jpg,0.24346551299095154,0.3008943498134613,0.003974119201302528,0.004877686500549316,0.7490383423327233,0.7421934802478531,1.0,1.0,1.0
state,1000,1,16,1000,player1.jpg,player2.jpg,0.28723645210266113,0.2042246013879776,0.005168035160750151,0.0035528773441910744,0.7770569134789067,0.7842955944008877,0.0,0.0,0.0
state,1000,1,17,1000,ballofyarn1.jpg,ballofyarn2.jpg,0.11692521721124649,0.12448665499687195,0.0020227052737027407,0.002005338901653886,0.8126490922081512,0.8081788439737455,1.0,0.0,1.0
state,1000,1,18,1000,antiquechest1.jpg,antiquechest2.jpg,0.24132898449897766,0.3105693757534027,0.0036247381940484047,0.004516301676630974,0.7339923005725305,0.6809809988887694,1.0,1.0,1.0
state,1000,1,19,1000,cheese1.JPG,cheese2.JPG,0.1681201308965683,0.17641854286193848,0.0035463410895317793,0.003454760415479541,0.7390553537126198,0.7597411586816357,1.0,0.0,0.0
state,1000,1,20,1000,banana1.jpg,banana2.jpg,0.17836320400238037,0.1558130979537964,0.002646893262863159,0.0023180090356618166,0.7929676720102291,0.7964185781788312,0.0,0.0,0.0
state,1000,1,21,1000,redbox1.jpg,redbox2.jpg,0.17280100286006927,0.18435323238372803,0.002489575883373618,0.00238674134016037,0.7635620057065687,0.747486086248549,1.0,0.0,1.0
state,1000,1,22,1000,bandagetape1.jpg,bandagetape2.jpg,0.188240647315979,0.3645142912864685,0.003661592723801732,0.00609574094414711,0.7768451805039758,0.731985432231971,1.0,1.0,1.0
state,1000,1,23,1000,barnmail1.jpg,barnmail2.jpg,0.2188662588596344,0.1569383442401886,0.0031022466719150543,0.002155447145923972,0.7059903677536656,0.7879666509537739,0.0,0.0,0.0
state,1000,1,24,1000,babytoy1.JPG,babytoy2.JPG,0.1619100123643875,0.18564686179161072,0.0018527585780248046,0.0020713666453957558,0.7877024265762648,0.7801324824309596,1.0,1.0,1.0
state,1000,1,25,1000,bottle1.jpg,bottle2.jpg,0.09969663619995117,0.1159990131855011,0.0016590995946899056,0.002209932543337345,0.7936163491846552,0.7980189982120321,1.0,1.0,0.0
state,1000,1,26,1000,crayon1.jpg,crayon2.jpg,0.25331345200538635,0.25119850039482117,0.003268158296123147,0.003374061081558466,0.7916341833873988,0.7848091585873861,0.0,1.0,1.0
state,1000,1,27,1000,clipboard1.jpg,clipboard2.jpg,0.15777859091758728,0.16584961116313934,0.002851116703823209,0.0030244062654674053,0.7957007147632915,0.802347476367887,1.0,1.0,0.0
state,1000,1,28,1000,twofingers1.JPG,twofingers2.JPG,0.1301787942647934,0.13715101778507233,0.0018938146531581879,0.0019965339452028275,0.7385833250405983,0.7645704248971903,1.0,1.0,0.0
state,1000,1,29,1000,padlock1.jpg,padlock2.jpg,0.1517038643360138,0.2733337879180908,0.002394717885181308,0.00455463258549571,0.7999432655108,0.8102793000182762,1.0,1.0,0.0
state,1000,1,30,1000,lunchbox1.jpg,lunchbox2.jpg,0.24097539484500885,0.16154007613658905,0.0027189445681869984,0.0018980540335178375,0.7696252235262451,0.7687071038221537,0.0,0.0,1.0
state,1000,1,31,1000,dishes1.JPG,dishes2.JPG,0.17385528981685638,0.212052121758461,0.0022883920464664698,0.0023148683831095695,0.7870629812016168,0.7856774120811817,1.0,1.0,1.0
state,1000,1,32,1000,carton1.jpg,carton2.jpg,0.2922700345516205,0.29820603132247925,0.004984271712601185,0.005239158868789673,0.7653536565684097,0.7698862155980772,1.0,1.0,0.0
state,1000,1,33,1000,garbagecans1.jpg,garbagecans2.jpg,0.15273872017860413,0.1567429155111313,0.002198942704126239,0.002355432603508234,0.7764022319143501,0.772217630882126,1.0,1.0,1.0
state,1000,1,34,1000,eggplant1.jpg,eggplant2.jpg,0.1361788660287857,0.1554124355316162,0.002240853849798441,0.002372169867157936,0.8017410504249354,0.777587195295775,1.0,1.0,1.0
state,1000,1,35,1000,belt1.jpg,belt2.jpg,0.1741001456975937,0.14492544531822205,0.0024166496004909277,0.002211747458204627,0.7727181135899337,0.7761932859199893,0.0,0.0,0.0
state,1000,1,36,1000,containero1.jpg,containero2.jpg,0.19177290797233582,0.19913175702095032,0.0024352669715881348,0.003027966246008873,0.7876173053978908,0.7964348766997874,1.0,1.0,0.0
state,1000,1,37,1000,alligatorsk1.jpg,alligatorsk2.jpg,0.22522833943367004,0.18422695994377136,0.0036431013140827417,0.0030624258797615767,0.7835241522524907,0.793022372274859,0.0,0.0,0.0
state,1000,1,38,1000,glassjuice1.JPG,glassjuice2.JPG,0.2870573401451111,0.3304319679737091,0.005005481652915478,0.004750899970531464,0.8024436900762928,0.796552405403525,1.0,0.0,1.0
state,1000,1,39,1000,cabinet1.jpg,cabinet2.jpg,0.19979213178157806,0.1787843108177185,0.0030566153582185507,0.0028506554663181305,0.7612803979409041,0.766398977010495,0.0,0.0,0.0
state,1000,1,40,1000,abacus1.jpg,abacus2.jpg,0.7105845212936401,0.6904887557029724,0.006546957418322563,0.0063924347050487995,0.5396716173662409,0.5906805846618761,0.0,0.0,0.0
state,1000,1,41,1000,handshake1.JPG,handshake2.JPG,0.2056693732738495,0.15421536564826965,0.0029881326481699944,0.0021909463685005903,0.7072071478739952,0.6990540300309734,0.0,0.0,1.0
state,1000,1,42,1000,bulletandca1.jpg,bulletandca2.jpg,0.14972645044326782,0.11622880399227142,0.0024876422248780727,0.002118172124028206,0.7786800035919621,0.8004270388058807,0.0,0.0,0.0
state,1000,1,43,1000,toilet1.JPG,toilet2.JPG,0.22911077737808228,0.16911515593528748,0.0034624761901795864,0.0027777375653386116,0.7833047823720641,0.7954030564393589,0.0,0.0,0.0
state,1000,1,44,1000,breadbox1.JPG,breadbox2.JPG,0.19637389481067657,0.19248968362808228,0.003082422073930502,0.00314436387270689,0.7304066353270203,0.7248679106746876,0.0,1.0,1.0
state,1000,1,45,1000,polarbear1.jpg,polarbear2.jpg,0.2887840270996094,0.36488211154937744,0.003986111376434565,0.005868331994861364,0.7231233031715246,0.7174180666547126,1.0,1.0,1.0
state,1000,1,46,1000,piggybank1.jpg,piggybank2.jpg,0.23469355702400208,0.2826457619667053,0.004604595247656107,0.003915254957973957,0.7225543009535454,0.7673100343019057,1.0,0.0,0.0
state,1000,1,47,1000,pumpkinpie1.jpg,pumpkinpie2.jpg,0.18354037404060364,0.19256886839866638,0.0019979155622422695,0.0021102316677570343,0.7568915656580064,0.755914063380377,1.0,1.0,1.0
state,1000,1,48,1000,briefcasece1.jpg,briefcasece2.jpg,0.2562011480331421,0.16709107160568237,0.003299413248896599,0.002371333073824644,0.7761054056721395,0.7615304021659758,0.0,0.0,1.0
state,1000,1,49,1000,traffic1.jpg,traffic2.jpg,0.12616664171218872,0.14039146900177002,0.0018752161413431168,0.0021368348971009254,0.7952492581293504,0.7958833321118421,1.0,1.0,0.0
state,1000,1,50,1000,typewriter1.jpg,typewriter2.jpg,0.45218777656555176,0.4624706506729126,0.00654663797467947,0.006562399677932262,0.7546190422163901,0.7611983351844113,1.0,1.0,0.0
state,1000,1,51,1000,schoolbag1.JPG,schoolbag2.JPG,0.15583299100399017,0.151626318693161,0.0023472600150853395,0.0023312228731811047,0.7867257351945511,0.7697388561670129,0.0,0.0,1.0
state,1000,1,52,1000,drum1.jpg,drum2.jpg,0.28510674834251404,0.430733323097229,0.0033725479152053595,0.004897854290902615,0.7532324580742277,0.7478499119735941,1.0,1.0,1.0
state,1000,1,53,1000,oldbook1.JPG,oldbook2.JPG,0.09757400304079056,0.15700232982635498,0.0014960800763219595,0.0023009381256997585,0.7954335243157045,0.7739076613921937,1.0,1.0,1.0
state,1000,1,54,1000,patiota1.jpg,patiota2.jpg,0.1807570904493332,0.161300390958786,0.00298677827231586,0.002536567859351635,0.7842533222447046,0.8071643903030241,0.0,0.0,0.0
state,1000,1,55,1000,briefcase1.JPG,briefcase2.JPG,0.20553836226463318,0.1962183117866516,0.003006215672940016,0.0032869097776710987,0.7759843493899771,0.7882580920279658,0.0,1.0,0.0
state,1000,1,56,1000,groomingset1.jpg,groomingset2.jpg,0.17882570624351501,0.16174587607383728,0.0027895609382539988,0.0024572182446718216,0.8033839392481061,0.7811792133009939,0.0,0.0,1.0
state,1000,1,57,1000,scissors1.JPG,scissors2.JPG,0.1469312608242035,0.14113807678222656,0.002292553661391139,0.0022510760463774204,0.805767728832553,0.8031410121856072,0.0,0.0,1.0
state,1000,1,58,1000,mirror1.jpg,mirror2.jpg,0.09789547324180603,0.15892525017261505,0.0017573329387232661,0.002708208980038762,0.7895514947116689,0.7907045891231209,1.0,1.0,0.0
state,1000,1,59,1000,giftbag1.jpg,giftbag2.jpg,0.1281617283821106,0.12409739196300507,0.0016613129992038012,0.0015136105939745903,0.7828973772928243,0.7869263114046147,0.0,0.0,0.0
state,1000,1,60,1000,dresser1.JPG,dresser2.JPG,0.25610271096229553,0.23684263229370117,0.0036088572815060616,0.003267275635153055,0.7716127137726839,0.7599340136971454,0.0,0.0,1.0
state,1000,1,61,1000,laptop1.JPG,laptop2.JPG,0.596508264541626,0.5681232213973999,0.0097004109993577,0.010071877390146255,0.7058366329696917,0.7194061261087408,0.0,1.0,0.0
state,1000,1,62,1000,present1.jpg,present2.jpg,0.21855072677135468,0.585818350315094,0.0030130629893392324,0.008656638674438,0.7548500604879036,0.7291918182548134,1.0,1.0,1.0
state,1000,1,63,1000,filebox1.jpg,filebox2.jpg,0.16694283485412598,0.15605854988098145,0.0026317788287997246,0.0023818223271518946,0.7580292697237893,0.7535448120932531,0.0,0.0,1.0
state,1000,1,64,1000,books1.JPG,books2.JPG,0.15906894207000732,0.20599408447742462,0.0027355425991117954,0.00353170745074749,0.7740572040051027,0.7608058244698027,1.0,1.0,1.0
state,1000,1,65,1000,antiquephone1.jpg,antiquephone2.jpg,0.17176911234855652,0.1859692633152008,0.0027240514755249023,0.0029349203687161207,0.8015470138785157,0.7858711961427264,1.0,1.0,1.0
state,1000,1,66,1000,boxcookies1.JPG,boxcookies2.JPG,0.2234320044517517,0.20602670311927795,0.003322178265079856,0.0032827681861817837,0.7605966089061544,0.7859653705033642,0.0,0.0,0.0
state,1000,1,67,1000,bread1.jpg,bread2.jpg,0.19872111082077026,0.228683203458786,0.002765827812254429,0.003085867967456579,0.8023807976200734,0.8080125251003967,1.0,1.0,0.0
state,1000,1,68,1000,napdisp1.jpg,napdisp2.jpg,0.16027776896953583,0.15409588813781738,0.0032363063655793667,0.0031703482381999493,0.781901941550856,0.7850643555369462,0.0,0.0,0.0
state,1000,1,69,1000,purplecoffee1.jpg,purplecoffee2.jpg,0.34738796949386597,0.3335425853729248,0.006584718823432922,0.006342688109725714,0.7534162355904318,0.7265084033827779,0.0,0.0,1.0
state,1000,1,70,1000,basketofpeppers1.jpg,basketofpeppers2.jpg,0.30669042468070984,0.23776952922344208,0.003963742405176163,0.0030561683233827353,0.7567300683984031,0.7856209065027903,0.0,0.0,0.0
state,1000,1,71,1000,coffeemaker1.JPG,coffeemaker2.JPG,0.18943291902542114,0.16275188326835632,0.002913331612944603,0.002845152746886015,0.7965368597850123,0.7902955269213812,0.0,0.0,1.0
state,1000,1,72,1000,tent1.jpg,tent2.jpg,0.16338515281677246,0.1826951801776886,0.002201532945036888,0.0022391194943338633,0.778508094136775,0.7687748735002767,1.0,1.0,1.0
state,1000,1,73,1000,metronome1.jpg,metronome2.JPG,0.19350607693195343,0.1390465497970581,0.0028579803183674812,0.0020070276223123074,0.800974242644229,0.7968407522128532,0.0,0.0,1.0
state,1000,1,74,1000,diapers1.jpg,diapers2.jpg,0.23141160607337952,0.15097612142562866,0.00415388448163867,0.0025610460434108973,0.7737849064603408,0.7699376013213987,0.0,0.0,1.0
state,1000,1,75,1000,apples1.JPG,apples2.JPG,0.12382744997739792,0.1724708378314972,0.0015193099388852715,0.001893173553980887,0.7840821154528617,0.7537105115943497,1.0,1.0,1.0
state,1000,1,76,1000,biscuit1.jpg,biscuit2.jpg,0.2206515520811081,0.2007080465555191,0.00321417604573071,0.003224128857254982,0.7373627025782321,0.7561693392916007,0.0,1.0,0.0
state,1000,1,77,1000,basketofapples1.jpg,basketofapples2.jpg,0.23501163721084595,0.15428437292575836,0.0029347767122089863,0.002120743505656719,0.7678495701914048,0.7953418700497966,0.0,0.0,0.0
state,1000,1,78,1000,pie1.JPG,pie2.JPG,0.2597309350967407,0.2993679642677307,0.003537931479513645,0.004247238393872976,0.7501375781145964,0.7425650095829178,1.0,1.0,1.0
state,1000,1,79,1000,telephone1.JPG,telephone2.JPG,0.25367236137390137,0.16183611750602722,0.004290575161576271,0.002809613710269332,0.7806051737840981,0.7667404931887657,0.0,0.0,1.0
state,1000,1,80,1000,scales1.jpg,scales2.jpg,0.3494390845298767,0.3263224959373474,0.005267970729619265,0.004989365581423044,0.7781885355778158,0.7755272877962192,0.0,0.0,1.0
state,1000,1,81,1000,dishwash1.jpg,dishwash2.jpg,0.16308347880840302,0.20688365399837494,0.002345625776797533,0.003408905118703842,0.7862622087853609,0.7647713783215808,1.0,1.0,1.0
state,1000,1,82,1000,firetrucktoy1.jpg,firetrucktoy2.jpg,0.23270416259765625,0.18451610207557678,0.0029932165052741766,0.0023526502773165703,0.7716315239552146,0.7948880754422832,0.0,0.0,0.0
state,1000,1,83,1000,whitebox1.jpg,whitebox2.jpg,0.1896732896566391,0.12947696447372437,0.003746537957340479,0.0025569614954292774,0.7713480538869742,0.7797299935155034,0.0,0.0,0.0
state,1000,1,84,1000,cookingpot1.JPG,cookingpot2.JPG,0.123326376080513,0.13180536031723022,0.0018874160014092922,0.0020359258633106947,0.8053190554887658,0.8004527282669159,1.0,1.0,1.0
state,1000,1,85,1000,toast1.jpg,toast2.jpg,0.33986151218414307,0.4232235252857208,0.005277046002447605,0.007676692213863134,0.6791359838214861,0.6427574607230019,1.0,1.0,1.0
state,1000,1,86,1000,servdis1.jpg,servdis2.jpg,0.20403021574020386,0.21637830138206482,0.0029276178684085608,0.0037346379831433296,0.7862885512998363,0.7746668721512014,1.0,1.0,1.0
state,1000,1,87,1000,redcabbage1.jpg,redcabbage2.jpg,0.25738808512687683,0.422883003950119,0.003083124291151762,0.004132116679102182,0.7332590362884046,0.6655130165392389,1.0,1.0,1.0
state,1000,1,88,1000,apple1.jpg,apple2.jpg,0.35210397839546204,0.41671222448349,0.003743968205526471,0.004634194541722536,0.710425463051113,0.573987085727145,1.0,1.0,1.0
state,1000,1,89,1000,notebook1.jpg,notebook2.jpg,0.44135352969169617,0.3537103533744812,0.007541102822870016,0.005404305178672075,0.7066432483229175,0.7457106351454118,0.0,0.0,0.0
state,1000,1,90,1000,waterbottle1.JPG,waterbottle2.JPG,0.1637182980775833,0.1814916580915451,0.0022166064009070396,0.0023645139299333096,0.7832260985378227,0.7732414541435814,1.0,1.0,1.0
state,1000,1,91,1000,cantaloupe1.jpg,cantaloupe2.jpg,0.11732231080532074,0.2514120936393738,0.0014757625758647919,0.0029049189761281013,0.7897790767868021,0.7551612137282471,1.0,1.0,1.0
state,1000,1,92,1000,waffleiron1.jpg,waffleiron2.jpg,0.1862746775150299,0.1728798747062683,0.0029586507007479668,0.0029676335398107767,0.8023728541220788,0.7971441352691319,0.0,1.0,1.0
state,1000,1,93,1000,scanner1.JPG,scanner2.JPG,0.14604546129703522,0.11157940328121185,0.002582923509180546,0.0021509595680981874,0.7979163071122919,0.7965315403020867,0.0,0.0,1.0
state,1000,1,94,1000,donut1.jpg,donut2.jpg,0.23313376307487488,0.16980619728565216,0.0029349271208047867,0.0023981749545782804,0.709898340382688,0.7508411641471624,0.0,0.0,0.0
state,1000,1,95,1000,tomato1.jpg,tomato2.jpg,0.21047455072402954,0.35465148091316223,0.00263349455781281,0.0030582353938370943,0.7760486194470106,0.7013551612253793,1.0,1.0,1.0
state,1000,1,96,1000,redumbrella1.jpg,redumbrella2.jpg,0.27851760387420654,0.1505318284034729,0.004320819862186909,0.002352951094508171,0.8019051739130643,0.8082080066556528,0.0,0.0,0.0
state,1000,1,97,1000,theasea1.jpg,theasea2.jpg,0.27035975456237793,0.2432040572166443,0.003581418888643384,0.0030620929319411516,0.7752286405174106,0.767958852647106,0.0,0.0,1.0
state,1000,1,98,1000,dryer1.jpg,dryer2.jpg,0.2473721206188202,0.18761450052261353,0.004552105907350779,0.00295966281555593,0.7654477163542287,0.7799613567550922,0.0,0.0,0.0
state,1000,1,99,1000,iron1.jpg,iron2.jpg,0.2300037145614624,0.452850341796875,0.003616147907450795,0.006057029124349356,0.7614706723627555,0.7564475620634954,1.0,1.0,1.0
state,1000,1,100,1000,dice1.jpg,dice2.jpg,0.2584761679172516,0.39204081892967224,0.00464904960244894,0.006217328365892172,0.7314539332715769,0.6933395319555073,1.0,1.0,1.0
