run_index,seed,trial_index,unique_study_items,study_presentations,target_name,foil_name,category,target_choice_index,foil_choice_index,old_grad_raw,foil_grad_raw,old_grad_ratio,foil_grad_ratio,old_linear_score,foil_linear_score,raw_grad_accuracy,ratio_grad_accuracy,linear_probe_accuracy
1,13,1,12,24,00456_drink::exemplar_0,00456_drink::exemplar_1,00456_drink,1,0,0.6275755763053894,1.0884373188018799,0.00820919033139944,0.011219880543649197,0.6681337209670151,0.13104926901336636,1.0,1.0,1.0
1,13,2,12,24,00076_basket::exemplar_0,00076_basket::exemplar_1,00076_basket,1,0,0.6391701698303223,0.8833408355712891,0.007964272983372211,0.009100178256630898,0.5201319560793202,0.07950328706519824,1.0,1.0,1.0
1,13,3,12,24,00435_doily::exemplar_0,00435_doily::exemplar_1,00435_doily,0,1,0.6146501302719116,1.1561259031295776,0.00833080429583788,0.012113154865801334,0.4840498880173537,0.5031158693398248,1.0,1.0,0.0
1,13,4,12,24,00133_blowgun::exemplar_0,00133_blowgun::exemplar_1,00133_blowgun,0,1,0.366284042596817,0.6240578889846802,0.006522133946418762,0.008799154311418533,0.6903987641762488,0.3205753470604817,1.0,1.0,1.0
1,13,5,12,24,00334_coffee_table::exemplar_0,00334_coffee_table::exemplar_1,00334_coffee_table,0,1,0.4337924122810364,0.49218374490737915,0.00959864817559719,0.0086289681494236,0.6591762049313848,0.6131249628107105,1.0,0.0,1.0
1,13,6,12,24,00096_beard::exemplar_0,00096_beard::exemplar_1,00096_beard,1,0,0.5989229679107666,0.6496676206588745,0.012213210575282574,0.009569957852363586,0.528929696711217,0.5150486719940922,1.0,0.0,1.0
1,13,7,12,24,00411_dart::exemplar_0,00411_dart::exemplar_1,00411_dart,1,0,0.47309887409210205,0.7038362622261047,0.008517258800566196,0.007065290119498968,0.5907936933712427,0.5387811988154098,1.0,0.0,1.0
1,13,8,12,24,00149_bookshelf::exemplar_0,00149_bookshelf::exemplar_1,00149_bookshelf,1,0,0.4586259722709656,1.1017801761627197,0.006732976995408535,0.013898256234824657,0.5737543048836202,0.3420531510738521,1.0,1.0,1.0
1,13,9,12,24,00119_biscuit::exemplar_0,00119_biscuit::exemplar_1,00119_biscuit,1,0,0.454078733921051,0.6064498424530029,0.012370524927973747,0.011486361734569073,0.6009663459857106,0.43585654790858935,1.0,0.0,1.0
1,13,10,12,24,00351_cooker::exemplar_0,00351_cooker::exemplar_1,00351_cooker,1,0,0.5120868682861328,0.552466094493866,0.008597793988883495,0.00867542251944542,0.63257538772353,0.6245175683729598,1.0,1.0,1.0
1,13,11,12,24,00342_combination_lock::exemplar_0,00342_combination_lock::exemplar_1,00342_combination_lock,1,0,0.8531602025032043,0.5729109048843384,0.014454816468060017,0.011450184509158134,0.6321079256432911,0.6039482135191477,0.0,0.0,1.0
1,13,12,12,24,00466_dumpster::exemplar_0,00466_dumpster::exemplar_1,00466_dumpster,1,0,0.3802826404571533,0.8548030257225037,0.005044526420533657,0.011518223211169243,0.6194760910293308,0.42946463105473315,1.0,1.0,1.0
2,14,1,12,24,00360_corkboard::exemplar_0,00360_corkboard::exemplar_1,00360_corkboard,1,0,0.5223504900932312,0.6028959155082703,0.01678631268441677,0.014032342471182346,0.6276725912705549,0.6141737992245385,1.0,0.0,1.0
2,14,2,12,24,00139_bobsled::exemplar_0,00139_bobsled::exemplar_1,00139_bobsled,0,1,0.5572398900985718,0.63322913646698,0.005177725106477737,0.007979691959917545,0.49432805718215966,0.5608751697469865,1.0,1.0,0.0
2,14,3,12,24,00131_blower::exemplar_0,00131_blower::exemplar_1,00131_blower,1,0,0.6763581037521362,0.8436571359634399,0.007204971741884947,0.009787717834115028,0.6638713783345456,0.28345269334168427,1.0,1.0,1.0
2,14,4,12,24,00055_baklava::exemplar_0,00055_baklava::exemplar_1,00055_baklava,0,1,0.5237104296684265,0.6385889053344727,0.0069479066878557205,0.008525094017386436,0.6244804901588812,0.5100766668793725,1.0,1.0,1.0
2,14,5,12,24,00482_elbow::exemplar_0,00482_elbow::exemplar_1,00482_elbow,1,0,0.44394028186798096,0.506630539894104,0.008567063137888908,0.009028795175254345,0.5561830857962703,0.5545136581649803,1.0,1.0,1.0
2,14,6,12,24,00387_cross::exemplar_0,00387_cross::exemplar_1,00387_cross,1,0,0.4528859257698059,0.8280670642852783,0.009345700964331627,0.01550734881311655,0.6469082614955214,0.4859477167646479,1.0,1.0,1.0
2,14,7,12,24,00270_chandelier::exemplar_0,00270_chandelier::exemplar_1,00270_chandelier,0,1,0.4802243411540985,0.49705272912979126,0.0057210433296859264,0.008944694884121418,0.6026669265820329,0.6539645316521451,1.0,1.0,0.0
2,14,8,12,24,00377_cracker::exemplar_0,00377_cracker::exemplar_1,00377_cracker,1,0,0.5235572457313538,0.6830625534057617,0.00892422441393137,0.011907617561519146,0.5747048768744244,0.45764325326894784,1.0,1.0,1.0
2,14,9,12,24,00334_coffee_table::exemplar_0,00334_coffee_table::exemplar_1,00334_coffee_table,0,1,0.4410563111305237,0.6393319368362427,0.009759378619492054,0.011208770796656609,0.612640497881352,0.4964031653593421,1.0,1.0,1.0
2,14,10,12,24,00127_blinder::exemplar_0,00127_blinder::exemplar_1,00127_blinder,0,1,0.4467255771160126,0.6896587610244751,0.005049923434853554,0.013796232640743256,0.652231442291431,0.5640358277562847,1.0,1.0,1.0
2,14,11,12,24,00316_clock::exemplar_0,00316_clock::exemplar_1,00316_clock,0,1,0.573506772518158,0.5079680681228638,0.005995884537696838,0.010355981066823006,0.6019869974885362,0.6152241778577657,0.0,1.0,0.0
2,14,12,12,24,00150_boomerang::exemplar_0,00150_boomerang::exemplar_1,00150_boomerang,1,0,0.43901240825653076,0.4509177505970001,0.0073857735842466354,0.00827404297888279,0.6207215347023906,0.64014044315,1.0,1.0,0.0
3,15,1,12,24,00495_eyeliner::exemplar_0,00495_eyeliner::exemplar_1,00495_eyeliner,0,1,0.6180083751678467,0.622403621673584,0.01184092741459608,0.01049082726240158,0.5202204634649941,0.5879173219594023,1.0,0.0,0.0
3,15,2,12,24,00009_airboat::exemplar_0,00009_airboat::exemplar_1,00009_airboat,1,0,0.4494060277938843,0.6465245485305786,0.006468235515058041,0.010609288699924946,0.6526264130903475,0.5539737732742824,1.0,1.0,1.0
3,15,3,12,24,00468_dustpan::exemplar_0,00468_dustpan::exemplar_1,00468_dustpan,0,1,0.4632487893104553,0.647577702999115,0.00637704785913229,0.009952818974852562,0.7016919516275295,0.576987551948633,1.0,1.0,1.0
3,15,4,12,24,00377_cracker::exemplar_0,00377_cracker::exemplar_1,00377_cracker,0,1,0.7427740097045898,0.7674695253372192,0.012660853564739227,0.013379057869315147,0.5746530630289736,0.4009003713403533,1.0,1.0,1.0
3,15,5,12,24,00081_bathmat::exemplar_0,00081_bathmat::exemplar_1,00081_bathmat,0,1,0.48073816299438477,0.7824376821517944,0.008623912930488586,0.015832945704460144,0.624222782413765,0.582404166455733,1.0,1.0,1.0
3,15,6,12,24,00123_blazer::exemplar_0,00123_blazer::exemplar_1,00123_blazer,0,1,0.42948758602142334,0.8479964733123779,0.00686392467468977,0.015598710626363754,0.6408820043809998,0.5804916177785279,1.0,1.0,1.0
3,15,7,12,24,00451_drain::exemplar_0,00451_drain::exemplar_1,00451_drain,1,0,0.4695573151111603,1.0527381896972656,0.013324080035090446,0.018625954166054726,0.6149940661721681,0.542222858604495,1.0,1.0,1.0
3,15,8,12,24,00107_belt::exemplar_0,00107_belt::exemplar_1,00107_belt,0,1,0.4076782464981079,0.859397828578949,0.006225180812180042,0.013019205071032047,0.6791173628394047,0.4829389353891221,1.0,1.0,1.0
3,15,9,12,24,00267_chalk::exemplar_0,00267_chalk::exemplar_1,00267_chalk,1,0,0.5380638837814331,0.9008134007453918,0.0065293144434690475,0.012404690496623516,0.6102336119266132,0.5267451563072897,1.0,1.0,1.0
3,15,10,12,24,00019_ambulance::exemplar_0,00019_ambulance::exemplar_1,00019_ambulance,1,0,0.4275663495063782,1.8875129222869873,0.0056151472963392735,0.024259744212031364,0.6718569525413993,0.26399147851611443,1.0,1.0,1.0
3,15,11,12,24,00006_air_mattress::exemplar_0,00006_air_mattress::exemplar_1,00006_air_mattress,0,1,0.43229347467422485,0.9556344151496887,0.010549595579504967,0.018041210249066353,0.6405232341292967,0.5358664879204504,1.0,1.0,1.0
3,15,12,12,24,00029_apple::exemplar_0,00029_apple::exemplar_1,00029_apple,0,1,0.4736775755882263,0.9769856929779053,0.0079541290178895,0.00887568760663271,0.6478720645034497,0.44071062732262206,1.0,1.0,1.0
4,16,1,12,24,00003_accordion::exemplar_0,00003_accordion::exemplar_1,00003_accordion,1,0,3.3973348140716553,2.28145170211792,0.038400936871767044,0.03513495251536369,0.29418458353519994,0.5354631428793466,0.0,0.0,0.0
4,16,2,12,24,00438_dolly::exemplar_0,00438_dolly::exemplar_1,00438_dolly,0,1,0.35617244243621826,0.45417189598083496,0.007557156961411238,0.006668472196906805,0.6533428050522269,0.5584008268707901,1.0,0.0,1.0
4,16,3,12,24,00210_cake::exemplar_0,00210_cake::exemplar_1,00210_cake,1,0,0.6430813074111938,0.9049034714698792,0.006730266381055117,0.01034171786159277,0.535758433228832,0.5428884300836944,1.0,1.0,0.0
4,16,4,12,24,00117_birdcage::exemplar_0,00117_birdcage::exemplar_1,00117_birdcage,1,0,0.7544736266136169,0.8299944400787354,0.01597152091562748,0.013942001387476921,0.6139032776504227,0.6878708704448653,1.0,0.0,0.0
4,16,5,12,24,00241_caramel::exemplar_0,00241_caramel::exemplar_1,00241_caramel,1,0,0.4463156461715698,1.3490805625915527,0.008648385293781757,0.01556764543056488,0.6389372262693466,0.40050693162762047,1.0,1.0,1.0
4,16,6,12,24,00229_cane::exemplar_0,00229_cane::exemplar_1,00229_cane,0,1,0.44609013199806213,0.820805549621582,0.009345277212560177,0.0204464104026556,0.6367158127687783,0.5066747848310827,1.0,1.0,1.0
4,16,7,12,24,00247_carriage::exemplar_0,00247_carriage::exemplar_1,00247_carriage,0,1,0.9986664652824402,1.2363924980163574,0.011474763974547386,0.0160356555134058,0.6242025091760921,0.5633795878423241,1.0,1.0,1.0
4,16,8,12,24,00365_cornmeal::exemplar_0,00365_cornmeal::exemplar_1,00365_cornmeal,1,0,0.6519755125045776,2.076573133468628,0.0145567636936903,0.03092474304139614,0.6200381269282701,0.479925407341475,1.0,1.0,1.0
4,16,9,12,24,00186_bubble_wrap::exemplar_0,00186_bubble_wrap::exemplar_1,00186_bubble_wrap,0,1,0.6853256821632385,0.8620550632476807,0.007956176996231079,0.017331287264823914,0.5394720607807075,0.40513922605745045,1.0,1.0,1.0
4,16,10,12,24,00337_coin::exemplar_0,00337_coin::exemplar_1,00337_coin,0,1,0.5031960606575012,1.4591128826141357,0.006973233539611101,0.019391894340515137,0.6275376130869671,0.36470821800283354,1.0,1.0,1.0
4,16,11,12,24,00146_bonsai::exemplar_0,00146_bonsai::exemplar_1,00146_bonsai,0,1,0.35809165239334106,0.6449285745620728,0.0064721181988716125,0.009208264760673046,0.6684124220506505,0.4966013699149342,1.0,1.0,1.0
4,16,12,12,24,00214_calf2::exemplar_0,00214_calf2::exemplar_1,00214_calf2,0,1,0.42711934447288513,0.6161953210830688,0.008974235504865646,0.010219304822385311,0.6246844689096724,0.6208184494816108,1.0,1.0,1.0
5,17,1,12,24,00393_crutch::exemplar_0,00393_crutch::exemplar_1,00393_crutch,1,0,0.5814390182495117,0.5483859777450562,0.010295812040567398,0.009705355390906334,0.6272552667888681,0.6281556094831291,0.0,0.0,0.0
5,17,2,12,24,00362_corn::exemplar_0,00362_corn::exemplar_1,00362_corn,1,0,1.804903507232666,1.097718596458435,0.018268965184688568,0.012253266759216785,0.6585600299684159,0.30038582265442215,0.0,0.0,1.0
5,17,3,12,24,00277_cheesecake::exemplar_0,00277_cheesecake::exemplar_1,00277_cheesecake,1,0,0.48413464426994324,0.705909252166748,0.008020575158298016,0.010333308018743992,0.6044913226099444,0.5807030785346345,1.0,1.0,1.0
5,17,4,12,24,00414_deer::exemplar_0,00414_deer::exemplar_1,00414_deer,0,1,0.49841418862342834,0.8819830417633057,0.007936504669487476,0.013607964850962162,0.5499756028721188,0.33667116302883077,1.0,1.0,1.0
5,17,5,12,24,00149_bookshelf::exemplar_0,00149_bookshelf::exemplar_1,00149_bookshelf,1,0,0.5197654366493225,0.8957905769348145,0.007630550768226385,0.011299828998744488,0.5106791488014897,0.3169237106102952,1.0,1.0,1.0
5,17,6,12,24,00188_buckle::exemplar_0,00188_buckle::exemplar_1,00188_buckle,0,1,0.7816718816757202,0.7761859893798828,0.012936310842633247,0.013588753528892994,0.6125729220774294,0.6386553421037915,0.0,1.0,0.0
5,17,7,12,24,00090_bead::exemplar_0,00090_bead::exemplar_1,00090_bead,1,0,0.7557908296585083,0.7448017001152039,0.010006914846599102,0.0089274225756526,0.5515425371742887,0.27527695044186085,0.0,0.0,1.0
5,17,8,12,24,00156_bow2::exemplar_0,00156_bow2::exemplar_1,00156_bow2,0,1,0.4367694854736328,0.5457202792167664,0.009929616935551167,0.012825769372284412,0.5989496457722998,0.6344795697258571,1.0,1.0,0.0
5,17,9,12,24,00268_chalkboard::exemplar_0,00268_chalkboard::exemplar_1,00268_chalkboard,1,0,0.4302656054496765,0.5502634644508362,0.010691358707845211,0.012301563285291195,0.6188199407689623,0.4235211781673968,1.0,1.0,1.0
5,17,10,12,24,00213_calf1::exemplar_0,00213_calf1::exemplar_1,00213_calf1,1,0,0.5278090238571167,0.6566926836967468,0.007765143644064665,0.009620633907616138,0.5165135954362878,0.4991229160287211,1.0,1.0,1.0
5,17,11,12,24,00492_eye::exemplar_0,00492_eye::exemplar_1,00492_eye,1,0,0.41164299845695496,0.6679772734642029,0.007922560907900333,0.010069961659610271,0.6311477114231122,0.5919361305292743,1.0,1.0,1.0
5,17,12,12,24,00361_corkscrew::exemplar_0,00361_corkscrew::exemplar_1,00361_corkscrew,1,0,0.37793946266174316,0.4008723795413971,0.007578453980386257,0.008777128532528877,0.6627721988218516,0.6236125657482521,1.0,1.0,1.0
6,18,1,12,24,00063_bandanna::exemplar_0,00063_bandanna::exemplar_1,00063_bandanna,1,0,0.45822110772132874,0.5098268389701843,0.00544413086026907,0.008535685017704964,0.6285771096449414,0.6041148536300587,1.0,1.0,1.0
6,18,2,12,24,00251_casserole::exemplar_0,00251_casserole::exemplar_1,00251_casserole,1,0,0.6686691641807556,0.7246992588043213,0.011527483351528645,0.009663674980401993,0.5973660310779839,0.45312064224676873,1.0,0.0,1.0
6,18,3,12,24,00322_clove::exemplar_0,00322_clove::exemplar_1,00322_clove,0,1,0.4317360818386078,0.6321102380752563,0.005924190394580364,0.005878883879631758,0.5468048329675902,0.41361355365885455,1.0,0.0,1.0
6,18,4,12,24,00102_beer::exemplar_0,00102_beer::exemplar_1,00102_beer,0,1,0.6913933753967285,0.8608870506286621,0.007268154062330723,0.009041136130690575,0.5368710250007372,0.6042366809929465,1.0,1.0,0.0
6,18,5,12,24,00093_beanbag::exemplar_0,00093_beanbag::exemplar_1,00093_beanbag,1,0,0.37825119495391846,0.5355643630027771,0.008598198182880878,0.009895045310258865,0.628822660761889,0.40233843864066754,1.0,1.0,1.0
6,18,6,12,24,00123_blazer::exemplar_0,00123_blazer::exemplar_1,00123_blazer,1,0,0.399067759513855,0.8191088438034058,0.006377765443176031,0.015067328698933125,0.6405186506449305,0.5853210025291166,1.0,1.0,1.0
6,18,7,12,24,00339_collar::exemplar_0,00339_collar::exemplar_1,00339_collar,0,1,0.41314923763275146,0.47188255190849304,0.0070453668013215065,0.006892806850373745,0.6800628529734362,0.5522704769390818,1.0,0.0,1.0
6,18,8,12,24,00230_canister::exemplar_0,00230_canister::exemplar_1,00230_canister,1,0,0.5543968677520752,0.7865877747535706,0.010695619508624077,0.01404382474720478,0.587858505874947,0.5274962517736587,1.0,1.0,1.0
6,18,9,12,24,00253_catapult::exemplar_0,00253_catapult::exemplar_1,00253_catapult,1,0,0.4649606943130493,1.0021958351135254,0.006340648513287306,0.011160645633935928,0.5873724815670899,0.47222683325417325,1.0,1.0,1.0
6,18,10,12,24,00094_beanie::exemplar_0,00094_beanie::exemplar_1,00094_beanie,1,0,0.5803351998329163,0.8569499254226685,0.011169012635946274,0.012467154301702976,0.6103107756469954,0.4403233794525247,1.0,1.0,1.0
6,18,11,12,24,00172_branch::exemplar_0,00172_branch::exemplar_1,00172_branch,0,1,0.4249746799468994,0.6058237552642822,0.00787271186709404,0.006243349984288216,0.5442374722665562,0.47339878229113935,1.0,0.0,1.0
6,18,12,12,24,00488_eraser::exemplar_0,00488_eraser::exemplar_1,00488_eraser,0,1,0.39649727940559387,0.5187221765518188,0.008036751300096512,0.012829753570258617,0.6091150528097898,0.5330279265082116,1.0,1.0,1.0
7,19,1,12,24,00062_bandage::exemplar_0,00062_bandage::exemplar_1,00062_bandage,1,0,0.4112688899040222,0.8397958278656006,0.009789283387362957,0.013378777541220188,0.653251186438165,0.3971256252244825,1.0,1.0,1.0
7,19,2,12,24,00103_beet::exemplar_0,00103_beet::exemplar_1,00103_beet,0,1,0.5829834342002869,0.6294774413108826,0.006095607299357653,0.007310759741812944,0.6167985061826335,0.6481773526937652,1.0,1.0,0.0
7,19,3,12,24,00347_computer_screen::exemplar_0,00347_computer_screen::exemplar_1,00347_computer_screen,1,0,0.8671115636825562,0.8063057661056519,0.012969895265996456,0.011207165196537971,0.5835483842188323,0.5509453926332769,0.0,0.0,1.0
7,19,4,12,24,00202_butterfly::exemplar_0,00202_butterfly::exemplar_1,00202_butterfly,1,0,1.0715363025665283,1.333580493927002,0.011908742599189281,0.0130850188434124,0.4814397184185636,0.37638373480311205,1.0,1.0,1.0
7,19,5,12,24,00262_centrifuge::exemplar_0,00262_centrifuge::exemplar_1,00262_centrifuge,1,0,0.8994002342224121,0.9663434028625488,0.014321493916213512,0.014831781387329102,0.6195038770187518,0.5831205997506873,1.0,1.0,1.0
7,19,6,12,24,00459_duck::exemplar_0,00459_duck::exemplar_1,00459_duck,0,1,0.5535274147987366,0.6054814457893372,0.010187013074755669,0.008491993881762028,0.5833592590581261,0.6044624399235831,1.0,0.0,0.0
7,19,7,12,24,00271_charcoal::exemplar_0,00271_charcoal::exemplar_1,00271_charcoal,0,1,0.4149511754512787,0.5434749126434326,0.007638770155608654,0.00833874847739935,0.6115012980074287,0.5476256802056719,1.0,1.0,1.0
7,19,8,12,24,00023_anklet::exemplar_0,00023_anklet::exemplar_1,00023_anklet,1,0,0.4302166700363159,0.5361301302909851,0.009087546728551388,0.00872996635735035,0.5926448414637007,0.5413659550468095,1.0,0.0,1.0
7,19,9,12,24,00267_chalk::exemplar_0,00267_chalk::exemplar_1,00267_chalk,0,1,0.5615910291671753,0.8964119553565979,0.006814812310039997,0.01234408002346754,0.6210184003469417,0.5613068721114938,1.0,1.0,1.0
7,19,10,12,24,00149_bookshelf::exemplar_0,00149_bookshelf::exemplar_1,00149_bookshelf,0,1,0.4531899392604828,1.1017980575561523,0.006653171963989735,0.013898482546210289,0.5817114661550731,0.3524182679297125,1.0,1.0,1.0
7,19,11,12,24,00402_curb::exemplar_0,00402_curb::exemplar_1,00402_curb,0,1,0.39929288625717163,0.5692005157470703,0.007786955218762159,0.011370783671736717,0.6263934678827211,0.5541322030134633,1.0,1.0,1.0
7,19,12,12,24,00178_briefcase::exemplar_0,00178_briefcase::exemplar_1,00178_briefcase,1,0,0.3634989261627197,0.4623189866542816,0.006370627786964178,0.00814871583133936,0.6893476261301504,0.6640685239150107,1.0,1.0,1.0
8,20,1,12,24,00393_crutch::exemplar_0,00393_crutch::exemplar_1,00393_crutch,1,0,0.7202883362770081,0.6076972484588623,0.012754482217133045,0.010755048133432865,0.6322829653260995,0.6347978063275072,0.0,0.0,0.0
8,20,2,12,24,00435_doily::exemplar_0,00435_doily::exemplar_1,00435_doily,0,1,0.9145605564117432,1.6301138401031494,0.012395709753036499,0.017079299315810204,0.5401228825589784,0.40031002169457003,1.0,1.0,1.0
8,20,3,12,24,00134_blueberry::exemplar_0,00134_blueberry::exemplar_1,00134_blueberry,0,1,1.582294225692749,0.9517415761947632,0.014883013442158699,0.010434984229505062,0.22605019395862147,0.49472653913813386,0.0,0.0,0.0
8,20,4,12,24,00371_cotton_candy::exemplar_0,00371_cotton_candy::exemplar_1,00371_cotton_candy,0,1,1.0996768474578857,0.614732563495636,0.014227397739887238,0.008565203286707401,0.4547393611923775,0.5555601484491299,0.0,0.0,0.0
8,20,5,12,24,00052_bag::exemplar_0,00052_bag::exemplar_1,00052_bag,1,0,0.5670301914215088,0.5251968502998352,0.00809518899768591,0.007216054946184158,0.58590227036211,0.6320677931436423,0.0,0.0,0.0
8,20,6,12,24,00346_computer::exemplar_0,00346_computer::exemplar_1,00346_computer,0,1,0.9915232062339783,0.8420777916908264,0.011929724365472794,0.013099799863994122,0.7304802573053415,0.6970158680566073,0.0,1.0,1.0
8,20,7,12,24,00403_curling_iron::exemplar_0,00403_curling_iron::exemplar_1,00403_curling_iron,0,1,0.5813198685646057,0.5750066637992859,0.012866201810538769,0.015004917979240417,0.6244934709108959,0.5675183555815224,0.0,1.0,1.0
8,20,8,12,24,00078_bassinet::exemplar_0,00078_bassinet::exemplar_1,00078_bassinet,1,0,0.43029752373695374,0.48951125144958496,0.009675422683358192,0.008231125771999359,0.6406918203458208,0.621739398325679,1.0,0.0,1.0
8,20,9,12,24,00464_dumbwaiter::exemplar_0,00464_dumbwaiter::exemplar_1,00464_dumbwaiter,1,0,0.49250662326812744,0.47895878553390503,0.007489823270589113,0.010424183681607246,0.6270386344762016,0.6792068428325974,0.0,1.0,0.0
8,20,10,12,24,00352_cookie_cutter::exemplar_0,00352_cookie_cutter::exemplar_1,00352_cookie_cutter,0,1,0.5624750852584839,0.5894027352333069,0.009124552831053734,0.009076626971364021,0.5379791921212864,0.6150420319749726,1.0,0.0,0.0
8,20,11,12,24,00326_coat_rack::exemplar_0,00326_coat_rack::exemplar_1,00326_coat_rack,0,1,0.4013408124446869,0.4081503748893738,0.006700515281409025,0.008037112653255463,0.6588774447064543,0.6562486757106183,1.0,1.0,1.0
8,20,12,12,24,00451_drain::exemplar_0,00451_drain::exemplar_1,00451_drain,1,0,0.3931940197944641,1.2008579969406128,0.011157208122313023,0.021246617659926414,0.6177842516889869,0.4916268239803158,1.0,1.0,1.0
9,21,1,12,24,00145_bongo::exemplar_0,00145_bongo::exemplar_1,00145_bongo,0,1,0.586205780506134,1.0191972255706787,0.007877053692936897,0.014198411256074905,0.6037382794199437,0.48779663473404733,1.0,1.0,1.0
9,21,2,12,24,00215_calzone::exemplar_0,00215_calzone::exemplar_1,00215_calzone,1,0,0.5776240229606628,0.5307825207710266,0.009733089245855808,0.007437069434672594,0.5524894901094011,0.5368801342157659,0.0,0.0,1.0
9,21,3,12,24,00111_bikini::exemplar_0,00111_bikini::exemplar_1,00111_bikini,0,1,1.0964748859405518,0.7782759666442871,0.018747663125395775,0.011442414484918118,0.5276372160157435,0.5978676451242935,0.0,0.0,0.0
9,21,4,12,24,00414_deer::exemplar_0,00414_deer::exemplar_1,00414_deer,0,1,0.7141956686973572,1.2110681533813477,0.011372502893209457,0.018685363233089447,0.43248455013047027,0.28159174429700284,1.0,1.0,1.0
9,21,5,12,24,00246_carousel::exemplar_0,00246_carousel::exemplar_1,00246_carousel,0,1,0.47725921869277954,0.6687612533569336,0.004651069175451994,0.007575781550258398,0.5500298173564292,0.6016403030040657,1.0,1.0,0.0
9,21,6,12,24,00085_baton2::exemplar_0,00085_baton2::exemplar_1,00085_baton2,1,0,0.5258982181549072,0.5629537105560303,0.008114037103950977,0.012483085505664349,0.4930370062389228,0.5361021325151909,1.0,1.0,0.0
9,21,7,12,24,00432_dog::exemplar_0,00432_dog::exemplar_1,00432_dog,1,0,0.5724592208862305,0.9129363298416138,0.01009063795208931,0.010885863564908504,0.6264320380345434,0.3486376427382014,1.0,1.0,1.0
9,21,8,12,24,00326_coat_rack::exemplar_0,00326_coat_rack::exemplar_1,00326_coat_rack,1,0,0.3950119614601135,0.3922384977340698,0.006594853010028601,0.0077237836085259914,0.5851835028461077,0.637207605548749,0.0,1.0,0.0
9,21,9,12,24,00244_cardigan::exemplar_0,00244_cardigan::exemplar_1,00244_cardigan,1,0,0.4176607131958008,0.951915979385376,0.005011375993490219,0.017686931416392326,0.6457849831369324,0.4798531126609926,1.0,1.0,1.0
9,21,10,12,24,00494_eyedropper::exemplar_0,00494_eyedropper::exemplar_1,00494_eyedropper,0,1,0.5494682788848877,0.544808030128479,0.005352759268134832,0.014434597454965115,0.641957080704912,0.5746189297179798,0.0,1.0,1.0
9,21,11,12,24,00354_cooler::exemplar_0,00354_cooler::exemplar_1,00354_cooler,0,1,0.38372209668159485,1.0538805723190308,0.005445743910968304,0.014284222386777401,0.6906896241630033,0.5755572429854354,1.0,1.0,1.0
9,21,12,12,24,00406_cushion::exemplar_0,00406_cushion::exemplar_1,00406_cushion,0,1,0.37840181589126587,0.5067636370658875,0.009470540098845959,0.008418924175202847,0.6482049217708559,0.6107488522333139,1.0,0.0,1.0
10,22,1,12,24,00334_coffee_table::exemplar_0,00334_coffee_table::exemplar_1,00334_coffee_table,1,0,0.48770880699157715,0.572272777557373,0.010791671462357044,0.01003308966755867,0.6385080740262673,0.5363352086371636,1.0,0.0,1.0
10,22,2,12,24,00095_bear::exemplar_0,00095_bear::exemplar_1,00095_bear,0,1,3.5055196285247803,2.780081272125244,0.06122732162475586,0.038595594465732574,0.5780093487129526,0.5791290910900986,0.0,0.0,0.0
10,22,3,12,24,00229_cane::exemplar_0,00229_cane::exemplar_1,00229_cane,0,1,0.4678671658039093,1.0641286373138428,0.009801491163671017,0.026507630944252014,0.6443328890048278,0.5099983298276988,1.0,1.0,1.0
10,22,4,12,24,00062_bandage::exemplar_0,00062_bandage::exemplar_1,00062_bandage,0,1,0.4217510223388672,1.1173702478408813,0.010038785636425018,0.017800811678171158,0.6888318740936485,0.41734334694443465,1.0,1.0,1.0
10,22,5,12,24,00379_crane::exemplar_0,00379_crane::exemplar_1,00379_crane,0,1,0.4124847650527954,0.6497119069099426,0.0070044901221990585,0.012225163169205189,0.6265442314504794,0.451400830864198,1.0,1.0,1.0
10,22,6,12,24,00360_corkboard::exemplar_0,00360_corkboard::exemplar_1,00360_corkboard,0,1,0.448286771774292,0.5609571933746338,0.014406193047761917,0.013056223280727863,0.6538226826815118,0.6367986159839701,1.0,0.0,1.0
10,22,7,12,24,00072_barrel::exemplar_0,00072_barrel::exemplar_1,00072_barrel,1,0,0.6490200161933899,0.6501761674880981,0.007313575129956007,0.010919072665274143,0.4963696797519977,0.6062473093532161,1.0,1.0,0.0
10,22,8,12,24,00491_extinguisher::exemplar_0,00491_extinguisher::exemplar_1,00491_extinguisher,1,0,0.4258075952529907,2.2654709815979004,0.006026982329785824,0.024794859811663628,0.6312044193267784,0.5167627309175699,1.0,1.0,1.0
10,22,9,12,24,00013_almond::exemplar_0,00013_almond::exemplar_1,00013_almond,1,0,0.5455749034881592,0.8865754008293152,0.005337489303201437,0.009043644182384014,0.5252890780319365,0.4176965560088267,1.0,1.0,1.0
10,22,10,12,24,00125_blimp::exemplar_0,00125_blimp::exemplar_1,00125_blimp,1,0,0.5024089217185974,0.9283734560012817,0.009589261375367641,0.01325242966413498,0.5745619004945867,0.5544271744425416,1.0,1.0,1.0
10,22,11,12,24,00465_dumpling::exemplar_0,00465_dumpling::exemplar_1,00465_dumpling,0,1,0.43630102276802063,0.5454063415527344,0.006696314550936222,0.009415538050234318,0.545742490112679,0.523486357328683,1.0,1.0,1.0
10,22,12,12,24,00314_clipper2::exemplar_0,00314_clipper2::exemplar_1,00314_clipper2,0,1,0.36342012882232666,0.48376011848449707,0.0071584442630410194,0.008218314498662949,0.6863535143257257,0.5491924035826932,1.0,1.0,1.0
11,23,1,12,24,00009_airboat::exemplar_0,00009_airboat::exemplar_1,00009_airboat,0,1,0.4196147918701172,0.5747182369232178,0.006039454601705074,0.009430967271327972,0.6864479043988361,0.5834901556349982,1.0,1.0,1.0
11,23,2,12,24,00158_bowl::exemplar_0,00158_bowl::exemplar_1,00158_bowl,1,0,0.5189325213432312,0.7092025876045227,0.011252888478338718,0.013288276270031929,0.6121364818800032,0.5821888655647336,1.0,1.0,1.0
11,23,3,12,24,00217_camel::exemplar_0,00217_camel::exemplar_1,00217_camel,0,1,0.5191279053688049,0.6344625949859619,0.008876869454979897,0.008458956144750118,0.6072551567912222,0.5352238026898967,1.0,0.0,1.0
11,23,4,12,24,00043_awning::exemplar_0,00043_awning::exemplar_1,00043_awning,1,0,0.5819408893585205,0.8352733850479126,0.006228408310562372,0.01110189501196146,0.5815686091016696,0.526450027961518,1.0,1.0,1.0
11,23,5,12,24,00400_cummerbund::exemplar_0,00400_cummerbund::exemplar_1,00400_cummerbund,1,0,0.502280592918396,1.9279241561889648,0.007789936847984791,0.03393184393644333,0.6280861674615207,0.5633139074303145,1.0,1.0,1.0
11,23,6,12,24,00474_easel::exemplar_0,00474_easel::exemplar_1,00474_easel,0,1,0.46351584792137146,0.6462705731391907,0.00979476235806942,0.011166335083544254,0.6354575765948353,0.5834863253929944,1.0,1.0,1.0
11,23,7,12,24,00195_bungee::exemplar_0,00195_bungee::exemplar_1,00195_bungee,0,1,0.8572739958763123,0.6241201758384705,0.01009854581207037,0.008546704426407814,0.516785650382753,0.5888725032164153,0.0,0.0,0.0
11,23,8,12,24,00457_drumstick::exemplar_0,00457_drumstick::exemplar_1,00457_drumstick,1,0,0.490622341632843,0.7411968111991882,0.010595370084047318,0.012597452849149704,0.6330005005525494,0.48289926265051486,1.0,1.0,1.0
11,23,9,12,24,00149_bookshelf::exemplar_0,00149_bookshelf::exemplar_1,00149_bookshelf,1,0,0.4588741660118103,1.0482532978057861,0.006736620794981718,0.013223049230873585,0.5583648076648704,0.32640152159723895,1.0,1.0,1.0
11,23,10,12,24,00486_engine::exemplar_0,00486_engine::exemplar_1,00486_engine,1,0,0.563373327255249,0.7089066505432129,0.006569479126483202,0.007377828471362591,0.6139133781461609,0.6135227403134679,1.0,1.0,1.0
11,23,11,12,24,00425_dirt_bike::exemplar_0,00425_dirt_bike::exemplar_1,00425_dirt_bike,1,0,0.4091363549232483,0.8916616439819336,0.005110827274620533,0.008075796067714691,0.6500912312759988,0.38904080230493576,1.0,1.0,1.0
11,23,12,12,24,00304_cigarette_butt::exemplar_0,00304_cigarette_butt::exemplar_1,00304_cigarette_butt,1,0,0.41094058752059937,1.1751974821090698,0.007301966659724712,0.01807391084730625,0.5949266320021241,0.5544165233801676,1.0,1.0,1.0
12,24,1,12,24,00197_buoy::exemplar_0,00197_buoy::exemplar_1,00197_buoy,1,0,0.4381004571914673,1.3816497325897217,0.009431715123355389,0.025291981175541878,0.5747838738501861,0.19735205971613892,1.0,1.0,1.0
12,24,2,12,24,00086_baton3::exemplar_0,00086_baton3::exemplar_1,00086_baton3,1,0,0.5010848045349121,0.9928309917449951,0.008380173705518246,0.018259704113006592,0.6175758498249913,0.5436848011919136,1.0,1.0,1.0
12,24,3,12,24,00350_container::exemplar_0,00350_container::exemplar_1,00350_container,0,1,0.5803123116493225,1.2186118364334106,0.008299928158521652,0.016446547582745552,0.5629486606737741,0.4117647761084865,1.0,1.0,1.0
12,24,4,12,24,00344_compass::exemplar_0,00344_compass::exemplar_1,00344_compass,0,1,0.9837483167648315,1.3517637252807617,0.010526061058044434,0.019013606011867523,5.444893073884325e-05,2.3467905209810017e-05,1.0,1.0,1.0
12,24,5,12,24,00087_battery::exemplar_0,00087_battery::exemplar_1,00087_battery,1,0,0.43904513120651245,0.8601101636886597,0.008458316326141357,0.010071366094052792,0.57412493367389,0.5637219324218392,1.0,1.0,1.0
12,24,6,12,24,00112_bin::exemplar_0,00112_bin::exemplar_1,00112_bin,0,1,0.6470473408699036,0.9123243689537048,0.00676069175824523,0.014182157814502716,0.5826717848652908,0.5865551951263269,1.0,1.0,0.0
12,24,7,12,24,00299_christmas_card::exemplar_0,00299_christmas_card::exemplar_1,00299_christmas_card,1,0,0.45614105463027954,0.9656931757926941,0.005257276352494955,0.015578575432300568,0.5872599194147787,0.6146803304556131,1.0,1.0,0.0
12,24,8,12,24,00100_bee::exemplar_0,00100_bee::exemplar_1,00100_bee,1,0,0.655676007270813,0.719890832901001,0.007331869099289179,0.009272078983485699,0.4808921956812646,0.44301546838085026,1.0,1.0,1.0
12,24,9,12,24,00365_cornmeal::exemplar_0,00365_cornmeal::exemplar_1,00365_cornmeal,0,1,0.5734370350837708,2.428182601928711,0.012803222052752972,0.03616097941994667,0.5365753226034282,0.4783618395589644,1.0,1.0,1.0
12,24,10,12,24,00094_beanie::exemplar_0,00094_beanie::exemplar_1,00094_beanie,0,1,0.4772900938987732,0.7387980222702026,0.00918582733720541,0.010748246684670448,0.586765817485213,0.4499655818707665,1.0,1.0,1.0
12,24,11,12,24,00430_diskette::exemplar_0,00430_diskette::exemplar_1,00430_diskette,0,1,0.4702863097190857,0.6847994327545166,0.00934901274740696,0.01093880832195282,0.45244984788610093,0.6214809192073175,1.0,1.0,0.0
12,24,12,12,24,00047_backgammon::exemplar_0,00047_backgammon::exemplar_1,00047_backgammon,1,0,0.36561113595962524,0.4699746370315552,0.004778677597641945,0.0064705670811235905,0.6262997007820835,0.6257825614442565,1.0,1.0,1.0
13,25,1,12,24,00110_bib::exemplar_0,00110_bib::exemplar_1,00110_bib,1,0,0.46122610569000244,1.5040889978408813,0.009807837195694447,0.022571958601474762,0.6434990578362616,0.6466077358601806,1.0,1.0,0.0
13,25,2,12,24,00432_dog::exemplar_0,00432_dog::exemplar_1,00432_dog,0,1,0.6940517425537109,1.1516412496566772,0.012233927845954895,0.0137321837246418,0.6051150083596429,0.3494589211800427,1.0,1.0,1.0
13,25,3,12,24,00475_easter_egg::exemplar_0,00475_easter_egg::exemplar_1,00475_easter_egg,0,1,1.0682930946350098,0.8925289511680603,0.011722682975232601,0.010217283852398396,0.4720369086908721,0.5455054883658338,0.0,0.0,0.0
13,25,4,12,24,00447_doorknocker::exemplar_0,00447_doorknocker::exemplar_1,00447_doorknocker,0,1,0.6082596778869629,0.47488802671432495,0.01031467504799366,0.008999688550829887,0.5271041100335638,0.5502351356067948,0.0,0.0,0.0
13,25,5,12,24,00157_bow3::exemplar_0,00157_bow3::exemplar_1,00157_bow3,0,1,0.7013725638389587,1.1434228420257568,0.008072550408542156,0.014645187184214592,0.6217146294651905,0.4973942638848079,1.0,1.0,1.0
13,25,6,12,24,00243_cardboard::exemplar_0,00243_cardboard::exemplar_1,00243_cardboard,1,0,0.46256542205810547,4.328211307525635,0.009812514297664165,0.05703235790133476,0.6627615140301953,0.11185000400782477,1.0,1.0,1.0
13,25,7,12,24,00326_coat_rack::exemplar_0,00326_coat_rack::exemplar_1,00326_coat_rack,1,0,0.39433249831199646,0.3795132637023926,0.006583509035408497,0.0074732038192451,0.6352223467266928,0.624766468562716,0.0,1.0,1.0
13,25,8,12,24,00394_crystal1::exemplar_0,00394_crystal1::exemplar_1,00394_crystal1,0,1,0.40934014320373535,0.7161418199539185,0.007932372391223907,0.01372581534087658,0.6434521673508625,0.6270065299965526,1.0,1.0,1.0
13,25,9,12,24,00477_egg_roll::exemplar_0,00477_egg_roll::exemplar_1,00477_egg_roll,1,0,0.4790002107620239,0.9280863404273987,0.006512833293527365,0.012625486589968204,0.5615279678790963,0.5296857113390094,1.0,1.0,1.0
13,25,10,12,24,00022_ankle::exemplar_0,00022_ankle::exemplar_1,00022_ankle,0,1,0.4064188599586487,0.40674057602882385,0.00827823020517826,0.011148066259920597,0.6773694240568146,0.6212819269717418,1.0,1.0,1.0
13,25,11,12,24,00194_bumper::exemplar_0,00194_bumper::exemplar_1,00194_bumper,0,1,0.3886982202529907,0.6538941264152527,0.0063082086853682995,0.007999232038855553,0.589504551013873,0.5632444379410699,1.0,1.0,1.0
13,25,12,12,24,00008_airbag::exemplar_0,00008_airbag::exemplar_1,00008_airbag,0,1,0.32540732622146606,0.4705604910850525,0.004551901016384363,0.008235938847064972,0.6661577590550973,0.6338466124262674,1.0,1.0,1.0
14,26,1,12,24,00106_bell_pepper::exemplar_0,00106_bell_pepper::exemplar_1,00106_bell_pepper,1,0,0.7842549085617065,0.6679749488830566,0.005912060383707285,0.009400999173521996,0.47152890195240954,0.5976345634911832,0.0,1.0,0.0
14,26,2,12,24,00398_cucumber::exemplar_0,00398_cucumber::exemplar_1,00398_cucumber,1,0,2.2777774333953857,3.711599826812744,0.032000645995140076,0.03009924292564392,0.6928386132569739,0.5850090725622236,1.0,0.0,1.0
14,26,3,12,24,00487_envelope::exemplar_0,00487_envelope::exemplar_1,00487_envelope,0,1,0.5134015083312988,0.6079086065292358,0.01016196422278881,0.011992672458291054,0.6022305028601985,0.5698554685301289,1.0,1.0,1.0
14,26,4,12,24,00308_clam::exemplar_0,00308_clam::exemplar_1,00308_clam,1,0,0.5261496305465698,0.5912700891494751,0.008584222756326199,0.008008001372218132,0.5524279591804566,0.6134639029289976,1.0,0.0,0.0
14,26,5,12,24,00465_dumpling::exemplar_0,00465_dumpling::exemplar_1,00465_dumpling,0,1,0.43731871247291565,0.544123113155365,0.006711933761835098,0.00939338468015194,0.5868681811203827,0.5269394993538266,1.0,1.0,1.0
14,26,6,12,24,00338_coleslaw::exemplar_0,00338_coleslaw::exemplar_1,00338_coleslaw,0,1,0.5350430011749268,0.7476802468299866,0.011323858052492142,0.014532680623233318,0.5315370979335147,0.3654835963801002,1.0,1.0,1.0
14,26,7,12,24,00222_can::exemplar_0,00222_can::exemplar_1,00222_can,1,0,1.0141398906707764,1.3183863162994385,0.01211608201265335,0.01545299869030714,0.5339682435888793,0.3888986896062952,1.0,1.0,1.0
14,26,8,12,24,00104_beetle::exemplar_0,00104_beetle::exemplar_1,00104_beetle,1,0,0.5585445761680603,0.5476175546646118,0.010045012459158897,0.007672687992453575,0.5485252478825123,0.5409643185897481,0.0,0.0,1.0
14,26,9,12,24,00030_apple_tree::exemplar_0,00030_apple_tree::exemplar_1,00030_apple_tree,1,0,0.6604594588279724,0.8277419805526733,0.008601995185017586,0.008920987136662006,0.5771320174772573,0.4661086902729628,1.0,1.0,1.0
14,26,10,12,24,00066_banner::exemplar_0,00066_banner::exemplar_1,00066_banner,0,1,0.6367929577827454,0.717184841632843,0.0069054653868079185,0.013135570101439953,0.6107006947316711,0.44261902298095496,1.0,1.0,1.0
14,26,11,12,24,00383_crayon::exemplar_0,00383_crayon::exemplar_1,00383_crayon,1,0,0.7870458364486694,1.072554588317871,0.0066838557831943035,0.010183083824813366,0.6330050552788237,0.5541477242524053,1.0,1.0,1.0
14,26,12,12,24,00279_chess_piece::exemplar_0,00279_chess_piece::exemplar_1,00279_chess_piece,0,1,0.4754347801208496,0.6329514384269714,0.005396827589720488,0.012329157441854477,0.6087292147500515,0.4625053335847219,1.0,1.0,1.0
15,27,1,12,24,00131_blower::exemplar_0,00131_blower::exemplar_1,00131_blower,1,0,0.616986095905304,0.7169697284698486,0.006572505459189415,0.008317949250340462,0.5964645258937925,0.4696858646354749,1.0,1.0,1.0
15,27,2,12,24,00423_dice::exemplar_0,00423_dice::exemplar_1,00423_dice,0,1,0.9164714813232422,1.8149131536483765,0.009415363892912865,0.017519688233733177,0.36279822685009455,0.11788190639194186,1.0,1.0,1.0
15,27,3,12,24,00038_artichoke::exemplar_0,00038_artichoke::exemplar_1,00038_artichoke,0,1,0.8696288466453552,0.8965435028076172,0.008832649327814579,0.011547672562301159,0.3299362751590712,0.3797069338194187,1.0,1.0,0.0
15,27,4,12,24,00333_coffee_pot::exemplar_0,00333_coffee_pot::exemplar_1,00333_coffee_pot,0,1,0.5433304309844971,0.6698228716850281,0.009693488478660583,0.009739989414811134,0.5827257975707538,0.44237688490513866,1.0,1.0,1.0
15,27,5,12,24,00142_bolt::exemplar_0,00142_bolt::exemplar_1,00142_bolt,0,1,0.5775182843208313,1.8118267059326172,0.008640987798571587,0.0291683841496706,0.5876129452188709,0.071571062366071,1.0,1.0,1.0
15,27,6,12,24,00034_arch::exemplar_0,00034_arch::exemplar_1,00034_arch,0,1,0.4921265244483948,0.6947184801101685,0.009256063960492611,0.010563389398157597,0.5866669626836333,0.6545011586094717,1.0,1.0,0.0
15,27,7,12,24,00246_carousel::exemplar_0,00246_carousel::exemplar_1,00246_carousel,1,0,0.48533540964126587,0.5195146203041077,0.004729774780571461,0.005885103717446327,0.5912577779870873,0.6338096510061623,1.0,1.0,0.0
15,27,8,12,24,00360_corkboard::exemplar_0,00360_corkboard::exemplar_1,00360_corkboard,1,0,0.5443171262741089,0.6745868921279907,0.017492234706878662,0.015700943768024445,0.607785241356474,0.5974777063029162,1.0,0.0,1.0
15,27,9,12,24,00101_beehive::exemplar_0,00101_beehive::exemplar_1,00101_beehive,0,1,0.5293596386909485,1.202285647392273,0.0053702001459896564,0.012408876791596413,0.5710350972038857,0.38557372640158205,1.0,1.0,1.0
15,27,10,12,24,00277_cheesecake::exemplar_0,00277_cheesecake::exemplar_1,00277_cheesecake,0,1,0.46902692317962646,0.6203652620315552,0.007770288269966841,0.009081089869141579,0.5737830220464691,0.6048647974999194,1.0,1.0,0.0
15,27,11,12,24,00491_extinguisher::exemplar_0,00491_extinguisher::exemplar_1,00491_extinguisher,1,0,0.3647155463695526,1.4063900709152222,0.005162270739674568,0.015392491593956947,0.6549671123062604,0.5412757649344546,1.0,1.0,1.0
15,27,12,12,24,00147_book::exemplar_0,00147_book::exemplar_1,00147_book,1,0,0.46077775955200195,1.1123322248458862,0.005835109390318394,0.01695876382291317,0.6156010881440396,0.5914514368226746,1.0,1.0,1.0
16,28,1,12,24,00327_cockatoo::exemplar_0,00327_cockatoo::exemplar_1,00327_cockatoo,0,1,1.5035045146942139,1.154740810394287,0.0237254798412323,0.01578270085155964,0.6398371491519541,0.5561547681066369,0.0,0.0,1.0
16,28,2,12,24,00068_barbell::exemplar_0,00068_barbell::exemplar_1,00068_barbell,0,1,0.487249493598938,0.8708791136741638,0.007835631258785725,0.015693478286266327,0.6335815411856534,0.5567583012442787,1.0,1.0,1.0
16,28,3,12,24,00058_ballot_box::exemplar_0,00058_ballot_box::exemplar_1,00058_ballot_box,0,1,0.4619022309780121,0.6009552478790283,0.00994803011417389,0.010677577927708626,0.6405839211221631,0.5899729388994953,1.0,1.0,1.0
16,28,4,12,24,00365_cornmeal::exemplar_0,00365_cornmeal::exemplar_1,00365_cornmeal,1,0,0.5398588180541992,1.2714818716049194,0.012053515762090683,0.01893516257405281,0.6060329397072363,0.4536476417953937,1.0,1.0,1.0
16,28,5,12,24,00306_cilantro::exemplar_0,00306_cilantro::exemplar_1,00306_cilantro,1,0,0.5570939779281616,0.5885083675384521,0.005639335606247187,0.005424679722636938,0.564796156056899,0.5530862318019113,1.0,0.0,1.0
16,28,6,12,24,00116_birdbath::exemplar_0,00116_birdbath::exemplar_1,00116_birdbath,1,0,0.5253715515136719,0.5515878200531006,0.009025048464536667,0.006346674170345068,0.6425620590602474,0.6771581431554126,1.0,0.0,0.0
16,28,7,12,24,00381_crate::exemplar_0,00381_crate::exemplar_1,00381_crate,0,1,0.46509087085723877,0.6073744297027588,0.006316123064607382,0.014155763201415539,0.5582572333404515,0.43097854683163006,1.0,1.0,1.0
16,28,8,12,24,00391_crown::exemplar_0,00391_crown::exemplar_1,00391_crown,1,0,0.46052783727645874,0.8403068780899048,0.005102329421788454,0.009964251890778542,0.6160010588966767,0.5930024998707851,1.0,1.0,1.0
16,28,9,12,24,00067_barbed_wire::exemplar_0,00067_barbed_wire::exemplar_1,00067_barbed_wire,1,0,0.4559394419193268,1.002017617225647,0.005921497941017151,0.014429090544581413,0.612824540412441,0.34109990852697675,1.0,1.0,1.0
16,28,10,12,24,00238_car::exemplar_0,00238_car::exemplar_1,00238_car,1,0,0.6440794467926025,0.7524601221084595,0.007403393741697073,0.011060817167162895,0.6226963098957549,0.6452496623039725,1.0,1.0,0.0
16,28,11,12,24,00280_chessboard::exemplar_0,00280_chessboard::exemplar_1,00280_chessboard,1,0,0.5829446315765381,0.5243261456489563,0.009908108972012997,0.008744940161705017,0.5316231168886522,0.5807211257715007,0.0,0.0,0.0
16,28,12,12,24,00092_bean::exemplar_0,00092_bean::exemplar_1,00092_bean,1,0,0.5377451777458191,3.965819835662842,0.006010302342474461,0.04042365029454231,0.4925544972887224,0.24843798518093277,1.0,1.0,1.0
17,29,1,12,24,00307_cinnamon::exemplar_0,00307_cinnamon::exemplar_1,00307_cinnamon,1,0,0.4591900706291199,0.5522745251655579,0.005490222945809364,0.007655630819499493,0.6477080762130457,0.4598285732505177,1.0,1.0,1.0
17,29,2,12,24,00433_dogfood::exemplar_0,00433_dogfood::exemplar_1,00433_dogfood,1,0,0.7091172933578491,0.8492252230644226,0.0060808234848082066,0.011787280440330505,0.37733788293562176,0.4193044377462156,1.0,1.0,0.0
17,29,3,12,24,00202_butterfly::exemplar_0,00202_butterfly::exemplar_1,00202_butterfly,1,0,1.073400616645813,1.3570551872253418,0.011929461732506752,0.01331535167992115,0.5824485585786947,0.4459675005684159,1.0,1.0,1.0
17,29,4,12,24,00475_easter_egg::exemplar_0,00475_easter_egg::exemplar_1,00475_easter_egg,0,1,1.0794411897659302,0.8303424119949341,0.011845014058053493,0.009505399502813816,0.3830643665200992,0.514550444203526,0.0,0.0,0.0
17,29,5,12,24,00178_briefcase::exemplar_0,00178_briefcase::exemplar_1,00178_briefcase,1,0,0.46912986040115356,0.46672323346138,0.008221900090575218,0.008226344361901283,0.6448551893874063,0.6336574812531098,0.0,1.0,1.0
17,29,6,12,24,00262_centrifuge::exemplar_0,00262_centrifuge::exemplar_1,00262_centrifuge,0,1,0.673421323299408,0.8389275670051575,0.010723144747316837,0.012876157648861408,0.5985890108308598,0.56872102446436,1.0,1.0,1.0
17,29,7,12,24,00311_clay::exemplar_0,00311_clay::exemplar_1,00311_clay,1,0,0.4402462840080261,0.5288368463516235,0.006698401179164648,0.01554386131465435,0.6547340595329396,0.6012922314680909,1.0,1.0,1.0
17,29,8,12,24,00045_baby::exemplar_0,00045_baby::exemplar_1,00045_baby,1,0,0.5530002117156982,0.5381551384925842,0.005501779727637768,0.008261686190962791,0.5378948106175581,0.5766003904098258,0.0,1.0,0.0
17,29,9,12,24,00039_arugula::exemplar_0,00039_arugula::exemplar_1,00039_arugula,1,0,0.6927876472473145,0.6550931334495544,0.0068837315775454044,0.007117151748389006,0.7678858077538092,0.6791837237969209,0.0,1.0,1.0
17,29,10,12,24,00177_brick::exemplar_0,00177_brick::exemplar_1,00177_brick,1,0,0.5676587224006653,0.5614345669746399,0.005499678663909435,0.009309623390436172,0.6244372563276822,0.527571571393456,0.0,1.0,1.0
17,29,11,12,24,00281_chest1::exemplar_0,00281_chest1::exemplar_1,00281_chest1,1,0,0.5376595854759216,1.3311071395874023,0.01082015223801136,0.028017086908221245,0.6147096115129902,0.4673149037576617,1.0,1.0,1.0
17,29,12,12,24,00148_bookmark::exemplar_0,00148_bookmark::exemplar_1,00148_bookmark,0,1,0.45616406202316284,2.5581066608428955,0.008074604906141758,0.045438241213560104,0.6213547026648436,0.45497210430197244,1.0,1.0,1.0
18,30,1,12,24,00319_clothesline::exemplar_0,00319_clothesline::exemplar_1,00319_clothesline,1,0,0.5510686635971069,0.4848432242870331,0.007878481410443783,0.006188630126416683,0.5941969324884392,0.607447803009711,0.0,0.0,0.0
18,30,2,12,24,00132_blowfish::exemplar_0,00132_blowfish::exemplar_1,00132_blowfish,1,0,0.9155480265617371,0.6318158507347107,0.010378997772932053,0.008111056871712208,0.5480311191646778,0.5572338140225493,0.0,0.0,0.0
18,30,3,12,24,00313_clipper1::exemplar_0,00313_clipper1::exemplar_1,00313_clipper1,1,0,0.5413397550582886,0.649398684501648,0.00977393053472042,0.007618261035531759,0.5999167631591054,0.4583084869289568,1.0,0.0,1.0
18,30,4,12,24,00204_button2::exemplar_0,00204_button2::exemplar_1,00204_button2,0,1,0.6131302714347839,1.414513111114502,0.01254142913967371,0.02265995368361473,0.5745584873156709,0.14824771666500355,1.0,1.0,1.0
18,30,5,12,24,00108_belt_buckle::exemplar_0,00108_belt_buckle::exemplar_1,00108_belt_buckle,1,0,0.4594763219356537,0.6695058345794678,0.009702859446406364,0.012622738257050514,0.6386593180153084,0.5814312982280513,1.0,1.0,1.0
18,30,6,12,24,00016_altar::exemplar_0,00016_altar::exemplar_1,00016_altar,0,1,0.5578780174255371,0.5278933048248291,0.007238606456667185,0.008565223775804043,0.5776944965611132,0.5718102615088708,0.0,1.0,1.0
18,30,7,12,24,00277_cheesecake::exemplar_0,00277_cheesecake::exemplar_1,00277_cheesecake,1,0,0.472748339176178,0.6411021947860718,0.007831940427422523,0.009384643286466599,0.5932552124061593,0.5699984029135875,1.0,1.0,1.0
18,30,8,12,24,00424_dip::exemplar_0,00424_dip::exemplar_1,00424_dip,0,1,0.5532750487327576,0.7397772669792175,0.006204438395798206,0.009444725699722767,0.5221616961262789,0.5562473413180435,1.0,1.0,0.0
18,30,9,12,24,00414_deer::exemplar_0,00414_deer::exemplar_1,00414_deer,0,1,0.45376065373420715,0.6816614866256714,0.007225463166832924,0.010517237707972527,0.5540003354013948,0.43328375662107516,1.0,1.0,1.0
18,30,10,12,24,00149_bookshelf::exemplar_0,00149_bookshelf::exemplar_1,00149_bookshelf,1,0,0.4414338767528534,1.0714480876922607,0.0064805843867361546,0.013515636324882507,0.5638989025386083,0.34650012883453346,1.0,1.0,1.0
18,30,11,12,24,00025_anteater::exemplar_0,00025_anteater::exemplar_1,00025_anteater,0,1,0.4334489703178406,0.4378088414669037,0.006657768040895462,0.0094363484531641,0.5946840502218584,0.6193187505394975,1.0,1.0,0.0
18,30,12,12,24,00335_coffin::exemplar_0,00335_coffin::exemplar_1,00335_coffin,0,1,0.4041443467140198,0.5056949853897095,0.006520392838865519,0.009486832655966282,0.6821219712429561,0.6491011158701306,1.0,1.0,1.0
19,31,1,12,24,00023_anklet::exemplar_0,00023_anklet::exemplar_1,00023_anklet,0,1,0.44664204120635986,0.5394178628921509,0.009434502571821213,0.008783501572906971,0.5854977994772593,0.5423474327127338,1.0,0.0,1.0
19,31,2,12,24,00073_barrette::exemplar_0,00073_barrette::exemplar_1,00073_barrette,1,0,0.7426162362098694,0.8345091342926025,0.008762707002460957,0.012270736508071423,0.6082546032925195,0.47520563636175744,1.0,1.0,1.0
19,31,3,12,24,00487_envelope::exemplar_0,00487_envelope::exemplar_1,00487_envelope,0,1,0.4313648045063019,0.6156387329101562,0.00853817816823721,0.01214517094194889,0.6292326392582689,0.617847065232751,1.0,1.0,1.0
19,31,4,12,24,00392_crucifix::exemplar_0,00392_crucifix::exemplar_1,00392_crucifix,1,0,0.66046142578125,0.6471184492111206,0.008573679253458977,0.008470605127513409,0.6611474423699513,0.3184580933895404,0.0,0.0,1.0
19,31,5,12,24,00202_butterfly::exemplar_0,00202_butterfly::exemplar_1,00202_butterfly,1,0,1.0344529151916504,1.6964802742004395,0.011496608145534992,0.016645772382616997,0.45765024408181176,0.3622868994873082,1.0,1.0,1.0
19,31,6,12,24,00351_cooker::exemplar_0,00351_cooker::exemplar_1,00351_cooker,0,1,0.8478256464004517,0.7253315448760986,0.01423475332558155,0.011389943771064281,0.5504584737511401,0.6004722960933491,0.0,0.0,0.0
19,31,7,12,24,00241_caramel::exemplar_0,00241_caramel::exemplar_1,00241_caramel,0,1,0.4060634672641754,1.2585588693618774,0.007868407294154167,0.014523074962198734,0.6173970562781406,0.4912537953717258,1.0,1.0,1.0
19,31,8,12,24,00072_barrel::exemplar_0,00072_barrel::exemplar_1,00072_barrel,0,1,0.5769854784011841,0.5219526290893555,0.006501843221485615,0.008765683509409428,0.5341758834632121,0.6375676735697036,0.0,1.0,0.0
19,31,9,12,24,00007_air_pump::exemplar_0,00007_air_pump::exemplar_1,00007_air_pump,1,0,0.36975958943367004,0.48055821657180786,0.008159291930496693,0.012895286083221436,0.6338669240882219,0.6456822450492204,1.0,1.0,0.0
19,31,10,12,24,00275_checkers::exemplar_0,00275_checkers::exemplar_1,00275_checkers,0,1,0.6829487681388855,1.6173874139785767,0.011014044284820557,0.021821914240717888,0.5386710129088789,0.15964241131825174,1.0,1.0,1.0
19,31,11,12,24,00058_ballot_box::exemplar_0,00058_ballot_box::exemplar_1,00058_ballot_box,1,0,0.3800181746482849,0.5959455966949463,0.00818448606878519,0.010588567703962326,0.7093895158049576,0.655294969578104,1.0,1.0,1.0
19,31,12,12,24,00119_biscuit::exemplar_0,00119_biscuit::exemplar_1,00119_biscuit,0,1,0.417221337556839,0.6578537225723267,0.011366413906216621,0.012459968216717243,0.6072283698000529,0.5453030875350017,1.0,1.0,1.0
20,32,1,12,24,00020_amplifier::exemplar_0,00020_amplifier::exemplar_1,00020_amplifier,1,0,1.2168874740600586,0.8770544528961182,0.013872276060283184,0.012862632051110268,0.523758026828815,0.6300757820632061,0.0,0.0,0.0
20,32,2,12,24,00122_blanket::exemplar_0,00122_blanket::exemplar_1,00122_blanket,1,0,0.5125662088394165,1.5283286571502686,0.007488190196454525,0.023663125932216644,0.5592489880865784,0.5685838522044372,1.0,1.0,0.0
20,32,3,12,24,00461_duct::exemplar_0,00461_duct::exemplar_1,00461_duct,1,0,0.44273072481155396,0.7843651175498962,0.010688244365155697,0.018176009878516197,0.6148171559671922,0.5234761217023154,1.0,1.0,1.0
20,32,4,12,24,00110_bib::exemplar_0,00110_bib::exemplar_1,00110_bib,0,1,0.51528400182724,1.1285399198532104,0.010957363061606884,0.01693606935441494,0.6347378720519393,0.6634479845922011,1.0,1.0,0.0
20,32,5,12,24,00075_baseball_glove::exemplar_0,00075_baseball_glove::exemplar_1,00075_baseball_glove,1,0,0.49621617794036865,0.6731986999511719,0.0051303282380104065,0.007454050239175558,0.6149042434956973,0.4926737222558232,1.0,1.0,1.0
20,32,6,12,24,00013_almond::exemplar_0,00013_almond::exemplar_1,00013_almond,0,1,0.6102799773216248,0.8430484533309937,0.005970514379441738,0.008599640801548958,0.5133363025477956,0.46618397431975894,1.0,1.0,1.0
20,32,7,12,24,00156_bow2::exemplar_0,00156_bow2::exemplar_1,00156_bow2,0,1,0.5121397376060486,0.6236459016799927,0.011643101461231709,0.014657213352620602,0.5642599186525986,0.6323088043137688,1.0,1.0,0.0
20,32,8,12,24,00040_ashtray::exemplar_0,00040_ashtray::exemplar_1,00040_ashtray,1,0,0.6113593578338623,0.8404938578605652,0.01043818797916174,0.018248600885272026,0.6809068107309802,0.5628901584756139,1.0,1.0,1.0
20,32,9,12,24,00369_costume::exemplar_0,00369_costume::exemplar_1,00369_costume,0,1,0.45450323820114136,0.7513604164123535,0.005154869519174099,0.008622100576758385,0.5918321773871292,0.63473857854981,1.0,1.0,0.0
20,32,10,12,24,00255_cauliflower::exemplar_0,00255_cauliflower::exemplar_1,00255_cauliflower,0,1,0.5764029026031494,0.9867390990257263,0.007606263272464275,0.010919621214270592,0.6248074233278851,0.3466387146507705,1.0,1.0,1.0
20,32,11,12,24,00358_cord::exemplar_0,00358_cord::exemplar_1,00358_cord,0,1,0.5235481262207031,1.0099576711654663,0.014165638014674187,0.019958319142460823,0.6536551613383812,0.5386883872140837,1.0,1.0,1.0
20,32,12,12,24,00475_easter_egg::exemplar_0,00475_easter_egg::exemplar_1,00475_easter_egg,1,0,0.7183950543403625,0.6802425384521484,0.007883152924478054,0.007787121459841728,0.5992923278779578,0.5171381274908953,0.0,0.0,1.0
21,33,1,12,24,00457_drumstick::exemplar_0,00457_drumstick::exemplar_1,00457_drumstick,0,1,0.48255348205566406,0.8397512435913086,0.010421116836369038,0.014272494241595268,0.6528212694404949,0.4842628830401303,1.0,1.0,1.0
21,33,2,12,24,00293_chip::exemplar_0,00293_chip::exemplar_1,00293_chip,0,1,0.8054450154304504,0.8583588600158691,0.01310175284743309,0.015801478177309036,0.5366282041872886,0.41121666595461065,1.0,1.0,1.0
21,33,3,12,24,00086_baton3::exemplar_0,00086_baton3::exemplar_1,00086_baton3,0,1,0.5137738585472107,1.1486016511917114,0.008592385798692703,0.021124567836523056,0.6599866566896234,0.5461749665560226,1.0,1.0,1.0
21,33,4,12,24,00142_bolt::exemplar_0,00142_bolt::exemplar_1,00142_bolt,0,1,0.7357910871505737,1.815515398979187,0.01100910920649767,0.029227767139673233,0.6004950239761735,0.25075171936441837,1.0,1.0,1.0
21,33,5,12,24,00120_bison::exemplar_0,00120_bison::exemplar_1,00120_bison,1,0,0.591336727142334,1.2838042974472046,0.007539103738963604,0.01783800683915615,0.5837174358437092,0.4637341003598625,1.0,1.0,1.0
21,33,6,12,24,00419_detonator::exemplar_0,00419_detonator::exemplar_1,00419_detonator,1,0,0.46660351753234863,0.45985904335975647,0.008453698828816414,0.008546064607799053,0.6463085545519821,0.6116168135230148,0.0,1.0,1.0
21,33,7,12,24,00246_carousel::exemplar_0,00246_carousel::exemplar_1,00246_carousel,0,1,0.4690733850002289,0.5979782938957214,0.004571295343339443,0.006773946341127157,0.5687623189750447,0.6163007091872436,1.0,1.0,0.0
21,33,8,12,24,00431_diving_board::exemplar_0,00431_diving_board::exemplar_1,00431_diving_board,1,0,0.3982694447040558,0.47771018743515015,0.010264434851706028,0.0077310362830758095,0.6324114017925748,0.5977781004867246,1.0,0.0,1.0
21,33,9,12,24,00273_chariot::exemplar_0,00273_chariot::exemplar_1,00273_chariot,1,0,0.5916444063186646,0.7081487774848938,0.007353590335696936,0.007690760772675276,0.6183165859693643,0.16790145141418977,1.0,1.0,1.0
21,33,10,12,24,00451_drain::exemplar_0,00451_drain::exemplar_1,00451_drain,1,0,0.3858291208744049,1.1350862979888916,0.010948222130537033,0.020082928240299225,0.6298597531937766,0.6102700881145463,1.0,1.0,1.0
21,33,11,12,24,00324_coal::exemplar_0,00324_coal::exemplar_1,00324_coal,1,0,0.41096779704093933,1.0956705808639526,0.006184963975101709,0.015378746204078197,0.5927063778249774,0.453243579192658,1.0,1.0,1.0
21,33,12,12,24,00334_coffee_table::exemplar_0,00334_coffee_table::exemplar_1,00334_coffee_table,0,1,0.35381054878234863,0.6871175765991211,0.007828867062926292,0.01204654946923256,0.6485094046592107,0.5633406744031909,1.0,1.0,1.0
22,34,1,12,24,00015_alpaca::exemplar_0,00015_alpaca::exemplar_1,00015_alpaca,1,0,1.0002474784851074,0.7181882858276367,0.013552801683545113,0.012665311805903912,0.4263327282387925,0.3159584071659246,0.0,0.0,1.0
22,34,2,12,24,00300_christmas_tree::exemplar_0,00300_christmas_tree::exemplar_1,00300_christmas_tree,1,0,0.5544854998588562,0.8367407321929932,0.00629448750987649,0.010692612268030643,0.6449660976861905,0.6490259169334197,1.0,1.0,0.0
22,34,3,12,24,00452_drawer::exemplar_0,00452_drawer::exemplar_1,00452_drawer,1,0,0.44817233085632324,0.6825860738754272,0.007035966496914625,0.010798894800245762,0.6388604060169477,0.4982571444295293,1.0,1.0,1.0
22,34,4,12,24,00271_charcoal::exemplar_0,00271_charcoal::exemplar_1,00271_charcoal,0,1,0.46044158935546875,0.7961344718933105,0.008476195856928825,0.012215402908623219,0.5974139800409621,0.49243732588157635,1.0,1.0,1.0
22,34,5,12,24,00016_altar::exemplar_0,00016_altar::exemplar_1,00016_altar,0,1,0.5311535596847534,0.47169533371925354,0.0068918499164283276,0.0076533956453204155,0.5082110094639509,0.6398240842364814,0.0,1.0,0.0
22,34,6,12,24,00187_bucket::exemplar_0,00187_bucket::exemplar_1,00187_bucket,0,1,0.6583632826805115,0.5898435115814209,0.007686488330364227,0.011106128804385662,0.6536122922901957,0.5626073146712924,0.0,1.0,1.0
22,34,7,12,24,00200_bus::exemplar_0,00200_bus::exemplar_1,00200_bus,1,0,0.752305805683136,0.5986605882644653,0.009475837461650372,0.008750763721764088,0.5453074447645673,0.6222188097704502,0.0,0.0,0.0
22,34,8,12,24,00489_exerciser::exemplar_0,00489_exerciser::exemplar_1,00489_exerciser,1,0,0.5007219314575195,0.7991330027580261,0.008073344826698303,0.014620009809732437,0.6389029079183263,0.529302860728456,1.0,1.0,1.0
22,34,9,12,24,00118_birdhouse::exemplar_0,00118_birdhouse::exemplar_1,00118_birdhouse,1,0,0.5846278071403503,0.6285529732704163,0.007019627373665571,0.008354898542165756,0.6537478662488018,0.47471334136454507,1.0,1.0,1.0
22,34,10,12,24,00432_dog::exemplar_0,00432_dog::exemplar_1,00432_dog,1,0,0.5190744996070862,1.0269606113433838,0.009149635210633278,0.012245490215718746,0.6331052899450316,0.34510600297395955,1.0,1.0,1.0
22,34,11,12,24,00461_duct::exemplar_0,00461_duct::exemplar_1,00461_duct,1,0,0.4029650092124939,0.7824912071228027,0.009728235192596912,0.018132586032152176,0.628665490781877,0.5238087874919253,1.0,1.0,1.0
22,34,12,12,24,00183_brush::exemplar_0,00183_brush::exemplar_1,00183_brush,1,0,0.5229834914207458,0.7559507489204407,0.00922571774572134,0.012409262359142303,0.5563219010762507,0.4479705995432844,1.0,1.0,1.0
23,35,1,12,24,00385_cream_cheese::exemplar_0,00385_cream_cheese::exemplar_1,00385_cream_cheese,1,0,0.4493323862552643,0.9801845550537109,0.010971366427838802,0.02250811457633972,0.592098273354051,0.43556046663866854,1.0,1.0,1.0
23,35,2,12,24,00068_barbell::exemplar_0,00068_barbell::exemplar_1,00068_barbell,0,1,0.4387178421020508,0.8415067195892334,0.007055176421999931,0.015164178796112537,0.6208783475492335,0.5138374065724257,1.0,1.0,1.0
23,35,3,12,24,00172_branch::exemplar_0,00172_branch::exemplar_1,00172_branch,1,0,0.4337204694747925,0.6244126558303833,0.008034728467464447,0.006434918846935034,0.511235577878783,0.5341144656677089,1.0,0.0,0.0
23,35,4,12,24,00495_eyeliner::exemplar_0,00495_eyeliner::exemplar_1,00495_eyeliner,0,1,0.4985772669315338,0.5990875959396362,0.009552649222314358,0.010097827762365341,0.4999655285573388,0.49715403242811124,1.0,1.0,1.0
23,35,5,12,24,00130_blouse::exemplar_0,00130_blouse::exemplar_1,00130_blouse,0,1,0.5746446847915649,0.7148513793945312,0.010473293252289295,0.00956779345870018,0.6120295230957499,0.5262658881689893,1.0,0.0,1.0
23,35,6,12,24,00079_bat1::exemplar_0,00079_bat1::exemplar_1,00079_bat1,1,0,0.46901899576187134,1.2261767387390137,0.008812588639557362,0.023306796327233315,0.5259949354487944,0.3724027439355699,1.0,1.0,1.0
23,35,7,12,24,00443_door::exemplar_0,00443_door::exemplar_1,00443_door,0,1,0.4692838788032532,0.7311995029449463,0.009086157195270061,0.015049608424305916,0.5969960662123083,0.5310122068516904,1.0,1.0,1.0
23,35,8,12,24,00175_breakfast::exemplar_0,00175_breakfast::exemplar_1,00175_breakfast,0,1,0.5794228315353394,0.665145993232727,0.007483618333935738,0.00789487175643444,0.5929487315066382,0.5054925710817886,1.0,1.0,1.0
23,35,9,12,24,00383_crayon::exemplar_0,00383_crayon::exemplar_1,00383_crayon,0,1,1.0080965757369995,1.0982729196548462,0.008561092428863049,0.010427259840071201,0.5112038437947619,0.56474674842809,1.0,1.0,0.0
23,35,10,12,24,00147_book::exemplar_0,00147_book::exemplar_1,00147_book,0,1,0.5741614103317261,1.1540156602859497,0.007270955480635166,0.017594274133443832,0.5964638371982515,0.6126905343427593,1.0,1.0,0.0
23,35,11,12,24,00281_chest1::exemplar_0,00281_chest1::exemplar_1,00281_chest1,0,1,0.5267601609230042,1.219026803970337,0.010600806213915348,0.025658024474978447,0.6065900749998138,0.3955160013746145,1.0,1.0,1.0
23,35,12,12,24,00222_can::exemplar_0,00222_can::exemplar_1,00222_can,0,1,0.6299337148666382,1.027390956878662,0.007525912951678038,0.012042200192809105,0.565840995848433,0.3410374012014489,1.0,1.0,1.0
24,36,1,12,24,00169_bracket::exemplar_0,00169_bracket::exemplar_1,00169_bracket,1,0,0.4355214834213257,0.778272271156311,0.01103606354445219,0.015522222965955734,0.5636592317097134,0.45527175452799357,1.0,1.0,1.0
24,36,2,12,24,00030_apple_tree::exemplar_0,00030_apple_tree::exemplar_1,00030_apple_tree,1,0,0.5729918479919434,0.6915462017059326,0.0074627939611673355,0.007453137543052435,0.6471027459179512,0.5306527190479005,1.0,0.0,1.0
24,36,3,12,24,00405_curtain::exemplar_0,00405_curtain::exemplar_1,00405_curtain,1,0,0.49590492248535156,1.5231348276138306,0.006809304468333721,0.04422229528427124,0.5940147001880711,0.5366981142350405,1.0,1.0,1.0
24,36,4,12,24,00449_doorstop::exemplar_0,00449_doorstop::exemplar_1,00449_doorstop,1,0,0.4537106156349182,1.2001644372940063,0.012221097014844418,0.03223145008087158,0.6351421148089036,0.5276918844653351,1.0,1.0,1.0
24,36,5,12,24,00001_aardvark::exemplar_0,00001_aardvark::exemplar_1,00001_aardvark,0,1,0.6228377223014832,0.7960972785949707,0.009947740472853184,0.011504914611577988,0.4980625457800562,0.42517009545257356,1.0,1.0,1.0
24,36,6,12,24,00466_dumpster::exemplar_0,00466_dumpster::exemplar_1,00466_dumpster,1,0,0.576326310634613,1.1852543354034424,0.007645085453987122,0.015970958396792412,0.55216902758581,0.36877091895642244,1.0,1.0,1.0
24,36,7,12,24,00471_earplug::exemplar_0,00471_earplug::exemplar_1,00471_earplug,1,0,0.5189746618270874,1.8092875480651855,0.007645751815289259,0.014997431077063084,0.5860748524252831,0.20840511498119105,1.0,1.0,1.0
24,36,8,12,24,00411_dart::exemplar_0,00411_dart::exemplar_1,00411_dart,0,1,0.45436570048332214,0.9947998523712158,0.008180002681910992,0.009986057877540588,0.5456076024460238,0.41495758934807014,1.0,1.0,1.0
24,36,9,12,24,00492_eye::exemplar_0,00492_eye::exemplar_1,00492_eye,0,1,0.5250691175460815,0.44364139437675476,0.01010558195412159,0.006688029505312443,0.5942056713957377,0.5613460575389979,0.0,0.0,1.0
24,36,10,12,24,00011_album::exemplar_0,00011_album::exemplar_1,00011_album,0,1,0.43709129095077515,1.030304193496704,0.009605624713003635,0.012470181100070477,0.6470253662329376,0.5588078774574112,1.0,1.0,1.0
24,36,11,12,24,00041_asparagus::exemplar_0,00041_asparagus::exemplar_1,00041_asparagus,1,0,0.5452896356582642,1.0463141202926636,0.005275005009025335,0.012304269708693027,0.5479854667152741,0.491041626021832,1.0,1.0,1.0
24,36,12,12,24,00146_bonsai::exemplar_0,00146_bonsai::exemplar_1,00146_bonsai,1,0,0.34994691610336304,0.4336603879928589,0.0063249110244214535,0.0061917854472994804,0.6742978523824077,0.615275051122772,1.0,0.0,1.0
25,37,1,12,24,00350_container::exemplar_0,00350_container::exemplar_1,00350_container,0,1,0.5611114501953125,1.2486121654510498,0.008025308139622211,0.016851436346769333,0.6354082618171542,0.5536495166520671,1.0,1.0,1.0
25,37,2,12,24,00432_dog::exemplar_0,00432_dog::exemplar_1,00432_dog,1,0,0.6927285194396973,1.040424108505249,0.012210603803396225,0.012406028807163239,0.5819208484401904,0.15572871360358398,1.0,1.0,1.0
25,37,3,12,24,00325_coaster::exemplar_0,00325_coaster::exemplar_1,00325_coaster,1,0,0.7101107239723206,0.6068262457847595,0.010869676247239113,0.013124164193868637,0.5870694879965028,0.5912939920587466,0.0,1.0,0.0
25,37,4,12,24,00047_backgammon::exemplar_0,00047_backgammon::exemplar_1,00047_backgammon,1,0,0.47978389263153076,0.5072253346443176,0.006270959507673979,0.006983431056141853,0.6455521189498805,0.6017082047529063,1.0,1.0,1.0
25,37,5,12,24,00317_closet::exemplar_0,00317_closet::exemplar_1,00317_closet,0,1,0.41751909255981445,0.8632510304450989,0.006247322075068951,0.014669874683022499,0.6359968962923869,0.6484326312876667,1.0,1.0,0.0
25,37,6,12,24,00479_eggnog::exemplar_0,00479_eggnog::exemplar_1,00479_eggnog,0,1,0.5871597528457642,0.7505236864089966,0.0062080384232103825,0.008500717580318451,0.6660079304479505,0.6017552176918775,1.0,1.0,1.0
25,37,7,12,24,00019_ambulance::exemplar_0,00019_ambulance::exemplar_1,00019_ambulance,0,1,0.43610554933547974,1.5002000331878662,0.005727290641516447,0.01928170584142208,0.6771886977063832,0.3387300684922213,1.0,1.0,1.0
25,37,8,12,24,00312_clipboard::exemplar_0,00312_clipboard::exemplar_1,00312_clipboard,0,1,0.5049039125442505,0.4805711507797241,0.009417525492608547,0.011115429922938347,0.6326933113150104,0.6229533060516409,0.0,1.0,1.0
25,37,9,12,24,00428_dishwasher::exemplar_0,00428_dishwasher::exemplar_1,00428_dishwasher,1,0,0.5121752619743347,0.4925224781036377,0.009694009087979794,0.009850667789578438,0.6641573769897153,0.6484452715661045,0.0,1.0,1.0
25,37,10,12,24,00383_crayon::exemplar_0,00383_crayon::exemplar_1,00383_crayon,1,0,0.7820903062820435,1.1623519659042358,0.006641771644353867,0.01103564165532589,0.5793848914551631,0.5706623481041363,1.0,1.0,1.0
25,37,11,12,24,00341_comb::exemplar_0,00341_comb::exemplar_1,00341_comb,1,0,0.43694424629211426,0.5011500120162964,0.008236614987254143,0.006494869012385607,0.6260353595398862,0.5747513467850389,1.0,0.0,1.0
25,37,12,12,24,00264_chainsaw::exemplar_0,00264_chainsaw::exemplar_1,00264_chainsaw,1,0,0.3895781338214874,0.6423595547676086,0.005559414625167847,0.009363287128508091,0.7089885463327377,0.2738697371688692,1.0,1.0,1.0
26,38,1,12,24,00328_cockroach::exemplar_0,00328_cockroach::exemplar_1,00328_cockroach,0,1,0.5608375668525696,1.0401564836502075,0.008966964669525623,0.014757026918232441,0.5657166010021387,0.37956350218905394,1.0,1.0,1.0
26,38,2,12,24,00387_cross::exemplar_0,00387_cross::exemplar_1,00387_cross,1,0,0.46214157342910767,0.8295343518257141,0.009536699391901493,0.015534826554358006,0.6697574246075184,0.4882512941579468,1.0,1.0,1.0
26,38,3,12,24,00216_camcorder::exemplar_0,00216_camcorder::exemplar_1,00216_camcorder,1,0,0.5368635654449463,0.7024503946304321,0.009015618823468685,0.008793305605649948,0.6243253274145453,0.5378874938728155,1.0,0.0,1.0
26,38,4,12,24,00371_cotton_candy::exemplar_0,00371_cotton_candy::exemplar_1,00371_cotton_candy,0,1,0.6462724208831787,0.6112145781517029,0.00836134236305952,0.00851618591696024,0.5475826136873478,0.6022525554930688,0.0,1.0,0.0
26,38,5,12,24,00034_arch::exemplar_0,00034_arch::exemplar_1,00034_arch,1,0,0.5245651602745056,0.6523928046226501,0.009866179898381233,0.009919815696775913,0.6367735208147062,0.6241334951696846,1.0,1.0,1.0
26,38,6,12,24,00188_buckle::exemplar_0,00188_buckle::exemplar_1,00188_buckle,0,1,0.6950269937515259,0.9444065690040588,0.011502377688884735,0.016533805057406425,0.5324476876469537,0.6444097729827927,1.0,1.0,0.0
26,38,7,12,24,00023_anklet::exemplar_0,00023_anklet::exemplar_1,00023_anklet,0,1,0.48749619722366333,0.6110661029815674,0.010297472588717937,0.00995017122477293,0.5807375208033119,0.5049010885301278,1.0,0.0,1.0
26,38,8,12,24,00358_cord::exemplar_0,00358_cord::exemplar_1,00358_cord,1,0,0.6245284080505371,0.9511024951934814,0.016897860914468765,0.018795249983668327,0.6476530917794877,0.5336468495566622,1.0,1.0,1.0
26,38,9,12,24,00053_bagel::exemplar_0,00053_bagel::exemplar_1,00053_bagel,1,0,0.7246074676513672,0.7380151152610779,0.010387027636170387,0.010365777648985386,0.4964752829087161,0.40738827600620536,1.0,0.0,1.0
26,38,10,12,24,00220_camera_lens::exemplar_0,00220_camera_lens::exemplar_1,00220_camera_lens,1,0,0.5982214212417603,1.6738603115081787,0.00876688864082098,0.018259285017848015,0.594413754550804,0.4352475990178515,1.0,1.0,1.0
26,38,11,12,24,00192_bulletin_board::exemplar_0,00192_bulletin_board::exemplar_1,00192_bulletin_board,1,0,0.5421066284179688,0.6896626353263855,0.008039165288209915,0.009272309020161629,0.6255751989481164,0.5302044409504995,1.0,1.0,1.0
26,38,12,12,24,00238_car::exemplar_0,00238_car::exemplar_1,00238_car,0,1,0.5623788833618164,0.5399974584579468,0.006464283913373947,0.007937713526189327,0.6403012527391204,0.6482209350395169,0.0,1.0,0.0
27,39,1,12,24,00133_blowgun::exemplar_0,00133_blowgun::exemplar_1,00133_blowgun,0,1,0.416401207447052,0.6129951477050781,0.0074145314283668995,0.008643170818686485,0.6547601793996899,0.45245026876303507,1.0,1.0,1.0
27,39,2,12,24,00014_aloe::exemplar_0,00014_aloe::exemplar_1,00014_aloe,0,1,0.42234721779823303,0.6704752445220947,0.005574880167841911,0.008791770786046982,0.6012521244535158,0.6177708660103315,1.0,1.0,0.0
27,39,3,12,24,00410_dandelion::exemplar_0,00410_dandelion::exemplar_1,00410_dandelion,1,0,0.6583971977233887,0.648973822593689,0.006376213394105434,0.005948352161794901,0.5570068130129404,0.5634490815691754,0.0,0.0,0.0
27,39,4,12,24,00203_button1::exemplar_0,00203_button1::exemplar_1,00203_button1,1,0,0.7436822652816772,0.5880109071731567,0.008960473351180553,0.013659465126693249,0.5502973919425908,0.59181895402184,0.0,1.0,0.0
27,39,5,12,24,00374_counter::exemplar_0,00374_counter::exemplar_1,00374_counter,1,0,0.573878824710846,0.42789214849472046,0.008093614131212234,0.005229734815657139,0.5989016359765282,0.6150008141582728,0.0,0.0,0.0
27,39,6,12,24,00003_accordion::exemplar_0,00003_accordion::exemplar_1,00003_accordion,0,1,1.2559845447540283,0.8787202835083008,0.014196712523698807,0.013532523065805435,0.546204450080042,0.601043072753045,0.0,0.0,0.0
27,39,7,12,24,00289_chimney::exemplar_0,00289_chimney::exemplar_1,00289_chimney,1,0,0.44240447878837585,0.5455622673034668,0.007610825821757317,0.010508664883673191,0.6871823289422679,0.6127605301598772,1.0,1.0,1.0
27,39,8,12,24,00108_belt_buckle::exemplar_0,00108_belt_buckle::exemplar_1,00108_belt_buckle,0,1,0.4750504195690155,0.6703709959983826,0.010031741112470627,0.012639050371944904,0.6427394346930823,0.6004249324040922,1.0,1.0,1.0
27,39,9,12,24,00198_burner::exemplar_0,00198_burner::exemplar_1,00198_burner,0,1,0.5807045698165894,1.001375675201416,0.009104137308895588,0.012891871854662895,0.6400516664217564,0.6038724422533027,1.0,1.0,1.0
27,39,10,12,24,00113_binder::exemplar_0,00113_binder::exemplar_1,00113_binder,0,1,0.4551224112510681,0.6792428493499756,0.008633526042103767,0.012938009575009346,0.667178953921295,0.5829829794051484,1.0,1.0,1.0
27,39,11,12,24,00331_coffee::exemplar_0,00331_coffee::exemplar_1,00331_coffee,0,1,0.6123862862586975,0.5219688415527344,0.008023739792406559,0.007542655803263187,0.6189001510841248,0.4818880739340098,0.0,0.0,1.0
27,39,12,12,24,00100_bee::exemplar_0,00100_bee::exemplar_1,00100_bee,1,0,0.5001124143600464,0.6294279098510742,0.005592333152890205,0.008106931112706661,0.624580503089824,0.5275928548786176,1.0,1.0,1.0
28,40,1,12,24,00106_bell_pepper::exemplar_0,00106_bell_pepper::exemplar_1,00106_bell_pepper,1,0,0.7616337537765503,2.473625898361206,0.005741532426327467,0.03481351211667061,0.33292005238433214,0.6277337784104424,1.0,1.0,0.0
28,40,2,12,24,00327_cockatoo::exemplar_0,00327_cockatoo::exemplar_1,00327_cockatoo,0,1,1.044663667678833,1.1460553407669067,0.01648491621017456,0.015663988888263702,0.5966074892604787,0.40975204057127573,1.0,0.0,1.0
28,40,3,12,24,00145_bongo::exemplar_0,00145_bongo::exemplar_1,00145_bongo,0,1,0.6522004008293152,1.0388115644454956,0.008763846009969711,0.014471657574176788,0.6042378573655289,0.4469805336883467,1.0,1.0,1.0
28,40,4,12,24,00269_champagne::exemplar_0,00269_champagne::exemplar_1,00269_champagne,0,1,0.6730185151100159,0.5043340921401978,0.008352040313184261,0.008753424510359764,0.6393015699336797,0.613798621110687,0.0,1.0,1.0
28,40,5,12,24,00297_chive::exemplar_0,00297_chive::exemplar_1,00297_chive,1,0,0.659184455871582,0.7946661114692688,0.007931324653327465,0.01315673254430294,0.5967631831727603,0.5873834161969401,1.0,1.0,1.0
28,40,6,12,24,00066_banner::exemplar_0,00066_banner::exemplar_1,00066_banner,1,0,0.6279321312904358,0.6977298259735107,0.0068093775771558285,0.012779243290424347,0.5484295968110232,0.4581267926137893,1.0,1.0,1.0
28,40,7,12,24,00493_eye_patch::exemplar_0,00493_eye_patch::exemplar_1,00493_eye_patch,1,0,0.44211137294769287,0.9489076137542725,0.0071860128082334995,0.014100023545324802,0.6251785855983141,0.312572686738135,1.0,1.0,1.0
28,40,8,12,24,00450_dough::exemplar_0,00450_dough::exemplar_1,00450_dough,1,0,0.4325254559516907,1.4090912342071533,0.009911706671118736,0.02928740158677101,0.612632100807626,0.49745530359218765,1.0,1.0,1.0
28,40,9,12,24,00235_canvas::exemplar_0,00235_canvas::exemplar_1,00235_canvas,0,1,0.37703242897987366,0.42346686124801636,0.008731360547244549,0.012110111303627491,0.6776432922637157,0.557521849578677,1.0,1.0,1.0
28,40,10,12,24,00341_comb::exemplar_0,00341_comb::exemplar_1,00341_comb,0,1,0.48439595103263855,0.6348324418067932,0.009131102822721004,0.008227383717894554,0.6362036713923245,0.5317735200504231,1.0,0.0,1.0
28,40,11,12,24,00017_aluminum_foil::exemplar_0,00017_aluminum_foil::exemplar_1,00017_aluminum_foil,1,0,0.4847233295440674,0.6342295408248901,0.009562695398926735,0.012673495337367058,0.6037379102618815,0.6408354304223008,1.0,1.0,0.0
28,40,12,12,24,00126_blind::exemplar_0,00126_blind::exemplar_1,00126_blind,1,0,0.6528406143188477,1.5014568567276,0.011935646645724773,0.026927826926112175,0.6453180064093784,0.5172075546790886,1.0,1.0,1.0
29,41,1,12,24,00119_biscuit::exemplar_0,00119_biscuit::exemplar_1,00119_biscuit,0,1,0.5217372179031372,0.7404881119728088,0.01421375386416912,0.01402509119361639,0.5876916295525084,0.3964975640799188,1.0,0.0,1.0
29,41,2,12,24,00284_chicken2::exemplar_0,00284_chicken2::exemplar_1,00284_chicken2,1,0,0.9155471324920654,0.7987731099128723,0.014145847409963608,0.009901069104671478,0.535662318883916,0.3899198113684984,0.0,0.0,1.0
29,41,3,12,24,00146_bonsai::exemplar_0,00146_bonsai::exemplar_1,00146_bonsai,1,0,0.47882378101348877,0.643941342830658,0.008654220961034298,0.009194168262183666,0.6631405695136725,0.5580264673070287,1.0,1.0,1.0
29,41,4,12,24,00171_brake::exemplar_0,00171_brake::exemplar_1,00171_brake,0,1,0.43669143319129944,0.6818620562553406,0.008885115385055542,0.012585091404616833,0.60728681961762,0.5540089477555883,1.0,1.0,1.0
29,41,5,12,24,00296_chisel::exemplar_0,00296_chisel::exemplar_1,00296_chisel,1,0,0.4955109655857086,0.8487197160720825,0.010485014878213406,0.01452480535954237,0.6368352946561695,0.4820548357393565,1.0,1.0,1.0
29,41,6,12,24,00459_duck::exemplar_0,00459_duck::exemplar_1,00459_duck,0,1,0.5370367765426636,0.6600541472434998,0.009883522056043148,0.009257386438548565,0.56445153585099,0.5912112147330625,1.0,0.0,0.0
29,41,7,12,24,00468_dustpan::exemplar_0,00468_dustpan::exemplar_1,00468_dustpan,1,0,0.41735267639160156,0.6453046202659607,0.005745245143771172,0.009917883202433586,0.6834429179312664,0.5728628858473703,1.0,1.0,1.0
29,41,8,12,24,00086_baton3::exemplar_0,00086_baton3::exemplar_1,00086_baton3,1,0,0.4889459013938904,1.0230154991149902,0.00817716121673584,0.018814843147993088,0.6279681245237235,0.4558286072359731,1.0,1.0,1.0
29,41,9,12,24,00196_bunkbed::exemplar_0,00196_bunkbed::exemplar_1,00196_bunkbed,0,1,0.5103080868721008,0.6686498522758484,0.006869169417768717,0.009437581524252892,0.5423668133129709,0.5605369312848384,1.0,1.0,0.0
29,41,10,12,24,00354_cooler::exemplar_0,00354_cooler::exemplar_1,00354_cooler,1,0,0.5142865777015686,1.194393277168274,0.007298700977116823,0.016188722103834152,0.6708517433005772,0.5131658132980551,1.0,1.0,1.0
29,41,11,12,24,00198_burner::exemplar_0,00198_burner::exemplar_1,00198_burner,1,0,0.5966706275939941,1.1984806060791016,0.00935444887727499,0.01542943250387907,0.6576054464398269,0.557747045870866,1.0,1.0,1.0
29,41,12,12,24,00462_duct_tape::exemplar_0,00462_duct_tape::exemplar_1,00462_duct_tape,0,1,0.411801278591156,0.8195341229438782,0.006365347187966108,0.015069414861500263,0.6482565946888559,0.5798206013662999,1.0,1.0,1.0
30,42,1,12,24,00380_crank::exemplar_0,00380_crank::exemplar_1,00380_crank,1,0,0.44385266304016113,0.6619177460670471,0.006654468365013599,0.010578999295830727,0.6529927566416907,0.5963335604808314,1.0,1.0,1.0
30,42,2,12,24,00126_blind::exemplar_0,00126_blind::exemplar_1,00126_blind,1,0,0.8539801239967346,1.5527081489562988,0.015613006427884102,0.027846992015838623,0.60565657885485,0.5227576404341633,1.0,1.0,1.0
30,42,3,12,24,00013_almond::exemplar_0,00013_almond::exemplar_1,00013_almond,1,0,0.6267058253288269,0.8660088777542114,0.00613121222704649,0.008833852596580982,0.5060487581862295,0.3771323366142107,1.0,1.0,1.0
30,42,4,12,24,00141_bologna::exemplar_0,00141_bologna::exemplar_1,00141_bologna,0,1,0.44663289189338684,0.7846667766571045,0.008999548852443695,0.013295779004693031,0.6630070452230131,0.5837479723563698,1.0,1.0,1.0
30,42,5,12,24,00347_computer_screen::exemplar_0,00347_computer_screen::exemplar_1,00347_computer_screen,0,1,0.7272692918777466,0.6976582407951355,0.010878192260861397,0.009697030298411846,0.5755230092336155,0.5198565299196377,0.0,0.0,1.0
30,42,6,12,24,00457_drumstick::exemplar_0,00457_drumstick::exemplar_1,00457_drumstick,0,1,0.5174397230148315,0.9266729354858398,0.011174512095749378,0.015749823302030563,0.6371224094730976,0.5531207424140835,1.0,1.0,1.0
30,42,7,12,24,00072_barrel::exemplar_0,00072_barrel::exemplar_1,00072_barrel,1,0,0.6577675938606262,0.6020849943161011,0.0074121481738984585,0.010111428797245026,0.5273118287922363,0.5728797606574304,0.0,1.0,0.0
30,42,8,12,24,00328_cockroach::exemplar_0,00328_cockroach::exemplar_1,00328_cockroach,1,0,0.5867049694061279,1.405341386795044,0.00938054546713829,0.019938020035624504,0.5603490308450908,0.31321106799542375,1.0,1.0,1.0
30,42,9,12,24,00115_bird::exemplar_0,00115_bird::exemplar_1,00115_bird,0,1,0.6414415240287781,1.4461328983306885,0.007848585955798626,0.01403689756989479,0.5421162487065331,0.18515289709516183,1.0,1.0,1.0
30,42,10,12,24,00053_bagel::exemplar_0,00053_bagel::exemplar_1,00053_bagel,0,1,0.7582540512084961,0.8820311427116394,0.010869340971112251,0.012388552539050579,0.54352339406778,0.42772258514087946,1.0,1.0,1.0
30,42,11,12,24,00058_ballot_box::exemplar_0,00058_ballot_box::exemplar_1,00058_ballot_box,0,1,0.4457680583000183,0.5777449011802673,0.009600547142326832,0.010265183635056019,0.5967271035728668,0.5772734641950384,1.0,1.0,1.0
30,42,12,12,24,00378_cranberry::exemplar_0,00378_cranberry::exemplar_1,00378_cranberry,0,1,0.8461967706680298,0.9476189613342285,0.007369357161223888,0.00897414144128561,0.47709143929169595,0.5235202080207261,1.0,1.0,0.0
31,43,1,12,24,00492_eye::exemplar_0,00492_eye::exemplar_1,00492_eye,0,1,0.46454858779907227,0.5141047239303589,0.00894079264253378,0.007750285789370537,0.6074564449162297,0.5825251245459372,1.0,0.0,1.0
31,43,2,12,24,00344_compass::exemplar_0,00344_compass::exemplar_1,00344_compass,0,1,0.81049644947052,1.2096269130706787,0.008672274649143219,0.017014341428875923,0.18644236811358095,0.11227407653179679,1.0,1.0,1.0
31,43,3,12,24,00147_book::exemplar_0,00147_book::exemplar_1,00147_book,0,1,0.780626118183136,1.044909954071045,0.009885543957352638,0.015930835157632828,0.5340634209649697,0.6102786030020712,1.0,1.0,0.0
31,43,4,12,24,00391_crown::exemplar_0,00391_crown::exemplar_1,00391_crown,0,1,0.48524537682533264,0.8403069376945496,0.005376182496547699,0.009964252822101116,0.5909917060495148,0.5779433840036098,1.0,1.0,1.0
31,43,5,12,24,00406_cushion::exemplar_0,00406_cushion::exemplar_1,00406_cushion,0,1,0.5140371918678284,0.5212124586105347,0.012865186668932438,0.008658964186906815,0.6042604379084332,0.5641902348063794,1.0,0.0,1.0
31,43,6,12,24,00357_coral::exemplar_0,00357_coral::exemplar_1,00357_coral,1,0,0.6995300054550171,0.6088736057281494,0.006428382825106382,0.0076889959163963795,0.587562365333124,0.5442318395563494,0.0,1.0,1.0
31,43,7,12,24,00074_baseball::exemplar_0,00074_baseball::exemplar_1,00074_baseball,0,1,0.6873611211776733,0.9863797426223755,0.009344778954982758,0.010218358598649502,0.6132132601393824,0.47848072324265317,1.0,1.0,1.0
31,43,8,12,24,00237_cape::exemplar_0,00237_cape::exemplar_1,00237_cape,0,1,0.44259828329086304,0.49823325872421265,0.007382517214864492,0.01124078594148159,0.673879324305052,0.5522255667142003,1.0,1.0,1.0
31,43,9,12,24,00020_amplifier::exemplar_0,00020_amplifier::exemplar_1,00020_amplifier,1,0,0.646902322769165,0.7672059535980225,0.0073745581321418285,0.01125162560492754,0.47130854349930706,0.6060437821342336,1.0,1.0,0.0
31,43,10,12,24,00050_badge::exemplar_0,00050_badge::exemplar_1,00050_badge,0,1,0.4252045154571533,0.7464404702186584,0.005038347560912371,0.010407709516584873,0.6115315418040107,0.4903664483422812,1.0,1.0,1.0
31,43,11,12,24,00358_cord::exemplar_0,00358_cord::exemplar_1,00358_cord,0,1,0.4892117381095886,0.6050540804862976,0.01323659811168909,0.01195680070668459,0.6378410539582108,0.4987588380653867,1.0,0.0,1.0
31,43,12,12,24,00190_bull::exemplar_0,00190_bull::exemplar_1,00190_bull,0,1,0.4396423101425171,0.9334306716918945,0.005793984048068523,0.014347008429467678,0.5692086310392178,0.586080438268084,1.0,1.0,0.0
32,44,1,12,24,00292_chinchilla::exemplar_0,00292_chinchilla::exemplar_1,00292_chinchilla,0,1,0.665779173374176,0.6592332720756531,0.010520952753722668,0.011981713585555553,0.5606207747981772,0.455814651637622,0.0,1.0,1.0
32,44,2,12,24,00015_alpaca::exemplar_0,00015_alpaca::exemplar_1,00015_alpaca,0,1,0.8353883028030396,0.5528218150138855,0.011319050565361977,0.009749060496687889,0.43946350518288635,0.44377016903627337,0.0,0.0,0.0
32,44,3,12,24,00149_bookshelf::exemplar_0,00149_bookshelf::exemplar_1,00149_bookshelf,0,1,0.5601407885551453,0.9716731905937195,0.008223291486501694,0.012257039546966553,0.5244691218664993,0.2884485130258816,1.0,1.0,1.0
32,44,4,12,24,00195_bungee::exemplar_0,00195_bungee::exemplar_1,00195_bungee,0,1,0.8037257790565491,0.5897299647331238,0.009467756375670433,0.008075764402747154,0.5637782139480515,0.6259837543771114,0.0,0.0,0.0
32,44,5,12,24,00360_corkboard::exemplar_0,00360_corkboard::exemplar_1,00360_corkboard,1,0,0.5512962341308594,0.6411651372909546,0.01771651580929756,0.014923054724931717,0.6221227403445743,0.5872004399355814,1.0,0.0,1.0
32,44,6,12,24,00091_beaker::exemplar_0,00091_beaker::exemplar_1,00091_beaker,1,0,0.5906682014465332,1.0297242403030396,0.011925575323402882,0.014870360493659973,0.5964978575740141,0.4918116442328147,1.0,1.0,1.0
32,44,7,12,24,00060_banana_peel::exemplar_0,00060_banana_peel::exemplar_1,00060_banana_peel,0,1,0.4693388342857361,0.5089671611785889,0.00986792054027319,0.01262672245502472,0.6271951901408271,0.570760009120567,1.0,1.0,1.0
32,44,8,12,24,00442_donut::exemplar_0,00442_donut::exemplar_1,00442_donut,0,1,0.45999911427497864,0.6220003366470337,0.009646236896514893,0.0076943570747971535,0.5933267919330675,0.5442429903289604,1.0,0.0,1.0
32,44,9,12,24,00116_birdbath::exemplar_0,00116_birdbath::exemplar_1,00116_birdbath,1,0,0.4908270239830017,0.6714454889297485,0.008431628346443176,0.007725778967142105,0.6282785392423442,0.625910026442231,1.0,0.0,1.0
32,44,10,12,24,00278_cherry::exemplar_0,00278_cherry::exemplar_1,00278_cherry,1,0,0.48338836431503296,0.9471007585525513,0.007109868805855513,0.011017026379704475,0.5799808513738428,0.46567592557752563,1.0,1.0,1.0
32,44,11,12,24,00267_chalk::exemplar_0,00267_chalk::exemplar_1,00267_chalk,0,1,0.5604240298271179,0.8850629329681396,0.0068006510846316814,0.012187797576189041,0.6059515679044142,0.5566934245606168,1.0,1.0,1.0
32,44,12,12,24,00210_cake::exemplar_0,00210_cake::exemplar_1,00210_cake,0,1,0.4119606614112854,0.513900101184845,0.004311437718570232,0.005873123649507761,0.6503023827072572,0.6034656146110545,1.0,1.0,1.0
33,45,1,12,24,00038_artichoke::exemplar_0,00038_artichoke::exemplar_1,00038_artichoke,0,1,0.9187405705451965,0.7665613889694214,0.009331467561423779,0.009873474948108196,0.48692316610048875,0.47509210803336777,0.0,1.0,1.0
33,45,2,12,24,00132_blowfish::exemplar_0,00132_blowfish::exemplar_1,00132_blowfish,0,1,0.7315061688423157,0.5949851274490356,0.008292630314826965,0.007638235576450825,0.5375765639543375,0.5238902701024248,0.0,0.0,1.0
33,45,3,12,24,00156_bow2::exemplar_0,00156_bow2::exemplar_1,00156_bow2,1,0,0.5953030586242676,0.64452064037323,0.013533756136894226,0.015147821046411991,0.528404932153549,0.5965094037939974,1.0,1.0,0.0
33,45,4,12,24,00248_carrot::exemplar_0,00248_carrot::exemplar_1,00248_carrot,1,0,0.5256882905960083,0.6221110224723816,0.005899673793464899,0.005639725364744663,0.5450973092847987,0.39085262709855595,1.0,0.0,1.0
33,45,5,12,24,00174_breadstick::exemplar_0,00174_breadstick::exemplar_1,00174_breadstick,0,1,0.583571195602417,0.9466548562049866,0.008807548321783543,0.01531954389065504,0.6645796177077308,0.5593608528621846,1.0,1.0,1.0
33,45,6,12,24,00250_cash_register::exemplar_0,00250_cash_register::exemplar_1,00250_cash_register,0,1,0.6952781081199646,0.6383135318756104,0.009455080144107342,0.013515402562916279,0.4206706849337508,0.6503941908789127,0.0,1.0,0.0
33,45,7,12,24,00012_alligator::exemplar_0,00012_alligator::exemplar_1,00012_alligator,1,0,0.46153971552848816,0.5684224963188171,0.004963396582752466,0.00855262391269207,0.5755030068622913,0.4831029608318817,1.0,1.0,1.0
33,45,8,12,24,00006_air_mattress::exemplar_0,00006_air_mattress::exemplar_1,00006_air_mattress,1,0,0.4636442959308624,0.960996687412262,0.011314674280583858,0.018142443150281906,0.6389009121659962,0.5105072952429635,1.0,1.0,1.0
33,45,9,12,24,00140_bolo_tie::exemplar_0,00140_bolo_tie::exemplar_1,00140_bolo_tie,0,1,0.552193284034729,0.6420766711235046,0.009847518056631088,0.009159689769148827,0.5509873932025564,0.5382660413558074,1.0,0.0,1.0
33,45,10,12,24,00059_bamboo::exemplar_0,00059_bamboo::exemplar_1,00059_bamboo,0,1,0.5352592468261719,2.236204147338867,0.005594194401055574,0.021489595994353294,0.5707039226374898,0.3915198413285325,1.0,1.0,1.0
33,45,11,12,24,00214_calf2::exemplar_0,00214_calf2::exemplar_1,00214_calf2,1,0,0.4994128942489624,0.6035178899765015,0.010493201203644276,0.010009055957198143,0.6232357061993801,0.6342354638428334,1.0,0.0,0.0
33,45,12,12,24,00042_avocado::exemplar_0,00042_avocado::exemplar_1,00042_avocado,0,1,0.47154170274734497,0.8004720211029053,0.006309628486633301,0.009919674135744572,0.6261582303163482,0.6136441655260395,1.0,1.0,1.0
34,46,1,12,24,00302_cigar::exemplar_0,00302_cigar::exemplar_1,00302_cigar,1,0,0.4776671528816223,0.617554247379303,0.008194112218916416,0.011447704397141933,0.548183404087541,0.5353141306102952,1.0,1.0,1.0
34,46,2,12,24,00021_anchor::exemplar_0,00021_anchor::exemplar_1,00021_anchor,1,0,0.5537807941436768,0.6866601705551147,0.009902515448629856,0.011201208457350731,0.6540243818046588,0.6219699129830996,1.0,1.0,1.0
34,46,3,12,24,00205_cabbage::exemplar_0,00205_cabbage::exemplar_1,00205_cabbage,1,0,0.7653805613517761,1.0372202396392822,0.010785798542201519,0.013097509741783142,0.6603777678734408,0.5785381788520816,1.0,1.0,1.0
34,46,4,12,24,00299_christmas_card::exemplar_0,00299_christmas_card::exemplar_1,00299_christmas_card,0,1,0.4830445349216461,1.1883642673492432,0.005567353684455156,0.01917070895433426,0.6511135562493182,0.6209717764001536,1.0,1.0,1.0
34,46,5,12,24,00441_donkey::exemplar_0,00441_donkey::exemplar_1,00441_donkey,1,0,0.5807991623878479,0.6186953186988831,0.00753997964784503,0.009436205960810184,0.5266703036696525,0.4856209354274286,1.0,1.0,1.0
34,46,6,12,24,00265_chair::exemplar_0,00265_chair::exemplar_1,00265_chair,0,1,0.39046043157577515,0.5447268486022949,0.008701546117663383,0.009656623937189579,0.6534136595985618,0.6714817546953084,1.0,1.0,0.0
34,46,7,12,24,00118_birdhouse::exemplar_0,00118_birdhouse::exemplar_1,00118_birdhouse,0,1,0.5651910305023193,0.5749068260192871,0.006786250043660402,0.007641819771379232,0.6440967372890974,0.6253150331743623,1.0,1.0,1.0
34,46,8,12,24,00301_chute::exemplar_0,00301_chute::exemplar_1,00301_chute,0,1,0.43501296639442444,0.5948613286018372,0.0076262494549155235,0.008158440701663494,0.6453842495051133,0.6128943330374641,1.0,1.0,1.0
34,46,9,12,24,00040_ashtray::exemplar_0,00040_ashtray::exemplar_1,00040_ashtray,0,1,0.5140684843063354,0.8248486518859863,0.008777068927884102,0.017908915877342224,0.6586234313847802,0.5836872127419244,1.0,1.0,1.0
34,46,10,12,24,00078_bassinet::exemplar_0,00078_bassinet::exemplar_1,00078_bassinet,1,0,0.42543289065361023,0.5411077737808228,0.009566039778292179,0.00909871980547905,0.654109860581349,0.645917208187732,1.0,0.0,1.0
34,46,11,12,24,00455_drill::exemplar_0,00455_drill::exemplar_1,00455_drill,1,0,0.5009710788726807,0.6154004335403442,0.00677083246409893,0.012702247127890587,0.6272623137662842,0.564113749152338,1.0,1.0,1.0
34,46,12,12,24,00325_coaster::exemplar_0,00325_coaster::exemplar_1,00325_coaster,0,1,0.4810234308242798,0.8410156965255737,0.007363033015280962,0.01818910799920559,0.5839144182339907,0.5652574668756054,1.0,1.0,1.0
35,47,1,12,24,00293_chip::exemplar_0,00293_chip::exemplar_1,00293_chip,0,1,0.5623953342437744,0.6915625929832458,0.00914819072932005,0.012730934657156467,0.5412308612697151,0.4864362871954088,1.0,1.0,1.0
35,47,2,12,24,00201_butter::exemplar_0,00201_butter::exemplar_1,00201_butter,1,0,0.4748392403125763,1.030466079711914,0.006243113428354263,0.020207978785037994,0.5788789928763449,0.5872121954019276,1.0,1.0,0.0
35,47,3,12,24,00263_cereal::exemplar_0,00263_cereal::exemplar_1,00263_cereal,0,1,0.6085800528526306,1.1177703142166138,0.008735045790672302,0.01620703563094139,0.5279637004642493,0.2607305299150535,1.0,1.0,1.0
35,47,4,12,24,00132_blowfish::exemplar_0,00132_blowfish::exemplar_1,00132_blowfish,1,0,0.8337728381156921,0.5089998245239258,0.009451963938772678,0.006534382700920105,0.5340279065199492,0.5442467358528731,0.0,0.0,0.0
35,47,5,12,24,00233_canoe::exemplar_0,00233_canoe::exemplar_1,00233_canoe,0,1,0.42913973331451416,0.5175454020500183,0.007185098249465227,0.006929989904165268,0.6114591662824675,0.3363061026456771,1.0,0.0,1.0
35,47,6,12,24,00284_chicken2::exemplar_0,00284_chicken2::exemplar_1,00284_chicken2,0,1,0.6424676179885864,0.6729886531829834,0.009926577098667622,0.008341927081346512,0.5190667564537138,0.3039726416490525,1.0,0.0,1.0
35,47,7,12,24,00221_camper::exemplar_0,00221_camper::exemplar_1,00221_camper,1,0,0.8720598816871643,0.5873798131942749,0.012299628928303719,0.008582967333495617,0.5896307430750074,0.6148372619871163,0.0,0.0,0.0
35,47,8,12,24,00198_burner::exemplar_0,00198_burner::exemplar_1,00198_burner,1,0,0.5283337235450745,0.7510726451873779,0.008283080533146858,0.009669430553913116,0.6541867050504063,0.5919824032688427,1.0,1.0,1.0
35,47,9,12,24,00033_aquarium::exemplar_0,00033_aquarium::exemplar_1,00033_aquarium,1,0,0.5033888816833496,0.6070979237556458,0.006130567751824856,0.008419220335781574,0.667093119509926,0.6839496064385291,1.0,1.0,0.0
35,47,10,12,24,00316_clock::exemplar_0,00316_clock::exemplar_1,00316_clock,1,0,0.6875156760215759,0.48915404081344604,0.00718782190233469,0.009972418658435345,0.5399852264897671,0.6655890102920843,0.0,1.0,0.0
35,47,11,12,24,00176_breathalyzer::exemplar_0,00176_breathalyzer::exemplar_1,00176_breathalyzer,0,1,0.43845605850219727,0.700603723526001,0.005316547118127346,0.009909841232001781,0.6549194466888152,0.5326747240556642,1.0,1.0,1.0
35,47,12,12,24,00181_broom::exemplar_0,00181_broom::exemplar_1,00181_broom,1,0,0.42146068811416626,0.4347905218601227,0.009771839715540409,0.007956977933645248,0.5856116519566381,0.6255033965961487,1.0,0.0,0.0
36,48,1,12,24,00259_cellphone::exemplar_0,00259_cellphone::exemplar_1,00259_cellphone,0,1,0.5371416807174683,1.4621647596359253,0.007813899777829647,0.01600671373307705,0.6186171693062505,0.5101166855546664,1.0,1.0,1.0
36,48,2,12,24,00281_chest1::exemplar_0,00281_chest1::exemplar_1,00281_chest1,0,1,0.5444955825805664,1.4191137552261353,0.01095772348344326,0.02986944653093815,0.5934961040209589,0.35958267985799586,1.0,1.0,1.0
36,48,3,12,24,00286_chickpea::exemplar_0,00286_chickpea::exemplar_1,00286_chickpea,0,1,0.8335100412368774,2.6408445835113525,0.015091443434357643,0.02785293385386467,0.3448576194895502,0.22166629058591608,1.0,1.0,1.0
36,48,4,12,24,00365_cornmeal::exemplar_0,00365_cornmeal::exemplar_1,00365_cornmeal,1,0,0.7334696054458618,1.3103587627410889,0.016376296058297157,0.01951412484049797,0.6066648703472878,0.42699617530601364,1.0,1.0,1.0
36,48,5,12,24,00366_cornucopia::exemplar_0,00366_cornucopia::exemplar_1,00366_cornucopia,1,0,0.8408201336860657,0.7600315809249878,0.008027824573218822,0.006968181114643812,0.5121570214331845,0.48653390691092985,0.0,0.0,1.0
36,48,6,12,24,00481_eggshell::exemplar_0,00481_eggshell::exemplar_1,00481_eggshell,0,1,0.5985480546951294,0.8622970581054688,0.01012519933283329,0.016436848789453506,0.6475668083516464,0.5654740541049458,1.0,1.0,1.0
36,48,7,12,24,00274_checkbook::exemplar_0,00274_checkbook::exemplar_1,00274_checkbook,1,0,0.5195696949958801,0.8731337785720825,0.012410021387040615,0.017232757061719894,0.6677107028151847,0.4875274301496202,1.0,1.0,1.0
36,48,8,12,24,00407_cutting_board::exemplar_0,00407_cutting_board::exemplar_1,00407_cutting_board,1,0,0.49734094738960266,0.49256765842437744,0.012887581251561642,0.010992762632668018,0.672461347585781,0.6710601308959122,0.0,0.0,1.0
36,48,9,12,24,00162_box::exemplar_0,00162_box::exemplar_1,00162_box,1,0,0.5266006588935852,0.7457489371299744,0.011356005445122719,0.012811200693249702,0.6340181813651261,0.6011596405027599,1.0,1.0,1.0
36,48,10,12,24,00099_bedpost::exemplar_0,00099_bedpost::exemplar_1,00099_bedpost,0,1,0.4956267476081848,0.44847631454467773,0.008534642867743969,0.010297181084752083,0.6587705249338556,0.6524411916489022,0.0,1.0,1.0
36,48,11,12,24,00068_barbell::exemplar_0,00068_barbell::exemplar_1,00068_barbell,0,1,0.6591300368309021,1.0539774894714355,0.010599702596664429,0.018992960453033447,0.6636948483842856,0.5625499918664026,1.0,1.0,1.0
36,48,12,12,24,00155_bow1::exemplar_0,00155_bow1::exemplar_1,00155_bow1,0,1,0.44885313510894775,0.7176910638809204,0.0056694503873586655,0.01070631667971611,0.6164048586594396,0.4864845402948249,1.0,1.0,1.0
37,49,1,12,24,00262_centrifuge::exemplar_0,00262_centrifuge::exemplar_1,00262_centrifuge,1,0,0.729962944984436,0.8852635025978088,0.011623479425907135,0.013587337918579578,0.6009716793134875,0.5483407662065887,1.0,1.0,1.0
37,49,2,12,24,00478_eggbeater::exemplar_0,00478_eggbeater::exemplar_1,00478_eggbeater,0,1,0.5432538390159607,0.7811962366104126,0.009192869998514652,0.01392549742013216,0.6454566823541679,0.48640100980431933,1.0,1.0,1.0
37,49,3,12,24,00414_deer::exemplar_0,00414_deer::exemplar_1,00414_deer,0,1,0.5920048952102661,1.0995904207229614,0.009426796808838844,0.016965391114354134,0.48020501496870716,0.21165143413360882,1.0,1.0,1.0
37,49,4,12,24,00177_brick::exemplar_0,00177_brick::exemplar_1,00177_brick,0,1,0.7991878986358643,0.5628517270088196,0.007742815650999546,0.00933312252163887,0.5283268913747446,0.5167783195249557,0.0,1.0,1.0
37,49,5,12,24,00386_credit_card::exemplar_0,00386_credit_card::exemplar_1,00386_credit_card,0,1,0.45052826404571533,0.671668291091919,0.007044842001050711,0.01042892411351204,0.5894704427881551,0.2744254678142114,1.0,1.0,1.0
37,49,6,12,24,00026_antenna::exemplar_0,00026_antenna::exemplar_1,00026_antenna,0,1,0.4223175048828125,0.6537212133407593,0.00723352050408721,0.010836265981197357,0.5926257265304713,0.3981916152613539,1.0,1.0,1.0
37,49,7,12,24,00166_bra::exemplar_0,00166_bra::exemplar_1,00166_bra,1,0,0.5063754320144653,0.7699496150016785,0.009144250303506851,0.013018636964261532,0.6240232169236365,0.6323102544791059,1.0,1.0,0.0
37,49,8,12,24,00349_contact_lens::exemplar_0,00349_contact_lens::exemplar_1,00349_contact_lens,0,1,0.36778029799461365,0.5108168125152588,0.006776657421141863,0.010051571764051914,0.6032733067001796,0.48239097047284496,1.0,1.0,1.0
37,49,9,12,24,00284_chicken2::exemplar_0,00284_chicken2::exemplar_1,00284_chicken2,0,1,0.6349636912345886,0.6887413263320923,0.009810635820031166,0.008537187241017818,0.5483446754588723,0.41100021471859965,1.0,0.0,1.0
37,49,10,12,24,00212_calculator::exemplar_0,00212_calculator::exemplar_1,00212_calculator,1,0,0.8587169647216797,1.1104636192321777,0.01248747669160366,0.021339258179068565,0.4795006667141318,0.29338501323576716,1.0,1.0,1.0
37,49,11,12,24,00057_balloon::exemplar_0,00057_balloon::exemplar_1,00057_balloon,1,0,0.7450299859046936,0.9778389930725098,0.008862053975462914,0.012399943545460701,0.5859744178568266,0.5278019126038344,1.0,1.0,1.0
37,49,12,12,24,00035_arm::exemplar_0,00035_arm::exemplar_1,00035_arm,1,0,0.5432730317115784,0.4657791554927826,0.011028950102627277,0.0093368049710989,0.5878680099635805,0.6272239084685026,0.0,0.0,0.0
38,50,1,12,24,00497_face::exemplar_0,00497_face::exemplar_1,00497_face,0,1,0.6578165292739868,1.1071747541427612,0.009694596752524376,0.02536678873002529,0.5334447873263959,0.44506657342473094,1.0,1.0,1.0
38,50,2,12,24,00327_cockatoo::exemplar_0,00327_cockatoo::exemplar_1,00327_cockatoo,1,0,0.8892160058021545,1.2553642988204956,0.01403193362057209,0.01715799607336521,0.5923225325796458,0.4109284939841801,1.0,1.0,1.0
38,50,3,12,24,00125_blimp::exemplar_0,00125_blimp::exemplar_1,00125_blimp,0,1,0.7794809937477112,1.2997887134552002,0.014877615496516228,0.018554341048002243,0.5499729525908045,0.48211230933421484,1.0,1.0,1.0
38,50,4,12,24,00393_crutch::exemplar_0,00393_crutch::exemplar_1,00393_crutch,1,0,0.6816397309303284,0.7005264759063721,0.012070112861692905,0.012397943995893002,0.6211595250499903,0.6504437085735242,1.0,1.0,0.0
38,50,5,12,24,00255_cauliflower::exemplar_0,00255_cauliflower::exemplar_1,00255_cauliflower,1,0,1.0321972370147705,2.097522735595703,0.01362096518278122,0.023211965337395668,0.6362854738892453,0.3489705121416057,1.0,1.0,1.0
38,50,6,12,24,00137_board::exemplar_0,00137_board::exemplar_1,00137_board,1,0,0.5833386182785034,0.48220276832580566,0.016215631738305092,0.012917616404592991,0.5892364662458057,0.6433754299178632,0.0,0.0,0.0
38,50,7,12,24,00355_coop::exemplar_0,00355_coop::exemplar_1,00355_coop,1,0,0.45136159658432007,0.6656512022018433,0.007136383559554815,0.008969593793153763,0.5879823389687974,0.40772528410092235,1.0,1.0,1.0
38,50,8,12,24,00169_bracket::exemplar_0,00169_bracket::exemplar_1,00169_bracket,1,0,0.4418273866176605,0.6497707962989807,0.011195854283869267,0.012959329411387444,0.6249857516237534,0.45606516034710515,1.0,1.0,1.0
38,50,9,12,24,00187_bucket::exemplar_0,00187_bucket::exemplar_1,00187_bucket,1,0,0.503505289554596,0.5667990446090698,0.005878498312085867,0.010672226548194885,0.642490345094892,0.5293400693789478,1.0,1.0,1.0
38,50,10,12,24,00457_drumstick::exemplar_0,00457_drumstick::exemplar_1,00457_drumstick,1,0,0.44550079107284546,0.8191658854484558,0.009620935656130314,0.013922623358666897,0.6741849746872329,0.521813885111834,1.0,1.0,1.0
38,50,11,12,24,00243_cardboard::exemplar_0,00243_cardboard::exemplar_1,00243_cardboard,1,0,0.3966812193393707,3.9529635906219482,0.008414896205067635,0.05208776146173477,0.6259374793015268,0.0941671763664309,1.0,1.0,1.0
38,50,12,12,24,00439_dolphin::exemplar_0,00439_dolphin::exemplar_1,00439_dolphin,1,0,0.5446726083755493,0.6337035298347473,0.008517890237271786,0.01391057949513197,0.7719938851637944,0.5876306067245842,1.0,1.0,1.0
39,51,1,12,24,00125_blimp::exemplar_0,00125_blimp::exemplar_1,00125_blimp,1,0,0.6144989132881165,0.9530954957008362,0.011728674173355103,0.013605333864688873,0.5497731869703872,0.5057632134961801,1.0,1.0,1.0
39,51,2,12,24,00445_doorhandle::exemplar_0,00445_doorhandle::exemplar_1,00445_doorhandle,0,1,0.4010154902935028,2.7928404808044434,0.009135942906141281,0.029970208182930946,0.5560657647776186,0.5007962306928538,1.0,1.0,1.0
39,51,3,12,24,00430_diskette::exemplar_0,00430_diskette::exemplar_1,00430_diskette,0,1,0.5270320177078247,0.9332193732261658,0.01047708373516798,0.014907004311680794,0.6041602481221091,0.5887825224179769,1.0,1.0,1.0
39,51,4,12,24,00283_chicken1::exemplar_0,00283_chicken1::exemplar_1,00283_chicken1,1,0,0.4369528293609619,0.43478792905807495,0.005934618879109621,0.007264053914695978,0.5722931559174286,0.6112207366583067,0.0,1.0,0.0
39,51,5,12,24,00258_cello::exemplar_0,00258_cello::exemplar_1,00258_cello,0,1,1.3199059963226318,0.7476051449775696,0.017552152276039124,0.010664532892405987,0.6512617432081574,0.5982249407983306,0.0,0.0,1.0
39,51,6,12,24,00131_blower::exemplar_0,00131_blower::exemplar_1,00131_blower,1,0,0.7217355966567993,1.0085492134094238,0.007688360288739204,0.011700719594955444,0.6205010762428036,0.05493985012904124,1.0,1.0,1.0
39,51,7,12,24,00083_bathtub::exemplar_0,00083_bathtub::exemplar_1,00083_bathtub,1,0,0.42416298389434814,0.48780763149261475,0.008991774171590805,0.010259859263896942,0.6612374581680632,0.6496572918236336,1.0,1.0,1.0
39,51,8,12,24,00126_blind::exemplar_0,00126_blind::exemplar_1,00126_blind,0,1,0.7785294055938721,1.0762895345687866,0.01423356868326664,0.019302677363157272,0.6513774856234353,0.49996588307422357,1.0,1.0,1.0
39,51,9,12,24,00475_easter_egg::exemplar_0,00475_easter_egg::exemplar_1,00475_easter_egg,0,1,0.9925267696380615,0.863114058971405,0.010891277343034744,0.009880554862320423,0.5556324675348787,0.5156077964445447,0.0,0.0,1.0
39,51,10,12,24,00119_biscuit::exemplar_0,00119_biscuit::exemplar_1,00119_biscuit,0,1,0.44867104291915894,0.7339792251586914,0.012223202735185623,0.013901811093091965,0.6011522773671494,0.46461727060206526,1.0,1.0,1.0
39,51,11,12,24,00427_dishrag::exemplar_0,00427_dishrag::exemplar_1,00427_dishrag,1,0,0.35862046480178833,0.47251859307289124,0.00719497911632061,0.006778236944228411,0.6263121297347565,0.6011387556194105,1.0,0.0,1.0
39,51,12,12,24,00421_diamond::exemplar_0,00421_diamond::exemplar_1,00421_diamond,1,0,0.41424328088760376,0.49722176790237427,0.005829920526593924,0.010461162775754929,0.5967066310839747,0.6189712963143603,1.0,1.0,0.0
40,52,1,12,24,00209_cage::exemplar_0,00209_cage::exemplar_1,00209_cage,0,1,1.3043110370635986,1.723218321800232,0.015481516718864441,0.02240101806819439,0.5711343486413154,0.4490700658957853,1.0,1.0,1.0
40,52,2,12,24,00028_appetizer::exemplar_0,00028_appetizer::exemplar_1,00028_appetizer,0,1,0.9917000532150269,0.8625411987304688,0.012976139783859253,0.01054422277957201,0.597274638325294,0.6599718664780403,0.0,0.0,0.0
40,52,3,12,24,00190_bull::exemplar_0,00190_bull::exemplar_1,00190_bull,0,1,0.7753583788871765,0.868588387966156,0.01021833810955286,0.013350370340049267,0.48627487086397886,0.5586061312604957,1.0,1.0,0.0
40,52,4,12,24,00263_cereal::exemplar_0,00263_cereal::exemplar_1,00263_cereal,0,1,0.7641600370407104,1.281429409980774,0.010968110524117947,0.0185799989849329,0.5491553871374045,0.2544100007835887,1.0,1.0,1.0
40,52,5,12,24,00138_board_game::exemplar_0,00138_board_game::exemplar_1,00138_board_game,1,0,0.7778353691101074,1.0425162315368652,0.00791330449283123,0.011501792818307877,0.4657299568204908,0.24107300626439668,1.0,1.0,1.0
40,52,6,12,24,00483_electric_chair::exemplar_0,00483_electric_chair::exemplar_1,00483_electric_chair,0,1,0.3834865093231201,0.6969265341758728,0.005059774965047836,0.00942541379481554,0.6379106600525416,0.5726099703293486,1.0,1.0,1.0
40,52,7,12,24,00372_couch::exemplar_0,00372_couch::exemplar_1,00372_couch,0,1,0.6726862192153931,0.5495443344116211,0.01292133517563343,0.009866098873317242,0.5955429909056028,0.5952904772593213,0.0,0.0,1.0
40,52,8,12,24,00248_carrot::exemplar_0,00248_carrot::exemplar_1,00248_carrot,0,1,0.6822166442871094,0.6595976948738098,0.0076563539914786816,0.005979559384286404,0.5536454383438734,0.41478529214285687,0.0,0.0,1.0
40,52,9,12,24,00018_amber::exemplar_0,00018_amber::exemplar_1,00018_amber,0,1,0.4338606894016266,1.083829641342163,0.006790169049054384,0.012999603524804115,0.6346345141718379,0.6548151676153099,1.0,1.0,0.0
40,52,10,12,24,00438_dolly::exemplar_0,00438_dolly::exemplar_1,00438_dolly,1,0,0.38896775245666504,0.5098465085029602,0.008252997882664204,0.007485926151275635,0.6345442429689413,0.6219632928454497,1.0,0.0,1.0
40,52,11,12,24,00471_earplug::exemplar_0,00471_earplug::exemplar_1,00471_earplug,0,1,0.4359261989593506,1.3682879209518433,0.006422247271984816,0.011341924779117107,0.639001878148601,0.3893077833360826,1.0,1.0,1.0
40,52,12,12,24,00451_drain::exemplar_0,00451_drain::exemplar_1,00451_drain,0,1,0.38354459404945374,1.2558867931365967,0.010883397422730923,0.02222023531794548,0.6219151874317184,0.5741299530337693,1.0,1.0,1.0
41,53,1,12,24,00234_cantaloupe::exemplar_0,00234_cantaloupe::exemplar_1,00234_cantaloupe,0,1,0.6852805614471436,0.5293943881988525,0.006486703176051378,0.007226031273603439,0.542225996824208,0.5872421123169742,0.0,1.0,0.0
41,53,2,12,24,00480_eggplant::exemplar_0,00480_eggplant::exemplar_1,00480_eggplant,0,1,0.5721931457519531,0.8237103819847107,0.010750084184110165,0.014060450717806816,0.5448569621423984,0.4080823454397547,1.0,1.0,1.0
41,53,3,12,24,00111_bikini::exemplar_0,00111_bikini::exemplar_1,00111_bikini,0,1,1.3702937364578247,0.7601177096366882,0.023429451510310173,0.011175447143614292,0.5371136813992218,0.5789539436229831,0.0,0.0,0.0
41,53,4,12,24,00365_cornmeal::exemplar_0,00365_cornmeal::exemplar_1,00365_cornmeal,0,1,0.5571481585502625,1.0184214115142822,0.012439537793397903,0.015166535042226315,0.5520840369857054,0.43918779840785627,1.0,1.0,1.0
41,53,5,12,24,00437_dollhouse::exemplar_0,00437_dollhouse::exemplar_1,00437_dollhouse,0,1,0.45946088433265686,0.6695839762687683,0.007474110461771488,0.009111791849136353,0.5167081305137778,0.45610516808901824,1.0,1.0,1.0
41,53,6,12,24,00258_cello::exemplar_0,00258_cello::exemplar_1,00258_cello,1,0,0.8660807013511658,0.6295539736747742,0.011517168954014778,0.008980541490018368,0.6383808985298024,0.5726503761583185,0.0,0.0,1.0
41,53,7,12,24,00267_chalk::exemplar_0,00267_chalk::exemplar_1,00267_chalk,1,0,0.4924772083759308,0.8317661285400391,0.005976127926260233,0.011453871615231037,0.5061317480514336,0.5510775673033332,1.0,1.0,0.0
41,53,8,12,24,00456_drink::exemplar_0,00456_drink::exemplar_1,00456_drink,0,1,0.5283323526382446,1.0033268928527832,0.0069110095500946045,0.01034254115074873,0.6857400025261806,0.31273847978630676,1.0,1.0,1.0
41,53,9,12,24,00368_corset::exemplar_0,00368_corset::exemplar_1,00368_corset,1,0,0.4624146819114685,0.7424291372299194,0.006924932356923819,0.014245868660509586,0.5890743865681803,0.4781590710774258,1.0,1.0,1.0
41,53,10,12,24,00316_clock::exemplar_0,00316_clock::exemplar_1,00316_clock,1,0,0.5768417716026306,0.5557624101638794,0.006030750926584005,0.011330367997288704,0.6252881240357334,0.5834084627123828,0.0,1.0,1.0
41,53,11,12,24,00248_carrot::exemplar_0,00248_carrot::exemplar_1,00248_carrot,0,1,0.5247936248779297,0.6268931031227112,0.00588963320478797,0.005683077033609152,0.5457580519527424,0.42271349926849844,1.0,0.0,1.0
41,53,12,12,24,00185_bubble::exemplar_0,00185_bubble::exemplar_1,00185_bubble,0,1,1.721330165863037,0.7275755405426025,0.022023573517799377,0.00988810695707798,0.715854521864652,0.5570563196841462,0.0,0.0,1.0
42,54,1,12,24,00071_barnacle::exemplar_0,00071_barnacle::exemplar_1,00071_barnacle,1,0,0.5624950528144836,0.523995578289032,0.008039144799113274,0.012520947493612766,0.4908884431253655,0.44823520693932734,0.0,1.0,1.0
42,54,2,12,24,00113_binder::exemplar_0,00113_binder::exemplar_1,00113_binder,1,0,0.48128390312194824,0.6164242625236511,0.009129800833761692,0.011741460300981998,0.6780405271799683,0.567848688264872,1.0,1.0,1.0
42,54,3,12,24,00225_candle::exemplar_0,00225_candle::exemplar_1,00225_candle,1,0,0.5472521781921387,0.7248290777206421,0.008137647062540054,0.007792962249368429,0.5432195170228215,0.6224276061866233,1.0,0.0,0.0
42,54,4,12,24,00229_cane::exemplar_0,00229_cane::exemplar_1,00229_cane,0,1,0.5169246196746826,0.8955882787704468,0.010829211212694645,0.022309260442852974,0.5580255852169609,0.4849572388868847,1.0,1.0,1.0
42,54,5,12,24,00153_boulder::exemplar_0,00153_boulder::exemplar_1,00153_boulder,0,1,0.446819543838501,0.5396155714988708,0.00566713185980916,0.01035382505506277,0.6251911664882408,0.5962300253988105,1.0,1.0,1.0
42,54,6,12,24,00491_extinguisher::exemplar_0,00491_extinguisher::exemplar_1,00491_extinguisher,1,0,0.3906826674938202,1.5837167501449585,0.005529815796762705,0.017333276569843292,0.6373241668525575,0.5607106773710903,1.0,1.0,1.0
42,54,7,12,24,00468_dustpan::exemplar_0,00468_dustpan::exemplar_1,00468_dustpan,0,1,0.41393202543258667,0.6205488443374634,0.005698157008737326,0.009537404403090477,0.6826101613793152,0.5930442964321243,1.0,1.0,1.0
42,54,8,12,24,00250_cash_register::exemplar_0,00250_cash_register::exemplar_1,00250_cash_register,0,1,0.606867790222168,0.5241122841835022,0.00825278926640749,0.011097349226474762,0.43682470586774336,0.6417674564384114,0.0,1.0,0.0
42,54,9,12,24,00285_chicken_wire::exemplar_0,00285_chicken_wire::exemplar_1,00285_chicken_wire,0,1,0.5085656642913818,1.296079158782959,0.009376831352710724,0.015797825530171394,0.562482490119489,0.322205013255484,1.0,1.0,1.0
42,54,10,12,24,00456_drink::exemplar_0,00456_drink::exemplar_1,00456_drink,1,0,0.4543704390525818,0.8071768879890442,0.00594352837651968,0.008320578373968601,0.6841616617991313,0.3433147394294965,1.0,1.0,1.0
42,54,11,12,24,00195_bungee::exemplar_0,00195_bungee::exemplar_1,00195_bungee,0,1,0.5706425905227661,0.5062600374221802,0.006722074933350086,0.006932727061212063,0.5945206456743772,0.6016923705845589,0.0,1.0,0.0
42,54,12,12,24,00248_carrot::exemplar_0,00248_carrot::exemplar_1,00248_carrot,0,1,0.4480798542499542,0.6196126937866211,0.005028693005442619,0.005617076531052589,0.6082605755022337,0.4410617944577087,1.0,1.0,1.0
43,55,1,12,24,00047_backgammon::exemplar_0,00047_backgammon::exemplar_1,00047_backgammon,1,0,0.5758923888206482,0.5281894207000732,0.007527134381234646,0.007272062823176384,0.5516044982123298,0.5881388574652969,0.0,0.0,0.0
43,55,2,12,24,00487_envelope::exemplar_0,00487_envelope::exemplar_1,00487_envelope,1,0,0.4360075294971466,0.5736796259880066,0.008630073629319668,0.011317411437630653,0.6185702964842434,0.5775991007064539,1.0,1.0,1.0
43,55,3,12,24,00155_bow1::exemplar_0,00155_bow1::exemplar_1,00155_bow1,0,1,0.7153362035751343,0.8363243341445923,0.009035389870405197,0.012476055882871151,0.5998661427688077,0.45613950197118813,1.0,1.0,1.0
43,55,4,12,24,00101_beehive::exemplar_0,00101_beehive::exemplar_1,00101_beehive,0,1,0.6428058743476868,0.9412621259689331,0.00652107922360301,0.00971483439207077,0.5260823226314748,0.4340170801396705,1.0,1.0,1.0
43,55,5,12,24,00095_bear::exemplar_0,00095_bear::exemplar_1,00095_bear,1,0,1.007811427116394,1.275534749031067,0.017602410167455673,0.017708122730255127,0.44616448905874284,0.4561642410693619,1.0,1.0,0.0
43,55,6,12,24,00379_crane::exemplar_0,00379_crane::exemplar_1,00379_crane,1,0,0.48117005825042725,0.692391037940979,0.00817084964364767,0.013028225861489773,0.601598897021091,0.4181052756543558,1.0,1.0,1.0
43,55,7,12,24,00077_basketball_hoop::exemplar_0,00077_basketball_hoop::exemplar_1,00077_basketball_hoop,0,1,0.6679773330688477,0.5559905171394348,0.0077972570434212685,0.007953740656375885,0.6254949209303025,0.5064880696900929,0.0,1.0,1.0
43,55,8,12,24,00431_diving_board::exemplar_0,00431_diving_board::exemplar_1,00431_diving_board,0,1,0.5029323697090149,0.5049868822097778,0.01296186912804842,0.008172469213604927,0.5581183417499216,0.5840451889505393,1.0,0.0,0.0
43,55,9,12,24,00383_crayon::exemplar_0,00383_crayon::exemplar_1,00383_crayon,0,1,0.856267511844635,0.8905037045478821,0.007271709386259317,0.008454650640487671,0.4682159064131246,0.46252939412075145,1.0,1.0,1.0
43,55,10,12,24,00041_asparagus::exemplar_0,00041_asparagus::exemplar_1,00041_asparagus,0,1,0.5457911491394043,0.9130807518959045,0.005279856733977795,0.010737494565546513,0.574790893213027,0.5031892687234196,1.0,1.0,1.0
43,55,11,12,24,00046_backdrop::exemplar_0,00046_backdrop::exemplar_1,00046_backdrop,0,1,0.4669807553291321,0.515234649181366,0.009946626611053944,0.00761632714420557,0.6867072515977818,0.5769738721539983,1.0,0.0,1.0
43,55,12,12,24,00181_broom::exemplar_0,00181_broom::exemplar_1,00181_broom,1,0,0.40175187587738037,0.4577803611755371,0.009314877912402153,0.008377708494663239,0.5599596971706803,0.5644112156491394,1.0,0.0,0.0
44,56,1,12,24,00477_egg_roll::exemplar_0,00477_egg_roll::exemplar_1,00477_egg_roll,0,1,0.6209647059440613,0.8343586325645447,0.008443084545433521,0.011350435204803944,0.5424684886656275,0.44382077721793617,1.0,1.0,1.0
44,56,2,12,24,00243_cardboard::exemplar_0,00243_cardboard::exemplar_1,00243_cardboard,1,0,0.5151622891426086,2.712132215499878,0.010928263887763023,0.03573746234178543,0.6615633525561699,0.17636753905828764,1.0,1.0,1.0
44,56,3,12,24,00495_eyeliner::exemplar_0,00495_eyeliner::exemplar_1,00495_eyeliner,0,1,0.5173002481460571,0.5231295824050903,0.009911377914249897,0.008817529305815697,0.5850274365896183,0.6025671733715154,1.0,0.0,0.0
44,56,4,12,24,00155_bow1::exemplar_0,00155_bow1::exemplar_1,00155_bow1,1,0,0.6665801405906677,0.6582733392715454,0.008419553749263287,0.009819939732551575,0.5908583434129807,0.5389171538219039,0.0,1.0,1.0
44,56,5,12,24,00268_chalkboard::exemplar_0,00268_chalkboard::exemplar_1,00268_chalkboard,1,0,0.4350399971008301,0.5244046449661255,0.01080999430269003,0.011723469011485577,0.6152700486465692,0.4267800984030043,1.0,1.0,1.0
44,56,6,12,24,00394_crystal1::exemplar_0,00394_crystal1::exemplar_1,00394_crystal1,0,1,0.45067352056503296,0.6553868055343628,0.008733348920941353,0.012561364099383354,0.6358591128200852,0.6175064556982661,1.0,1.0,1.0
44,56,7,12,24,00287_chihuahua::exemplar_0,00287_chihuahua::exemplar_1,00287_chihuahua,0,1,0.9133912324905396,1.114913821220398,0.015916449949145317,0.017064083367586136,0.4736375524931409,0.010777802254706767,1.0,1.0,1.0
44,56,8,12,24,00278_cherry::exemplar_0,00278_cherry::exemplar_1,00278_cherry,0,1,0.4703297019004822,0.8967200517654419,0.006917797029018402,0.010430979542434216,0.6276399650743296,0.45288452754712427,1.0,1.0,1.0
44,56,9,12,24,00335_coffin::exemplar_0,00335_coffin::exemplar_1,00335_coffin,0,1,0.4718635380268097,0.6753071546554565,0.0076129622757434845,0.012668754905462265,0.6440179077752713,0.6047135837656735,1.0,1.0,1.0
44,56,10,12,24,00435_doily::exemplar_0,00435_doily::exemplar_1,00435_doily,0,1,0.69014972448349,1.0381126403808594,0.009354105219244957,0.010876686312258244,0.549059279658471,0.44639520884967393,1.0,1.0,1.0
44,56,11,12,24,00006_air_mattress::exemplar_0,00006_air_mattress::exemplar_1,00006_air_mattress,0,1,0.43775880336761475,0.8772398233413696,0.01068297028541565,0.016561215743422508,0.6362973411613703,0.5276772096594361,1.0,1.0,1.0
44,56,12,12,24,00216_camcorder::exemplar_0,00216_camcorder::exemplar_1,00216_camcorder,0,1,0.4178238809108734,0.7206656336784363,0.007016569841653109,0.00902132410556078,0.6654599600733587,0.5365733974163502,1.0,1.0,1.0
45,57,1,12,24,00010_airplane::exemplar_0,00010_airplane::exemplar_1,00010_airplane,1,0,0.47336602210998535,0.6273320317268372,0.007710868027061224,0.007775173056870699,0.6752027859482924,0.5934185821148446,1.0,1.0,1.0
45,57,2,12,24,00189_buffet::exemplar_0,00189_buffet::exemplar_1,00189_buffet,1,0,0.39178621768951416,0.6908787488937378,0.0060252659022808075,0.007133289705961943,0.6470978082370655,0.5053459700321882,1.0,1.0,1.0
45,57,3,12,24,00245_cardinal::exemplar_0,00245_cardinal::exemplar_1,00245_cardinal,1,0,0.5700159072875977,0.650138795375824,0.010128667578101158,0.008637077175080776,0.6400475622240402,0.5713979002039596,1.0,0.0,1.0
45,57,4,12,24,00165_boy::exemplar_0,00165_boy::exemplar_1,00165_boy,0,1,0.6653057932853699,0.6484992504119873,0.009797394275665283,0.009881487116217613,0.649389723578393,0.541406595465082,0.0,1.0,1.0
45,57,5,12,24,00149_bookshelf::exemplar_0,00149_bookshelf::exemplar_1,00149_bookshelf,1,0,0.5686196684837341,0.9959891438484192,0.0083477683365345,0.012563769705593586,0.5090648010875931,0.3105479216511975,1.0,1.0,1.0
45,57,6,12,24,00224_candelabra::exemplar_0,00224_candelabra::exemplar_1,00224_candelabra,0,1,0.5002633929252625,0.5056180953979492,0.006138994358479977,0.006480731535702944,0.6471292059957691,0.5724266513057881,1.0,1.0,1.0
45,57,7,12,24,00310_clasp::exemplar_0,00310_clasp::exemplar_1,00310_clasp,1,0,0.7663830518722534,0.6425751447677612,0.010612151585519314,0.010772375389933586,0.44414328585179186,0.5864488302488239,0.0,1.0,0.0
45,57,8,12,24,00116_birdbath::exemplar_0,00116_birdbath::exemplar_1,00116_birdbath,0,1,0.5111713409423828,0.6762111783027649,0.008781110867857933,0.0077806138433516026,0.6061296586740195,0.6301037535354161,1.0,0.0,0.0
45,57,9,12,24,00302_cigar::exemplar_0,00302_cigar::exemplar_1,00302_cigar,1,0,0.49175316095352173,0.7009466886520386,0.008435750380158424,0.01299356296658516,0.5715290594142418,0.48558324726729796,1.0,1.0,1.0
45,57,10,12,24,00022_ankle::exemplar_0,00022_ankle::exemplar_1,00022_ankle,1,0,0.570544958114624,0.5166664123535156,0.011621268466114998,0.014160946942865849,0.6671551286410322,0.6105999850250008,0.0,1.0,1.0
45,57,11,12,24,00264_chainsaw::exemplar_0,00264_chainsaw::exemplar_1,00264_chainsaw,0,1,0.49145472049713135,0.6774279475212097,0.007013228721916676,0.009874457493424416,0.6491904239060198,0.5296606655743747,1.0,1.0,1.0
45,57,12,12,24,00499_fast_food::exemplar_0,00499_fast_food::exemplar_1,00499_fast_food,1,0,0.427162766456604,1.0560314655303955,0.003826843574643135,0.010947882197797298,0.6383089315814887,0.2724400520439939,1.0,1.0,1.0
46,58,1,12,24,00106_bell_pepper::exemplar_0,00106_bell_pepper::exemplar_1,00106_bell_pepper,0,1,0.6310818195343018,1.6327768564224243,0.004757374059408903,0.022979505360126495,0.4320325654877492,0.5938395660030598,1.0,1.0,0.0
46,58,2,12,24,00379_crane::exemplar_0,00379_crane::exemplar_1,00379_crane,0,1,0.45256713032722473,0.7114590406417847,0.00768513698130846,0.013387015089392662,0.6026567214829345,0.4284489317903571,1.0,1.0,1.0
46,58,3,12,24,00101_beehive::exemplar_0,00101_beehive::exemplar_1,00101_beehive,1,0,0.6047596335411072,1.2761307954788208,0.006135111209005117,0.013171037659049034,0.5259530375511868,0.3975619368648226,1.0,1.0,1.0
46,58,4,12,24,00485_enchilada::exemplar_0,00485_enchilada::exemplar_1,00485_enchilada,0,1,0.6447397470474243,0.7770633101463318,0.006361925974488258,0.009200431406497955,0.5662770917904496,0.4315658276011461,1.0,1.0,1.0
46,58,5,12,24,00298_chocolate::exemplar_0,00298_chocolate::exemplar_1,00298_chocolate,0,1,0.4310014247894287,0.5417773723602295,0.010614740662276745,0.008679063990712166,0.536815614943756,0.5282791864885011,1.0,0.0,1.0
46,58,6,12,24,00231_cannon::exemplar_0,00231_cannon::exemplar_1,00231_cannon,0,1,0.5300600528717041,0.5800603628158569,0.007512762676924467,0.006871411111205816,0.5553745818509301,0.5977950885445562,1.0,0.0,0.0
46,58,7,12,24,00099_bedpost::exemplar_0,00099_bedpost::exemplar_1,00099_bedpost,1,0,0.43069472908973694,0.40284204483032227,0.0074165198020637035,0.009249401278793812,0.6213031187332507,0.6527642805627644,0.0,1.0,0.0
46,58,8,12,24,00208_cactus::exemplar_0,00208_cactus::exemplar_1,00208_cactus,0,1,0.581010103225708,2.0998973846435547,0.0072742365300655365,0.02765621803700924,0.5129162263125108,0.5043773589643855,1.0,1.0,1.0
46,58,9,12,24,00103_beet::exemplar_0,00103_beet::exemplar_1,00103_beet,0,1,0.5309407114982605,0.6824588775634766,0.005551454611122608,0.007926086895167828,0.5983871418309178,0.5525644081035717,1.0,1.0,1.0
46,58,10,12,24,00022_ankle::exemplar_0,00022_ankle::exemplar_1,00022_ankle,1,0,0.43804511427879333,0.43087780475616455,0.008922416716814041,0.01180962659418583,0.6526959547234725,0.620044349446457,0.0,1.0,1.0
46,58,11,12,24,00181_broom::exemplar_0,00181_broom::exemplar_1,00181_broom,0,1,0.45236170291900635,0.42508286237716675,0.010488299652934074,0.007779320701956749,0.5355307810050954,0.5937942152092117,0.0,0.0,0.0
46,58,12,12,24,00329_cocktail::exemplar_0,00329_cocktail::exemplar_1,00329_cocktail,1,0,0.3809710741043091,0.6375926733016968,0.006594487000256777,0.0072504798881709576,0.6524559401461284,0.6641863340078793,1.0,1.0,0.0
47,59,1,12,24,00366_cornucopia::exemplar_0,00366_cornucopia::exemplar_1,00366_cornucopia,1,0,0.7697500586509705,0.758529007434845,0.007349275052547455,0.0069544049911201,0.5402712906039364,0.5337352655930651,0.0,0.0,1.0
47,59,2,12,24,00334_coffee_table::exemplar_0,00334_coffee_table::exemplar_1,00334_coffee_table,0,1,0.43751615285873413,0.6235479116439819,0.009681044146418571,0.010932045057415962,0.6065932437068516,0.4897312005407474,1.0,1.0,1.0
47,59,3,12,24,00236_cap::exemplar_0,00236_cap::exemplar_1,00236_cap,1,0,0.9985910654067993,1.927425742149353,0.012769977562129498,0.015993447974324226,0.5466520764167724,0.41126115582046235,1.0,1.0,1.0
47,59,4,12,24,00044_axe::exemplar_0,00044_axe::exemplar_1,00044_axe,1,0,0.42622649669647217,0.4241757392883301,0.00835968367755413,0.010976887308061123,0.6145105078842108,0.5744611553063494,0.0,1.0,1.0
47,59,5,12,24,00478_eggbeater::exemplar_0,00478_eggbeater::exemplar_1,00478_eggbeater,0,1,0.49262315034866333,0.6134530305862427,0.008336104452610016,0.010935329832136631,0.6396603586398021,0.509149248669388,1.0,1.0,1.0
47,59,6,12,24,00485_enchilada::exemplar_0,00485_enchilada::exemplar_1,00485_enchilada,0,1,0.7163518071174622,0.7230627536773682,0.007068553473800421,0.00856106448918581,0.5592650459706416,0.45043452977707815,1.0,1.0,1.0
47,59,7,12,24,00434_doghouse::exemplar_0,00434_doghouse::exemplar_1,00434_doghouse,0,1,0.4080425500869751,0.7986211776733398,0.006559697445482016,0.013033454306423664,0.6099246877606057,0.5147149478317702,1.0,1.0,1.0
47,59,8,12,24,00349_contact_lens::exemplar_0,00349_contact_lens::exemplar_1,00349_contact_lens,0,1,0.3984867036342621,0.5245872139930725,0.007342448458075523,0.010322538204491138,0.6092889938101231,0.49160452952065586,1.0,1.0,1.0
47,59,9,12,24,00012_alligator::exemplar_0,00012_alligator::exemplar_1,00012_alligator,0,1,0.4396871328353882,0.4888274669647217,0.004728394094854593,0.007355017587542534,0.6375730738179196,0.5645071616297126,1.0,1.0,1.0
47,59,10,12,24,00070_bark::exemplar_0,00070_bark::exemplar_1,00070_bark,0,1,0.6734234094619751,0.6051866412162781,0.006914722733199596,0.005740729626268148,0.6062395305146456,0.5154867397350308,0.0,0.0,1.0
47,59,11,12,24,00115_bird::exemplar_0,00115_bird::exemplar_1,00115_bird,0,1,0.47175097465515137,1.0460013151168823,0.005772276781499386,0.010153017938137054,0.5869015917282068,0.29648922521798765,1.0,1.0,1.0
47,59,12,12,24,00154_bouquet::exemplar_0,00154_bouquet::exemplar_1,00154_bouquet,1,0,0.3731819689273834,0.4415163993835449,0.0049459668807685375,0.0064621055498719215,0.6730284451205306,0.6297942073965822,1.0,1.0,1.0
48,60,1,12,24,00118_birdhouse::exemplar_0,00118_birdhouse::exemplar_1,00118_birdhouse,0,1,0.6903702020645142,0.5527515411376953,0.008289276622235775,0.007347325328737497,0.6190336766747959,0.5544884887934348,0.0,0.0,1.0
48,60,2,12,24,00136_boar::exemplar_0,00136_boar::exemplar_1,00136_boar,1,0,0.6429818868637085,0.7857150435447693,0.008032171986997128,0.015262654982507229,0.4492838816809128,0.46100217416736405,1.0,1.0,0.0
48,60,3,12,24,00240_car_seat::exemplar_0,00240_car_seat::exemplar_1,00240_car_seat,1,0,0.6297382712364197,0.6820234060287476,0.0100105544552207,0.012237357906997204,0.5684828360061194,0.4788631865842665,1.0,1.0,1.0
48,60,4,12,24,00079_bat1::exemplar_0,00079_bat1::exemplar_1,00079_bat1,0,1,0.4576159119606018,0.8792113065719604,0.008598331362009048,0.016711782664060593,0.6008164726628535,0.4304865498269005,1.0,1.0,1.0
48,60,5,12,24,00248_carrot::exemplar_0,00248_carrot::exemplar_1,00248_carrot,1,0,0.5770056843757629,0.7424521446228027,0.006475596688687801,0.006730673369020224,0.5219359938475736,0.28573008258840454,1.0,1.0,1.0
48,60,6,12,24,00171_brake::exemplar_0,00171_brake::exemplar_1,00171_brake,1,0,0.42041081190109253,0.6390918493270874,0.008553862571716309,0.01179568376392126,0.6419251743102691,0.5838303398457121,1.0,1.0,1.0
48,60,7,12,24,00500_faucet::exemplar_0,00500_faucet::exemplar_1,00500_faucet,0,1,0.49530500173568726,0.5112321376800537,0.007598617114126682,0.01301982719451189,0.6405608316494804,0.5510999032182471,1.0,1.0,1.0
48,60,8,12,24,00414_deer::exemplar_0,00414_deer::exemplar_1,00414_deer,1,0,0.5095617175102234,1.0491029024124146,0.008114011958241463,0.01618642918765545,0.5339125505413437,0.3958076337436016,1.0,1.0,1.0
48,60,9,12,24,00454_dresser::exemplar_0,00454_dresser::exemplar_1,00454_dresser,1,0,0.471591055393219,0.5985816717147827,0.006075016222894192,0.010798599570989609,0.5022492555729234,0.6065192676700276,1.0,1.0,0.0
48,60,10,12,24,00296_chisel::exemplar_0,00296_chisel::exemplar_1,00296_chisel,0,1,0.39135846495628357,0.8110476732254028,0.008281148038804531,0.013880093581974506,0.6661717893585773,0.4772306187311607,1.0,1.0,1.0
48,60,11,12,24,00146_bonsai::exemplar_0,00146_bonsai::exemplar_1,00146_bonsai,1,0,0.3683943450450897,0.5108240246772766,0.006658328231424093,0.007293525151908398,0.6830837686452269,0.5849433257473401,1.0,1.0,1.0
48,60,12,12,24,00158_bowl::exemplar_0,00158_bowl::exemplar_1,00158_bowl,0,1,0.3827025592327118,0.5719591379165649,0.008298784494400024,0.010716755874454975,0.6496103210552467,0.5587938630603444,1.0,1.0,1.0
49,61,1,12,24,00015_alpaca::exemplar_0,00015_alpaca::exemplar_1,00015_alpaca,1,0,0.9205924868583679,0.6158140301704407,0.012473520822823048,0.01085993368178606,0.4498142712317101,0.4249019716612389,0.0,0.0,1.0
49,61,2,12,24,00111_bikini::exemplar_0,00111_bikini::exemplar_1,00111_bikini,0,1,1.6938869953155518,0.711057186126709,0.028962288051843643,0.010454146191477776,0.5927788820113736,0.5872475381031703,0.0,0.0,1.0
49,61,3,12,24,00415_defibrillator::exemplar_0,00415_defibrillator::exemplar_1,00415_defibrillator,0,1,0.6046366691589355,0.6879773736000061,0.010915936902165413,0.009683782234787941,0.506149593589317,0.589951922170852,1.0,0.0,0.0
49,61,4,12,24,00254_catfish::exemplar_0,00254_catfish::exemplar_1,00254_catfish,0,1,0.4916898012161255,1.0585966110229492,0.008467424660921097,0.014224070124328136,0.6355575888056066,0.4693150691998049,1.0,1.0,1.0
49,61,5,12,24,00412_dartboard::exemplar_0,00412_dartboard::exemplar_1,00412_dartboard,1,0,0.5338021516799927,2.261666774749756,0.008030804805457592,0.03530251234769821,0.6151002706605433,0.5209721995764993,1.0,1.0,1.0
49,61,6,12,24,00355_coop::exemplar_0,00355_coop::exemplar_1,00355_coop,0,1,0.3835943341255188,0.5250027775764465,0.006064929533749819,0.0070743681862950325,0.6085316452920925,0.4979035418887953,1.0,1.0,1.0
49,61,7,12,24,00286_chickpea::exemplar_0,00286_chickpea::exemplar_1,00286_chickpea,0,1,0.880752682685852,2.630483865737915,0.01594681479036808,0.027743659913539886,0.34496945583603034,0.0764605129909054,1.0,1.0,1.0
49,61,8,12,24,00151_boot::exemplar_0,00151_boot::exemplar_1,00151_boot,1,0,0.4557727575302124,0.638250470161438,0.006716244388371706,0.008393947966396809,0.6615783745104236,0.5251573570002703,1.0,1.0,1.0
49,61,9,12,24,00165_boy::exemplar_0,00165_boy::exemplar_1,00165_boy,0,1,0.5739591121673584,0.8320226669311523,0.008452208712697029,0.012677919119596481,0.617074099442497,0.425407518514198,1.0,1.0,1.0
49,61,10,12,24,00094_beanie::exemplar_0,00094_beanie::exemplar_1,00094_beanie,1,0,0.5713298320770264,0.7084372639656067,0.010995697230100632,0.01030654925853014,0.6306284281437944,0.48047996025928913,1.0,0.0,1.0
49,61,11,12,24,00249_cash_machine::exemplar_0,00249_cash_machine::exemplar_1,00249_cash_machine,1,0,0.47066763043403625,0.9081729650497437,0.008152767084538937,0.014422700740396976,0.6273652259133644,0.5377772122169503,1.0,1.0,1.0
49,61,12,12,24,00465_dumpling::exemplar_0,00465_dumpling::exemplar_1,00465_dumpling,1,0,0.3868895173072815,0.5085017681121826,0.005937950685620308,0.008778441697359085,0.5396017514440369,0.530345693768134,1.0,1.0,1.0
50,62,1,12,24,00344_compass::exemplar_0,00344_compass::exemplar_1,00344_compass,0,1,0.9809077978134155,1.485824465751648,0.010495667345821857,0.020899273455142975,0.1390976885272117,0.10019415275170673,1.0,1.0,1.0
50,62,2,12,24,00497_face::exemplar_0,00497_face::exemplar_1,00497_face,0,1,0.6142594218254089,1.0437089204788208,0.009052672423422337,0.0239127054810524,0.5290185484643889,0.46322273259437347,1.0,1.0,1.0
50,62,3,12,24,00034_arch::exemplar_0,00034_arch::exemplar_1,00034_arch,1,0,0.4480022192001343,0.587282657623291,0.008426160551607609,0.008929797448217869,0.6260942476316452,0.6609632306456518,1.0,1.0,0.0
50,62,4,12,24,00122_blanket::exemplar_0,00122_blanket::exemplar_1,00122_blanket,1,0,0.4979274868965149,2.1923558712005615,0.007274330127984285,0.0339442640542984,0.512809708604261,0.5810382015408587,1.0,1.0,0.0
50,62,5,12,24,00295_chips::exemplar_0,00295_chips::exemplar_1,00295_chips,1,0,0.47295552492141724,0.8885076642036438,0.0068597751669585705,0.011519717052578926,0.6140526286005732,0.46094963195146244,1.0,1.0,1.0
50,62,6,12,24,00457_drumstick::exemplar_0,00457_drumstick::exemplar_1,00457_drumstick,1,0,0.5213549733161926,0.8416073322296143,0.011259065009653568,0.014304039999842644,0.6528574293053648,0.5618694188500238,1.0,1.0,1.0
50,62,7,12,24,00476_eclair::exemplar_0,00476_eclair::exemplar_1,00476_eclair,1,0,0.39468032121658325,1.5381237268447876,0.0055373129434883595,0.028942296281456947,0.6316585235667647,0.6150051743261014,1.0,1.0,1.0
50,62,8,12,24,00159_bowler_hat::exemplar_0,00159_bowler_hat::exemplar_1,00159_bowler_hat,0,1,0.4618915319442749,0.697609543800354,0.01077144406735897,0.010784618556499481,0.6643347253223305,0.49201375105803286,1.0,1.0,1.0
50,62,9,12,24,00460_duckling::exemplar_0,00460_duckling::exemplar_1,00460_duckling,0,1,0.590319812297821,0.8408422470092773,0.008975325152277946,0.012760487385094166,0.48089522793060907,0.41884932560293636,1.0,1.0,1.0
50,62,10,12,24,00238_car::exemplar_0,00238_car::exemplar_1,00238_car,0,1,0.565033495426178,0.6403476595878601,0.006494797300547361,0.009412815794348717,0.6469961274471749,0.6501505924495965,1.0,1.0,0.0
50,62,11,12,24,00089_beachball::exemplar_0,00089_beachball::exemplar_1,00089_beachball,0,1,0.4360922873020172,0.6147794127464294,0.008004298433661461,0.009870817884802818,0.6150628834958798,0.5732986264492639,1.0,1.0,1.0
50,62,12,12,24,00418_desk::exemplar_0,00418_desk::exemplar_1,00418_desk,1,0,0.4031962752342224,0.6842190027236938,0.007044430822134018,0.011546717025339603,0.6198330744462718,0.5814927646556407,1.0,1.0,1.0
51,63,1,12,24,00198_burner::exemplar_0,00198_burner::exemplar_1,00198_burner,0,1,0.5699692368507385,0.9480512142181396,0.008935831487178802,0.012205364182591438,0.6118643837625997,0.5752395786361718,1.0,1.0,1.0
51,63,2,12,24,00477_egg_roll::exemplar_0,00477_egg_roll::exemplar_1,00477_egg_roll,0,1,0.5876862406730652,0.7535241842269897,0.007990607060492039,0.01025078073143959,0.6047471960569214,0.5025983263090085,1.0,1.0,1.0
51,63,3,12,24,00039_arugula::exemplar_0,00039_arugula::exemplar_1,00039_arugula,1,0,0.6581698060035706,0.6032771468162537,0.006539758760482073,0.006554205436259508,0.5520094034559295,0.5725663056276783,0.0,1.0,0.0
51,63,4,12,24,00228_candy_cane::exemplar_0,00228_candy_cane::exemplar_1,00228_candy_cane,1,0,0.668483555316925,1.4229867458343506,0.0071653141640126705,0.015644436702132225,0.5710819468556054,0.2625704410140171,1.0,1.0,1.0
51,63,5,12,24,00045_baby::exemplar_0,00045_baby::exemplar_1,00045_baby,1,0,0.5688052177429199,0.49468159675598145,0.005659023299813271,0.007594285998493433,0.5541583601266561,0.5662764890382552,0.0,1.0,0.0
51,63,6,12,24,00248_carrot::exemplar_0,00248_carrot::exemplar_1,00248_carrot,1,0,0.485764741897583,0.5479571223258972,0.005451621487736702,0.0049674855545163155,0.47972128121639823,0.338230327976781,1.0,0.0,1.0
51,63,7,12,24,00338_coleslaw::exemplar_0,00338_coleslaw::exemplar_1,00338_coleslaw,1,0,0.4178326427936554,0.7213109731674194,0.00884317234158516,0.014020140282809734,0.5948707057956126,0.37654881923971895,1.0,1.0,1.0
51,63,8,12,24,00384_cream::exemplar_0,00384_cream::exemplar_1,00384_cream,0,1,0.4233494699001312,0.4898640215396881,0.006181867327541113,0.008194436319172382,0.6429489845080938,0.4999374572745913,1.0,1.0,1.0
51,63,9,12,24,00151_boot::exemplar_0,00151_boot::exemplar_1,00151_boot,1,0,0.44521626830101013,0.6072885394096375,0.006560684647411108,0.007986752316355705,0.645286733226327,0.514459631203964,1.0,1.0,1.0
51,63,10,12,24,00130_blouse::exemplar_0,00130_blouse::exemplar_1,00130_blouse,0,1,0.5492900609970093,0.9803332090377808,0.010011188685894012,0.013121085241436958,0.597414508293277,0.5225065010417073,1.0,1.0,1.0
51,63,11,12,24,00466_dumpster::exemplar_0,00466_dumpster::exemplar_1,00466_dumpster,1,0,0.46068868041038513,1.2459652423858643,0.006111128721386194,0.016789020970463753,0.6057960186969633,0.43069308260563904,1.0,1.0,1.0
51,63,12,12,24,00041_asparagus::exemplar_0,00041_asparagus::exemplar_1,00041_asparagus,0,1,0.45342642068862915,0.794809877872467,0.004386341664940119,0.00934667233377695,0.6107273424831136,0.47388987545402966,1.0,1.0,1.0
52,64,1,12,24,00105_bell::exemplar_0,00105_bell::exemplar_1,00105_bell,1,0,0.3991505801677704,0.7535581588745117,0.005868822336196899,0.016922669485211372,0.5612843048748675,0.5710820890924154,1.0,1.0,0.0
52,64,2,12,24,00352_cookie_cutter::exemplar_0,00352_cookie_cutter::exemplar_1,00352_cookie_cutter,0,1,0.5554330945014954,0.5430022478103638,0.0090103168040514,0.008362073451280594,0.5194029283373708,0.5161156793391447,0.0,0.0,1.0
52,64,3,12,24,00275_checkers::exemplar_0,00275_checkers::exemplar_1,00275_checkers,1,0,0.8350644111633301,1.3092900514602661,0.013467242009937763,0.017665041610598564,0.5150690268388252,0.17684778645578722,1.0,1.0,1.0
52,64,4,12,24,00207_cable::exemplar_0,00207_cable::exemplar_1,00207_cable,1,0,0.9408380389213562,1.4815356731414795,0.009939615614712238,0.028248555958271027,0.5034425229112649,0.3816456821385282,1.0,1.0,1.0
52,64,5,12,24,00244_cardigan::exemplar_0,00244_cardigan::exemplar_1,00244_cardigan,0,1,0.48590055108070374,1.01179039478302,0.005830163601785898,0.018799418583512306,0.5894523620561152,0.4267072722906325,1.0,1.0,1.0
52,64,6,12,24,00009_airboat::exemplar_0,00009_airboat::exemplar_1,00009_airboat,1,0,0.42001596093177795,0.49741441011428833,0.00604522880166769,0.00816243328154087,0.6500074512194375,0.5501433286254067,1.0,1.0,1.0
52,64,7,12,24,00361_corkscrew::exemplar_0,00361_corkscrew::exemplar_1,00361_corkscrew,0,1,0.4752882421016693,0.573835015296936,0.009530494920909405,0.0125641580671072,0.6403649155017891,0.665642262516298,1.0,1.0,0.0
52,64,8,12,24,00472_earring::exemplar_0,00472_earring::exemplar_1,00472_earring,0,1,0.4786708354949951,0.5342527627944946,0.009977933019399643,0.010245711542665958,0.674692864594252,0.6542972439323631,1.0,1.0,1.0
52,64,9,12,24,00064_banjo::exemplar_0,00064_banjo::exemplar_1,00064_banjo,0,1,0.9405620098114014,1.7195658683776855,0.01687528006732464,0.02634335123002529,0.6199492291176313,0.4261130257557379,1.0,1.0,1.0
52,64,10,12,24,00323_clover::exemplar_0,00323_clover::exemplar_1,00323_clover,1,0,0.6460610032081604,0.7396082878112793,0.005771406460553408,0.007828174158930779,0.5794875255549188,0.4415693737212307,1.0,1.0,1.0
52,64,11,12,24,00314_clipper2::exemplar_0,00314_clipper2::exemplar_1,00314_clipper2,0,1,0.3921062648296356,0.4964706301689148,0.007723487447947264,0.00843424629420042,0.6753258514649275,0.48883475770438045,1.0,1.0,1.0
52,64,12,12,24,00138_board_game::exemplar_0,00138_board_game::exemplar_1,00138_board_game,0,1,0.539570689201355,0.9643065333366394,0.005489319562911987,0.010638926178216934,0.5639080927108948,0.31470827157516995,1.0,1.0,1.0
53,65,1,12,24,00174_breadstick::exemplar_0,00174_breadstick::exemplar_1,00174_breadstick,0,1,0.5190023183822632,0.8464897871017456,0.007833043113350868,0.013698589988052845,0.6481631057436431,0.5423221749472719,1.0,1.0,1.0
53,65,2,12,24,00113_binder::exemplar_0,00113_binder::exemplar_1,00113_binder,1,0,0.4503362774848938,0.6043457984924316,0.008542734198272228,0.011511393822729588,0.6506127547849663,0.576801818321287,1.0,1.0,1.0
53,65,3,12,24,00228_candy_cane::exemplar_0,00228_candy_cane::exemplar_1,00228_candy_cane,0,1,0.5402193069458008,1.2785580158233643,0.005790480878204107,0.014056575484573841,0.6340136556555346,0.40793620729797336,1.0,1.0,1.0
53,65,4,12,24,00213_calf1::exemplar_0,00213_calf1::exemplar_1,00213_calf1,1,0,0.7686985731124878,0.7192939519882202,0.011309118941426277,0.010537751019001007,0.48738456431911326,0.4556424985650757,0.0,0.0,1.0
53,65,5,12,24,00283_chicken1::exemplar_0,00283_chicken1::exemplar_1,00283_chicken1,0,1,0.40475088357925415,0.4466169476509094,0.005497257225215435,0.007461682893335819,0.5938324794735129,0.6182831306033456,1.0,1.0,0.0
53,65,6,12,24,00227_candy_bar::exemplar_0,00227_candy_bar::exemplar_1,00227_candy_bar,1,0,0.5476891994476318,0.7895196080207825,0.00545543385669589,0.007307355757802725,0.5716869231271988,0.5463051277816164,1.0,1.0,1.0
53,65,7,12,24,00264_chainsaw::exemplar_0,00264_chainsaw::exemplar_1,00264_chainsaw,0,1,0.49521422386169434,0.60267174243927,0.007066878490149975,0.008784782141447067,0.6806804027156879,0.48818943241414103,1.0,1.0,1.0
53,65,8,12,24,00271_charcoal::exemplar_0,00271_charcoal::exemplar_1,00271_charcoal,1,0,0.4720737338066101,0.706214189529419,0.00869033019989729,0.010835721157491207,0.6382223632905711,0.5463183727836461,1.0,1.0,1.0
53,65,9,12,24,00148_bookmark::exemplar_0,00148_bookmark::exemplar_1,00148_bookmark,1,0,0.5280983448028564,2.348417043685913,0.009347920306026936,0.041713640093803406,0.6025445833238333,0.4728297355204815,1.0,1.0,1.0
53,65,10,12,24,00433_dogfood::exemplar_0,00433_dogfood::exemplar_1,00433_dogfood,1,0,0.6195035576820374,0.9171562790870667,0.005312367808073759,0.01273016631603241,0.5164520781396712,0.4722025946955715,1.0,1.0,1.0
53,65,11,12,24,00235_canvas::exemplar_0,00235_canvas::exemplar_1,00235_canvas,1,0,0.4299386143684387,0.502663791179657,0.00995656754821539,0.014374949038028717,0.6717451176437812,0.5352773237737979,1.0,1.0,1.0
53,65,12,12,24,00475_easter_egg::exemplar_0,00475_easter_egg::exemplar_1,00475_easter_egg,0,1,0.6140056252479553,0.6525319218635559,0.006737657822668552,0.007469902280718088,0.6242631625022861,0.5353463026451045,1.0,1.0,1.0
54,66,1,12,24,00287_chihuahua::exemplar_0,00287_chihuahua::exemplar_1,00287_chihuahua,0,1,1.3194891214370728,1.024290919303894,0.022992976009845734,0.01567707397043705,0.489870604634326,0.15817754771176204,0.0,0.0,1.0
54,66,2,12,24,00127_blinder::exemplar_0,00127_blinder::exemplar_1,00127_blinder,1,0,0.5324642658233643,0.6254114508628845,0.006019139662384987,0.012511001899838448,0.6209382017120333,0.5527470694608021,1.0,1.0,1.0
54,66,3,12,24,00473_earwig::exemplar_0,00473_earwig::exemplar_1,00473_earwig,1,0,0.5810682773590088,1.703561782836914,0.0077978260815143585,0.03601197525858879,0.6681077859666049,0.38337836179198537,1.0,1.0,1.0
54,66,4,12,24,00132_blowfish::exemplar_0,00132_blowfish::exemplar_1,00132_blowfish,0,1,0.9565606713294983,0.7008634805679321,0.010843932628631592,0.008997469209134579,0.563889676832534,0.5403740104224014,0.0,0.0,1.0
54,66,5,12,24,00037_arrow::exemplar_0,00037_arrow::exemplar_1,00037_arrow,0,1,0.6182889342308044,0.8014417886734009,0.009035064838826656,0.010272831656038761,0.5483954600376293,0.39861378911829193,1.0,1.0,1.0
54,66,6,12,24,00403_curling_iron::exemplar_0,00403_curling_iron::exemplar_1,00403_curling_iron,0,1,0.4676551818847656,0.49979642033576965,0.010350490920245647,0.01304229162633419,0.6631996007712431,0.5889862198863537,1.0,1.0,1.0
54,66,7,12,24,00229_cane::exemplar_0,00229_cane::exemplar_1,00229_cane,0,1,0.4847896099090576,1.0864980220794678,0.010156004689633846,0.02706485614180565,0.6028907321352551,0.42758574823246087,1.0,1.0,1.0
54,66,8,12,24,00442_donut::exemplar_0,00442_donut::exemplar_1,00442_donut,0,1,0.46038562059402466,0.5876163244247437,0.009654342196881771,0.007269015070050955,0.5596174238291217,0.5469462969504771,1.0,0.0,1.0
54,66,9,12,24,00402_curb::exemplar_0,00402_curb::exemplar_1,00402_curb,0,1,0.4405820965766907,0.6001603603363037,0.008592171594500542,0.011989261023700237,0.5885120126694988,0.5876077917494632,1.0,1.0,1.0
54,66,10,12,24,00223_can_opener::exemplar_0,00223_can_opener::exemplar_1,00223_can_opener,0,1,0.4493086636066437,0.6976515650749207,0.00632838811725378,0.010062916204333305,0.6104253269937837,0.47851860316816064,1.0,1.0,1.0
54,66,11,12,24,00151_boot::exemplar_0,00151_boot::exemplar_1,00151_boot,0,1,0.4122978746891022,0.7393530607223511,0.006075600627809763,0.009723598137497902,0.6363837442818022,0.5095934789781742,1.0,1.0,1.0
54,66,12,12,24,00160_bowling_ball::exemplar_0,00160_bowling_ball::exemplar_1,00160_bowling_ball,1,0,0.5571292638778687,0.605570375919342,0.00593969551846385,0.008598734624683857,0.5115313416699854,0.6161887826568729,1.0,1.0,0.0
55,67,1,12,24,00220_camera_lens::exemplar_0,00220_camera_lens::exemplar_1,00220_camera_lens,1,0,0.5562878251075745,1.6151823997497559,0.008152354508638382,0.017619198188185692,0.559396393238691,0.44310598060100975,1.0,1.0,1.0
55,67,2,12,24,00213_calf1::exemplar_0,00213_calf1::exemplar_1,00213_calf1,0,1,0.8053904175758362,0.918644905090332,0.011848930269479752,0.013458268716931343,0.4045441758781168,0.432729350388787,1.0,1.0,0.0
55,67,3,12,24,00240_car_seat::exemplar_0,00240_car_seat::exemplar_1,00240_car_seat,0,1,0.6542057991027832,0.6634652018547058,0.010399498976767063,0.011904372833669186,0.5644978839517528,0.5092124454622909,1.0,1.0,1.0
55,67,4,12,24,00250_cash_register::exemplar_0,00250_cash_register::exemplar_1,00250_cash_register,1,0,0.8549884557723999,0.5541515946388245,0.01162697933614254,0.011733390390872955,0.4342755575590056,0.6475304177833834,0.0,1.0,0.0
55,67,5,12,24,00060_banana_peel::exemplar_0,00060_banana_peel::exemplar_1,00060_banana_peel,1,0,0.4891301095485687,0.5385647416114807,0.010284035466611385,0.01336099486798048,0.6272674740448451,0.5278473455853325,1.0,1.0,1.0
55,67,6,12,24,00484_emerald::exemplar_0,00484_emerald::exemplar_1,00484_emerald,0,1,0.40481215715408325,0.6742432117462158,0.0059791929088532925,0.011418581008911133,0.646300783592503,0.6187384888530159,1.0,1.0,1.0
55,67,7,12,24,00137_board::exemplar_0,00137_board::exemplar_1,00137_board,1,0,0.5760071277618408,0.535341203212738,0.016011830419301987,0.01434112899005413,0.593741457648911,0.5786802846400693,0.0,0.0,1.0
55,67,8,12,24,00393_crutch::exemplar_0,00393_crutch::exemplar_1,00393_crutch,1,0,0.6071372032165527,0.5964083671569824,0.010750861838459969,0.010555257089436054,0.6316565093609978,0.6081030968291268,0.0,0.0,1.0
55,67,9,12,24,00039_arugula::exemplar_0,00039_arugula::exemplar_1,00039_arugula,1,0,0.5666942596435547,0.562641441822052,0.00563083216547966,0.0061127254739403725,0.7305566742984168,0.6663727926606322,0.0,1.0,1.0
55,67,10,12,24,00210_cake::exemplar_0,00210_cake::exemplar_1,00210_cake,1,0,0.5045896172523499,0.6743310689926147,0.005280860234051943,0.0077066137455403805,0.5589974877037188,0.5839246059134303,1.0,1.0,0.0
55,67,11,12,24,00498_fan::exemplar_0,00498_fan::exemplar_1,00498_fan,1,0,0.43949127197265625,0.7596734762191772,0.008114214986562729,0.015440893359482288,0.6304192651492609,0.5687532500665095,1.0,1.0,1.0
55,67,12,12,24,00306_cilantro::exemplar_0,00306_cilantro::exemplar_1,00306_cilantro,1,0,0.4547973573207855,0.5074867606163025,0.004603810142725706,0.004677848424762487,0.7750727052557946,0.7381198533054507,1.0,1.0,1.0
56,68,1,12,24,00057_balloon::exemplar_0,00057_balloon::exemplar_1,00057_balloon,0,1,0.48903197050094604,0.8717907667160034,0.005816984456032515,0.011055149137973785,0.6313096259054592,0.5629530741396679,1.0,1.0,1.0
56,68,2,12,24,00125_blimp::exemplar_0,00125_blimp::exemplar_1,00125_blimp,0,1,0.7192916870117188,0.9466450214385986,0.013728808611631393,0.013513254001736641,0.5641810786390073,0.5542204364201914,1.0,0.0,1.0
56,68,3,12,24,00354_cooler::exemplar_0,00354_cooler::exemplar_1,00354_cooler,0,1,0.434782475233078,0.898797869682312,0.006170387379825115,0.012182243168354034,0.6624083032917009,0.5747438041910292,1.0,1.0,1.0
56,68,4,12,24,00380_crank::exemplar_0,00380_crank::exemplar_1,00380_crank,1,0,0.4196631908416748,0.631075918674469,0.006291807163506746,0.010086074471473694,0.6565363571201454,0.6083963418829968,1.0,1.0,1.0
56,68,5,12,24,00239_car_door::exemplar_0,00239_car_door::exemplar_1,00239_car_door,0,1,0.5067124366760254,0.8925329446792603,0.007310871034860611,0.013684578239917755,0.5769265239114721,0.4778064853221807,1.0,1.0,1.0
56,68,6,12,24,00482_elbow::exemplar_0,00482_elbow::exemplar_1,00482_elbow,0,1,0.4895317554473877,0.551069974899292,0.009446877986192703,0.00982076209038496,0.5618221904261474,0.48779625696980233,1.0,1.0,1.0
56,68,7,12,24,00311_clay::exemplar_0,00311_clay::exemplar_1,00311_clay,1,0,0.5269193649291992,0.503605306148529,0.008017143234610558,0.014802241697907448,0.6273299036630022,0.5871202679961811,0.0,1.0,1.0
56,68,8,12,24,00297_chive::exemplar_0,00297_chive::exemplar_1,00297_chive,0,1,0.5662028193473816,0.9308462142944336,0.0068125673569738865,0.015411371365189552,0.6479209304893921,0.6189122968241068,1.0,1.0,1.0
56,68,9,12,24,00423_dice::exemplar_0,00423_dice::exemplar_1,00423_dice,1,0,0.641282320022583,1.1969189643859863,0.006588209420442581,0.011554078198969364,0.4534031249498707,0.2782917024061775,1.0,1.0,1.0
56,68,10,12,24,00383_crayon::exemplar_0,00383_crayon::exemplar_1,00383_crayon,1,0,1.0244957208633423,1.0373026132583618,0.008700359612703323,0.009848393499851227,0.43405106246473757,0.4824951250785949,1.0,1.0,0.0
56,68,11,12,24,00257_celery::exemplar_0,00257_celery::exemplar_1,00257_celery,1,0,0.45965585112571716,0.5083502531051636,0.00490751676261425,0.005291864275932312,0.5934701750636129,0.5832684173865426,1.0,1.0,1.0
56,68,12,12,24,00465_dumpling::exemplar_0,00465_dumpling::exemplar_1,00465_dumpling,1,0,0.4007495939731598,0.5521557331085205,0.006150674074888229,0.009532054886221886,0.5665348124428675,0.480711668012855,1.0,1.0,1.0
57,69,1,12,24,00035_arm::exemplar_0,00035_arm::exemplar_1,00035_arm,1,0,0.540039598941803,0.44729483127593994,0.01096330862492323,0.008966276422142982,0.5961493491264851,0.624588965543451,0.0,0.0,0.0
57,69,2,12,24,00020_amplifier::exemplar_0,00020_amplifier::exemplar_1,00020_amplifier,0,1,0.7759589552879333,0.913138747215271,0.008845778182148933,0.013391834683716297,0.44417805687749806,0.6116260267696412,1.0,1.0,0.0
57,69,3,12,24,00351_cooker::exemplar_0,00351_cooker::exemplar_1,00351_cooker,0,1,0.8196499347686768,0.5732613205909729,0.013761691749095917,0.00900197122246027,0.5657700401615677,0.6188276504722525,0.0,0.0,0.0
57,69,4,12,24,00411_dart::exemplar_0,00411_dart::exemplar_1,00411_dart,0,1,0.45957672595977783,0.6851139068603516,0.008273817598819733,0.0068773506209254265,0.5362340358545721,0.5418324373828564,1.0,0.0,0.0
57,69,5,12,24,00050_badge::exemplar_0,00050_badge::exemplar_1,00050_badge,1,0,0.43163174390792847,0.7498824596405029,0.0051145050674676895,0.010455701500177383,0.5728740659363947,0.4858482835502959,1.0,1.0,1.0
57,69,6,12,24,00086_baton3::exemplar_0,00086_baton3::exemplar_1,00086_baton3,0,1,0.43599361181259155,0.939228355884552,0.007291584275662899,0.01727386750280857,0.5751934844076275,0.5067507902419114,1.0,1.0,1.0
57,69,7,12,24,00448_doormat::exemplar_0,00448_doormat::exemplar_1,00448_doormat,1,0,0.4002588987350464,0.5002667903900146,0.008922824636101723,0.008657041937112808,0.6740222466779833,0.44760567808394164,1.0,0.0,1.0
57,69,8,12,24,00471_earplug::exemplar_0,00471_earplug::exemplar_1,00471_earplug,1,0,0.4955650568008423,1.4848284721374512,0.007300871890038252,0.012307945638895035,0.6420464384795913,0.3340509580436705,1.0,1.0,1.0
57,69,9,12,24,00469_dynamite::exemplar_0,00469_dynamite::exemplar_1,00469_dynamite,1,0,0.42673468589782715,0.7183921337127686,0.006432935129851103,0.00950317457318306,0.6020259696931876,0.4158113889181439,1.0,1.0,1.0
57,69,10,12,24,00177_brick::exemplar_0,00177_brick::exemplar_1,00177_brick,1,0,0.5143306851387024,0.5517334938049316,0.004983017686754465,0.009148761630058289,0.5968433162913279,0.4780331271957571,1.0,1.0,1.0
57,69,11,12,24,00310_clasp::exemplar_0,00310_clasp::exemplar_1,00310_clasp,0,1,0.6780095100402832,0.5064061284065247,0.009388438425958157,0.008489586412906647,0.5420342493081318,0.6328678782884885,0.0,0.0,0.0
57,69,12,12,24,00168_bracelet2::exemplar_0,00168_bracelet2::exemplar_1,00168_bracelet2,0,1,0.43950355052948,0.7888132929801941,0.00859820656478405,0.008838924579322338,0.6546740109071957,0.09139916919008638,1.0,1.0,1.0
58,70,1,12,24,00236_cap::exemplar_0,00236_cap::exemplar_1,00236_cap,1,0,1.0172038078308105,2.054121732711792,0.013007997535169125,0.01704474911093712,0.5233147694184478,0.2728361178280741,1.0,1.0,1.0
58,70,2,12,24,00231_cannon::exemplar_0,00231_cannon::exemplar_1,00231_cannon,0,1,0.9155327677726746,0.8889400959014893,0.012976228259503841,0.010530409403145313,0.6067876208150426,0.5989196698939655,0.0,0.0,1.0
58,70,3,12,24,00165_boy::exemplar_0,00165_boy::exemplar_1,00165_boy,0,1,0.7245569825172424,0.7706102132797241,0.010669936425983906,0.01174214854836464,0.6160802083255551,0.4082624085604889,1.0,1.0,1.0
58,70,4,12,24,00151_boot::exemplar_0,00151_boot::exemplar_1,00151_boot,0,1,0.4928264319896698,0.7642332315444946,0.0072622657753527164,0.010050809942185879,0.6297881238979036,0.4477395731607689,1.0,1.0,1.0
58,70,5,12,24,00466_dumpster::exemplar_0,00466_dumpster::exemplar_1,00466_dumpster,0,1,0.6248606443405151,1.5313458442687988,0.008288903161883354,0.020634442567825317,0.5667701424623154,0.32581530067281017,1.0,1.0,1.0
58,70,6,12,24,00346_computer::exemplar_0,00346_computer::exemplar_1,00346_computer,1,0,1.162137746810913,0.8618201017379761,0.013982510194182396,0.013406921178102493,0.5907587772885258,0.6485776750828106,0.0,0.0,0.0
58,70,7,12,24,00061_banana_split::exemplar_0,00061_banana_split::exemplar_1,00061_banana_split,0,1,0.5867809057235718,0.7271115779876709,0.007260648533701897,0.00871380977332592,0.5804456260009787,0.5476837710173273,1.0,1.0,1.0
58,70,8,12,24,00055_baklava::exemplar_0,00055_baklava::exemplar_1,00055_baklava,0,1,0.5149680972099304,0.713839054107666,0.006831924431025982,0.009529676288366318,0.5906313739580996,0.47142075683825624,1.0,1.0,1.0
58,70,9,12,24,00070_bark::exemplar_0,00070_bark::exemplar_1,00070_bark,1,0,0.5805318355560303,0.6786449551582336,0.005960910581052303,0.006437546573579311,0.583343749620892,0.37244450464389733,1.0,1.0,1.0
58,70,10,12,24,00360_corkboard::exemplar_0,00360_corkboard::exemplar_1,00360_corkboard,0,1,0.5024275779724121,0.6603178977966309,0.016146067529916763,0.015368834137916565,0.6262890525620302,0.58105800933477,1.0,0.0,1.0
58,70,11,12,24,00080_bat2::exemplar_0,00080_bat2::exemplar_1,00080_bat2,1,0,0.36017686128616333,0.5799789428710938,0.007284259889274836,0.01011109072715044,0.6439876709283041,0.4658618628265774,1.0,1.0,1.0
58,70,12,12,24,00420_dial::exemplar_0,00420_dial::exemplar_1,00420_dial,1,0,0.5218764543533325,1.1726666688919067,0.008538606576621532,0.017781216651201248,0.6286542025326488,0.5403802324346506,1.0,1.0,1.0
59,71,1,12,24,00135_boa::exemplar_0,00135_boa::exemplar_1,00135_boa,0,1,0.6382335424423218,1.0045642852783203,0.007407208438962698,0.011903866194188595,0.7073181434197882,0.4587404159481327,1.0,1.0,1.0
59,71,2,12,24,00421_diamond::exemplar_0,00421_diamond::exemplar_1,00421_diamond,0,1,0.6138533353805542,0.5513074994087219,0.008639165200293064,0.011599085293710232,0.6070946059445735,0.5228760421427002,0.0,1.0,1.0
59,71,3,12,24,00261_centerpiece::exemplar_0,00261_centerpiece::exemplar_1,00261_centerpiece,0,1,0.5025783181190491,0.6159693002700806,0.0065353671088814735,0.008357956074178219,0.5446939449016623,0.5721170690538475,1.0,1.0,0.0
59,71,4,12,24,00318_clothes::exemplar_0,00318_clothes::exemplar_1,00318_clothes,0,1,0.7837032675743103,1.0597323179244995,0.008816109970211983,0.010962601751089096,0.6230014464282674,0.527034812673838,1.0,1.0,1.0
59,71,5,12,24,00005_air_conditioner::exemplar_0,00005_air_conditioner::exemplar_1,00005_air_conditioner,1,0,1.1277682781219482,1.0492900609970093,0.017700642347335815,0.016239212825894356,0.6386110016805899,0.5769453076634704,0.0,0.0,1.0
59,71,6,12,24,00136_boar::exemplar_0,00136_boar::exemplar_1,00136_boar,0,1,0.8023483157157898,1.0277152061462402,0.010022987611591816,0.019963551312685013,0.4932082983205427,0.5326844632348552,1.0,1.0,0.0
59,71,7,12,24,00080_bat2::exemplar_0,00080_bat2::exemplar_1,00080_bat2,0,1,0.38121339678764343,0.5837894082069397,0.0077097052708268166,0.010177521035075188,0.6301047141924039,0.47355767597448156,1.0,1.0,1.0
59,71,8,12,24,00103_beet::exemplar_0,00103_beet::exemplar_1,00103_beet,1,0,0.6239510178565979,0.8455595970153809,0.006523959804326296,0.009820341132581234,0.5640453717900579,0.5656198941555992,1.0,1.0,0.0
59,71,9,12,24,00045_baby::exemplar_0,00045_baby::exemplar_1,00045_baby,0,1,0.536694347858429,0.526719331741333,0.005339553114026785,0.008086125366389751,0.6028209088123735,0.49492013910144167,0.0,1.0,1.0
59,71,10,12,24,00166_bra::exemplar_0,00166_bra::exemplar_1,00166_bra,1,0,0.5301977396011353,0.6723358631134033,0.009574438445270061,0.011368142440915108,0.6380962544500751,0.6436038516196745,1.0,1.0,0.0
59,71,11,12,24,00388_crossbow::exemplar_0,00388_crossbow::exemplar_1,00388_crossbow,1,0,0.454133003950119,1.5001285076141357,0.007011454552412033,0.03999278321862221,0.5918967920644091,0.5717191821072832,1.0,1.0,1.0
59,71,12,12,24,00409_daisy::exemplar_0,00409_daisy::exemplar_1,00409_daisy,1,0,0.4807509779930115,0.6621748208999634,0.004565575160086155,0.006220990791916847,0.673313916767238,0.5860418445427162,1.0,1.0,1.0
60,72,1,12,24,00368_corset::exemplar_0,00368_corset::exemplar_1,00368_corset,0,1,0.5010837912559509,1.3168203830718994,0.007504025008529425,0.02526739612221718,0.5892224183268198,0.3855720860390284,1.0,1.0,1.0
60,72,2,12,24,00096_beard::exemplar_0,00096_beard::exemplar_1,00096_beard,1,0,0.658435583114624,0.6383996605873108,0.013426789082586765,0.009403974749147892,0.43751184777112856,0.45501775120129956,0.0,0.0,0.0
60,72,3,12,24,00358_cord::exemplar_0,00358_cord::exemplar_1,00358_cord,0,1,0.5136612057685852,0.7427040338516235,0.01389812771230936,0.014676975086331367,0.6256230952316612,0.500436527420769,1.0,1.0,1.0
60,72,4,12,24,00318_clothes::exemplar_0,00318_clothes::exemplar_1,00318_clothes,0,1,0.5327885150909424,0.9299078583717346,0.00599349569529295,0.009619608521461487,0.6241870266761811,0.5317080373450673,1.0,1.0,1.0
60,72,5,12,24,00038_artichoke::exemplar_0,00038_artichoke::exemplar_1,00038_artichoke,0,1,1.0742483139038086,0.8745860457420349,0.010910929180681705,0.011264855973422527,0.5120057707299462,0.49599407778848353,0.0,1.0,1.0
60,72,6,12,24,00401_cup::exemplar_0,00401_cup::exemplar_1,00401_cup,0,1,0.47435399889945984,0.473490834236145,0.008893214166164398,0.008219060488045216,0.5536328250724165,0.6334359006994892,0.0,0.0,0.0
60,72,7,12,24,00279_chess_piece::exemplar_0,00279_chess_piece::exemplar_1,00279_chess_piece,0,1,0.5839939713478088,0.6118749976158142,0.0066291214898228645,0.011918612755835056,0.542232358280927,0.586597780751414,1.0,1.0,0.0
60,72,8,12,24,00379_crane::exemplar_0,00379_crane::exemplar_1,00379_crane,0,1,0.39716172218322754,0.6353302597999573,0.006744286045432091,0.011954554356634617,0.6319793651359179,0.4186293484893221,1.0,1.0,1.0
60,72,9,12,24,00177_brick::exemplar_0,00177_brick::exemplar_1,00177_brick,0,1,0.5705510973930359,0.6190105080604553,0.00552770122885704,0.010264338925480843,0.618770288471371,0.47512340561222055,1.0,1.0,1.0
60,72,10,12,24,00305_cigarette_holder::exemplar_0,00305_cigarette_holder::exemplar_1,00305_cigarette_holder,1,0,0.447906494140625,0.4889707565307617,0.010179401375353336,0.014447697438299656,0.6830832175621689,0.6835424238857079,1.0,1.0,0.0
60,72,11,12,24,00192_bulletin_board::exemplar_0,00192_bulletin_board::exemplar_1,00192_bulletin_board,1,0,0.42020463943481445,0.5819092392921448,0.006231421139091253,0.007823596708476543,0.6232517468757591,0.5257618703408304,1.0,1.0,1.0
60,72,12,12,24,00158_bowl::exemplar_0,00158_bowl::exemplar_1,00158_bowl,0,1,0.35957252979278564,0.6602758169174194,0.007797217462211847,0.012371539138257504,0.670890111628117,0.5458479835611002,1.0,1.0,1.0
61,73,1,12,24,00289_chimney::exemplar_0,00289_chimney::exemplar_1,00289_chimney,1,0,0.4169481694698334,0.5547488331794739,0.007172892801463604,0.010685617104172707,0.6762475527752055,0.5975473978153706,1.0,1.0,1.0
61,73,2,12,24,00094_beanie::exemplar_0,00094_beanie::exemplar_1,00094_beanie,0,1,0.5427122712135315,0.7713978290557861,0.01044492982327938,0.011222518049180508,0.6194166646277497,0.5176027114184855,1.0,1.0,1.0
61,73,3,12,24,00250_cash_register::exemplar_0,00250_cash_register::exemplar_1,00250_cash_register,1,0,0.6716541051864624,0.5114228129386902,0.009133817628026009,0.01082866732031107,0.5191206979013184,0.6575346499059275,0.0,1.0,0.0
61,73,4,12,24,00237_cape::exemplar_0,00237_cape::exemplar_1,00237_cape,0,1,0.4181772470474243,0.5339368581771851,0.006975175812840462,0.01204630546271801,0.6943170932860474,0.4872310385616453,1.0,1.0,1.0
61,73,5,12,24,00038_artichoke::exemplar_0,00038_artichoke::exemplar_1,00038_artichoke,0,1,0.9567837119102478,0.8065527677536011,0.009717864915728569,0.010388572700321674,0.4971603782961998,0.4448444444364972,0.0,1.0,1.0
61,73,6,12,24,00258_cello::exemplar_0,00258_cello::exemplar_1,00258_cello,0,1,0.4609871506690979,0.4908018112182617,0.006130221765488386,0.0070012519136071205,0.5477141382842596,0.5878108338414574,1.0,1.0,0.0
61,73,7,12,24,00144_bone::exemplar_0,00144_bone::exemplar_1,00144_bone,1,0,0.5286068916320801,1.3453853130340576,0.0077738407999277115,0.019474046304821968,0.5837275626645829,0.4832413919929344,1.0,1.0,1.0
61,73,8,12,24,00063_bandanna::exemplar_0,00063_bandanna::exemplar_1,00063_bandanna,1,0,0.4455021023750305,0.5610688924789429,0.005293016321957111,0.009393596090376377,0.6383310268784526,0.6069117394600625,1.0,1.0,1.0
61,73,9,12,24,00153_boulder::exemplar_0,00153_boulder::exemplar_1,00153_boulder,1,0,0.45508885383605957,0.6338748335838318,0.005772014148533344,0.012162416242063046,0.6169468911688175,0.5745630769361123,1.0,1.0,1.0
61,73,10,12,24,00246_carousel::exemplar_0,00246_carousel::exemplar_1,00246_carousel,0,1,0.42100876569747925,0.55768883228302,0.004102887585759163,0.006317544262856245,0.5772144975613764,0.6055540249790081,1.0,1.0,0.0
61,73,11,12,24,00207_cable::exemplar_0,00207_cable::exemplar_1,00207_cable,1,0,0.5043026804924011,1.6342926025390625,0.005327776540070772,0.03116118349134922,0.5597522795273043,0.6428716429423245,1.0,1.0,0.0
61,73,12,12,24,00301_chute::exemplar_0,00301_chute::exemplar_1,00301_chute,0,1,0.3644084334373474,0.6257754564285278,0.006388475187122822,0.008582423441112041,0.6504786669508246,0.5792871760736785,1.0,1.0,1.0
62,74,1,12,24,00441_donkey::exemplar_0,00441_donkey::exemplar_1,00441_donkey,1,0,0.6710374355316162,0.6343363523483276,0.008711460046470165,0.009674759581685066,0.5473512278197626,0.48179423890157985,0.0,1.0,1.0
62,74,2,12,24,00449_doorstop::exemplar_0,00449_doorstop::exemplar_1,00449_doorstop,0,1,0.4486919641494751,1.295624852180481,0.01208591554313898,0.0347951240837574,0.6322089835891015,0.49547909145727287,1.0,1.0,1.0
62,74,3,12,24,00062_bandage::exemplar_0,00062_bandage::exemplar_1,00062_bandage,1,0,0.4346855878829956,0.9849586486816406,0.010346663184463978,0.01569136418402195,0.6693057685684548,0.3787194494757308,1.0,1.0,1.0
62,74,4,12,24,00094_beanie::exemplar_0,00094_beanie::exemplar_1,00094_beanie,0,1,0.6024970412254333,0.7943578958511353,0.011595535092055798,0.01155654713511467,0.5567353674090677,0.3959442119930687,1.0,0.0,1.0
62,74,5,12,24,00439_dolphin::exemplar_0,00439_dolphin::exemplar_1,00439_dolphin,1,0,0.5798258781433105,0.6420310139656067,0.009067636914551258,0.014093378558754921,0.5913502725534916,0.5380546149235471,1.0,1.0,1.0
62,74,6,12,24,00264_chainsaw::exemplar_0,00264_chainsaw::exemplar_1,00264_chainsaw,0,1,0.6005572080612183,0.5064148306846619,0.00857015885412693,0.007381702773272991,0.6433331213710644,0.5156392840213171,0.0,0.0,1.0
62,74,7,12,24,00059_bamboo::exemplar_0,00059_bamboo::exemplar_1,00059_bamboo,1,0,0.4723629653453827,1.4176967144012451,0.004936841782182455,0.01362385880202055,0.5801465350528147,0.4727240699046515,1.0,1.0,1.0
62,74,8,12,24,00159_bowler_hat::exemplar_0,00159_bowler_hat::exemplar_1,00159_bowler_hat,0,1,0.4435601532459259,0.6607784032821655,0.010343951173126698,0.010215232148766518,0.6593818776504324,0.47762779696698143,1.0,0.0,1.0
62,74,9,12,24,00410_dandelion::exemplar_0,00410_dandelion::exemplar_1,00410_dandelion,0,1,0.5418791770935059,0.543027937412262,0.00524780061095953,0.004977275151759386,0.5657495698482601,0.5765969582920885,1.0,0.0,0.0
62,74,10,12,24,00313_clipper1::exemplar_0,00313_clipper1::exemplar_1,00313_clipper1,1,0,0.45939207077026367,0.5675205588340759,0.008294358849525452,0.006657727994024754,0.5923266822813412,0.49994526534266054,1.0,0.0,1.0
62,74,11,12,24,00164_boxing_gloves::exemplar_0,00164_boxing_gloves::exemplar_1,00164_boxing_gloves,1,0,0.4050004482269287,0.6289974451065063,0.004448510706424713,0.009520430117845535,0.6469378486392899,0.5009873587051231,1.0,1.0,1.0
62,74,12,12,24,00445_doorhandle::exemplar_0,00445_doorhandle::exemplar_1,00445_doorhandle,0,1,0.3852071166038513,2.176982879638672,0.008775795809924603,0.023361386731266975,0.5812023539701655,0.42607007282280807,1.0,1.0,1.0
63,75,1,12,24,00394_crystal1::exemplar_0,00394_crystal1::exemplar_1,00394_crystal1,1,0,0.5658535361289978,0.7285960912704468,0.010965357534587383,0.0139645179733634,0.6386190630071579,0.6009096952635886,1.0,1.0,1.0
63,75,2,12,24,00345_compost::exemplar_0,00345_compost::exemplar_1,00345_compost,0,1,0.4722616672515869,0.64518803358078,0.008292593993246555,0.007913256995379925,0.5696370860838857,0.47137322636005674,1.0,0.0,1.0
63,75,3,12,24,00022_ankle::exemplar_0,00022_ankle::exemplar_1,00022_ankle,0,1,0.5406635403633118,0.513102114200592,0.011012622155249119,0.014063254930078983,0.6093430754335728,0.5873908449912763,0.0,1.0,1.0
63,75,4,12,24,00233_canoe::exemplar_0,00233_canoe::exemplar_1,00233_canoe,0,1,0.4882464110851288,0.5627350807189941,0.008174723014235497,0.007535084616392851,0.5760347134512334,0.3507107743460834,1.0,0.0,1.0
63,75,5,12,24,00475_easter_egg::exemplar_0,00475_easter_egg::exemplar_1,00475_easter_egg,1,0,0.7233858704566956,0.6909483671188354,0.007937918417155743,0.007909676991403103,0.5711991421389669,0.5042918210865368,0.0,0.0,1.0
63,75,6,12,24,00224_candelabra::exemplar_0,00224_candelabra::exemplar_1,00224_candelabra,1,0,0.4374009966850281,0.48808008432388306,0.005367576610296965,0.00625593913719058,0.6542594911333605,0.5324178575830081,1.0,1.0,1.0
63,75,7,12,24,00231_cannon::exemplar_0,00231_cannon::exemplar_1,00231_cannon,1,0,0.4876216948032379,0.5242158770561218,0.006911266129463911,0.006209875922650099,0.6365930001232741,0.5976699420258809,1.0,0.0,1.0
63,75,8,12,24,00437_dollhouse::exemplar_0,00437_dollhouse::exemplar_1,00437_dollhouse,0,1,0.40176627039909363,0.5165717601776123,0.006535584572702646,0.0070295799523591995,0.6031106824757212,0.5467274795307678,1.0,1.0,1.0
63,75,9,12,24,00300_christmas_tree::exemplar_0,00300_christmas_tree::exemplar_1,00300_christmas_tree,0,1,0.43859153985977173,0.755767822265625,0.004978865850716829,0.00965786911547184,0.6543198892516106,0.6592926554417914,1.0,1.0,0.0
63,75,10,12,24,00374_counter::exemplar_0,00374_counter::exemplar_1,00374_counter,0,1,0.4447786211967468,0.4324130415916443,0.0062728687189519405,0.005284989718347788,0.6270179708094435,0.6337492633912085,0.0,0.0,0.0
63,75,11,12,24,00344_compass::exemplar_0,00344_compass::exemplar_1,00344_compass,0,1,0.5827689170837402,0.8777422904968262,0.00623560044914484,0.012346126139163971,0.0002831464299572843,0.00015241564440522795,1.0,1.0,1.0
63,75,12,12,24,00264_chainsaw::exemplar_0,00264_chainsaw::exemplar_1,00264_chainsaw,1,0,0.3361693322658539,0.5621225237846375,0.004797252826392651,0.008193720132112503,0.669951565142988,0.3705096702758437,1.0,1.0,1.0
64,76,1,12,24,00145_bongo::exemplar_0,00145_bongo::exemplar_1,00145_bongo,0,1,0.5279278755187988,0.9371828436851501,0.007093952503055334,0.013055870309472084,0.6203418281741089,0.520645344470194,1.0,1.0,1.0
64,76,2,12,24,00190_bull::exemplar_0,00190_bull::exemplar_1,00190_bull,0,1,0.6901127696037292,0.824171781539917,0.009094898588955402,0.01266767829656601,0.47797008413248615,0.5203841812086797,1.0,1.0,0.0
64,76,3,12,24,00215_calzone::exemplar_0,00215_calzone::exemplar_1,00215_calzone,1,0,0.5284473896026611,0.5503878593444824,0.008904452435672283,0.007711770012974739,0.5885319059808546,0.5505205766311841,1.0,0.0,1.0
64,76,4,12,24,00466_dumpster::exemplar_0,00466_dumpster::exemplar_1,00466_dumpster,1,0,0.41587141156196594,1.1046195030212402,0.0055166189558804035,0.01488442812114954,0.6087557454216371,0.6674780434901005,1.0,1.0,0.0
64,76,5,12,24,00432_dog::exemplar_0,00432_dog::exemplar_1,00432_dog,0,1,0.5981922149658203,0.907532274723053,0.010544229298830032,0.01082142535597086,0.6063334230627703,0.45528243788822376,1.0,1.0,1.0
64,76,6,12,24,00153_boulder::exemplar_0,00153_boulder::exemplar_1,00153_boulder,0,1,0.4771759510040283,0.7025046348571777,0.0060521503910422325,0.013479244895279408,0.6160556543342782,0.5771882858959161,1.0,1.0,1.0
64,76,7,12,24,00487_envelope::exemplar_0,00487_envelope::exemplar_1,00487_envelope,1,0,0.4712713360786438,0.8143202662467957,0.009328064508736134,0.016064710915088654,0.5827673425093479,0.6312339640379435,1.0,1.0,0.0
64,76,8,12,24,00238_car::exemplar_0,00238_car::exemplar_1,00238_car,0,1,0.5158694386482239,0.541088342666626,0.005929679609835148,0.007953749038279057,0.633666593630999,0.6744627369076934,1.0,1.0,0.0
64,76,9,12,24,00200_bus::exemplar_0,00200_bus::exemplar_1,00200_bus,1,0,0.670411229133606,0.4839652478694916,0.008444315753877163,0.007074234541505575,0.6141577798460852,0.645785587150669,0.0,0.0,0.0
64,76,10,12,24,00122_blanket::exemplar_0,00122_blanket::exemplar_1,00122_blanket,1,0,0.45075172185897827,2.112199544906616,0.0065851290710270405,0.032703205943107605,0.5814751863441848,0.6333225725262814,1.0,1.0,0.0
64,76,11,12,24,00028_appetizer::exemplar_0,00028_appetizer::exemplar_1,00028_appetizer,0,1,0.48704320192337036,0.5858405828475952,0.006372835021466017,0.007161668036133051,0.6363812067020457,0.5582987211753021,1.0,1.0,1.0
64,76,12,12,24,00103_beet::exemplar_0,00103_beet::exemplar_1,00103_beet,0,1,0.473518431186676,0.7915278673171997,0.004951054230332375,0.009192815981805325,0.6114443877467602,0.5638051945675358,1.0,1.0,1.0
65,77,1,12,24,00130_blouse::exemplar_0,00130_blouse::exemplar_1,00130_blouse,1,0,0.6334371566772461,1.278521180152893,0.011544826440513134,0.01711212657392025,0.588195348910709,0.4449596756988123,1.0,1.0,1.0
65,77,2,12,24,00099_bedpost::exemplar_0,00099_bedpost::exemplar_1,00099_bedpost,1,0,0.4805431365966797,0.44060659408569336,0.008274904452264309,0.010116489604115486,0.6563519032889227,0.6808786600924838,0.0,1.0,0.0
65,77,3,12,24,00124_blender::exemplar_0,00124_blender::exemplar_1,00124_blender,0,1,0.5351998805999756,0.5660579204559326,0.013035704381763935,0.00649590278044343,0.6869410226831751,0.6225342755029626,1.0,0.0,1.0
65,77,4,12,24,00244_cardigan::exemplar_0,00244_cardigan::exemplar_1,00244_cardigan,0,1,0.4643113911151886,0.9689888954162598,0.005571122281253338,0.018004152923822403,0.6318820539102881,0.5333221547542666,1.0,1.0,1.0
65,77,5,12,24,00482_elbow::exemplar_0,00482_elbow::exemplar_1,00482_elbow,0,1,0.42146265506744385,0.4807007312774658,0.008133294992148876,0.008566693402826786,0.6546375225808598,0.5991644257370176,1.0,1.0,1.0
65,77,6,12,24,00488_eraser::exemplar_0,00488_eraser::exemplar_1,00488_eraser,1,0,0.5188807845115662,0.42458653450012207,0.010517388582229614,0.01050146110355854,0.5959580976015921,0.5925179430086226,0.0,0.0,1.0
65,77,7,12,24,00422_diaper::exemplar_0,00422_diaper::exemplar_1,00422_diaper,1,0,0.48798125982284546,0.5798057913780212,0.010998600162565708,0.01662346161901951,0.6820138815861244,0.6498884073916206,1.0,1.0,1.0
65,77,8,12,24,00410_dandelion::exemplar_0,00410_dandelion::exemplar_1,00410_dandelion,0,1,0.57966148853302,0.5808488130569458,0.005613701418042183,0.005323932971805334,0.6818327386594231,0.6219565039532978,1.0,0.0,1.0
65,77,9,12,24,00167_bracelet1::exemplar_0,00167_bracelet1::exemplar_1,00167_bracelet1,0,1,0.457332044839859,1.4762284755706787,0.011017079465091228,0.016087910160422325,0.6282779525135794,0.44627060837765986,1.0,1.0,1.0
65,77,10,12,24,00102_beer::exemplar_0,00102_beer::exemplar_1,00102_beer,0,1,0.6433011293411255,0.7106505036354065,0.00676259258762002,0.0074633341282606125,0.579133212057108,0.5975199790257242,1.0,1.0,0.0
65,77,11,12,24,00150_boomerang::exemplar_0,00150_boomerang::exemplar_1,00150_boomerang,0,1,0.4390404224395752,0.47018492221832275,0.007386244833469391,0.008627582341432571,0.6282625225046546,0.6566202459789073,1.0,1.0,0.0
65,77,12,12,24,00059_bamboo::exemplar_0,00059_bamboo::exemplar_1,00059_bamboo,1,0,0.4114428162574768,1.5893385410308838,0.004300142638385296,0.01527331117540598,0.624039770580777,0.49578372278501803,1.0,1.0,1.0
66,78,1,12,24,00097_bed::exemplar_0,00097_bed::exemplar_1,00097_bed,0,1,0.41763797402381897,0.4733272194862366,0.008413633331656456,0.010455024428665638,0.6857903821565217,0.5948738760831634,1.0,1.0,1.0
66,78,2,12,24,00381_crate::exemplar_0,00381_crate::exemplar_1,00381_crate,0,1,0.3659159541130066,0.42288678884506226,0.004969287198036909,0.009856004267930984,0.6169787356806338,0.5448613639975467,1.0,1.0,1.0
66,78,3,12,24,00474_easel::exemplar_0,00474_easel::exemplar_1,00474_easel,1,0,0.4112309217453003,0.7170896530151367,0.00868990644812584,0.01238995511084795,0.6765011617617711,0.5893936005946047,1.0,1.0,1.0
66,78,4,12,24,00461_duct::exemplar_0,00461_duct::exemplar_1,00461_duct,1,0,0.3996035158634186,0.6564127206802368,0.009647083468735218,0.015210983343422413,0.6342477650823027,0.5243632621284838,1.0,1.0,1.0
66,78,5,12,24,00132_blowfish::exemplar_0,00132_blowfish::exemplar_1,00132_blowfish,0,1,0.6548429131507874,0.5469542145729065,0.00742354616522789,0.0070216297172009945,0.5624145327520861,0.4967323762090032,0.0,0.0,1.0
66,78,6,12,24,00447_doorknocker::exemplar_0,00447_doorknocker::exemplar_1,00447_doorknocker,1,0,0.5012253522872925,0.4955222010612488,0.008499621413648129,0.009390730410814285,0.5487947268220338,0.5556210777011258,0.0,1.0,0.0
66,78,7,12,24,00341_comb::exemplar_0,00341_comb::exemplar_1,00341_comb,1,0,0.49040818214416504,0.6791390180587769,0.009244436398148537,0.008801594376564026,0.6376524388467368,0.5469914281797011,1.0,0.0,1.0
66,78,8,12,24,00154_bouquet::exemplar_0,00154_bouquet::exemplar_1,00154_bouquet,0,1,0.4084501564502716,0.45082888007164,0.00541339349001646,0.006598404608666897,0.648539928583383,0.6020892420111641,1.0,1.0,1.0
66,78,9,12,24,00374_counter::exemplar_0,00374_counter::exemplar_1,00374_counter,0,1,0.43625569343566895,0.3878808319568634,0.0061526671051979065,0.0047407131642103195,0.6786233698395457,0.6237294124243913,0.0,0.0,1.0
66,78,10,12,24,00050_badge::exemplar_0,00050_badge::exemplar_1,00050_badge,1,0,0.4117889404296875,0.7175285816192627,0.004879383370280266,0.010004587471485138,0.5781999807100426,0.4366952952154437,1.0,1.0,1.0
66,78,11,12,24,00219_camera2::exemplar_0,00219_camera2::exemplar_1,00219_camera2,0,1,0.40569692850112915,0.3675268888473511,0.006933561526238918,0.005263012368232012,0.6508074173180858,0.6619586270540374,0.0,0.0,0.0
66,78,12,12,24,00418_desk::exemplar_0,00418_desk::exemplar_1,00418_desk,0,1,0.3461437225341797,0.46499598026275635,0.006047639064490795,0.007847161032259464,0.6661663905785556,0.6576498363610681,1.0,1.0,1.0
67,79,1,12,24,00080_bat2::exemplar_0,00080_bat2::exemplar_1,00080_bat2,1,0,0.40644848346710205,0.5435619354248047,0.008220062591135502,0.009476213715970516,0.6487887506296863,0.48235085607782346,1.0,1.0,1.0
67,79,2,12,24,00126_blind::exemplar_0,00126_blind::exemplar_1,00126_blind,0,1,0.8274922370910645,1.5562019348144531,0.01512873824685812,0.027909651398658752,0.46943994161322367,0.515486622710473,1.0,1.0,0.0
67,79,3,12,24,00084_baton1::exemplar_0,00084_baton1::exemplar_1,00084_baton1,0,1,0.49199986457824707,0.7196969985961914,0.009186271578073502,0.015011206269264221,0.607666752844885,0.5379666328370235,1.0,1.0,1.0
67,79,4,12,24,00254_catfish::exemplar_0,00254_catfish::exemplar_1,00254_catfish,1,0,0.47841042280197144,1.3462616205215454,0.00823873933404684,0.01808934472501278,0.6596718316340899,0.48658335099924427,1.0,1.0,1.0
67,79,5,12,24,00355_coop::exemplar_0,00355_coop::exemplar_1,00355_coop,0,1,0.41405126452445984,0.6133309602737427,0.006546477787196636,0.008264582604169846,0.5603847505879829,0.4520252866419134,1.0,1.0,1.0
67,79,6,12,24,00179_broccoli::exemplar_0,00179_broccoli::exemplar_1,00179_broccoli,1,0,0.6209589242935181,0.9970049858093262,0.008905553258955479,0.012165128253400326,0.5993741528120582,0.373706926337456,1.0,1.0,1.0
67,79,7,12,24,00034_arch::exemplar_0,00034_arch::exemplar_1,00034_arch,1,0,0.4586557149887085,0.5704970359802246,0.008626535534858704,0.008674567565321922,0.6418867811104012,0.6282028476058075,1.0,1.0,1.0
67,79,8,12,24,00371_cotton_candy::exemplar_0,00371_cotton_candy::exemplar_1,00371_cotton_candy,1,0,0.6474515199661255,0.5539774894714355,0.008376597426831722,0.007718689274042845,0.6298571013945413,0.5812389865306614,0.0,0.0,1.0
67,79,9,12,24,00225_candle::exemplar_0,00225_candle::exemplar_1,00225_candle,1,0,0.5754408240318298,0.768690824508667,0.00855681300163269,0.008264539763331413,0.528339115113938,0.46272647376889936,1.0,0.0,1.0
67,79,10,12,24,00306_cilantro::exemplar_0,00306_cilantro::exemplar_1,00306_cilantro,1,0,0.5422608852386475,0.5878649950027466,0.0054891835898160934,0.005418749060481787,0.544127578231092,0.5702987527310633,1.0,0.0,0.0
67,79,11,12,24,00075_baseball_glove::exemplar_0,00075_baseball_glove::exemplar_1,00075_baseball_glove,1,0,0.406281441450119,0.6072360873222351,0.004200502298772335,0.006723673548549414,0.6264330031743965,0.36924815619826884,1.0,1.0,1.0
67,79,12,12,24,00124_blender::exemplar_0,00124_blender::exemplar_1,00124_blender,0,1,0.41535741090774536,0.5127164721488953,0.01011673640459776,0.005883772857487202,0.6482198166807421,0.5611951956822829,1.0,0.0,1.0
68,80,1,12,24,00187_bucket::exemplar_0,00187_bucket::exemplar_1,00187_bucket,0,1,0.5895494222640991,0.5595245361328125,0.0068830763921141624,0.010535255074501038,0.656602214550527,0.543953110389674,0.0,1.0,1.0
68,80,2,12,24,00278_cherry::exemplar_0,00278_cherry::exemplar_1,00278_cherry,1,0,0.4730127453804016,0.8727046847343445,0.006957259960472584,0.010151623748242855,0.5261946063743034,0.4289293144642704,1.0,1.0,1.0
68,80,3,12,24,00206_cabinet::exemplar_0,00206_cabinet::exemplar_1,00206_cabinet,1,0,0.41552668809890747,0.5418370962142944,0.009898827411234379,0.010667071677744389,0.6548573673500164,0.5502556075212031,1.0,1.0,1.0
68,80,4,12,24,00202_butterfly::exemplar_0,00202_butterfly::exemplar_1,00202_butterfly,0,1,0.7783316373825073,1.0572254657745361,0.008650151081383228,0.010373438708484173,0.4381492844864547,0.3067945132636674,1.0,1.0,1.0
68,80,5,12,24,00216_camcorder::exemplar_0,00216_camcorder::exemplar_1,00216_camcorder,0,1,0.5210546255111694,0.7079597115516663,0.008750136941671371,0.008862270973622799,0.6146490916462349,0.5567853601326936,1.0,1.0,1.0
68,80,6,12,24,00273_chariot::exemplar_0,00273_chariot::exemplar_1,00273_chariot,0,1,0.5959019660949707,0.6576783657073975,0.007406508084386587,0.0071426331996917725,0.6028480931866566,0.23312830546009902,1.0,0.0,1.0
68,80,7,12,24,00363_cornbread::exemplar_0,00363_cornbread::exemplar_1,00363_cornbread,1,0,0.5055438876152039,0.4541816711425781,0.007435285020619631,0.005843482445925474,0.5530287727471963,0.5687700838307638,0.0,0.0,0.0
68,80,8,12,24,00461_duct::exemplar_0,00461_duct::exemplar_1,00461_duct,0,1,0.39590686559677124,0.6577268242835999,0.009557840414345264,0.015241434797644615,0.6509630534348254,0.5003103593967198,1.0,1.0,1.0
68,80,9,12,24,00491_extinguisher::exemplar_0,00491_extinguisher::exemplar_1,00491_extinguisher,0,1,0.3291359841823578,1.1711097955703735,0.0046586692333221436,0.012817423790693283,0.6795492799236806,0.4920093201542994,1.0,1.0,1.0
68,80,10,12,24,00189_buffet::exemplar_0,00189_buffet::exemplar_1,00189_buffet,0,1,0.32820314168930054,0.7642767429351807,0.005047424230724573,0.00789112038910389,0.6693231468244619,0.5019457254459213,1.0,1.0,1.0
68,80,11,12,24,00140_bolo_tie::exemplar_0,00140_bolo_tie::exemplar_1,00140_bolo_tie,0,1,0.486450731754303,0.5797179937362671,0.008675100281834602,0.008270097896456718,0.6128719143589317,0.6017695166311153,1.0,0.0,1.0
68,80,12,12,24,00442_donut::exemplar_0,00442_donut::exemplar_1,00442_donut,0,1,0.3934757113456726,0.5545490384101868,0.008251233026385307,0.006859961431473494,0.6245903644221948,0.5629135472027331,1.0,0.0,1.0
69,81,1,12,24,00286_chickpea::exemplar_0,00286_chickpea::exemplar_1,00286_chickpea,1,0,0.8468967080116272,2.2154386043548584,0.015333821065723896,0.023366186767816544,0.31410467273593673,0.08480917580532453,1.0,1.0,1.0
69,81,2,12,24,00428_dishwasher::exemplar_0,00428_dishwasher::exemplar_1,00428_dishwasher,0,1,0.5321854948997498,0.5582863092422485,0.010072745382785797,0.011165972799062729,0.6718916187120068,0.6151746090821963,1.0,1.0,1.0
69,81,3,12,24,00174_breadstick::exemplar_0,00174_breadstick::exemplar_1,00174_breadstick,1,0,0.6964929103851318,0.9558272361755371,0.010511820204555988,0.015467978082597256,0.6344919549065046,0.4903415212071466,1.0,1.0,1.0
69,81,4,12,24,00430_diskette::exemplar_0,00430_diskette::exemplar_1,00430_diskette,1,0,0.4836277961730957,0.6793811321258545,0.009614232927560806,0.01085225772112608,0.5452778473590263,0.5953932788200053,1.0,1.0,0.0
69,81,5,12,24,00197_buoy::exemplar_0,00197_buoy::exemplar_1,00197_buoy,1,0,0.3950185477733612,1.2552131414413452,0.008504219353199005,0.022977478802204132,0.6073800181455224,0.318887388579972,1.0,1.0,1.0
69,81,6,12,24,00077_basketball_hoop::exemplar_0,00077_basketball_hoop::exemplar_1,00077_basketball_hoop,0,1,0.6369451880455017,0.5922142267227173,0.007435020990669727,0.008471939712762833,0.5457700391092928,0.36681196337258054,0.0,1.0,1.0
69,81,7,12,24,00233_canoe::exemplar_0,00233_canoe::exemplar_1,00233_canoe,1,0,0.42419129610061646,0.4995693564414978,0.007102246396243572,0.006689288653433323,0.6077518890960193,0.4916652388279464,1.0,0.0,1.0
69,81,8,12,24,00273_chariot::exemplar_0,00273_chariot::exemplar_1,00273_chariot,1,0,0.5218523144721985,0.7090328335762024,0.006486139725893736,0.007700361777096987,0.613522476523282,0.41371699416223984,1.0,1.0,1.0
69,81,9,12,24,00260_cement_mixer::exemplar_0,00260_cement_mixer::exemplar_1,00260_cement_mixer,0,1,0.3922575116157532,0.694590151309967,0.004795996937900782,0.006973384879529476,0.5870422908655879,0.5713609705144195,1.0,1.0,1.0
69,81,10,12,24,00009_airboat::exemplar_0,00009_airboat::exemplar_1,00009_airboat,1,0,0.4046792685985565,0.5547084212303162,0.005824489984661341,0.009102611802518368,0.6578526519231597,0.56421924727966,1.0,1.0,1.0
69,81,11,12,24,00082_bathrobe::exemplar_0,00082_bathrobe::exemplar_1,00082_bathrobe,1,0,0.3933660387992859,0.5822863578796387,0.007301304955035448,0.011146437376737595,0.6220500476763295,0.48251565131815743,1.0,1.0,1.0
69,81,12,12,24,00246_carousel::exemplar_0,00246_carousel::exemplar_1,00246_carousel,1,0,0.37606173753738403,0.5111278295516968,0.0036648621316999197,0.005790097173303366,0.5774114443429061,0.6289682664388417,1.0,1.0,0.0
70,82,1,12,24,00092_bean::exemplar_0,00092_bean::exemplar_1,00092_bean,0,1,0.7724290490150452,3.0719099044799805,0.008633330464363098,0.031312014907598495,0.4087016408740184,0.1199623352119216,1.0,1.0,1.0
70,82,2,12,24,00497_face::exemplar_0,00497_face::exemplar_1,00497_face,0,1,0.6048569679260254,1.039665937423706,0.008914102800190449,0.023820076137781143,0.5711820412978463,0.5191322816332986,1.0,1.0,1.0
70,82,3,12,24,00259_cellphone::exemplar_0,00259_cellphone::exemplar_1,00259_cellphone,0,1,0.6084625124931335,1.7613204717636108,0.008851416409015656,0.019281651824712753,0.6393940908502955,0.4414332395043471,1.0,1.0,1.0
70,82,4,12,24,00086_baton3::exemplar_0,00086_baton3::exemplar_1,00086_baton3,0,1,0.47749438881874084,1.165083885192871,0.007985645905137062,0.0214277021586895,0.6379287183575281,0.5469129249242897,1.0,1.0,1.0
70,82,5,12,24,00394_crystal1::exemplar_0,00394_crystal1::exemplar_1,00394_crystal1,0,1,0.4313308298587799,0.6419633626937866,0.008358517661690712,0.012304085306823254,0.656850590271754,0.5996411509276425,1.0,1.0,1.0
70,82,6,12,24,00405_curtain::exemplar_0,00405_curtain::exemplar_1,00405_curtain,0,1,0.44914066791534424,1.5990443229675293,0.006167181301862001,0.04642622917890549,0.5931819399388174,0.5407233517128146,1.0,1.0,1.0
70,82,7,12,24,00349_contact_lens::exemplar_0,00349_contact_lens::exemplar_1,00349_contact_lens,0,1,0.3823687732219696,0.467490017414093,0.007045462261885405,0.009199011139571667,0.6457651872232467,0.5104997277768502,1.0,1.0,1.0
70,82,8,12,24,00416_denture::exemplar_0,00416_denture::exemplar_1,00416_denture,0,1,0.6094930171966553,0.8562282919883728,0.00901312381029129,0.014706259593367577,0.5982249864135927,0.5323954385807089,1.0,1.0,1.0
70,82,9,12,24,00423_dice::exemplar_0,00423_dice::exemplar_1,00423_dice,0,1,0.9413697719573975,1.5916175842285156,0.009671156294643879,0.015364175662398338,0.5120076057062418,0.14011515631220686,1.0,1.0,1.0
70,82,10,12,24,00075_baseball_glove::exemplar_0,00075_baseball_glove::exemplar_1,00075_baseball_glove,0,1,0.4477345049381256,0.6955299377441406,0.004629081580787897,0.007701314985752106,0.6394399060399352,0.4388740944714823,1.0,1.0,1.0
70,82,11,12,24,00251_casserole::exemplar_0,00251_casserole::exemplar_1,00251_casserole,1,0,0.4779658317565918,0.6693018078804016,0.008239864371716976,0.008924964815378189,0.6301944282007854,0.5016747716033059,1.0,1.0,1.0
70,82,12,12,24,00150_boomerang::exemplar_0,00150_boomerang::exemplar_1,00150_boomerang,1,0,0.42414402961730957,0.47750240564346313,0.00713563384488225,0.008761853910982609,0.6277172469097332,0.6212078718338595,1.0,1.0,1.0
71,83,1,12,24,00066_banner::exemplar_0,00066_banner::exemplar_1,00066_banner,0,1,0.5624487996101379,0.6514760851860046,0.006099267862737179,0.01193208433687687,0.5948355468211921,0.4977537832667817,1.0,1.0,1.0
71,83,2,12,24,00018_amber::exemplar_0,00018_amber::exemplar_1,00018_amber,1,0,0.48909080028533936,0.7139871120452881,0.007654551882296801,0.008563661016523838,0.5812751764597396,0.5245087131159544,1.0,1.0,1.0
71,83,3,12,24,00194_bumper::exemplar_0,00194_bumper::exemplar_1,00194_bumper,1,0,0.49436938762664795,0.6581482887268066,0.008023153059184551,0.008051274344325066,0.5684120624227178,0.520860481701243,1.0,1.0,1.0
71,83,4,12,24,00488_eraser::exemplar_0,00488_eraser::exemplar_1,00488_eraser,0,1,0.5246961116790771,0.5041215419769287,0.010635261423885822,0.012468630447983742,0.5765716986789843,0.5336205806816476,0.0,1.0,1.0
71,83,5,12,24,00333_coffee_pot::exemplar_0,00333_coffee_pot::exemplar_1,00333_coffee_pot,0,1,0.5003209114074707,0.6272856593132019,0.00892616156488657,0.009121449664235115,0.5910121891072535,0.4550493751225631,1.0,1.0,1.0
71,83,6,12,24,00026_antenna::exemplar_0,00026_antenna::exemplar_1,00026_antenna,0,1,0.5120527744293213,0.7139008641242981,0.00877052079886198,0.011833821423351765,0.6013716484147434,0.4755456102424823,1.0,1.0,1.0
71,83,7,12,24,00109_berry::exemplar_0,00109_berry::exemplar_1,00109_berry,1,0,0.580910325050354,1.2347688674926758,0.0056836665607988834,0.014136450365185738,0.5870498066785947,0.48393837547806157,1.0,1.0,1.0
71,83,8,12,24,00255_cauliflower::exemplar_0,00255_cauliflower::exemplar_1,00255_cauliflower,0,1,0.5856311321258545,1.1994600296020508,0.007728039752691984,0.01327366940677166,0.609121788425315,0.3921134740300586,1.0,1.0,1.0
71,83,9,12,24,00433_dogfood::exemplar_0,00433_dogfood::exemplar_1,00433_dogfood,1,0,0.6743568181991577,1.0338777303695679,0.005782745312899351,0.014350265264511108,0.428257670706014,0.38482733276338477,1.0,1.0,1.0
71,83,10,12,24,00046_backdrop::exemplar_0,00046_backdrop::exemplar_1,00046_backdrop,0,1,0.5041388273239136,0.5102741122245789,0.010738087818026543,0.007542998995631933,0.6660944228396611,0.5120347342325915,1.0,0.0,1.0
71,83,11,12,24,00439_dolphin::exemplar_0,00439_dolphin::exemplar_1,00439_dolphin,1,0,0.6445754766464233,0.6516867876052856,0.010080226697027683,0.01430533453822136,0.6150376547438374,0.5407755753820177,1.0,1.0,1.0
71,83,12,12,24,00236_cap::exemplar_0,00236_cap::exemplar_1,00236_cap,0,1,0.5203387141227722,1.2745296955108643,0.006654088851064444,0.010575828142464161,0.5996581866761174,0.4723884966025822,1.0,1.0,1.0
72,84,1,12,24,00375_cow::exemplar_0,00375_cow::exemplar_1,00375_cow,1,0,0.841799259185791,0.7706471085548401,0.010925019159913063,0.011159442365169525,0.504610730895219,0.4717626824023806,0.0,1.0,1.0
72,84,2,12,24,00003_accordion::exemplar_0,00003_accordion::exemplar_1,00003_accordion,0,1,3.162142753601074,1.6152565479278564,0.03574250265955925,0.024875374510884285,0.03825085296719071,0.23944712947516286,0.0,0.0,0.0
72,84,3,12,24,00146_bonsai::exemplar_0,00146_bonsai::exemplar_1,00146_bonsai,1,0,0.5084915161132812,0.6693356037139893,0.009190432727336884,0.009556747041642666,0.6532160430818882,0.49617085764248015,1.0,1.0,1.0
72,84,4,12,24,00397_cuckoo_clock::exemplar_0,00397_cuckoo_clock::exemplar_1,00397_cuckoo_clock,0,1,0.4512541592121124,0.6106458306312561,0.005087158177047968,0.005590085871517658,0.6024695667676626,0.5559528555676798,1.0,1.0,1.0
72,84,5,12,24,00427_dishrag::exemplar_0,00427_dishrag::exemplar_1,00427_dishrag,1,0,0.4055219292640686,0.4805317521095276,0.008135960437357426,0.006893184967339039,0.6451350919781038,0.6021566634505732,1.0,0.0,1.0
72,84,6,12,24,00164_boxing_gloves::exemplar_0,00164_boxing_gloves::exemplar_1,00164_boxing_gloves,0,1,0.4441348612308502,0.828126072883606,0.004878361709415913,0.01253441721200943,0.648650063841922,0.5240914915997152,1.0,1.0,1.0
72,84,7,12,24,00020_amplifier::exemplar_0,00020_amplifier::exemplar_1,00020_amplifier,0,1,0.7606170177459717,0.8316358923912048,0.008670883253216743,0.012196536175906658,0.45615074275107453,0.641050149915489,1.0,1.0,0.0
72,84,8,12,24,00468_dustpan::exemplar_0,00468_dustpan::exemplar_1,00468_dustpan,1,0,0.41482171416282654,0.6552891731262207,0.0057104043662548065,0.010071339085698128,0.6660406976942631,0.5739700953293386,1.0,1.0,1.0
72,84,9,12,24,00251_casserole::exemplar_0,00251_casserole::exemplar_1,00251_casserole,1,0,0.5323259830474854,0.6347725987434387,0.009177003055810928,0.008464526385068893,0.5987287084148958,0.5024209110615353,1.0,0.0,1.0
72,84,10,12,24,00339_collar::exemplar_0,00339_collar::exemplar_1,00339_collar,0,1,0.3919246196746826,0.5366842746734619,0.006683426909148693,0.007839367724955082,0.6916680681763818,0.5130234929195583,1.0,1.0,1.0
72,84,11,12,24,00101_beehive::exemplar_0,00101_beehive::exemplar_1,00101_beehive,0,1,0.41910016536712646,1.057247519493103,0.0042516496032476425,0.010911927558481693,0.5966442099159138,0.3576183023893806,1.0,1.0,1.0
72,84,12,12,24,00268_chalkboard::exemplar_0,00268_chalkboard::exemplar_1,00268_chalkboard,0,1,0.3895450532436371,0.5428434014320374,0.009679523296654224,0.012135681696236134,0.6648038062989448,0.5264407447878363,1.0,1.0,1.0
73,85,1,12,24,00103_beet::exemplar_0,00103_beet::exemplar_1,00103_beet,0,1,0.5898685455322266,0.7530879974365234,0.0061675976030528545,0.008746374398469925,0.4822505758218693,0.5725265947032342,1.0,1.0,0.0
73,85,2,12,24,00360_corkboard::exemplar_0,00360_corkboard::exemplar_1,00360_corkboard,1,0,0.5031846165657043,0.5871825218200684,0.01617039553821087,0.013666614890098572,0.6140765046732417,0.5826151087245998,1.0,0.0,1.0
73,85,3,12,24,00315_cloak::exemplar_0,00315_cloak::exemplar_1,00315_cloak,0,1,0.5543652176856995,0.5547682046890259,0.006878899410367012,0.007652562111616135,0.5949716005704349,0.5761188291621652,1.0,1.0,1.0
73,85,4,12,24,00485_enchilada::exemplar_0,00485_enchilada::exemplar_1,00485_enchilada,0,1,1.5775809288024902,1.1764999628067017,0.015566674061119556,0.013929762877523899,0.4938861329447656,0.3329684422059963,0.0,0.0,1.0
73,85,5,12,24,00055_baklava::exemplar_0,00055_baklava::exemplar_1,00055_baklava,1,0,0.47036030888557434,0.9213300943374634,0.0062401266768574715,0.012299659661948681,0.6171704800735867,0.4261322018047087,1.0,1.0,1.0
73,85,6,12,24,00399_cufflink::exemplar_0,00399_cufflink::exemplar_1,00399_cufflink,1,0,0.48937538266181946,0.4655747413635254,0.0077673085033893585,0.00867961160838604,0.5297781611967434,0.6070235753989511,0.0,1.0,0.0
73,85,7,12,24,00099_bedpost::exemplar_0,00099_bedpost::exemplar_1,00099_bedpost,0,1,0.42950186133384705,0.4573468565940857,0.0073959785513579845,0.010500852018594742,0.6344206897829757,0.657232045936708,1.0,1.0,0.0
73,85,8,12,24,00237_cape::exemplar_0,00237_cape::exemplar_1,00237_cape,0,1,0.4088674783706665,0.4510696530342102,0.006819889415055513,0.010176713578402996,0.6799080151483174,0.5314876256417789,1.0,1.0,1.0
73,85,9,12,24,00464_dumbwaiter::exemplar_0,00464_dumbwaiter::exemplar_1,00464_dumbwaiter,1,0,0.633520245552063,0.8206396102905273,0.009634296409785748,0.017860613763332367,0.5825207814985703,0.6434769788143928,1.0,1.0,0.0
73,85,10,12,24,00420_dial::exemplar_0,00420_dial::exemplar_1,00420_dial,0,1,0.6778017282485962,1.3337873220443726,0.011089756153523922,0.020224297419190407,0.5420226513184161,0.42079152400068154,1.0,1.0,1.0
73,85,11,12,24,00114_binoculars::exemplar_0,00114_binoculars::exemplar_1,00114_binoculars,1,0,0.4750071167945862,1.3647754192352295,0.007531292270869017,0.02165970951318741,0.579500998469297,0.4379583577871901,1.0,1.0,1.0
73,85,12,12,24,00165_boy::exemplar_0,00165_boy::exemplar_1,00165_boy,0,1,0.5394963026046753,0.7936089038848877,0.007944704964756966,0.01209259033203125,0.7336400476261555,0.5514066931513301,1.0,1.0,1.0
74,86,1,12,24,00016_altar::exemplar_0,00016_altar::exemplar_1,00016_altar,1,0,0.6032459735870361,0.4508015811443329,0.007827267050743103,0.007314388174563646,0.5804597071287545,0.5855555877594506,0.0,0.0,0.0
74,86,2,12,24,00163_boxer_shorts::exemplar_0,00163_boxer_shorts::exemplar_1,00163_boxer_shorts,1,0,0.5049536824226379,0.5161246061325073,0.006487254984676838,0.009393190033733845,0.5942539423504511,0.5417228576072295,1.0,1.0,1.0
74,86,3,12,24,00007_air_pump::exemplar_0,00007_air_pump::exemplar_1,00007_air_pump,0,1,0.3887607157230377,0.47423025965690613,0.008578579872846603,0.012725481763482094,0.6441135168560903,0.6092798969355511,1.0,1.0,1.0
74,86,4,12,24,00285_chicken_wire::exemplar_0,00285_chicken_wire::exemplar_1,00285_chicken_wire,0,1,0.5588114261627197,1.4487082958221436,0.010303252376616001,0.017658211290836334,0.5553384810946753,0.345525479724445,1.0,1.0,1.0
74,86,5,12,24,00406_cushion::exemplar_0,00406_cushion::exemplar_1,00406_cushion,1,0,0.4792468845844269,0.47579067945480347,0.011994464322924614,0.00790436752140522,0.6178859140889315,0.5688323888944313,0.0,0.0,1.0
74,86,6,12,24,00036_armor::exemplar_0,00036_armor::exemplar_1,00036_armor,0,1,0.4158461093902588,0.6731334924697876,0.006966015323996544,0.011934599839150906,0.611886653130901,0.5670613713875049,1.0,1.0,1.0
74,86,7,12,24,00394_crystal1::exemplar_0,00394_crystal1::exemplar_1,00394_crystal1,0,1,0.46766480803489685,0.6673323512077332,0.009062613360583782,0.012790316715836525,0.6357801350988045,0.5912059030433556,1.0,1.0,1.0
74,86,8,12,24,00399_cufflink::exemplar_0,00399_cufflink::exemplar_1,00399_cufflink,0,1,0.4963637590408325,0.4825358986854553,0.007878227159380913,0.008995815180242062,0.5255664281014073,0.5534787101978299,0.0,1.0,0.0
74,86,9,12,24,00381_crate::exemplar_0,00381_crate::exemplar_1,00381_crate,0,1,0.44682109355926514,0.5444587469100952,0.006068012211471796,0.012689419090747833,0.5685402167532417,0.4999207537744669,1.0,1.0,1.0
74,86,10,12,24,00429_dishwashing_liquid::exemplar_0,00429_dishwashing_liquid::exemplar_1,00429_dishwashing_liquid,0,1,0.5398430824279785,0.6597580909729004,0.008282595314085484,0.009366555139422417,0.6953157524418158,0.5835800218344145,1.0,1.0,1.0
74,86,11,12,24,00363_cornbread::exemplar_0,00363_cornbread::exemplar_1,00363_cornbread,0,1,0.4682462811470032,0.4791819453239441,0.006886730436235666,0.006165134720504284,0.553180061255134,0.5635039171270428,1.0,0.0,0.0
74,86,12,12,24,00258_cello::exemplar_0,00258_cello::exemplar_1,00258_cello,1,0,0.4083731770515442,0.4414089322090149,0.005430559627711773,0.0062966663390398026,0.6167653803042341,0.5806644478953323,1.0,1.0,1.0
75,87,1,12,24,00387_cross::exemplar_0,00387_cross::exemplar_1,00387_cross,1,0,0.5288301110267639,0.8700470328330994,0.010912876576185226,0.016293514519929886,0.6471763734423059,0.44676447533237973,1.0,1.0,1.0
75,87,2,12,24,00430_diskette::exemplar_0,00430_diskette::exemplar_1,00430_diskette,0,1,0.5554554462432861,0.855872631072998,0.011042124591767788,0.01367148756980896,0.5958901019979206,0.570048351459268,1.0,1.0,1.0
75,87,3,12,24,00277_cheesecake::exemplar_0,00277_cheesecake::exemplar_1,00277_cheesecake,1,0,0.5258325338363647,0.8104363679885864,0.008711377158761024,0.011863406747579575,0.6033191937013876,0.6289948358521745,1.0,1.0,0.0
75,87,4,12,24,00331_coffee::exemplar_0,00331_coffee::exemplar_1,00331_coffee,1,0,0.7967926263809204,0.7249220609664917,0.010439909063279629,0.010475410148501396,0.5425458378040315,0.4308971064683431,0.0,1.0,1.0
75,87,5,12,24,00053_bagel::exemplar_0,00053_bagel::exemplar_1,00053_bagel,1,0,0.7358160614967346,0.9364185333251953,0.01054769940674305,0.013152449391782284,0.48854523223910284,0.430880611824736,1.0,1.0,1.0
75,87,6,12,24,00449_doorstop::exemplar_0,00449_doorstop::exemplar_1,00449_doorstop,0,1,0.4655691087245941,1.2960519790649414,0.012540516443550587,0.034806594252586365,0.6588061953772764,0.5206468613638068,1.0,1.0,1.0
75,87,7,12,24,00097_bed::exemplar_0,00097_bed::exemplar_1,00097_bed,1,0,0.4548914432525635,0.47838544845581055,0.009164133109152317,0.010566752403974533,0.6250038686891498,0.5443102098619436,1.0,1.0,1.0
75,87,8,12,24,00075_baseball_glove::exemplar_0,00075_baseball_glove::exemplar_1,00075_baseball_glove,0,1,0.5399911999702454,0.7153680920600891,0.005582913756370544,0.007920974865555763,0.6365667131374404,0.44736651627282903,1.0,1.0,1.0
75,87,9,12,24,00172_branch::exemplar_0,00172_branch::exemplar_1,00172_branch,1,0,0.4481055736541748,0.6797463893890381,0.008301214314997196,0.0070051634684205055,0.5465284972706516,0.4720606181866151,1.0,0.0,1.0
75,87,10,12,24,00378_cranberry::exemplar_0,00378_cranberry::exemplar_1,00378_cranberry,1,0,0.6021389365196228,0.9363057613372803,0.0052439067512750626,0.00886700302362442,0.3642459702576679,0.381168649649234,1.0,1.0,0.0
75,87,11,12,24,00417_deodorant::exemplar_0,00417_deodorant::exemplar_1,00417_deodorant,0,1,0.39645707607269287,0.5096354484558105,0.006577430758625269,0.009602053090929985,0.607224651148436,0.5348614813736938,1.0,1.0,1.0
75,87,12,12,24,00144_bone::exemplar_0,00144_bone::exemplar_1,00144_bone,1,0,0.47226470708847046,3.532240390777588,0.0069452570751309395,0.05112811550498009,0.5757202599216366,0.5889594438922845,1.0,1.0,0.0
76,88,1,12,24,00321_cloud::exemplar_0,00321_cloud::exemplar_1,00321_cloud,0,1,0.5508736371994019,0.8213699460029602,0.009656981565058231,0.009981262497603893,0.574475466884261,0.4953238679732122,1.0,1.0,1.0
76,88,2,12,24,00270_chandelier::exemplar_0,00270_chandelier::exemplar_1,00270_chandelier,0,1,0.612313985824585,0.5077015161514282,0.007294663228094578,0.009136324748396873,0.5518040648025684,0.6686352537326458,0.0,1.0,0.0
76,88,3,12,24,00394_crystal1::exemplar_0,00394_crystal1::exemplar_1,00394_crystal1,0,1,0.551384449005127,0.7181723117828369,0.010684968903660774,0.013764732517302036,0.6420598645929281,0.5754946062086195,1.0,1.0,1.0
76,88,4,12,24,00463_dumbbell::exemplar_0,00463_dumbbell::exemplar_1,00463_dumbbell,0,1,0.562506377696991,0.8161153793334961,0.008663618937134743,0.013894596137106419,0.604642108281612,0.3936697283577059,1.0,1.0,1.0
76,88,5,12,24,00499_fast_food::exemplar_0,00499_fast_food::exemplar_1,00499_fast_food,1,0,0.7696166634559631,1.1025850772857666,0.006894801743328571,0.01143050380051136,0.5283637734469294,0.3584587871505334,1.0,1.0,1.0
76,88,6,12,24,00005_air_conditioner::exemplar_0,00005_air_conditioner::exemplar_1,00005_air_conditioner,0,1,0.805077314376831,0.7916775941848755,0.012635916471481323,0.012252304702997208,0.5951037146122097,0.5544951372533374,0.0,0.0,1.0
76,88,7,12,24,00204_button2::exemplar_0,00204_button2::exemplar_1,00204_button2,0,1,0.48727715015411377,1.1594963073730469,0.009967134334146976,0.018574682995676994,0.6228905417603867,0.13211226458213954,1.0,1.0,1.0
76,88,8,12,24,00171_brake::exemplar_0,00171_brake::exemplar_1,00171_brake,1,0,0.45036134123802185,0.5940816402435303,0.009163249284029007,0.010964932851493359,0.5804528050248505,0.4919494743915842,1.0,1.0,1.0
76,88,9,12,24,00098_bedpan::exemplar_0,00098_bedpan::exemplar_1,00098_bedpan,0,1,0.6315232515335083,1.054771900177002,0.009576401673257351,0.023702440783381462,0.5529630618274427,0.4467509607561486,1.0,1.0,1.0
76,88,10,12,24,00008_airbag::exemplar_0,00008_airbag::exemplar_1,00008_airbag,0,1,0.44934260845184326,0.5539472103118896,0.006285546813160181,0.009695406071841717,0.6390083343123698,0.5935844356729227,1.0,1.0,1.0
76,88,11,12,24,00357_coral::exemplar_0,00357_coral::exemplar_1,00357_coral,0,1,0.5872796177864075,0.5514016151428223,0.005396849475800991,0.006963226478546858,0.5818345067245042,0.5474447701370599,0.0,1.0,1.0
76,88,12,12,24,00095_bear::exemplar_0,00095_bear::exemplar_1,00095_bear,0,1,0.550466001033783,0.905337929725647,0.009614425711333752,0.012568717822432518,0.46344639042727775,0.5070054593332438,1.0,1.0,0.0
77,89,1,12,24,00034_arch::exemplar_0,00034_arch::exemplar_1,00034_arch,1,0,0.426837682723999,0.720306932926178,0.008028091862797737,0.01095246896147728,0.6320708065969908,0.6663649547047622,1.0,1.0,0.0
77,89,2,12,24,00311_clay::exemplar_0,00311_clay::exemplar_1,00311_clay,1,0,0.47740811109542847,0.5130960941314697,0.0072638229466974735,0.015081199817359447,0.6360928678557869,0.6069587229145674,1.0,1.0,1.0
77,89,3,12,24,00177_brick::exemplar_0,00177_brick::exemplar_1,00177_brick,0,1,0.6270456314086914,0.5820664763450623,0.0060750399716198444,0.009651738218963146,0.6033813274205867,0.571463171282315,0.0,1.0,1.0
77,89,4,12,24,00042_avocado::exemplar_0,00042_avocado::exemplar_1,00042_avocado,0,1,0.7494108080863953,1.9495224952697754,0.010027753189206123,0.024159029126167297,0.5453709879048872,0.6975450129140214,1.0,1.0,0.0
77,89,5,12,24,00434_doghouse::exemplar_0,00434_doghouse::exemplar_1,00434_doghouse,1,0,0.35667598247528076,0.7267730832099915,0.005733927711844444,0.011860896833240986,0.6227617767286686,0.5959866598407865,1.0,1.0,1.0
77,89,6,12,24,00437_dollhouse::exemplar_0,00437_dollhouse::exemplar_1,00437_dollhouse,0,1,0.4107365012168884,0.5141461491584778,0.006681504193693399,0.006996572017669678,0.5875905281320319,0.5590588015850559,1.0,1.0,1.0
77,89,7,12,24,00077_basketball_hoop::exemplar_0,00077_basketball_hoop::exemplar_1,00077_basketball_hoop,0,1,0.6500009894371033,0.5791926980018616,0.007587420754134655,0.008285660296678543,0.6286424392743035,0.38485104517667845,0.0,1.0,1.0
77,89,8,12,24,00394_crystal1::exemplar_0,00394_crystal1::exemplar_1,00394_crystal1,0,1,0.44608378410339355,0.7410457730293274,0.008644406683743,0.014203132130205631,0.6355002479420139,0.6163335761065449,1.0,1.0,1.0
77,89,9,12,24,00214_calf2::exemplar_0,00214_calf2::exemplar_1,00214_calf2,0,1,0.4638420045375824,0.7104809880256653,0.009745818562805653,0.011782987974584103,0.629556609344654,0.6459068619694303,1.0,1.0,0.0
77,89,10,12,24,00133_blowgun::exemplar_0,00133_blowgun::exemplar_1,00133_blowgun,0,1,0.3973563313484192,0.6117056012153625,0.007075414061546326,0.008624988608062267,0.6836704177724625,0.3731492342796937,1.0,1.0,1.0
77,89,11,12,24,00361_corkscrew::exemplar_0,00361_corkscrew::exemplar_1,00361_corkscrew,0,1,0.41305971145629883,0.4587927460670471,0.008282686583697796,0.010045299306511879,0.65844026550106,0.5911550341214125,1.0,1.0,1.0
77,89,12,12,24,00072_barrel::exemplar_0,00072_barrel::exemplar_1,00072_barrel,0,1,0.44374245405197144,0.5162911415100098,0.005000375211238861,0.008670604787766933,0.5896963843285905,0.6015124246161384,1.0,1.0,0.0
78,90,1,12,24,00295_chips::exemplar_0,00295_chips::exemplar_1,00295_chips,0,1,0.40288060903549194,0.8328640460968018,0.005843404680490494,0.010798283852636814,0.6109593904091549,0.5682317814962653,1.0,1.0,1.0
78,90,2,12,24,00247_carriage::exemplar_0,00247_carriage::exemplar_1,00247_carriage,1,0,1.397376298904419,1.1281769275665283,0.01605597510933876,0.014632130973041058,0.6074185260733808,0.4747658981952777,0.0,0.0,1.0
78,90,3,12,24,00325_coaster::exemplar_0,00325_coaster::exemplar_1,00325_coaster,0,1,0.7607722282409668,0.6741158962249756,0.011645152233541012,0.014579474925994873,0.5930077657878499,0.5385780668491305,0.0,1.0,1.0
78,90,4,12,24,00366_cornucopia::exemplar_0,00366_cornucopia::exemplar_1,00366_cornucopia,1,0,0.9279999136924744,0.9395086765289307,0.008860183879733086,0.008613676764070988,0.4233837558717511,0.3636454506153231,1.0,0.0,1.0
78,90,5,12,24,00105_bell::exemplar_0,00105_bell::exemplar_1,00105_bell,0,1,0.46227729320526123,0.6576253771781921,0.006796991918236017,0.014768306165933609,0.5403912218051039,0.5946523085791496,1.0,1.0,0.0
78,90,6,12,24,00301_chute::exemplar_0,00301_chute::exemplar_1,00301_chute,1,0,0.44376328587532043,0.5583348870277405,0.007779651787132025,0.007657485548406839,0.5856266286063411,0.5859580684901083,1.0,0.0,0.0
78,90,7,12,24,00048_backpack::exemplar_0,00048_backpack::exemplar_1,00048_backpack,0,1,0.37172988057136536,1.4832555055618286,0.006320577580481768,0.025380123406648636,0.6497654694350627,0.35925795452523096,1.0,1.0,1.0
78,90,8,12,24,00413_dashboard::exemplar_0,00413_dashboard::exemplar_1,00413_dashboard,1,0,0.6618471145629883,1.3571635484695435,0.00930522009730339,0.01915544457733631,0.4098951357862808,0.5151782226215161,1.0,1.0,0.0
78,90,9,12,24,00182_brownie::exemplar_0,00182_brownie::exemplar_1,00182_brownie,1,0,0.5155400633811951,0.603192150592804,0.006028568372130394,0.006943314336240292,0.5421611358814151,0.4254421734118049,1.0,1.0,1.0
78,90,10,12,24,00338_coleslaw::exemplar_0,00338_coleslaw::exemplar_1,00338_coleslaw,0,1,0.501941442489624,0.8727787733078003,0.010623283684253693,0.016964223235845566,0.6500075169121,0.399967798347176,1.0,1.0,1.0
78,90,11,12,24,00454_dresser::exemplar_0,00454_dresser::exemplar_1,00454_dresser,0,1,0.45099395513534546,0.6137797832489014,0.005809685215353966,0.011072778142988682,0.5637738632050574,0.6172617013043432,1.0,1.0,0.0
78,90,12,12,24,00159_bowler_hat::exemplar_0,00159_bowler_hat::exemplar_1,00159_bowler_hat,0,1,0.39404308795928955,0.7043726444244385,0.009189198724925518,0.010889172554016113,0.6124122321384652,0.3407616675185203,1.0,1.0,1.0
79,91,1,12,24,00496_eyepiece::exemplar_0,00496_eyepiece::exemplar_1,00496_eyepiece,1,0,0.5304323434829712,0.6821128129959106,0.009390401653945446,0.011567818932235241,0.5823429497471909,0.4994791916133983,1.0,1.0,1.0
79,91,2,12,24,00043_awning::exemplar_0,00043_awning::exemplar_1,00043_awning,0,1,0.6260622143745422,0.7272937893867493,0.0067006307654082775,0.009666702710092068,0.5696877060623483,0.5148793348618884,1.0,1.0,1.0
79,91,3,12,24,00348_confetti::exemplar_0,00348_confetti::exemplar_1,00348_confetti,1,0,0.5850577354431152,0.7550756931304932,0.005741232540458441,0.007431116420775652,0.49751965519982677,0.48494421216665173,1.0,1.0,1.0
79,91,4,12,24,00089_beachball::exemplar_0,00089_beachball::exemplar_1,00089_beachball,1,0,0.43576738238334656,0.6068750619888306,0.007998335175216198,0.009743906557559967,0.4989344887731264,0.5039747214306236,1.0,1.0,0.0
79,91,5,12,24,00486_engine::exemplar_0,00486_engine::exemplar_1,00486_engine,0,1,0.6230593919754028,0.7026994824409485,0.007265476509928703,0.00731322867795825,0.5606813526874302,0.588110977401109,1.0,1.0,0.0
79,91,6,12,24,00083_bathtub::exemplar_0,00083_bathtub::exemplar_1,00083_bathtub,1,0,0.41740649938583374,0.5674977898597717,0.008848544210195541,0.011935950256884098,0.6363395924827102,0.6581629721964811,1.0,1.0,0.0
79,91,7,12,24,00303_cigarette::exemplar_0,00303_cigarette::exemplar_1,00303_cigarette,0,1,0.4584009051322937,0.867828905582428,0.009394769556820393,0.01310580875724554,0.6605625325117238,0.483326852906563,1.0,1.0,1.0
79,91,8,12,24,00351_cooker::exemplar_0,00351_cooker::exemplar_1,00351_cooker,1,0,0.5100663304328918,0.5806911587715149,0.008563869632780552,0.009118642657995224,0.6166216490835563,0.6151084962970519,1.0,1.0,1.0
79,91,9,12,24,00235_canvas::exemplar_0,00235_canvas::exemplar_1,00235_canvas,0,1,0.3795666992664337,0.4055468440055847,0.008790048770606518,0.011597642675042152,0.6780570017406262,0.5746651367965437,1.0,1.0,1.0
79,91,10,12,24,00433_dogfood::exemplar_0,00433_dogfood::exemplar_1,00433_dogfood,1,0,0.46383604407310486,0.9101974964141846,0.003977487329393625,0.012633577920496464,0.3757930856269069,0.37165785091746856,1.0,1.0,1.0
79,91,11,12,24,00206_cabinet::exemplar_0,00206_cabinet::exemplar_1,00206_cabinet,1,0,0.39290979504585266,0.5561931133270264,0.009360039606690407,0.01094969641417265,0.6331435689389604,0.5454037563327684,1.0,1.0,1.0
79,91,12,12,24,00401_cup::exemplar_0,00401_cup::exemplar_1,00401_cup,0,1,0.40327906608581543,0.4273335933685303,0.0075606973841786385,0.007417843211442232,0.5096055583216967,0.557239788108988,1.0,0.0,0.0
80,92,1,12,24,00302_cigar::exemplar_0,00302_cigar::exemplar_1,00302_cigar,1,0,0.468411386013031,0.7407943606376648,0.008035334758460522,0.013732225634157658,0.5394783645041652,0.5564271665617279,1.0,1.0,0.0
80,92,2,12,24,00282_chick::exemplar_0,00282_chick::exemplar_1,00282_chick,1,0,0.5792140364646912,0.8085882663726807,0.009592465125024319,0.01441686786711216,0.4924587256209089,0.5491295914380723,1.0,1.0,0.0
80,92,3,12,24,00406_cushion::exemplar_0,00406_cushion::exemplar_1,00406_cushion,1,0,0.5057998895645142,0.5181437134742737,0.012659025378525257,0.008607982657849789,0.6344400127971584,0.5392719195534951,1.0,0.0,1.0
80,92,4,12,24,00290_chin::exemplar_0,00290_chin::exemplar_1,00290_chin,0,1,0.5102982521057129,0.49353867769241333,0.013488318771123886,0.013338041491806507,0.6419880531034711,0.5790613530391076,0.0,0.0,1.0
80,92,5,12,24,00286_chickpea::exemplar_0,00286_chickpea::exemplar_1,00286_chickpea,1,0,1.0405364036560059,2.4304230213165283,0.018839841708540916,0.025633621960878372,0.38704422967599733,0.03791960602261998,1.0,1.0,1.0
80,92,6,12,24,00216_camcorder::exemplar_0,00216_camcorder::exemplar_1,00216_camcorder,1,0,0.44191959500312805,0.7449051141738892,0.007421212270855904,0.009324755519628525,0.6324479138921586,0.38397493956470846,1.0,1.0,1.0
80,92,7,12,24,00450_dough::exemplar_0,00450_dough::exemplar_1,00450_dough,0,1,0.44835320115089417,0.7509911060333252,0.010274413041770458,0.015609052032232285,0.6556823050157439,0.5948557072927803,1.0,1.0,1.0
80,92,8,12,24,00137_board::exemplar_0,00137_board::exemplar_1,00137_board,0,1,0.5515021085739136,0.5223457217216492,0.015330640599131584,0.013992996886372566,0.5967606386861987,0.5755975693956167,0.0,0.0,1.0
80,92,9,12,24,00411_dart::exemplar_0,00411_dart::exemplar_1,00411_dart,1,0,0.5216748118400574,0.7724970579147339,0.009391777217388153,0.0077545251697301865,0.500273969001568,0.441892807855171,1.0,0.0,1.0
80,92,10,12,24,00412_dartboard::exemplar_0,00412_dartboard::exemplar_1,00412_dartboard,1,0,0.4364717900753021,1.8339401483535767,0.006566514726728201,0.0286260973662138,0.5959304823834644,0.4318735843542193,1.0,1.0,1.0
80,92,11,12,24,00265_chair::exemplar_0,00265_chair::exemplar_1,00265_chair,1,0,0.4077649712562561,0.4491415023803711,0.009087183512747288,0.007962138392031193,0.6226495871292715,0.6337760306286223,1.0,0.0,0.0
80,92,12,12,24,00496_eyepiece::exemplar_0,00496_eyepiece::exemplar_1,00496_eyepiece,1,0,0.398924857378006,0.7957631945610046,0.007062285672873259,0.013495193794369698,0.6424522893250239,0.5898758432385104,1.0,1.0,1.0
81,93,1,12,24,00472_earring::exemplar_0,00472_earring::exemplar_1,00472_earring,1,0,0.47465232014656067,0.6273611187934875,0.009894166141748428,0.0120313111692667,0.6472587231729496,0.6462338521697655,1.0,1.0,1.0
81,93,2,12,24,00371_cotton_candy::exemplar_0,00371_cotton_candy::exemplar_1,00371_cotton_candy,1,0,0.6325119733810425,0.5171422362327576,0.008183312602341175,0.0072054555639624596,0.5353930596672646,0.5747132770424814,0.0,0.0,0.0
81,93,3,12,24,00048_backpack::exemplar_0,00048_backpack::exemplar_1,00048_backpack,1,0,0.4295860230922699,1.2831428050994873,0.007304314058274031,0.021955976262688637,0.6463249759030542,0.5043398797314461,1.0,1.0,1.0
81,93,4,12,24,00059_bamboo::exemplar_0,00059_bamboo::exemplar_1,00059_bamboo,1,0,0.5165858864784241,2.8031070232391357,0.005399032030254602,0.026937449350953102,0.5758679487161318,0.16188477680830765,1.0,1.0,1.0
81,93,5,12,24,00453_dress::exemplar_0,00453_dress::exemplar_1,00453_dress,1,0,0.4533408284187317,0.48978301882743835,0.008386866189539433,0.00896410457789898,0.6431737548770909,0.5818752545638569,1.0,1.0,1.0
81,93,6,12,24,00182_brownie::exemplar_0,00182_brownie::exemplar_1,00182_brownie,1,0,0.49189478158950806,0.44208618998527527,0.005752067547291517,0.005088831763714552,0.5600724114751867,0.5686591573388609,0.0,0.0,0.0
81,93,7,12,24,00290_chin::exemplar_0,00290_chin::exemplar_1,00290_chin,0,1,0.45774638652801514,0.4822501838207245,0.012099255807697773,0.013032966293394566,0.6246630669876113,0.5458081510585466,1.0,1.0,1.0
81,93,8,12,24,00468_dustpan::exemplar_0,00468_dustpan::exemplar_1,00468_dustpan,0,1,0.4266735315322876,0.5430749654769897,0.005873555317521095,0.008346685208380222,0.7009294736708747,0.5985277229610191,1.0,1.0,1.0
81,93,9,12,24,00076_basket::exemplar_0,00076_basket::exemplar_1,00076_basket,0,1,0.5411311388015747,1.0108476877212524,0.006742674391716719,0.010413753800094128,0.5321910203214701,0.26393554264201585,1.0,1.0,1.0
81,93,10,12,24,00435_doily::exemplar_0,00435_doily::exemplar_1,00435_doily,0,1,0.594139575958252,1.1503008604049683,0.008052809163928032,0.012052123434841633,0.464822702032352,0.34915480588768905,1.0,1.0,1.0
81,93,11,12,24,00181_broom::exemplar_0,00181_broom::exemplar_1,00181_broom,1,0,0.4532473385334015,0.44889047741889954,0.010508833453059196,0.00821501761674881,0.5724008266380026,0.59863901824269,0.0,0.0,0.0
81,93,12,12,24,00254_catfish::exemplar_0,00254_catfish::exemplar_1,00254_catfish,1,0,0.40706145763397217,1.2758742570877075,0.007010033819824457,0.017143569886684418,0.6430076475582366,0.5037090094941666,1.0,1.0,1.0
82,94,1,12,24,00155_bow1::exemplar_0,00155_bow1::exemplar_1,00155_bow1,1,0,0.6411351561546326,0.8431787490844727,0.008098158985376358,0.012578307650983334,0.5634174240457378,0.5330053887133963,1.0,1.0,1.0
82,94,2,12,24,00009_airboat::exemplar_0,00009_airboat::exemplar_1,00009_airboat,1,0,0.502426266670227,0.7652991414070129,0.007231348194181919,0.012558347545564175,0.6380605909419657,0.5374909073927953,1.0,1.0,1.0
82,94,3,12,24,00094_beanie::exemplar_0,00094_beanie::exemplar_1,00094_beanie,0,1,0.6109753251075745,0.7995930910110474,0.011758706532418728,0.011632710695266724,0.6192391062210192,0.5168853798870905,1.0,0.0,1.0
82,94,4,12,24,00064_banjo::exemplar_0,00064_banjo::exemplar_1,00064_banjo,0,1,0.9108690619468689,1.08481764793396,0.016342539340257645,0.016619155183434486,0.5822989464664015,0.45510927095524534,1.0,1.0,1.0
82,94,5,12,24,00256_caviar::exemplar_0,00256_caviar::exemplar_1,00256_caviar,1,0,0.607451856136322,0.7183234691619873,0.007752062287181616,0.009050236083567142,0.5997700957500444,0.4896643830439824,1.0,1.0,1.0
82,94,6,12,24,00435_doily::exemplar_0,00435_doily::exemplar_1,00435_doily,0,1,0.628464937210083,1.0326128005981445,0.008518045768141747,0.01081906259059906,0.5206459393789581,0.41463350972997265,1.0,1.0,1.0
82,94,7,12,24,00422_diaper::exemplar_0,00422_diaper::exemplar_1,00422_diaper,0,1,0.49558207392692566,0.5328870415687561,0.011169914156198502,0.015278265811502934,0.6223987020108369,0.5477936610292524,1.0,1.0,1.0
82,94,8,12,24,00280_chessboard::exemplar_0,00280_chessboard::exemplar_1,00280_chessboard,1,0,0.6634679436683655,0.4875659942626953,0.011276735924184322,0.008131838403642178,0.5523029877106275,0.6103208617510155,0.0,0.0,0.0
82,94,9,12,24,00190_bull::exemplar_0,00190_bull::exemplar_1,00190_bull,0,1,0.579414963722229,0.6980260610580444,0.007636027876287699,0.010728794150054455,0.5321223981238135,0.5726030260212638,1.0,1.0,0.0
82,94,10,12,24,00352_cookie_cutter::exemplar_0,00352_cookie_cutter::exemplar_1,00352_cookie_cutter,1,0,0.6172465085983276,0.5604321956634521,0.010013062506914139,0.008630488999187946,0.5582794196424565,0.5551249569995181,0.0,0.0,1.0
82,94,11,12,24,00221_camper::exemplar_0,00221_camper::exemplar_1,00221_camper,0,1,0.5869536995887756,0.6379939913749695,0.00827846024185419,0.009322556667029858,0.6040956899695845,0.5867344585093676,1.0,1.0,1.0
82,94,12,12,24,00144_bone::exemplar_0,00144_bone::exemplar_1,00144_bone,0,1,0.5336270332336426,1.225935459136963,0.00784766860306263,0.017745045945048332,0.6203328371958238,0.4098955714426162,1.0,1.0,1.0
83,95,1,12,24,00497_face::exemplar_0,00497_face::exemplar_1,00497_face,0,1,0.7000489234924316,1.1943426132202148,0.010316997766494751,0.027363916859030724,0.5135176663347015,0.38362800618884574,1.0,1.0,1.0
83,95,2,12,24,00480_eggplant::exemplar_0,00480_eggplant::exemplar_1,00480_eggplant,1,0,0.4834578037261963,0.7604590058326721,0.009082968346774578,0.01298077218234539,0.6288259377565601,0.33673070924750476,1.0,1.0,1.0
83,95,3,12,24,00485_enchilada::exemplar_0,00485_enchilada::exemplar_1,00485_enchilada,0,1,1.4403117895126343,0.8843885064125061,0.01421217992901802,0.010471162386238575,0.5542176270655661,0.46094067550456164,0.0,0.0,1.0
83,95,4,12,24,00277_cheesecake::exemplar_0,00277_cheesecake::exemplar_1,00277_cheesecake,0,1,0.555853009223938,0.771772563457489,0.009208721108734608,0.011297434568405151,0.5537820217708583,0.6189114189563597,1.0,1.0,0.0
83,95,5,12,24,00066_banner::exemplar_0,00066_banner::exemplar_1,00066_banner,0,1,0.4815947413444519,0.6873317956924438,0.005222476087510586,0.012588798068463802,0.6140302619161196,0.48413889345804406,1.0,1.0,1.0
83,95,6,12,24,00443_door::exemplar_0,00443_door::exemplar_1,00443_door,1,0,0.4206082224845886,0.7456409931182861,0.008143710903823376,0.015346844680607319,0.5877521481977728,0.5158463569011069,1.0,1.0,1.0
83,95,7,12,24,00402_curb::exemplar_0,00402_curb::exemplar_1,00402_curb,1,0,0.4107092022895813,0.564455509185791,0.008009594865143299,0.011275993660092354,0.6157127304131799,0.5331182376777674,1.0,1.0,1.0
83,95,8,12,24,00378_cranberry::exemplar_0,00378_cranberry::exemplar_1,00378_cranberry,1,0,0.5899339914321899,0.678118109703064,0.00513761630281806,0.0064219143241643906,0.5086275103776664,0.5018017548064715,1.0,1.0,1.0
83,95,9,12,24,00273_chariot::exemplar_0,00273_chariot::exemplar_1,00273_chariot,1,0,0.5198081731796265,0.6039644479751587,0.006460732780396938,0.006559279747307301,0.6380979190226509,0.31308463894263056,1.0,1.0,1.0
83,95,10,12,24,00253_catapult::exemplar_0,00253_catapult::exemplar_1,00253_catapult,1,0,0.46348243951797485,0.7483001947402954,0.0063204895704984665,0.008333214558660984,0.6328627456258773,0.45906510975907255,1.0,1.0,1.0
83,95,11,12,24,00264_chainsaw::exemplar_0,00264_chainsaw::exemplar_1,00264_chainsaw,0,1,0.44540470838546753,0.559424102306366,0.006356079131364822,0.008154386654496193,0.6821066355893105,0.42679479629822187,1.0,1.0,1.0
83,95,12,12,24,00390_crowbar::exemplar_0,00390_crowbar::exemplar_1,00390_crowbar,1,0,0.45222288370132446,0.475285142660141,0.012649480253458023,0.010542693547904491,0.6739561277790781,0.6130959345104112,1.0,0.0,1.0
84,96,1,12,24,00345_compost::exemplar_0,00345_compost::exemplar_1,00345_compost,1,0,0.48906898498535156,0.6304649114608765,0.008587718941271305,0.007732677739113569,0.5811546665602668,0.536781659823042,1.0,0.0,1.0
84,96,2,12,24,00419_detonator::exemplar_0,00419_detonator::exemplar_1,00419_detonator,0,1,0.4695209860801697,0.5190056562423706,0.008506556041538715,0.009645250625908375,0.6623168751721576,0.5987212985235123,1.0,1.0,1.0
84,96,3,12,24,00162_box::exemplar_0,00162_box::exemplar_1,00162_box,1,0,0.6538170576095581,0.7801016569137573,0.014099393971264362,0.01340134534984827,0.6041835322565822,0.5730091102341215,1.0,0.0,1.0
84,96,4,12,24,00203_button1::exemplar_0,00203_button1::exemplar_1,00203_button1,1,0,0.645802915096283,0.8387472033500671,0.007781145628541708,0.019484058022499084,0.5338128315904973,0.5850466136923417,1.0,1.0,0.0
84,96,5,12,24,00050_badge::exemplar_0,00050_badge::exemplar_1,00050_badge,0,1,0.45298993587493896,0.88580721616745,0.005367583595216274,0.012350916862487793,0.6027533528264876,0.41457145072144896,1.0,1.0,1.0
84,96,6,12,24,00175_breakfast::exemplar_0,00175_breakfast::exemplar_1,00175_breakfast,0,1,0.6929484605789185,0.6109086275100708,0.00894987490028143,0.007251107599586248,0.6397952033415576,0.5985802935745113,0.0,0.0,1.0
84,96,7,12,24,00389_crouton::exemplar_0,00389_crouton::exemplar_1,00389_crouton,1,0,0.5620654225349426,0.8007354736328125,0.006631879135966301,0.01543158944696188,0.5767714537830253,0.38845552458095184,1.0,1.0,1.0
84,96,8,12,24,00474_easel::exemplar_0,00474_easel::exemplar_1,00474_easel,0,1,0.43088498711586,0.7451377511024475,0.009105225093662739,0.012874573469161987,0.5905735992973711,0.5246380116029153,1.0,1.0,1.0
84,96,9,12,24,00106_bell_pepper::exemplar_0,00106_bell_pepper::exemplar_1,00106_bell_pepper,1,0,0.7130430936813354,2.2043955326080322,0.00537523441016674,0.031024398282170296,0.4728463130139929,0.5886153657982006,1.0,1.0,0.0
84,96,10,12,24,00465_dumpling::exemplar_0,00465_dumpling::exemplar_1,00465_dumpling,1,0,0.44085419178009033,0.49686509370803833,0.0067661963403224945,0.008577553555369377,0.5912905664034499,0.5563343851077097,1.0,1.0,1.0
84,96,11,12,24,00190_bull::exemplar_0,00190_bull::exemplar_1,00190_bull,1,0,0.4823992848396301,1.040375828742981,0.00635747192427516,0.01599077507853508,0.5218304950255984,0.5446845261167407,1.0,1.0,0.0
84,96,12,12,24,00024_ant::exemplar_0,00024_ant::exemplar_1,00024_ant,1,0,0.4616280496120453,0.8717896938323975,0.007332048378884792,0.013105418533086777,0.6594392310589174,0.5248744743609659,1.0,1.0,1.0
85,97,1,12,24,00220_camera_lens::exemplar_0,00220_camera_lens::exemplar_1,00220_camera_lens,1,0,0.5531155467033386,1.424899935722351,0.008105865679681301,0.015543504618108273,0.5526074496493226,0.510974591277697,1.0,1.0,1.0
85,97,2,12,24,00419_detonator::exemplar_0,00419_detonator::exemplar_1,00419_detonator,0,1,0.4956139028072357,0.5460430979728699,0.008979295380413532,0.010147716850042343,0.6316303800155795,0.6079748721394398,1.0,1.0,1.0
85,97,3,12,24,00413_dashboard::exemplar_0,00413_dashboard::exemplar_1,00413_dashboard,0,1,0.9258289337158203,1.2654540538787842,0.013016664423048496,0.017861027270555496,0.4716514756478783,0.5742939095989372,1.0,1.0,0.0
85,97,4,12,24,00295_chips::exemplar_0,00295_chips::exemplar_1,00295_chips,0,1,0.4710511863231659,0.7696259617805481,0.006832154467701912,0.009978387504816055,0.6315399509968465,0.5380290789390088,1.0,1.0,1.0
85,97,5,12,24,00191_bulldozer::exemplar_0,00191_bulldozer::exemplar_1,00191_bulldozer,0,1,0.6538210511207581,0.5368874073028564,0.0071841515600681305,0.008873611688613892,0.6195738451870655,0.5355904319586928,0.0,1.0,1.0
85,97,6,12,24,00027_anvil::exemplar_0,00027_anvil::exemplar_1,00027_anvil,0,1,0.45531073212623596,0.47183898091316223,0.008161285892128944,0.011259185150265694,0.6449173716793557,0.6012983624291918,1.0,1.0,1.0
85,97,7,12,24,00408_cymbal::exemplar_0,00408_cymbal::exemplar_1,00408_cymbal,1,0,0.545855700969696,0.5094017386436462,0.008090476505458355,0.005695792846381664,0.5874411880484416,0.6089571514248368,0.0,0.0,0.0
85,97,8,12,24,00012_alligator::exemplar_0,00012_alligator::exemplar_1,00012_alligator,0,1,0.5394436717033386,0.6498630046844482,0.005801175255328417,0.009777997620403767,0.6263332669536898,0.4946371987803424,1.0,1.0,1.0
85,97,9,12,24,00432_dog::exemplar_0,00432_dog::exemplar_1,00432_dog,1,0,0.4971562623977661,0.8418375849723816,0.008763286285102367,0.010038080625236034,0.6119246176905203,0.2863399220745796,1.0,1.0,1.0
85,97,10,12,24,00470_ear::exemplar_0,00470_ear::exemplar_1,00470_ear,0,1,0.5633063316345215,0.6612750291824341,0.011555144563317299,0.011053920723497868,0.5825961613679896,0.3288592598228979,1.0,0.0,1.0
85,97,11,12,24,00286_chickpea::exemplar_0,00286_chickpea::exemplar_1,00286_chickpea,1,0,0.7467615008354187,1.037393569946289,0.013520783744752407,0.010941368527710438,0.4230878382717221,0.1690685264203781,1.0,0.0,1.0
85,97,12,12,24,00100_bee::exemplar_0,00100_bee::exemplar_1,00100_bee,0,1,0.5222492218017578,0.8112848401069641,0.005839870311319828,0.010449218563735485,0.6311897645793131,0.4768130420012964,1.0,1.0,1.0
86,98,1,12,24,00181_broom::exemplar_0,00181_broom::exemplar_1,00181_broom,1,0,0.5692160129547119,0.4822956919670105,0.013197642751038074,0.008826356381177902,0.542746567215524,0.5940936014533622,0.0,0.0,0.0
86,98,2,12,24,00145_bongo::exemplar_0,00145_bongo::exemplar_1,00145_bongo,0,1,0.724271297454834,0.999224066734314,0.009732288308441639,0.013920165598392487,0.5532148519692484,0.4499150351723026,1.0,1.0,1.0
86,98,3,12,24,00031_applesauce::exemplar_0,00031_applesauce::exemplar_1,00031_applesauce,1,0,0.7695813179016113,0.9248765707015991,0.013991141691803932,0.01681165210902691,0.5821107712709874,0.5116935663598019,1.0,1.0,1.0
86,98,4,12,24,00215_calzone::exemplar_0,00215_calzone::exemplar_1,00215_calzone,1,0,0.5449819564819336,0.5741827487945557,0.009183064103126526,0.008045172318816185,0.5779521992996488,0.5103458203835668,1.0,0.0,1.0
86,98,5,12,24,00426_dish::exemplar_0,00426_dish::exemplar_1,00426_dish,1,0,0.5664575695991516,1.784982681274414,0.006282162386924028,0.020920153707265854,0.5097349108273131,0.45656055685354313,1.0,1.0,1.0
86,98,6,12,24,00183_brush::exemplar_0,00183_brush::exemplar_1,00183_brush,0,1,0.47588711977005005,0.5529003739356995,0.008394911885261536,0.009076101705431938,0.650101349039863,0.6437302508043546,1.0,1.0,1.0
86,98,7,12,24,00419_detonator::exemplar_0,00419_detonator::exemplar_1,00419_detonator,1,0,0.4478462040424347,0.49449512362480164,0.008113862946629524,0.009189744479954243,0.6388882624722368,0.5853612292816259,1.0,1.0,1.0
86,98,8,12,24,00023_anklet::exemplar_0,00023_anklet::exemplar_1,00023_anklet,0,1,0.44206199049949646,0.5448638200759888,0.009337757714092731,0.008872179314494133,0.5550365729720858,0.48922452017068246,1.0,0.0,1.0
86,98,9,12,24,00498_fan::exemplar_0,00498_fan::exemplar_1,00498_fan,0,1,0.3816359043121338,0.8981125354766846,0.0070460462011396885,0.01825476437807083,0.6516643118613354,0.4953812575693453,1.0,1.0,1.0
86,98,10,12,24,00295_chips::exemplar_0,00295_chips::exemplar_1,00295_chips,1,0,0.4173574447631836,1.028627634048462,0.006053377408534288,0.013336406089365482,0.5664912306598381,0.44124512487671075,1.0,1.0,1.0
86,98,11,12,24,00243_cardboard::exemplar_0,00243_cardboard::exemplar_1,00243_cardboard,0,1,0.4364200830459595,4.399178504943848,0.009257886558771133,0.05796748399734497,0.6768482243486484,0.069824999411355,1.0,1.0,1.0
86,98,12,12,24,00373_cougar::exemplar_0,00373_cougar::exemplar_1,00373_cougar,1,0,0.4844685196876526,0.658534586429596,0.0072384481318295,0.008455390110611916,0.5299504889804472,0.273759864648489,1.0,1.0,1.0
87,99,1,12,24,00207_cable::exemplar_0,00207_cable::exemplar_1,00207_cable,1,0,0.8086428046226501,1.862503170967102,0.00854302104562521,0.035512492060661316,0.5611437409442505,0.5076073597309089,1.0,1.0,1.0
87,99,2,12,24,00103_beet::exemplar_0,00103_beet::exemplar_1,00103_beet,0,1,0.5647606253623962,0.7434617877006531,0.00590507173910737,0.008634575642645359,0.4984577178461071,0.5736882894584179,1.0,1.0,0.0
87,99,3,12,24,00118_birdhouse::exemplar_0,00118_birdhouse::exemplar_1,00118_birdhouse,0,1,0.7590432167053223,0.5546960234642029,0.00911383330821991,0.007373171858489513,0.5934109917274527,0.5632638558991586,0.0,0.0,1.0
87,99,4,12,24,00374_counter::exemplar_0,00374_counter::exemplar_1,00374_counter,0,1,0.6868026852607727,0.4579976201057434,0.00968621950596571,0.005597686395049095,0.6282986380883506,0.6082165831063455,0.0,0.0,1.0
87,99,5,12,24,00092_bean::exemplar_0,00092_bean::exemplar_1,00092_bean,1,0,1.195610523223877,2.849499225616455,0.013363170437514782,0.0290449820458889,0.37732511202396585,0.11164519031058556,1.0,1.0,1.0
87,99,6,12,24,00307_cinnamon::exemplar_0,00307_cinnamon::exemplar_1,00307_cinnamon,0,1,0.4479820132255554,0.5355794429779053,0.005356215871870518,0.0074242036789655685,0.6459356449521487,0.5023990344393008,1.0,1.0,1.0
87,99,7,12,24,00045_baby::exemplar_0,00045_baby::exemplar_1,00045_baby,1,0,0.5543780326843262,0.5480204224586487,0.005515487398952246,0.008413136936724186,0.5745981743759463,0.5504544997213084,0.0,1.0,1.0
87,99,8,12,24,00069_barcode::exemplar_0,00069_barcode::exemplar_1,00069_barcode,1,0,0.6258721947669983,0.4803476333618164,0.008224421180784702,0.012543835677206516,0.6147230825944574,0.6180000962913202,0.0,1.0,0.0
87,99,9,12,24,00195_bungee::exemplar_0,00195_bungee::exemplar_1,00195_bungee,0,1,0.8937273025512695,0.5989333391189575,0.0105279590934515,0.008201795630156994,0.5571120920198415,0.5635454064161629,0.0,0.0,0.0
87,99,10,12,24,00129_block::exemplar_0,00129_block::exemplar_1,00129_block,0,1,0.4888138175010681,0.4260137975215912,0.011868723668158054,0.0056131198070943356,0.6124164115738134,0.6021490350881832,0.0,0.0,1.0
87,99,11,12,24,00390_crowbar::exemplar_0,00390_crowbar::exemplar_1,00390_crowbar,0,1,0.4718781113624573,0.4544403553009033,0.013199272565543652,0.010080317966639996,0.6130240359069232,0.6128826133411392,0.0,0.0,1.0
87,99,12,12,24,00128_blindfold::exemplar_0,00128_blindfold::exemplar_1,00128_blindfold,1,0,0.4540516436100006,0.6063884496688843,0.008732907474040985,0.011264256201684475,0.6362011773722314,0.5907354871333909,1.0,1.0,1.0
88,100,1,12,24,00488_eraser::exemplar_0,00488_eraser::exemplar_1,00488_eraser,1,0,0.49700891971588135,0.5349646210670471,0.01007405947893858,0.013231484219431877,0.5825166262924821,0.5317676267235479,1.0,1.0,1.0
88,100,2,12,24,00395_crystal2::exemplar_0,00395_crystal2::exemplar_1,00395_crystal2,1,0,0.5386087894439697,0.6363621354103088,0.012031031772494316,0.007837198674678802,0.6093797039214016,0.5488792493483172,1.0,0.0,1.0
88,100,3,12,24,00090_bead::exemplar_0,00090_bead::exemplar_1,00090_bead,1,0,0.6745588779449463,0.9296711683273315,0.008931377902626991,0.01114332489669323,0.5624555676728787,0.3874515417446416,1.0,1.0,1.0
88,100,4,12,24,00362_corn::exemplar_0,00362_corn::exemplar_1,00362_corn,0,1,3.1362874507904053,4.014191627502441,0.03174503892660141,0.04480835050344467,0.7536515057201424,0.7620822582850422,1.0,1.0,0.0
88,100,5,12,24,00222_can::exemplar_0,00222_can::exemplar_1,00222_can,1,0,0.9573510885238647,1.15267014503479,0.011437618173658848,0.013510615564882755,0.5484942790715112,0.4020981600429112,1.0,1.0,1.0
88,100,6,12,24,00075_baseball_glove::exemplar_0,00075_baseball_glove::exemplar_1,00075_baseball_glove,0,1,0.47855114936828613,0.5805387496948242,0.004947691690176725,0.0064280652441084385,0.6294252617286233,0.4853435688943146,1.0,1.0,1.0
88,100,7,12,24,00233_canoe::exemplar_0,00233_canoe::exemplar_1,00233_canoe,0,1,0.5108532309532166,0.6186137795448303,0.00855322927236557,0.00828330684453249,0.6102962756026689,0.5713407326169547,1.0,0.0,1.0
88,100,8,12,24,00202_butterfly::exemplar_0,00202_butterfly::exemplar_1,00202_butterfly,1,0,0.6105734705924988,0.9156503677368164,0.006785735487937927,0.008984311483800411,0.5609357717001324,0.5362979967615638,1.0,1.0,1.0
88,100,9,12,24,00180_brooch::exemplar_0,00180_brooch::exemplar_1,00180_brooch,0,1,0.5704437494277954,0.6862646341323853,0.00685871671885252,0.011301274411380291,0.5343396745429079,0.5547960535750498,1.0,1.0,0.0
88,100,10,12,24,00260_cement_mixer::exemplar_0,00260_cement_mixer::exemplar_1,00260_cement_mixer,0,1,0.4677501320838928,0.6109405755996704,0.005719019565731287,0.006133579183369875,0.6227768539119583,0.6359335045614373,1.0,1.0,0.0
88,100,11,12,24,00375_cow::exemplar_0,00375_cow::exemplar_1,00375_cow,0,1,0.5860108137130737,0.7156251668930054,0.007605351507663727,0.010362690314650536,0.5671739291174354,0.5184719119763002,1.0,1.0,1.0
88,100,12,12,24,00236_cap::exemplar_0,00236_cap::exemplar_1,00236_cap,1,0,0.4814324378967285,1.2749269008636475,0.006156555842608213,0.010579124093055725,0.6334608807281714,0.4892132875351967,1.0,1.0,1.0
89,101,1,12,24,00240_car_seat::exemplar_0,00240_car_seat::exemplar_1,00240_car_seat,0,1,0.5706270933151245,0.6608933210372925,0.009070901200175285,0.011858225800096989,0.5674439536641911,0.48934800475798507,1.0,1.0,1.0
89,101,2,12,24,00474_easel::exemplar_0,00474_easel::exemplar_1,00474_easel,0,1,0.4846489727497101,0.7822153568267822,0.010241336189210415,0.013515204191207886,0.6097902047084627,0.5765895781152188,1.0,1.0,1.0
89,101,3,12,24,00298_chocolate::exemplar_0,00298_chocolate::exemplar_1,00298_chocolate,1,0,0.4995942711830139,0.5793753862380981,0.012304051779210567,0.009281369857490063,0.5871053530506452,0.5721926522195571,1.0,0.0,1.0
89,101,4,12,24,00340_column::exemplar_0,00340_column::exemplar_1,00340_column,0,1,0.45076984167099,0.5010824203491211,0.007942154072225094,0.008311004377901554,0.6440074600121456,0.6206159422216898,1.0,1.0,1.0
89,101,5,12,24,00100_bee::exemplar_0,00100_bee::exemplar_1,00100_bee,0,1,0.6400198936462402,0.7653951048851013,0.007156800013035536,0.009858166798949242,0.6229082297132299,0.48608855837197074,1.0,1.0,1.0
89,101,6,12,24,00434_doghouse::exemplar_0,00434_doghouse::exemplar_1,00434_doghouse,0,1,0.40565046668052673,0.6449474096298218,0.006521242205053568,0.010525505989789963,0.6153123648991209,0.5707434959442746,1.0,1.0,1.0
89,101,7,12,24,00277_cheesecake::exemplar_0,00277_cheesecake::exemplar_1,00277_cheesecake,1,0,0.45163220167160034,0.4856444299221039,0.007482112850993872,0.007109006866812706,0.5962909783055256,0.6071817840707391,1.0,0.0,0.0
89,101,8,12,24,00184_brussels_sprouts::exemplar_0,00184_brussels_sprouts::exemplar_1,00184_brussels_sprouts,0,1,0.6827539205551147,1.4747973680496216,0.006609171163290739,0.01520967110991478,0.522251566189313,0.07537247605046087,1.0,1.0,1.0
89,101,9,12,24,00495_eyeliner::exemplar_0,00495_eyeliner::exemplar_1,00495_eyeliner,0,1,0.5289627313613892,0.6543537974357605,0.010134829208254814,0.011029358021914959,0.5597355708989293,0.5095899887533278,1.0,1.0,1.0
89,101,10,12,24,00258_cello::exemplar_0,00258_cello::exemplar_1,00258_cello,0,1,0.4666961431503296,0.48155733942985535,0.006206140387803316,0.006869380362331867,0.6233827574027192,0.5952716891551615,1.0,1.0,1.0
89,101,11,12,24,00025_anteater::exemplar_0,00025_anteater::exemplar_1,00025_anteater,0,1,0.4773532450199127,0.5007105469703674,0.007332136854529381,0.01079210638999939,0.5579658623835616,0.5867290770133043,1.0,1.0,0.0
89,101,12,12,24,00466_dumpster::exemplar_0,00466_dumpster::exemplar_1,00466_dumpster,0,1,0.4058421552181244,0.9228049516677856,0.005383578594774008,0.012434530071914196,0.5856818901303924,0.460492226304696,1.0,1.0,1.0
90,102,1,12,24,00087_battery::exemplar_0,00087_battery::exemplar_1,00087_battery,0,1,0.4971134662628174,1.0473841428756714,0.009577017277479172,0.012264231219887733,0.6042089248169028,0.62471231838068,1.0,1.0,0.0
90,102,2,12,24,00312_clipboard::exemplar_0,00312_clipboard::exemplar_1,00312_clipboard,0,1,0.5092100501060486,0.4703685939311981,0.009497844614088535,0.010879448615014553,0.5872931934754289,0.6300450548196471,0.0,1.0,0.0
90,102,3,12,24,00339_collar::exemplar_0,00339_collar::exemplar_1,00339_collar,0,1,0.5088379383087158,0.5482444763183594,0.008677130565047264,0.008008228614926338,0.6506063012905204,0.5738062588175343,1.0,0.0,1.0
90,102,4,12,24,00347_computer_screen::exemplar_0,00347_computer_screen::exemplar_1,00347_computer_screen,1,0,0.8974344730377197,0.9817460775375366,0.013423452153801918,0.013645680621266365,0.5512819816186983,0.5618038183429402,1.0,1.0,0.0
90,102,5,12,24,00197_buoy::exemplar_0,00197_buoy::exemplar_1,00197_buoy,1,0,0.43954434990882874,1.3417631387710571,0.00946279987692833,0.02456183172762394,0.5900233279486872,0.3038575003965359,1.0,1.0,1.0
90,102,6,12,24,00184_brussels_sprouts::exemplar_0,00184_brussels_sprouts::exemplar_1,00184_brussels_sprouts,1,0,0.9091691374778748,1.4909031391143799,0.008800907991826534,0.015375770628452301,0.47428536687676703,0.09589410343262667,1.0,1.0,1.0
90,102,7,12,24,00284_chicken2::exemplar_0,00284_chicken2::exemplar_1,00284_chicken2,1,0,0.7418955564498901,0.6664251089096069,0.011462808586657047,0.008260570466518402,0.5678640542679579,0.4351131764223841,0.0,0.0,1.0
90,102,8,12,24,00316_clock::exemplar_0,00316_clock::exemplar_1,00316_clock,1,0,0.9166885614395142,0.5879503488540649,0.009583773091435432,0.011986586265265942,0.5816522450663798,0.6398412847836488,0.0,1.0,0.0
90,102,9,12,24,00076_basket::exemplar_0,00076_basket::exemplar_1,00076_basket,0,1,0.8045002818107605,1.2569645643234253,0.010024341754615307,0.012949250638484955,0.5770135158786567,0.4525118114233762,1.0,1.0,1.0
90,102,10,12,24,00150_boomerang::exemplar_0,00150_boomerang::exemplar_1,00150_boomerang,0,1,0.443613201379776,0.5097253322601318,0.007463175803422928,0.009353122673928738,0.6179700039762671,0.6567284201644945,1.0,1.0,0.0
90,102,11,12,24,00365_cornmeal::exemplar_0,00365_cornmeal::exemplar_1,00365_cornmeal,0,1,0.4995589852333069,2.116891384124756,0.011153735220432281,0.03152516856789589,0.6045398905595102,0.5393183999596842,1.0,1.0,1.0
90,102,12,12,24,00094_beanie::exemplar_0,00094_beanie::exemplar_1,00094_beanie,0,1,0.45432305335998535,0.7198618650436401,0.00874380860477686,0.010472757741808891,0.6293931088178015,0.5088395099874654,1.0,1.0,1.0
91,103,1,12,24,00468_dustpan::exemplar_0,00468_dustpan::exemplar_1,00468_dustpan,0,1,0.42076748609542847,0.6322575211524963,0.0057922531850636005,0.009717358276247978,0.6987123952266409,0.6143591223974957,1.0,1.0,1.0
91,103,2,12,24,00479_eggnog::exemplar_0,00479_eggnog::exemplar_1,00479_eggnog,1,0,1.014997124671936,1.1678105592727661,0.010731562040746212,0.01322706788778305,0.6956067839076062,0.660271401069633,1.0,1.0,1.0
91,103,3,12,24,00357_coral::exemplar_0,00357_coral::exemplar_1,00357_coral,0,1,0.6399811506271362,0.581794798374176,0.00588115444406867,0.007347038481384516,0.5909821794863076,0.5242796871053835,0.0,1.0,1.0
91,103,4,12,24,00369_costume::exemplar_0,00369_costume::exemplar_1,00369_costume,0,1,0.5184544324874878,0.8747534155845642,0.005880189128220081,0.010038074105978012,0.6007168366580614,0.6205798113865696,1.0,1.0,0.0
91,103,5,12,24,00366_cornucopia::exemplar_0,00366_cornucopia::exemplar_1,00366_cornucopia,0,1,0.7425603866577148,0.7453417778015137,0.007089678663760424,0.006833500694483519,0.5652645234244871,0.5345239751560901,1.0,0.0,1.0
91,103,6,12,24,00353_cookie_sheet::exemplar_0,00353_cookie_sheet::exemplar_1,00353_cookie_sheet,0,1,0.4753895103931427,0.4542396068572998,0.013085676357150078,0.014123588800430298,0.6637075210349531,0.5355593318686602,0.0,1.0,1.0
91,103,7,12,24,00040_ashtray::exemplar_0,00040_ashtray::exemplar_1,00040_ashtray,1,0,0.5670046210289001,0.7892638444900513,0.009680886752903461,0.017136307433247566,0.6498564748444321,0.544960343687784,1.0,1.0,1.0
91,103,8,12,24,00377_cracker::exemplar_0,00377_cracker::exemplar_1,00377_cracker,0,1,0.6728329062461853,0.6497682929039001,0.011468682438135147,0.011327208951115608,0.6024596521233381,0.46313364049199085,0.0,0.0,1.0
91,103,9,12,24,00111_bikini::exemplar_0,00111_bikini::exemplar_1,00111_bikini,0,1,0.6679574847221375,0.6637723445892334,0.011420819908380508,0.00975895207375288,0.5443230520903366,0.5641750361050709,0.0,0.0,0.0
91,103,10,12,24,00419_detonator::exemplar_0,00419_detonator::exemplar_1,00419_detonator,1,0,0.414242684841156,0.49156713485717773,0.007505050394684076,0.009135331027209759,0.6809322177488663,0.5707619572535725,1.0,1.0,1.0
91,103,11,12,24,00234_cantaloupe::exemplar_0,00234_cantaloupe::exemplar_1,00234_cantaloupe,1,0,0.5328370332717896,0.5074626207351685,0.005043708719313145,0.006926671136170626,0.6191091942430658,0.6514007752812943,0.0,1.0,0.0
91,103,12,12,24,00309_clarinet::exemplar_0,00309_clarinet::exemplar_1,00309_clarinet,0,1,0.4627981185913086,0.7152886390686035,0.009980201721191406,0.011020081117749214,0.6460214179199597,0.45308340760121635,1.0,1.0,1.0
92,104,1,12,24,00201_butter::exemplar_0,00201_butter::exemplar_1,00201_butter,1,0,0.4531429409980774,0.7457117438316345,0.005957853980362415,0.014623797498643398,0.632223518413899,0.6164248235072872,1.0,1.0,1.0
92,104,2,12,24,00117_birdcage::exemplar_0,00117_birdcage::exemplar_1,00117_birdcage,1,0,0.8983592391014099,1.057663917541504,0.019017448648810387,0.017766326665878296,0.6269104801792699,0.7015989419606383,1.0,0.0,0.0
92,104,3,12,24,00102_beer::exemplar_0,00102_beer::exemplar_1,00102_beer,0,1,0.6919731497764587,0.7901389598846436,0.007274249102920294,0.008298131637275219,0.5613081002403496,0.6531250446589508,1.0,1.0,0.0
92,104,4,12,24,00375_cow::exemplar_0,00375_cow::exemplar_1,00375_cow,0,1,0.6263078451156616,0.6934148669242859,0.0081283338367939,0.0100410720333457,0.4992919614257421,0.5092945747389384,1.0,1.0,0.0
92,104,5,12,24,00170_braid::exemplar_0,00170_braid::exemplar_1,00170_braid,1,0,0.4254530668258667,0.6900661587715149,0.00678439624607563,0.0127762695774436,0.6540211187373568,0.5964983471449443,1.0,1.0,1.0
92,104,6,12,24,00395_crystal2::exemplar_0,00395_crystal2::exemplar_1,00395_crystal2,1,0,0.4422546923160553,0.6988892555236816,0.009878748096525669,0.008607259020209312,0.6277077839085159,0.5621961064343995,1.0,0.0,1.0
92,104,7,12,24,00065_bank::exemplar_0,00065_bank::exemplar_1,00065_bank,0,1,0.6803159117698669,0.7965673804283142,0.00922415591776371,0.011268527247011662,0.5882435444846874,0.5792827765742743,1.0,1.0,1.0
92,104,8,12,24,00004_acorn::exemplar_0,00004_acorn::exemplar_1,00004_acorn,0,1,0.5069458484649658,1.072039246559143,0.007696927525103092,0.010152090340852737,0.6714670963755871,0.5903459509860475,1.0,1.0,1.0
92,104,9,12,24,00366_cornucopia::exemplar_0,00366_cornucopia::exemplar_1,00366_cornucopia,1,0,0.6252718567848206,0.7556755542755127,0.005969853140413761,0.006928243674337864,0.5883560415590321,0.5073228530451946,1.0,1.0,1.0
92,104,10,12,24,00011_album::exemplar_0,00011_album::exemplar_1,00011_album,0,1,0.403050035238266,1.2718539237976074,0.008857525885105133,0.015393753536045551,0.6483590904471191,0.6089986194060908,1.0,1.0,1.0
92,104,11,12,24,00447_doorknocker::exemplar_0,00447_doorknocker::exemplar_1,00447_doorknocker,0,1,0.42527925968170166,0.5307683944702148,0.00721175130456686,0.010058687068521976,0.5533571617124067,0.6054666144151865,1.0,1.0,0.0
92,104,12,12,24,00492_eye::exemplar_0,00492_eye::exemplar_1,00492_eye,1,0,0.37652459740638733,0.5811501741409302,0.00724666565656662,0.00876101665198803,0.6464451525838363,0.5980129350679125,1.0,1.0,1.0
93,105,1,12,24,00002_abacus::exemplar_0,00002_abacus::exemplar_1,00002_abacus,1,0,0.8496037721633911,1.0484789609909058,0.012051211670041084,0.014094151556491852,0.5499621015183461,0.5659825887390598,1.0,1.0,0.0
93,105,2,12,24,00394_crystal1::exemplar_0,00394_crystal1::exemplar_1,00394_crystal1,1,0,0.46509599685668945,0.6929909586906433,0.00901283323764801,0.01328209787607193,0.6445390392349553,0.5834483884151259,1.0,1.0,1.0
93,105,3,12,24,00160_bowling_ball::exemplar_0,00160_bowling_ball::exemplar_1,00160_bowling_ball,1,0,0.7069841623306274,0.6351635456085205,0.007537336088716984,0.009018939919769764,0.6633208648212023,0.5681422392532208,0.0,1.0,1.0
93,105,4,12,24,00298_chocolate::exemplar_0,00298_chocolate::exemplar_1,00298_chocolate,0,1,0.4922689199447632,0.6084214448928833,0.01212364248931408,0.009746676310896873,0.5947689864071838,0.46831259890478455,1.0,0.0,1.0
93,105,5,12,24,00450_dough::exemplar_0,00450_dough::exemplar_1,00450_dough,1,0,0.4657689929008484,0.8941968083381653,0.010673511773347855,0.018585525453090668,0.5601338886657988,0.5243228311161383,1.0,1.0,1.0
93,105,6,12,24,00303_cigarette::exemplar_0,00303_cigarette::exemplar_1,00303_cigarette,1,0,0.48283666372299194,0.7044335007667542,0.009895572438836098,0.010638238862156868,0.6430130800406877,0.5223402011345634,1.0,1.0,1.0
93,105,7,12,24,00488_eraser::exemplar_0,00488_eraser::exemplar_1,00488_eraser,1,0,0.5562621355056763,0.491225928068161,0.011275085620582104,0.01214967854321003,0.5847125472078463,0.5479398552096565,0.0,1.0,1.0
93,105,8,12,24,00269_champagne::exemplar_0,00269_champagne::exemplar_1,00269_champagne,0,1,0.5291910767555237,0.5433080792427063,0.006567167583853006,0.0094298729673028,0.6220383139468912,0.6415336921758197,1.0,1.0,0.0
93,105,9,12,24,00293_chip::exemplar_0,00293_chip::exemplar_1,00293_chip,0,1,0.5103316903114319,0.6647078990936279,0.008301298134028912,0.01223656814545393,0.496930282784756,0.46428825306915494,1.0,1.0,1.0
93,105,10,12,24,00179_broccoli::exemplar_0,00179_broccoli::exemplar_1,00179_broccoli,1,0,0.47319602966308594,1.0298185348510742,0.006786394864320755,0.012565508484840393,0.5824947463077915,0.39834626906663334,1.0,1.0,1.0
93,105,11,12,24,00405_curtain::exemplar_0,00405_curtain::exemplar_1,00405_curtain,1,0,0.439577579498291,1.6496572494506836,0.006035869941115379,0.04789571091532707,0.6164579418171819,0.5255701845350568,1.0,1.0,1.0
93,105,12,12,24,00056_ball::exemplar_0,00056_ball::exemplar_1,00056_ball,1,0,0.48288682103157043,0.8562484979629517,0.007904117926955223,0.009075050242245197,0.6130546265761745,0.4388378097867869,1.0,1.0,1.0
94,106,1,12,24,00364_cornhusk::exemplar_0,00364_cornhusk::exemplar_1,00364_cornhusk,0,1,0.4736673831939697,0.7000687718391418,0.01180571410804987,0.009077278897166252,0.6194924438834805,0.5820013118557704,1.0,0.0,1.0
94,106,2,12,24,00244_cardigan::exemplar_0,00244_cardigan::exemplar_1,00244_cardigan,0,1,0.49484914541244507,0.9571385383605957,0.005937534850090742,0.017783967778086662,0.6232472496584054,0.43852203348383567,1.0,1.0,1.0
94,106,3,12,24,00413_dashboard::exemplar_0,00413_dashboard::exemplar_1,00413_dashboard,0,1,0.8544838428497314,1.1304901838302612,0.012013589963316917,0.015956103801727295,0.35797944212919086,0.45623215589590943,1.0,1.0,0.0
94,106,4,12,24,00489_exerciser::exemplar_0,00489_exerciser::exemplar_1,00489_exerciser,0,1,0.516716480255127,0.6513174772262573,0.008331231772899628,0.011915748007595539,0.5613987802018879,0.5744497984262537,1.0,1.0,0.0
94,106,5,12,24,00246_carousel::exemplar_0,00246_carousel::exemplar_1,00246_carousel,0,1,0.4901306629180908,0.5724316239356995,0.004776506219059229,0.0064845518209040165,0.5325141743286191,0.6183967242859987,1.0,1.0,0.0
94,106,6,12,24,00270_chandelier::exemplar_0,00270_chandelier::exemplar_1,00270_chandelier,0,1,0.5648598074913025,0.4545455276966095,0.006729328539222479,0.008179757744073868,0.6086591728135151,0.6804149968837895,0.0,1.0,0.0
94,106,7,12,24,00030_apple_tree::exemplar_0,00030_apple_tree::exemplar_1,00030_apple_tree,0,1,0.6090760231018066,0.801831841468811,0.007932763546705246,0.008641740307211876,0.6083627370481459,0.46610808943217785,1.0,1.0,1.0
94,106,8,12,24,00483_electric_chair::exemplar_0,00483_electric_chair::exemplar_1,00483_electric_chair,1,0,0.3765539526939392,0.7191019058227539,0.004968305584043264,0.009725319221615791,0.6299283434668757,0.6062216682062757,1.0,1.0,1.0
94,106,9,12,24,00421_diamond::exemplar_0,00421_diamond::exemplar_1,00421_diamond,0,1,0.4452797770500183,0.49241483211517334,0.006266717799007893,0.010360028594732285,0.5654858023743149,0.5849641115776624,1.0,1.0,0.0
94,106,10,12,24,00009_airboat::exemplar_0,00009_airboat::exemplar_1,00009_airboat,0,1,0.4143407344818115,0.4978909492492676,0.005963545758277178,0.008170252665877342,0.6547315441462086,0.5727213187184749,1.0,1.0,1.0
94,106,11,12,24,00462_duct_tape::exemplar_0,00462_duct_tape::exemplar_1,00462_duct_tape,0,1,0.44606298208236694,0.7559176683425903,0.006894941441714764,0.013899649493396282,0.6540327539708823,0.5212179469232158,1.0,1.0,1.0
94,106,12,12,24,00285_chicken_wire::exemplar_0,00285_chicken_wire::exemplar_1,00285_chicken_wire,1,0,0.35725733637809753,1.0638922452926636,0.0065870387479662895,0.012967714108526707,0.6129202026938623,0.3161420545365884,1.0,1.0,1.0
95,107,1,12,24,00393_crutch::exemplar_0,00393_crutch::exemplar_1,00393_crutch,0,1,0.8498163223266602,0.6819601655006409,0.015048095025122166,0.012069356627762318,0.6180518722477181,0.6371729852848256,0.0,0.0,0.0
95,107,2,12,24,00373_cougar::exemplar_0,00373_cougar::exemplar_1,00373_cougar,1,0,0.7198542356491089,0.7127478718757629,0.010755348019301891,0.009151472710072994,0.486582849654126,0.32272939857428085,0.0,0.0,1.0
95,107,3,12,24,00391_crown::exemplar_0,00391_crown::exemplar_1,00391_crown,1,0,0.5266146659851074,1.3378105163574219,0.00583452545106411,0.015863586217164993,0.564712744163007,0.5637487374310541,1.0,1.0,1.0
95,107,4,12,24,00159_bowler_hat::exemplar_0,00159_bowler_hat::exemplar_1,00159_bowler_hat,1,0,0.4355745315551758,0.8420584797859192,0.010157723911106586,0.013017711229622364,0.6381746037414645,0.37205953762709126,1.0,1.0,1.0
95,107,5,12,24,00127_blinder::exemplar_0,00127_blinder::exemplar_1,00127_blinder,0,1,0.5438729524612427,0.6883829236030579,0.006148107349872589,0.013770710676908493,0.621963760447554,0.5738499371215466,1.0,1.0,1.0
95,107,6,12,24,00218_camera1::exemplar_0,00218_camera1::exemplar_1,00218_camera1,0,1,0.8428748250007629,0.6886640191078186,0.013032859191298485,0.009315277449786663,0.5927860689260971,0.5659921687892048,0.0,0.0,1.0
95,107,7,12,24,00490_exhaust_pipe::exemplar_0,00490_exhaust_pipe::exemplar_1,00490_exhaust_pipe,0,1,0.7768089175224304,0.6744918823242188,0.010032998397946358,0.011980187147855759,0.5810888979824795,0.6042787220763567,0.0,1.0,0.0
95,107,8,12,24,00498_fan::exemplar_0,00498_fan::exemplar_1,00498_fan,0,1,0.4270613193511963,0.8603024482727051,0.00788472406566143,0.017486248165369034,0.5760950745093976,0.5657738872035584,1.0,1.0,1.0
95,107,9,12,24,00318_clothes::exemplar_0,00318_clothes::exemplar_1,00318_clothes,0,1,0.6451244354248047,0.8467677235603333,0.00725719565525651,0.00875954981893301,0.6074056665487075,0.4923448059711513,1.0,1.0,1.0
95,107,10,12,24,00248_carrot::exemplar_0,00248_carrot::exemplar_1,00248_carrot,0,1,0.7025935649871826,0.7333294749259949,0.00788503885269165,0.006647972390055656,0.548720415516707,0.34263427117339945,1.0,0.0,1.0
95,107,11,12,24,00337_coin::exemplar_0,00337_coin::exemplar_1,00337_coin,0,1,0.5102431774139404,1.2794075012207031,0.007070891559123993,0.017003575339913368,0.5869477103325118,0.4629879788157276,1.0,1.0,1.0
95,107,12,12,24,00298_chocolate::exemplar_0,00298_chocolate::exemplar_1,00298_chocolate,0,1,0.40970829129219055,0.5353202819824219,0.010090331546962261,0.008575623854994774,0.6272447482416525,0.53067663168212,1.0,0.0,1.0
96,108,1,12,24,00101_beehive::exemplar_0,00101_beehive::exemplar_1,00101_beehive,1,0,0.8130333423614502,1.480513572692871,0.008247987367212772,0.015280487015843391,0.5507082035444325,0.31534344037499296,1.0,1.0,1.0
96,108,2,12,24,00198_burner::exemplar_0,00198_burner::exemplar_1,00198_burner,1,0,0.7522326707839966,1.3666794300079346,0.01179331075400114,0.017594851553440094,0.5903394468593,0.47586284353639763,1.0,1.0,1.0
96,108,3,12,24,00373_cougar::exemplar_0,00373_cougar::exemplar_1,00373_cougar,0,1,0.9026708602905273,0.6367645263671875,0.013486812822520733,0.008175868541002274,0.5597632811022752,0.5603876686072583,0.0,0.0,0.0
96,108,4,12,24,00067_barbed_wire::exemplar_0,00067_barbed_wire::exemplar_1,00067_barbed_wire,0,1,0.523306131362915,1.1714484691619873,0.006796420551836491,0.016868900507688522,0.5821819321872755,0.2889325897469446,1.0,1.0,1.0
96,108,5,12,24,00497_face::exemplar_0,00497_face::exemplar_1,00497_face,1,0,0.5935043096542358,0.939323902130127,0.008746792562305927,0.021521111950278282,0.5734437878140285,0.49511034665409775,1.0,1.0,1.0
96,108,6,12,24,00142_bolt::exemplar_0,00142_bolt::exemplar_1,00142_bolt,0,1,0.7305610775947571,2.6300227642059326,0.010930855758488178,0.04234042391180992,0.5436322066454807,0.11249925390440184,1.0,1.0,1.0
96,108,7,12,24,00339_collar::exemplar_0,00339_collar::exemplar_1,00339_collar,1,0,0.6360229253768921,0.6091428399085999,0.010845995508134365,0.008897772990167141,0.5443312831555777,0.4828421460140239,0.0,0.0,1.0
96,108,8,12,24,00194_bumper::exemplar_0,00194_bumper::exemplar_1,00194_bumper,1,0,0.42143020033836365,0.9848496913909912,0.006839418318122625,0.012047884985804558,0.6462612893961778,0.5033642603290182,1.0,1.0,1.0
96,108,9,12,24,00418_desk::exemplar_0,00418_desk::exemplar_1,00418_desk,1,0,0.4766196012496948,0.7176100611686707,0.008327243849635124,0.012110216543078423,0.5981088905391907,0.5622070922602205,1.0,1.0,1.0
96,108,10,12,24,00044_axe::exemplar_0,00044_axe::exemplar_1,00044_axe,0,1,0.42219313979148865,0.4305965006351471,0.008280576206743717,0.011143045499920845,0.6478978853658564,0.5779987658951022,1.0,1.0,1.0
96,108,11,12,24,00451_drain::exemplar_0,00451_drain::exemplar_1,00451_drain,1,0,0.3620487451553345,1.1806855201721191,0.010273434221744537,0.020889708772301674,0.5964078728669115,0.5808448079776943,1.0,1.0,1.0
96,108,12,12,24,00367_corsage::exemplar_0,00367_corsage::exemplar_1,00367_corsage,1,0,0.3473625183105469,0.558547854423523,0.005693156737834215,0.008519761264324188,0.6566918192791542,0.5837000067975707,1.0,1.0,1.0
97,109,1,12,24,00144_bone::exemplar_0,00144_bone::exemplar_1,00144_bone,0,1,0.528462827205658,1.526792049407959,0.007771722506731749,0.022099854424595833,0.6545854598031989,0.4375576597764212,1.0,1.0,1.0
97,109,2,12,24,00030_apple_tree::exemplar_0,00030_apple_tree::exemplar_1,00030_apple_tree,0,1,0.550041913986206,0.7190009951591492,0.007163888309150934,0.00774903129786253,0.6451525049824557,0.5787278199565866,1.0,1.0,1.0
97,109,3,12,24,00052_bag::exemplar_0,00052_bag::exemplar_1,00052_bag,1,0,0.6435682773590088,0.5353640913963318,0.009187881834805012,0.007355750072747469,0.58429525670273,0.593627760925601,0.0,0.0,0.0
97,109,4,12,24,00153_boulder::exemplar_0,00153_boulder::exemplar_1,00153_boulder,1,0,0.46675121784210205,0.5278171300888062,0.00591993099078536,0.010127443820238113,0.647505024066418,0.6141472953029573,1.0,1.0,1.0
97,109,5,12,24,00490_exhaust_pipe::exemplar_0,00490_exhaust_pipe::exemplar_1,00490_exhaust_pipe,1,0,0.6307698488235474,0.6805011034011841,0.008146807551383972,0.012086921371519566,0.5833408130259562,0.5399208117385078,1.0,1.0,1.0
97,109,6,12,24,00236_cap::exemplar_0,00236_cap::exemplar_1,00236_cap,0,1,0.8293968439102173,1.6608930826187134,0.010606322437524796,0.013781804591417313,0.5584404471087844,0.3463098227446103,1.0,1.0,1.0
97,109,7,12,24,00281_chest1::exemplar_0,00281_chest1::exemplar_1,00281_chest1,1,0,0.5380335450172424,1.4353033304214478,0.010827678255736828,0.030210204422473907,0.5801248559404767,0.36402849260591874,1.0,1.0,1.0
97,109,8,12,24,00117_birdcage::exemplar_0,00117_birdcage::exemplar_1,00117_birdcage,1,0,0.44208723306655884,0.7881840467453003,0.009358584880828857,0.013239682652056217,0.5241546693854174,0.6300459495860515,1.0,1.0,0.0
97,109,9,12,24,00231_cannon::exemplar_0,00231_cannon::exemplar_1,00231_cannon,1,0,0.5398029088973999,0.5737201571464539,0.007650852203369141,0.006796305067837238,0.6277275852833917,0.5905632047113314,1.0,0.0,1.0
97,109,10,12,24,00118_birdhouse::exemplar_0,00118_birdhouse::exemplar_1,00118_birdhouse,1,0,0.5465908646583557,0.5653711557388306,0.006562917493283749,0.007515069097280502,0.6543000429450991,0.5643541822821452,1.0,1.0,1.0
97,109,11,12,24,00258_cello::exemplar_0,00258_cello::exemplar_1,00258_cello,0,1,0.5218204259872437,0.5671324729919434,0.0069391848519444466,0.008090103045105934,0.6367069856567008,0.5719122292114024,1.0,1.0,1.0
97,109,12,12,24,00255_cauliflower::exemplar_0,00255_cauliflower::exemplar_1,00255_cauliflower,0,1,0.474775105714798,0.8007909655570984,0.00626517366617918,0.008861850015819073,0.6451664778736337,0.420941652789126,1.0,1.0,1.0
98,110,1,12,24,00407_cutting_board::exemplar_0,00407_cutting_board::exemplar_1,00407_cutting_board,1,0,0.559587836265564,0.5253028273582458,0.014500582590699196,0.011723321862518787,0.556178177138156,0.6496817735771326,0.0,0.0,0.0
98,110,2,12,24,00327_cockatoo::exemplar_0,00327_cockatoo::exemplar_1,00327_cockatoo,1,0,0.936257541179657,1.0628716945648193,0.014774254523217678,0.01452705729752779,0.607768141786336,0.5055719512825426,1.0,0.0,1.0
98,110,3,12,24,00421_diamond::exemplar_0,00421_diamond::exemplar_1,00421_diamond,0,1,0.5082291960716248,0.5084114670753479,0.007152646780014038,0.010696585290133953,0.5728953962799812,0.5345107007141913,1.0,1.0,1.0
98,110,4,12,24,00308_clam::exemplar_0,00308_clam::exemplar_1,00308_clam,1,0,0.48953062295913696,0.6781885027885437,0.00798677746206522,0.009185200557112694,0.49695059862267194,0.5906075047497554,1.0,1.0,0.0
98,110,5,12,24,00141_bologna::exemplar_0,00141_bologna::exemplar_1,00141_bologna,1,0,0.43054255843162537,0.6692057847976685,0.008675332181155682,0.011339351534843445,0.6266975870940655,0.5839524815891151,1.0,1.0,1.0
98,110,6,12,24,00479_eggnog::exemplar_0,00479_eggnog::exemplar_1,00479_eggnog,0,1,0.533006489276886,0.639320433139801,0.00563547620549798,0.007241187151521444,0.6653642826705999,0.6149662534032654,1.0,1.0,1.0
98,110,7,12,24,00247_carriage::exemplar_0,00247_carriage::exemplar_1,00247_carriage,0,1,0.8546296954154968,1.0347990989685059,0.00981976930052042,0.01342104747891426,0.5441169000292586,0.46315493426497084,1.0,1.0,1.0
98,110,8,12,24,00127_blinder::exemplar_0,00127_blinder::exemplar_1,00127_blinder,1,0,0.47134438157081604,0.7035202980041504,0.005328221712261438,0.014073525555431843,0.6241592583397477,0.5405975649287293,1.0,1.0,1.0
98,110,9,12,24,00211_cake_mix::exemplar_0,00211_cake_mix::exemplar_1,00211_cake_mix,1,0,0.4730701446533203,0.6212323904037476,0.009146532043814659,0.009191254153847694,0.49569188663775476,0.5167431126969605,1.0,1.0,0.0
98,110,10,12,24,00366_cornucopia::exemplar_0,00366_cornucopia::exemplar_1,00366_cornucopia,1,0,0.5877034664154053,0.8069537878036499,0.005611164961010218,0.007398377172648907,0.5308085145530711,0.4751235785340965,1.0,1.0,1.0
98,110,11,12,24,00199_burrito::exemplar_0,00199_burrito::exemplar_1,00199_burrito,1,0,0.4010089635848999,0.4058956205844879,0.006299781613051891,0.007445476483553648,0.5750849290202869,0.5343966608805838,1.0,1.0,1.0
98,110,12,12,24,00278_cherry::exemplar_0,00278_cherry::exemplar_1,00278_cherry,0,1,0.3953068256378174,0.7093008160591125,0.005814330652356148,0.008250849321484566,0.44167691995332564,0.471505584042561,1.0,1.0,0.0
99,111,1,12,24,00424_dip::exemplar_0,00424_dip::exemplar_1,00424_dip,0,1,0.5346460342407227,0.6910250186920166,0.005995532497763634,0.0088223060593009,0.5061063236577461,0.5107003450734855,1.0,1.0,0.0
99,111,2,12,24,00416_denture::exemplar_0,00416_denture::exemplar_1,00416_denture,1,0,0.5445652008056641,0.6754168272018433,0.008052977733314037,0.011600708588957787,0.5908996247944751,0.5962600025531531,1.0,1.0,0.0
99,111,3,12,24,00204_button2::exemplar_0,00204_button2::exemplar_1,00204_button2,1,0,0.47719863057136536,0.9552692770957947,0.009760980494320393,0.015303044579923153,0.648757723887601,0.17581939636576066,1.0,1.0,1.0
99,111,4,12,24,00483_electric_chair::exemplar_0,00483_electric_chair::exemplar_1,00483_electric_chair,1,0,0.41138768196105957,0.8122354745864868,0.005427906755357981,0.010984880849719048,0.5806227173585784,0.5821875428790412,1.0,1.0,0.0
99,111,5,12,24,00100_bee::exemplar_0,00100_bee::exemplar_1,00100_bee,0,1,0.6315023303031921,0.7317168712615967,0.007061555050313473,0.009424395859241486,0.6083592254372867,0.4752402541259433,1.0,1.0,1.0
99,111,6,12,24,00162_box::exemplar_0,00162_box::exemplar_1,00162_box,0,1,0.6079277992248535,0.6423218250274658,0.013109804131090641,0.01103442907333374,0.6100579753517799,0.5579373573793502,1.0,0.0,1.0
99,111,7,12,24,00486_engine::exemplar_0,00486_engine::exemplar_1,00486_engine,1,0,0.5395985245704651,0.5936002135276794,0.006292241625487804,0.006177796050906181,0.6077234729412189,0.5909890663345233,1.0,0.0,1.0
99,111,8,12,24,00214_calf2::exemplar_0,00214_calf2::exemplar_1,00214_calf2,1,0,0.5127936005592346,0.7490450143814087,0.010774343274533749,0.012422554194927216,0.5982637774497577,0.6417561228214447,1.0,1.0,0.0
99,111,9,12,24,00253_catapult::exemplar_0,00253_catapult::exemplar_1,00253_catapult,1,0,0.4751209020614624,0.8089723587036133,0.0064792027696967125,0.009008871391415596,0.6011736823797303,0.4786181454931842,1.0,1.0,1.0
99,111,10,12,24,00472_earring::exemplar_0,00472_earring::exemplar_1,00472_earring,0,1,0.4063505232334137,0.656578779220581,0.00847040954977274,0.012591637670993805,0.649888339058643,0.6219850392507195,1.0,1.0,1.0
99,111,11,12,24,00316_clock::exemplar_0,00316_clock::exemplar_1,00316_clock,0,1,0.6208226680755615,0.5639219284057617,0.00649056164547801,0.011496717110276222,0.639604159890819,0.617286522165231,0.0,1.0,1.0
99,111,12,12,24,00109_berry::exemplar_0,00109_berry::exemplar_1,00109_berry,0,1,0.5090722441673279,1.0263694524765015,0.004980797879397869,0.011750555597245693,0.6288767327648502,0.5124101576557073,1.0,1.0,1.0
100,112,1,12,24,00359_cork::exemplar_0,00359_cork::exemplar_1,00359_cork,0,1,0.5192946195602417,0.9486461877822876,0.009546837769448757,0.008097887970507145,0.6635242078212479,0.1514158408257417,1.0,0.0,1.0
100,112,2,12,24,00385_cream_cheese::exemplar_0,00385_cream_cheese::exemplar_1,00385_cream_cheese,0,1,0.4694002866744995,0.8737850189208984,0.011461365036666393,0.02006484754383564,0.6421428007537853,0.4779174945643929,1.0,1.0,1.0
100,112,3,12,24,00340_column::exemplar_0,00340_column::exemplar_1,00340_column,0,1,0.5182244181632996,0.5795313715934753,0.009130642749369144,0.009612166322767735,0.647269858480244,0.6549618552165163,1.0,1.0,0.0
100,112,4,12,24,00427_dishrag::exemplar_0,00427_dishrag::exemplar_1,00427_dishrag,1,0,0.43124112486839294,0.47563469409942627,0.008651962503790855,0.0068229371681809425,0.6483694442412693,0.6137398716632989,1.0,0.0,1.0
100,112,5,12,24,00318_clothes::exemplar_0,00318_clothes::exemplar_1,00318_clothes,1,0,0.5697891712188721,0.8998466730117798,0.006409727036952972,0.00930863432586193,0.6515831567073723,0.5131826818361527,1.0,1.0,1.0
100,112,6,12,24,00216_camcorder::exemplar_0,00216_camcorder::exemplar_1,00216_camcorder,0,1,0.497745156288147,0.7379487752914429,0.008358698338270187,0.009237675927579403,0.6593153410579806,0.5412439793054415,1.0,1.0,1.0
100,112,7,12,24,00247_carriage::exemplar_0,00247_carriage::exemplar_1,00247_carriage,0,1,0.9104455709457397,0.8991350531578064,0.01046109851449728,0.011661523953080177,0.6539470816797776,0.5659199252916057,0.0,1.0,1.0
100,112,8,12,24,00239_car_door::exemplar_0,00239_car_door::exemplar_1,00239_car_door,0,1,0.6229538321495056,0.7734326124191284,0.008988006971776485,0.011858496814966202,0.6726487498851325,0.5926663248932101,1.0,1.0,1.0
100,112,9,12,24,00462_duct_tape::exemplar_0,00462_duct_tape::exemplar_1,00462_duct_tape,1,0,0.47558730840682983,0.6538475751876831,0.007351308595389128,0.012022806331515312,0.6357720958992941,0.5416846506506403,1.0,1.0,1.0
100,112,10,12,24,00297_chive::exemplar_0,00297_chive::exemplar_1,00297_chive,0,1,0.5996942520141602,0.6107473373413086,0.007215537130832672,0.010111717507243156,0.5798050136049925,0.6390407251151906,1.0,1.0,0.0
100,112,11,12,24,00154_bouquet::exemplar_0,00154_bouquet::exemplar_1,00154_bouquet,0,1,0.4517911374568939,0.47079235315322876,0.005987813230603933,0.006890593096613884,0.6468177013518643,0.59427367100274,1.0,1.0,1.0
100,112,12,12,24,00342_combination_lock::exemplar_0,00342_combination_lock::exemplar_1,00342_combination_lock,1,0,0.5621480345726013,0.5560348629951477,0.009524291381239891,0.011112900450825691,0.6347768181348776,0.5835418924760983,0.0,1.0,1.0
