run_index,seed,probe_index,study_position,lag,image_name,concept,human_cr,raw_grad,memory_score
1,13,1,1,99,coffee_table/coffee_table_01b.jpg,coffee_table,0.75,0.3082703575491905,-0.3082703575491905
1,13,2,2,98,blazer/blazer_01b.jpg,blazer,0.731707317,0.3217334821820259,-0.3217334821820259
1,13,3,3,97,cabbage/cabbage_01b.jpg,cabbage,0.682926829,1.966554045677185,-1.966554045677185
1,13,4,4,96,cactus/cactus_01b.jpg,cactus,0.780487805,0.7300558090209961,-0.7300558090209961
1,13,5,5,95,clasp/clasp_01b.jpg,clasp,0.707317073,1.0038827061653137,-1.0038827061653137
1,13,6,6,94,cabinet/cabinet_01s.jpg,cabinet,0.6,0.4279053807258606,-0.4279053807258606
1,13,7,7,93,casserole/casserole_01b.jpg,casserole,0.743589744,0.6353948265314102,-0.6353948265314102
1,13,8,8,92,airplane/airplane_01b.jpg,airplane,0.720930233,0.3105642721056938,-0.3105642721056938
1,13,9,9,91,crutch/crutch_01b.jpg,crutch,0.756097561,0.5921114236116409,-0.5921114236116409
1,13,10,10,90,dalmatian/dalmatian_01b.jpg,dalmatian,0.750609756,0.6820700466632843,-0.6820700466632843
1,13,11,11,89,cufflink/cufflink_01b.jpg,cufflink,0.789473684,0.412809394299984,-0.412809394299984
1,13,12,12,88,cannonball/cannonball_01b.jpg,cannonball,0.725,0.5652872025966644,-0.5652872025966644
1,13,13,13,87,antenna/antenna_01b.jpg,antenna,0.641025641,0.31746380776166916,-0.31746380776166916
1,13,14,14,86,compass/compass_01b.jpg,compass,0.625,0.9017367213964462,-0.9017367213964462
1,13,15,15,85,cord/cord_01b.jpg,cord,0.674418605,0.44687411189079285,-0.44687411189079285
1,13,16,16,84,cream_cheese/cream_cheese_01b.jpg,cream_cheese,0.744186047,0.40522709488868713,-0.40522709488868713
1,13,17,17,83,brussels_sprouts/brussels_sprouts_01b.jpg,brussels_sprouts,0.7,0.7166734039783478,-0.7166734039783478
1,13,18,18,82,abacus/abacus_01b.jpg,abacus,0.648648649,0.7256339192390442,-0.7256339192390442
1,13,19,19,81,candy_cane/candy_cane_01b.jpg,candy_cane,0.76744186,0.4971258044242859,-0.4971258044242859
1,13,20,20,80,barrel/barrel_01b.jpg,barrel,0.72972973,0.63457952439785,-0.63457952439785
1,13,21,21,79,celery/celery_01b.jpg,celery,0.731707317,0.5746475458145142,-0.5746475458145142
1,13,22,22,78,closet/closet_01b.jpg,closet,0.756097561,0.32672636955976486,-0.32672636955976486
1,13,23,23,77,cream/cream_01b.jpg,cream,0.769230769,0.34780580550432205,-0.34780580550432205
1,13,24,24,76,barnacle/barnacle_01s.jpg,barnacle,0.75,0.5494645088911057,-0.5494645088911057
1,13,25,25,75,binoculars/binoculars_01s.jpg,binoculars,0.595238095,0.437458336353302,-0.437458336353302
1,13,26,26,74,boat/boat_01b.jpg,boat,0.761904762,0.5746055841445923,-0.5746055841445923
1,13,27,27,73,breadbox/breadbox_01b.jpg,breadbox,0.75,0.3859071508049965,-0.3859071508049965
1,13,28,28,72,brake/brake_01b.jpg,brake,0.463414634,0.29092731326818466,-0.29092731326818466
1,13,29,29,71,bottle/bottle_01b.jpg,bottle,0.717948718,0.4658228009939194,-0.4658228009939194
1,13,30,30,70,basketball_hoop/basketball_hoop_01b.jpg,basketball_hoop,0.725,0.5395921468734741,-0.5395921468734741
1,13,31,31,69,dishwashing_liquid/dishwashing_liquid_01b.jpg,dishwashing_liquid,0.731707317,0.43166106194257736,-0.43166106194257736
1,13,32,32,68,clipboard/clipboard_01b.jpg,clipboard,0.763157895,0.37003276497125626,-0.37003276497125626
1,13,33,33,67,confetti/confetti_01b.jpg,confetti,0.738095238,0.5333345532417297,-0.5333345532417297
1,13,34,34,66,defibrillator/defibrillator_01b.jpg,defibrillator,0.55,0.5632075816392899,-0.5632075816392899
1,13,35,35,65,banner/banner_01b.jpg,banner,0.789473684,0.481670618057251,-0.481670618057251
1,13,36,36,64,clover/clover_01b.jpg,clover,0.69047619,0.4422690272331238,-0.4422690272331238
1,13,37,37,63,buckle/buckle_01b.jpg,buckle,0.756097561,0.5449895411729813,-0.5449895411729813
1,13,38,38,62,bulldozer/bulldozer_01b.jpg,bulldozer,0.619047619,0.5151778906583786,-0.5151778906583786
1,13,39,39,61,deer/deer_01b.jpg,deer,0.65,0.5100332498550415,-0.5100332498550415
1,13,40,40,60,christmas_tree/christmas_tree_01b.jpg,christmas_tree,0.780487805,0.43196770548820496,-0.43196770548820496
1,13,41,41,59,alligator/alligator_01b.jpg,alligator,0.785714286,0.49134453386068344,-0.49134453386068344
1,13,42,42,58,artichoke/artichoke_01b.jpg,artichoke,0.658536585,0.751916415989399,-0.751916415989399
1,13,43,43,57,cardinal/cardinal_01b.jpg,cardinal,0.775,0.5223917067050934,-0.5223917067050934
1,13,44,44,56,dishrag/dishrag_01b.jpg,dishrag,0.697674419,0.3057217672467232,-0.3057217672467232
1,13,45,45,55,barcode/barcode_01b.jpg,barcode,0.775,0.49467551708221436,-0.49467551708221436
1,13,46,46,54,curry/curry_01b.jpg,curry,0.675,0.5599207133054733,-0.5599207133054733
1,13,47,47,53,caviar/caviar_01b.jpg,caviar,0.785714286,0.602423682808876,-0.602423682808876
1,13,48,48,52,crumb/crumb_01b.jpg,crumb,0.775,0.27366993576288223,-0.27366993576288223
1,13,49,49,51,bamboo/bamboo_01b.jpg,bamboo,0.714285714,0.47844934463500977,-0.47844934463500977
1,13,50,50,50,baklava/baklava_01s.jpg,baklava,0.702702703,0.5155676156282425,-0.5155676156282425
2,14,1,1,99,confetti/confetti_01b.jpg,confetti,0.738095238,0.6124798953533173,-0.6124798953533173
2,14,2,2,98,clover/clover_01b.jpg,clover,0.69047619,0.49909621477127075,-0.49909621477127075
2,14,3,3,97,barrel/barrel_01b.jpg,barrel,0.72972973,0.7125462740659714,-0.7125462740659714
2,14,4,4,96,cabbage/cabbage_01b.jpg,cabbage,0.682926829,2.337919056415558,-2.337919056415558
2,14,5,5,95,buckle/buckle_01b.jpg,buckle,0.756097561,0.5127917975187302,-0.5127917975187302
2,14,6,6,94,coffee_table/coffee_table_01b.jpg,coffee_table,0.75,0.2860569804906845,-0.2860569804906845
2,14,7,7,93,cord/cord_01b.jpg,cord,0.674418605,0.5362250655889511,-0.5362250655889511
2,14,8,8,92,clipboard/clipboard_01b.jpg,clipboard,0.763157895,0.5950201228260994,-0.5950201228260994
2,14,9,9,91,anklet/anklet_01b.jpg,anklet,0.95,0.31870587170124054,-0.31870587170124054
2,14,10,10,90,caviar/caviar_01b.jpg,caviar,0.785714286,0.6087169796228409,-0.6087169796228409
2,14,11,11,89,cannonball/cannonball_01b.jpg,cannonball,0.725,0.5770636051893234,-0.5770636051893234
2,14,12,12,88,defibrillator/defibrillator_01b.jpg,defibrillator,0.55,0.6047593802213669,-0.6047593802213669
2,14,13,13,87,blazer/blazer_01b.jpg,blazer,0.731707317,0.33920926600694656,-0.33920926600694656
2,14,14,14,86,alligator/alligator_01b.jpg,alligator,0.785714286,0.5275568664073944,-0.5275568664073944
2,14,15,15,85,artichoke/artichoke_01b.jpg,artichoke,0.658536585,0.8486640006303787,-0.8486640006303787
2,14,16,16,84,cabinet/cabinet_01s.jpg,cabinet,0.6,0.3747349753975868,-0.3747349753975868
2,14,17,17,83,binoculars/binoculars_01s.jpg,binoculars,0.595238095,0.4585360363125801,-0.4585360363125801
2,14,18,18,82,brake/brake_01b.jpg,brake,0.463414634,0.356340192258358,-0.356340192258358
2,14,19,19,81,basketball_hoop/basketball_hoop_01b.jpg,basketball_hoop,0.725,0.5736409723758698,-0.5736409723758698
2,14,20,20,80,banner/banner_01b.jpg,banner,0.789473684,0.4549526423215866,-0.4549526423215866
2,14,21,21,79,crumb/crumb_01b.jpg,crumb,0.775,0.27279598265886307,-0.27279598265886307
2,14,22,22,78,compass/compass_01b.jpg,compass,0.625,0.764701247215271,-0.764701247215271
2,14,23,23,77,cream/cream_01b.jpg,cream,0.769230769,0.3782314360141754,-0.3782314360141754
2,14,24,24,76,christmas_tree/christmas_tree_01b.jpg,christmas_tree,0.780487805,0.39352670311927795,-0.39352670311927795
2,14,25,25,75,dishwashing_liquid/dishwashing_liquid_01b.jpg,dishwashing_liquid,0.731707317,0.4483211785554886,-0.4483211785554886
2,14,26,26,74,breadbox/breadbox_01b.jpg,breadbox,0.75,0.3825344890356064,-0.3825344890356064
2,14,27,27,73,boat/boat_01b.jpg,boat,0.761904762,0.6760727018117905,-0.6760727018117905
2,14,28,28,72,barnacle/barnacle_01s.jpg,barnacle,0.75,0.5762832015752792,-0.5762832015752792
2,14,29,29,71,deer/deer_01b.jpg,deer,0.65,0.5044495165348053,-0.5044495165348053
2,14,30,30,70,closet/closet_01b.jpg,closet,0.756097561,0.2987086996436119,-0.2987086996436119
2,14,31,31,69,curry/curry_01b.jpg,curry,0.675,0.55272376537323,-0.55272376537323
2,14,32,32,68,airplane/airplane_01b.jpg,airplane,0.720930233,0.37795182317495346,-0.37795182317495346
2,14,33,33,67,dishrag/dishrag_01b.jpg,dishrag,0.697674419,0.3143802732229233,-0.3143802732229233
2,14,34,34,66,cardinal/cardinal_01b.jpg,cardinal,0.775,0.5844105929136276,-0.5844105929136276
2,14,35,35,65,abacus/abacus_01b.jpg,abacus,0.648648649,0.6960839629173279,-0.6960839629173279
2,14,36,36,64,crutch/crutch_01b.jpg,crutch,0.756097561,0.5294474065303802,-0.5294474065303802
2,14,37,37,63,celery/celery_01b.jpg,celery,0.731707317,0.5551363080739975,-0.5551363080739975
2,14,38,38,62,cream_cheese/cream_cheese_01b.jpg,cream_cheese,0.744186047,0.4077368229627609,-0.4077368229627609
2,14,39,39,61,bottle/bottle_01b.jpg,bottle,0.717948718,0.4150612950325012,-0.4150612950325012
2,14,40,40,60,casserole/casserole_01b.jpg,casserole,0.743589744,0.6926688998937607,-0.6926688998937607
2,14,41,41,59,bulldozer/bulldozer_01b.jpg,bulldozer,0.619047619,0.5500528812408447,-0.5500528812408447
2,14,42,42,58,bamboo/bamboo_01b.jpg,bamboo,0.714285714,0.4520520716905594,-0.4520520716905594
2,14,43,43,57,baklava/baklava_01s.jpg,baklava,0.702702703,0.5205326229333878,-0.5205326229333878
2,14,44,44,56,clasp/clasp_01b.jpg,clasp,0.707317073,0.786842480301857,-0.786842480301857
2,14,45,45,55,brussels_sprouts/brussels_sprouts_01b.jpg,brussels_sprouts,0.7,1.2734631448984146,-1.2734631448984146
2,14,46,46,54,dalmatian/dalmatian_01b.jpg,dalmatian,0.750609756,0.6597643047571182,-0.6597643047571182
2,14,47,47,53,barcode/barcode_01b.jpg,barcode,0.775,0.4724770039319992,-0.4724770039319992
2,14,48,48,52,cactus/cactus_01b.jpg,cactus,0.780487805,0.9652818888425827,-0.9652818888425827
2,14,49,49,51,candy_cane/candy_cane_01b.jpg,candy_cane,0.76744186,0.576357051730156,-0.576357051730156
2,14,50,50,50,antenna/antenna_01b.jpg,antenna,0.641025641,0.33509741723537445,-0.33509741723537445
3,15,1,1,99,buckle/buckle_01b.jpg,buckle,0.756097561,0.6859105378389359,-0.6859105378389359
3,15,2,2,98,alligator/alligator_01b.jpg,alligator,0.785714286,2.06966096162796,-2.06966096162796
3,15,3,3,97,bulldozer/bulldozer_01b.jpg,bulldozer,0.619047619,0.6462085396051407,-0.6462085396051407
3,15,4,4,96,deer/deer_01b.jpg,deer,0.65,0.4682002663612366,-0.4682002663612366
3,15,5,5,95,casserole/casserole_01b.jpg,casserole,0.743589744,0.763360321521759,-0.763360321521759
3,15,6,6,94,blower/blower_01b.jpg,blower,0.928571429,0.43189820647239685,-0.43189820647239685
3,15,7,7,93,cardinal/cardinal_01b.jpg,cardinal,0.775,0.6894567012786865,-0.6894567012786865
3,15,8,8,92,blazer/blazer_01b.jpg,blazer,0.731707317,0.3371001332998276,-0.3371001332998276
3,15,9,9,91,dishwashing_liquid/dishwashing_liquid_01b.jpg,dishwashing_liquid,0.731707317,0.45131295919418335,-0.45131295919418335
3,15,10,10,90,cabbage/cabbage_01b.jpg,cabbage,0.682926829,0.9055955708026886,-0.9055955708026886
3,15,11,11,89,boat/boat_01b.jpg,boat,0.761904762,0.6558162420988083,-0.6558162420988083
3,15,12,12,88,compass/compass_01b.jpg,compass,0.625,1.0292910188436508,-1.0292910188436508
3,15,13,13,87,breadbox/breadbox_01b.jpg,breadbox,0.75,0.4047669321298599,-0.4047669321298599
3,15,14,14,86,bottle/bottle_01b.jpg,bottle,0.717948718,0.400884710252285,-0.400884710252285
3,15,15,15,85,crumb/crumb_01b.jpg,crumb,0.775,0.29822563752532005,-0.29822563752532005
3,15,16,16,84,candy_cane/candy_cane_01b.jpg,candy_cane,0.76744186,0.5158205628395081,-0.5158205628395081
3,15,17,17,83,airplane/airplane_01b.jpg,airplane,0.720930233,0.40954723209142685,-0.40954723209142685
3,15,18,18,82,dishrag/dishrag_01b.jpg,dishrag,0.697674419,0.3316454067826271,-0.3316454067826271
3,15,19,19,81,bamboo/bamboo_01b.jpg,bamboo,0.714285714,0.4675070643424988,-0.4675070643424988
3,15,20,20,80,cream/cream_01b.jpg,cream,0.769230769,0.39964745938777924,-0.39964745938777924
3,15,21,21,79,anklet/anklet_01b.jpg,anklet,0.95,0.3365749567747116,-0.3365749567747116
3,15,22,22,78,coffee_table/coffee_table_01b.jpg,coffee_table,0.75,0.27856625616550446,-0.27856625616550446
3,15,23,23,77,barcode/barcode_01b.jpg,barcode,0.775,0.5255833566188812,-0.5255833566188812
3,15,24,24,76,barnacle/barnacle_01s.jpg,barnacle,0.75,0.5292636007070541,-0.5292636007070541
3,15,25,25,75,christmas_tree/christmas_tree_01b.jpg,christmas_tree,0.780487805,0.39360081404447556,-0.39360081404447556
3,15,26,26,74,caviar/caviar_01b.jpg,caviar,0.785714286,0.6173581629991531,-0.6173581629991531
3,15,27,27,73,curry/curry_01b.jpg,curry,0.675,0.5002693384885788,-0.5002693384885788
3,15,28,28,72,antenna/antenna_01b.jpg,antenna,0.641025641,0.3343282788991928,-0.3343282788991928
3,15,29,29,71,confetti/confetti_01b.jpg,confetti,0.738095238,0.554374173283577,-0.554374173283577
3,15,30,30,70,crutch/crutch_01b.jpg,crutch,0.756097561,0.8440457582473755,-0.8440457582473755
3,15,31,31,69,clipboard/clipboard_01b.jpg,clipboard,0.763157895,0.3778403401374817,-0.3778403401374817
3,15,32,32,68,closet/closet_01b.jpg,closet,0.756097561,0.3024257943034172,-0.3024257943034172
3,15,33,33,67,baklava/baklava_01s.jpg,baklava,0.702702703,0.5760941356420517,-0.5760941356420517
3,15,34,34,66,celery/celery_01b.jpg,celery,0.731707317,0.6173249930143356,-0.6173249930143356
3,15,35,35,65,clasp/clasp_01b.jpg,clasp,0.707317073,0.9394596815109253,-0.9394596815109253
3,15,36,36,64,cannonball/cannonball_01b.jpg,cannonball,0.725,0.44653134047985077,-0.44653134047985077
3,15,37,37,63,cream_cheese/cream_cheese_01b.jpg,cream_cheese,0.744186047,0.43198198825120926,-0.43198198825120926
3,15,38,38,62,basketball_hoop/basketball_hoop_01b.jpg,basketball_hoop,0.725,0.6108167618513107,-0.6108167618513107
3,15,39,39,61,abacus/abacus_01b.jpg,abacus,0.648648649,0.7699145823717117,-0.7699145823717117
3,15,40,40,60,cactus/cactus_01b.jpg,cactus,0.780487805,0.7010178416967392,-0.7010178416967392
3,15,41,41,59,barrel/barrel_01b.jpg,barrel,0.72972973,0.7447499483823776,-0.7447499483823776
3,15,42,42,58,artichoke/artichoke_01b.jpg,artichoke,0.658536585,0.7780941128730774,-0.7780941128730774
3,15,43,43,57,cabinet/cabinet_01s.jpg,cabinet,0.6,0.3805423378944397,-0.3805423378944397
3,15,44,44,56,defibrillator/defibrillator_01b.jpg,defibrillator,0.55,0.648652657866478,-0.648652657866478
3,15,45,45,55,brussels_sprouts/brussels_sprouts_01b.jpg,brussels_sprouts,0.7,1.1363551914691925,-1.1363551914691925
3,15,46,46,54,cord/cord_01b.jpg,cord,0.674418605,0.47209520637989044,-0.47209520637989044
3,15,47,47,53,binoculars/binoculars_01s.jpg,binoculars,0.595238095,0.393793523311615,-0.393793523311615
3,15,48,48,52,dalmatian/dalmatian_01b.jpg,dalmatian,0.750609756,0.6875374466180801,-0.6875374466180801
3,15,49,49,51,brake/brake_01b.jpg,brake,0.463414634,0.3444344848394394,-0.3444344848394394
3,15,50,50,50,clover/clover_01b.jpg,clover,0.69047619,0.44754160940647125,-0.44754160940647125
4,16,1,1,99,cord/cord_01b.jpg,cord,0.674418605,0.44551174342632294,-0.44551174342632294
4,16,2,2,98,cabinet/cabinet_01s.jpg,cabinet,0.6,0.3680468127131462,-0.3680468127131462
4,16,3,3,97,candy_cane/candy_cane_01b.jpg,candy_cane,0.76744186,0.5668577402830124,-0.5668577402830124
4,16,4,4,96,anklet/anklet_01b.jpg,anklet,0.95,0.3176766484975815,-0.3176766484975815
4,16,5,5,95,confetti/confetti_01b.jpg,confetti,0.738095238,0.5116641521453857,-0.5116641521453857
4,16,6,6,94,cream/cream_01b.jpg,cream,0.769230769,0.35904933512210846,-0.35904933512210846
4,16,7,7,93,blazer/blazer_01b.jpg,blazer,0.731707317,0.33123672753572464,-0.33123672753572464
4,16,8,8,92,binoculars/binoculars_01s.jpg,binoculars,0.595238095,0.510018527507782,-0.510018527507782
4,16,9,9,91,clover/clover_01b.jpg,clover,0.69047619,0.43590623140335083,-0.43590623140335083
4,16,10,10,90,clasp/clasp_01b.jpg,clasp,0.707317073,0.8739396631717682,-0.8739396631717682
4,16,11,11,89,compass/compass_01b.jpg,compass,0.625,0.9436056166887283,-0.9436056166887283
4,16,12,12,88,breadbox/breadbox_01b.jpg,breadbox,0.75,0.34550826996564865,-0.34550826996564865
4,16,13,13,87,cabbage/cabbage_01b.jpg,cabbage,0.682926829,0.7899285778403282,-0.7899285778403282
4,16,14,14,86,antenna/antenna_01b.jpg,antenna,0.641025641,0.3546311855316162,-0.3546311855316162
4,16,15,15,85,bib/bib_01n.jpg,bib,0.925,0.45089996606111526,-0.45089996606111526
4,16,16,16,84,curry/curry_01b.jpg,curry,0.675,0.48863957822322845,-0.48863957822322845
4,16,17,17,83,crutch/crutch_01b.jpg,crutch,0.756097561,0.6347184181213379,-0.6347184181213379
4,16,18,18,82,cream_cheese/cream_cheese_01b.jpg,cream_cheese,0.744186047,0.3732350915670395,-0.3732350915670395
4,16,19,19,81,dalmatian/dalmatian_01b.jpg,dalmatian,0.750609756,0.6974284946918488,-0.6974284946918488
4,16,20,20,80,cannonball/cannonball_01b.jpg,cannonball,0.725,0.5654970705509186,-0.5654970705509186
4,16,21,21,79,clipboard/clipboard_01b.jpg,clipboard,0.763157895,0.3902673125267029,-0.3902673125267029
4,16,22,22,78,barcode/barcode_01b.jpg,barcode,0.775,0.5370059013366699,-0.5370059013366699
4,16,23,23,77,airplane/airplane_01b.jpg,airplane,0.720930233,0.31447163224220276,-0.31447163224220276
4,16,24,24,76,buckle/buckle_01b.jpg,buckle,0.756097561,0.51596699655056,-0.51596699655056
4,16,25,25,75,crumb/crumb_01b.jpg,crumb,0.775,0.25772108137607574,-0.25772108137607574
4,16,26,26,74,bulldozer/bulldozer_01b.jpg,bulldozer,0.619047619,0.5585288852453232,-0.5585288852453232
4,16,27,27,73,boat/boat_01b.jpg,boat,0.761904762,0.6434343010187149,-0.6434343010187149
4,16,28,28,72,deer/deer_01b.jpg,deer,0.65,0.5469173789024353,-0.5469173789024353
4,16,29,29,71,coffee_table/coffee_table_01b.jpg,coffee_table,0.75,0.28226330131292343,-0.28226330131292343
4,16,30,30,70,abacus/abacus_01b.jpg,abacus,0.648648649,0.6466029286384583,-0.6466029286384583
4,16,31,31,69,celery/celery_01b.jpg,celery,0.731707317,0.6519307345151901,-0.6519307345151901
4,16,32,32,68,defibrillator/defibrillator_01b.jpg,defibrillator,0.55,0.5281209200620651,-0.5281209200620651
4,16,33,33,67,closet/closet_01b.jpg,closet,0.756097561,0.2871619686484337,-0.2871619686484337
4,16,34,34,66,artichoke/artichoke_01b.jpg,artichoke,0.658536585,0.6058569923043251,-0.6058569923043251
4,16,35,35,65,basketball_hoop/basketball_hoop_01b.jpg,basketball_hoop,0.725,0.5137937664985657,-0.5137937664985657
4,16,36,36,64,bottle/bottle_01b.jpg,bottle,0.717948718,0.41278398036956787,-0.41278398036956787
4,16,37,37,63,alligator/alligator_01b.jpg,alligator,0.785714286,0.47176799178123474,-0.47176799178123474
4,16,38,38,62,cardinal/cardinal_01b.jpg,cardinal,0.775,0.536718025803566,-0.536718025803566
4,16,39,39,61,cactus/cactus_01b.jpg,cactus,0.780487805,1.3138096183538437,-1.3138096183538437
4,16,40,40,60,brussels_sprouts/brussels_sprouts_01b.jpg,brussels_sprouts,0.7,0.7542096972465515,-0.7542096972465515
4,16,41,41,59,baklava/baklava_01s.jpg,baklava,0.702702703,0.42762552201747894,-0.42762552201747894
4,16,42,42,58,christmas_tree/christmas_tree_01b.jpg,christmas_tree,0.780487805,0.3765280395746231,-0.3765280395746231
4,16,43,43,57,brake/brake_01b.jpg,brake,0.463414634,0.3502422273159027,-0.3502422273159027
4,16,44,44,56,casserole/casserole_01b.jpg,casserole,0.743589744,0.5234998762607574,-0.5234998762607574
4,16,45,45,55,dishrag/dishrag_01b.jpg,dishrag,0.697674419,0.3157290816307068,-0.3157290816307068
4,16,46,46,54,dishwashing_liquid/dishwashing_liquid_01b.jpg,dishwashing_liquid,0.731707317,0.38896603137254715,-0.38896603137254715
4,16,47,47,53,bamboo/bamboo_01b.jpg,bamboo,0.714285714,0.4207570254802704,-0.4207570254802704
4,16,48,48,52,blower/blower_01b.jpg,blower,0.928571429,0.4060213714838028,-0.4060213714838028
4,16,49,49,51,barnacle/barnacle_01s.jpg,barnacle,0.75,0.47137099504470825,-0.47137099504470825
4,16,50,50,50,barrel/barrel_01b.jpg,barrel,0.72972973,0.6259499043226242,-0.6259499043226242
5,17,1,1,99,christmas_tree/christmas_tree_01b.jpg,christmas_tree,0.780487805,0.4157460704445839,-0.4157460704445839
5,17,2,2,98,compass/compass_01b.jpg,compass,0.625,1.5151818841695786,-1.5151818841695786
5,17,3,3,97,clover/clover_01b.jpg,clover,0.69047619,0.4591321796178818,-0.4591321796178818
5,17,4,4,96,brake/brake_01b.jpg,brake,0.463414634,0.34333471953868866,-0.34333471953868866
5,17,5,5,95,cabbage/cabbage_01b.jpg,cabbage,0.682926829,1.9381815120577812,-1.9381815120577812
5,17,6,6,94,boat/boat_01b.jpg,boat,0.761904762,0.6729786694049835,-0.6729786694049835
5,17,7,7,93,cactus/cactus_01b.jpg,cactus,0.780487805,0.5728116035461426,-0.5728116035461426
5,17,8,8,92,dishrag/dishrag_01b.jpg,dishrag,0.697674419,0.37238506227731705,-0.37238506227731705
5,17,9,9,91,closet/closet_01b.jpg,closet,0.756097561,0.2997491806745529,-0.2997491806745529
5,17,10,10,90,clipboard/clipboard_01b.jpg,clipboard,0.763157895,0.5585883855819702,-0.5585883855819702
5,17,11,11,89,bib/bib_01n.jpg,bib,0.925,0.5054631382226944,-0.5054631382226944
5,17,12,12,88,cream/cream_01b.jpg,cream,0.769230769,0.4061090499162674,-0.4061090499162674
5,17,13,13,87,breadbox/breadbox_01b.jpg,breadbox,0.75,0.3849736973643303,-0.3849736973643303
5,17,14,14,86,cream_cheese/cream_cheese_01b.jpg,cream_cheese,0.744186047,0.4236171096563339,-0.4236171096563339
5,17,15,15,85,anklet/anklet_01b.jpg,anklet,0.95,0.3160802274942398,-0.3160802274942398
5,17,16,16,84,artichoke/artichoke_01b.jpg,artichoke,0.658536585,0.9052115455269814,-0.9052115455269814
5,17,17,17,83,binoculars/binoculars_01s.jpg,binoculars,0.595238095,0.41514502465724945,-0.41514502465724945
5,17,18,18,82,cabinet/cabinet_01s.jpg,cabinet,0.6,0.36921585351228714,-0.36921585351228714
5,17,19,19,81,basketball_hoop/basketball_hoop_01b.jpg,basketball_hoop,0.725,0.5845806896686554,-0.5845806896686554
5,17,20,20,80,cord/cord_01b.jpg,cord,0.674418605,0.5073582977056503,-0.5073582977056503
5,17,21,21,79,confetti/confetti_01b.jpg,confetti,0.738095238,0.5863926559686661,-0.5863926559686661
5,17,22,22,78,chihuahua/chihuahua_01b.jpg,chihuahua,0.923076923,1.3476423621177673,-1.3476423621177673
5,17,23,23,77,barnacle/barnacle_01s.jpg,barnacle,0.75,0.5409452170133591,-0.5409452170133591
5,17,24,24,76,cannonball/cannonball_01b.jpg,cannonball,0.725,0.4587615132331848,-0.4587615132331848
5,17,25,25,75,casserole/casserole_01b.jpg,casserole,0.743589744,0.5913864970207214,-0.5913864970207214
5,17,26,26,74,antenna/antenna_01b.jpg,antenna,0.641025641,0.3390372693538666,-0.3390372693538666
5,17,27,27,73,crumb/crumb_01b.jpg,crumb,0.775,0.2530197687447071,-0.2530197687447071
5,17,28,28,72,crutch/crutch_01b.jpg,crutch,0.756097561,0.4904975891113281,-0.4904975891113281
5,17,29,29,71,bulldozer/bulldozer_01b.jpg,bulldozer,0.619047619,0.6388657540082932,-0.6388657540082932
5,17,30,30,70,candy_cane/candy_cane_01b.jpg,candy_cane,0.76744186,0.5093903541564941,-0.5093903541564941
5,17,31,31,69,barcode/barcode_01b.jpg,barcode,0.775,0.5029398053884506,-0.5029398053884506
5,17,32,32,68,deer/deer_01b.jpg,deer,0.65,0.4467094987630844,-0.4467094987630844
5,17,33,33,67,celery/celery_01b.jpg,celery,0.731707317,0.4414302632212639,-0.4414302632212639
5,17,34,34,66,airplane/airplane_01b.jpg,airplane,0.720930233,0.35997452586889267,-0.35997452586889267
5,17,35,35,65,coffee_table/coffee_table_01b.jpg,coffee_table,0.75,0.27527181059122086,-0.27527181059122086
5,17,36,36,64,baklava/baklava_01s.jpg,baklava,0.702702703,0.4887251704931259,-0.4887251704931259
5,17,37,37,63,blower/blower_01b.jpg,blower,0.928571429,0.4039565250277519,-0.4039565250277519
5,17,38,38,62,blazer/blazer_01b.jpg,blazer,0.731707317,0.3184208497405052,-0.3184208497405052
5,17,39,39,61,brussels_sprouts/brussels_sprouts_01b.jpg,brussels_sprouts,0.7,1.1269316375255585,-1.1269316375255585
5,17,40,40,60,defibrillator/defibrillator_01b.jpg,defibrillator,0.55,0.5738559067249298,-0.5738559067249298
5,17,41,41,59,abacus/abacus_01b.jpg,abacus,0.648648649,0.7190964818000793,-0.7190964818000793
5,17,42,42,58,clasp/clasp_01b.jpg,clasp,0.707317073,0.8444418907165527,-0.8444418907165527
5,17,43,43,57,cardinal/cardinal_01b.jpg,cardinal,0.775,0.6101419180631638,-0.6101419180631638
5,17,44,44,56,buckle/buckle_01b.jpg,buckle,0.756097561,0.5630946606397629,-0.5630946606397629
5,17,45,45,55,curry/curry_01b.jpg,curry,0.675,0.43162238597869873,-0.43162238597869873
5,17,46,46,54,bamboo/bamboo_01b.jpg,bamboo,0.714285714,0.4362969249486923,-0.4362969249486923
5,17,47,47,53,barrel/barrel_01b.jpg,barrel,0.72972973,0.6779960989952087,-0.6779960989952087
5,17,48,48,52,bottle/bottle_01b.jpg,bottle,0.717948718,0.3850707709789276,-0.3850707709789276
5,17,49,49,51,dishwashing_liquid/dishwashing_liquid_01b.jpg,dishwashing_liquid,0.731707317,0.43770354986190796,-0.43770354986190796
5,17,50,50,50,dalmatian/dalmatian_01b.jpg,dalmatian,0.750609756,0.7015966773033142,-0.7015966773033142
6,18,1,1,99,dishrag/dishrag_01b.jpg,dishrag,0.697674419,0.39979103952646255,-0.39979103952646255
6,18,2,2,98,deer/deer_01b.jpg,deer,0.65,0.6009099930524826,-0.6009099930524826
6,18,3,3,97,defibrillator/defibrillator_01b.jpg,defibrillator,0.55,0.6043787598609924,-0.6043787598609924
6,18,4,4,96,cord/cord_01b.jpg,cord,0.674418605,0.4754747152328491,-0.4754747152328491
6,18,5,5,95,cannonball/cannonball_01b.jpg,cannonball,0.725,0.6155599057674408,-0.6155599057674408
6,18,6,6,94,binoculars/binoculars_01s.jpg,binoculars,0.595238095,0.5401917695999146,-0.5401917695999146
6,18,7,7,93,buckle/buckle_01b.jpg,buckle,0.756097561,0.5954001247882843,-0.5954001247882843
6,18,8,8,92,artichoke/artichoke_01b.jpg,artichoke,0.658536585,0.779156468808651,-0.779156468808651
6,18,9,9,91,cabinet/cabinet_01s.jpg,cabinet,0.6,0.3618238940834999,-0.3618238940834999
6,18,10,10,90,bottle/bottle_01b.jpg,bottle,0.717948718,0.45484039187431335,-0.45484039187431335
6,18,11,11,89,barrel/barrel_01b.jpg,barrel,0.72972973,0.7226301580667496,-0.7226301580667496
6,18,12,12,88,brake/brake_01b.jpg,brake,0.463414634,0.36260315775871277,-0.36260315775871277
6,18,13,13,87,clover/clover_01b.jpg,clover,0.69047619,0.44036538898944855,-0.44036538898944855
6,18,14,14,86,bulldozer/bulldozer_01b.jpg,bulldozer,0.619047619,0.5924295783042908,-0.5924295783042908
6,18,15,15,85,barcode/barcode_01b.jpg,barcode,0.775,0.5632815062999725,-0.5632815062999725
6,18,16,16,84,clasp/clasp_01b.jpg,clasp,0.707317073,0.9775751233100891,-0.9775751233100891
6,18,17,17,83,cactus/cactus_01b.jpg,cactus,0.780487805,0.5705360174179077,-0.5705360174179077
6,18,18,18,82,crutch/crutch_01b.jpg,crutch,0.756097561,0.5909183919429779,-0.5909183919429779
6,18,19,19,81,clipboard/clipboard_01b.jpg,clipboard,0.763157895,0.4052213951945305,-0.4052213951945305
6,18,20,20,80,boat/boat_01b.jpg,boat,0.761904762,0.605011522769928,-0.605011522769928
6,18,21,21,79,candy_cane/candy_cane_01b.jpg,candy_cane,0.76744186,0.5631961226463318,-0.5631961226463318
6,18,22,22,78,antenna/antenna_01b.jpg,antenna,0.641025641,0.37448087334632874,-0.37448087334632874
6,18,23,23,77,chihuahua/chihuahua_01b.jpg,chihuahua,0.923076923,1.4097798466682434,-1.4097798466682434
6,18,24,24,76,dishwashing_liquid/dishwashing_liquid_01b.jpg,dishwashing_liquid,0.731707317,0.43200334906578064,-0.43200334906578064
6,18,25,25,75,coffee_table/coffee_table_01b.jpg,coffee_table,0.75,0.2972124218940735,-0.2972124218940735
6,18,26,26,74,confetti/confetti_01b.jpg,confetti,0.738095238,0.4974970370531082,-0.4974970370531082
6,18,27,27,73,compass/compass_01b.jpg,compass,0.625,0.8378676176071167,-0.8378676176071167
6,18,28,28,72,celery/celery_01b.jpg,celery,0.731707317,0.45013273507356644,-0.45013273507356644
6,18,29,29,71,blazer/blazer_01b.jpg,blazer,0.731707317,0.3157632201910019,-0.3157632201910019
6,18,30,30,70,costume/costume_01b.jpg,costume,0.902439024,0.41284388303756714,-0.41284388303756714
6,18,31,31,69,dalmatian/dalmatian_01b.jpg,dalmatian,0.750609756,0.6751673221588135,-0.6751673221588135
6,18,32,32,68,airplane/airplane_01b.jpg,airplane,0.720930233,0.3206309899687767,-0.3206309899687767
6,18,33,33,67,blower/blower_01b.jpg,blower,0.928571429,0.4388025552034378,-0.4388025552034378
6,18,34,34,66,closet/closet_01b.jpg,closet,0.756097561,0.31833982467651367,-0.31833982467651367
6,18,35,35,65,crumb/crumb_01b.jpg,crumb,0.775,0.2893350422382355,-0.2893350422382355
6,18,36,36,64,baklava/baklava_01s.jpg,baklava,0.702702703,0.4614202231168747,-0.4614202231168747
6,18,37,37,63,cream_cheese/cream_cheese_01b.jpg,cream_cheese,0.744186047,0.3373771607875824,-0.3373771607875824
6,18,38,38,62,bamboo/bamboo_01b.jpg,bamboo,0.714285714,0.5254679918289185,-0.5254679918289185
6,18,39,39,61,barnacle/barnacle_01s.jpg,barnacle,0.75,0.5484221130609512,-0.5484221130609512
6,18,40,40,60,anklet/anklet_01b.jpg,anklet,0.95,0.32202235609292984,-0.32202235609292984
6,18,41,41,59,bib/bib_01n.jpg,bib,0.925,0.5181718617677689,-0.5181718617677689
6,18,42,42,58,cream/cream_01b.jpg,cream,0.769230769,0.3619481399655342,-0.3619481399655342
6,18,43,43,57,breadbox/breadbox_01b.jpg,breadbox,0.75,0.3777273893356323,-0.3777273893356323
6,18,44,44,56,cabbage/cabbage_01b.jpg,cabbage,0.682926829,1.9031722247600555,-1.9031722247600555
6,18,45,45,55,brussels_sprouts/brussels_sprouts_01b.jpg,brussels_sprouts,0.7,1.068229228258133,-1.068229228258133
6,18,46,46,54,basketball_hoop/basketball_hoop_01b.jpg,basketball_hoop,0.725,0.5408057868480682,-0.5408057868480682
6,18,47,47,53,casserole/casserole_01b.jpg,casserole,0.743589744,0.5410046130418777,-0.5410046130418777
6,18,48,48,52,cardinal/cardinal_01b.jpg,cardinal,0.775,0.5197692364454269,-0.5197692364454269
6,18,49,49,51,abacus/abacus_01b.jpg,abacus,0.648648649,0.5991908609867096,-0.5991908609867096
6,18,50,50,50,curry/curry_01b.jpg,curry,0.675,0.4446799084544182,-0.4446799084544182
7,19,1,1,99,compass/compass_01b.jpg,compass,0.625,1.6525259464979172,-1.6525259464979172
7,19,2,2,98,closet/closet_01b.jpg,closet,0.756097561,0.3078842759132385,-0.3078842759132385
7,19,3,3,97,clover/clover_01b.jpg,clover,0.69047619,0.4562915712594986,-0.4562915712594986
7,19,4,4,96,brussels_sprouts/brussels_sprouts_01b.jpg,brussels_sprouts,0.7,0.7598580569028854,-0.7598580569028854
7,19,5,5,95,barnacle/barnacle_01s.jpg,barnacle,0.75,0.5153531283140182,-0.5153531283140182
7,19,6,6,94,curry/curry_01b.jpg,curry,0.675,0.47620534151792526,-0.47620534151792526
7,19,7,7,93,deer/deer_01b.jpg,deer,0.65,0.5576042085886002,-0.5576042085886002
7,19,8,8,92,bulldozer/bulldozer_01b.jpg,bulldozer,0.619047619,0.5838737934827805,-0.5838737934827805
7,19,9,9,91,chihuahua/chihuahua_01b.jpg,chihuahua,0.923076923,1.4899818301200867,-1.4899818301200867
7,19,10,10,90,cream_cheese/cream_cheese_01b.jpg,cream_cheese,0.744186047,0.3932397961616516,-0.3932397961616516
7,19,11,11,89,anklet/anklet_01b.jpg,anklet,0.95,0.31777362525463104,-0.31777362525463104
7,19,12,12,88,confetti/confetti_01b.jpg,confetti,0.738095238,0.48977118730545044,-0.48977118730545044
7,19,13,13,87,defibrillator/defibrillator_01b.jpg,defibrillator,0.55,0.5823880136013031,-0.5823880136013031
7,19,14,14,86,buckle/buckle_01b.jpg,buckle,0.756097561,0.6228903084993362,-0.6228903084993362
7,19,15,15,85,basketball_hoop/basketball_hoop_01b.jpg,basketball_hoop,0.725,0.583998367190361,-0.583998367190361
7,19,16,16,84,barcode/barcode_01b.jpg,barcode,0.775,0.5721404999494553,-0.5721404999494553
7,19,17,17,83,cardinal/cardinal_01b.jpg,cardinal,0.775,0.626870647072792,-0.626870647072792
7,19,18,18,82,bagel/bagel_01s.jpg,bagel,0.902439024,0.6587883308529854,-0.6587883308529854
7,19,19,19,81,dishrag/dishrag_01b.jpg,dishrag,0.697674419,0.33459702134132385,-0.33459702134132385
7,19,20,20,80,costume/costume_01b.jpg,costume,0.902439024,0.38776490837335587,-0.38776490837335587
7,19,21,21,79,cabinet/cabinet_01s.jpg,cabinet,0.6,0.367507703602314,-0.367507703602314
7,19,22,22,78,barrel/barrel_01b.jpg,barrel,0.72972973,0.7253796458244324,-0.7253796458244324
7,19,23,23,77,blower/blower_01b.jpg,blower,0.928571429,0.4690961316227913,-0.4690961316227913
7,19,24,24,76,breadbox/breadbox_01b.jpg,breadbox,0.75,0.34933582693338394,-0.34933582693338394
7,19,25,25,75,bottle/bottle_01b.jpg,bottle,0.717948718,0.43222206830978394,-0.43222206830978394
7,19,26,26,74,cream/cream_01b.jpg,cream,0.769230769,0.38970600813627243,-0.38970600813627243
7,19,27,27,73,brake/brake_01b.jpg,brake,0.463414634,0.32560404390096664,-0.32560404390096664
7,19,28,28,72,clipboard/clipboard_01b.jpg,clipboard,0.763157895,0.3695875108242035,-0.3695875108242035
7,19,29,29,71,casserole/casserole_01b.jpg,casserole,0.743589744,0.6899503022432327,-0.6899503022432327
7,19,30,30,70,cord/cord_01b.jpg,cord,0.674418605,0.46379484236240387,-0.46379484236240387
7,19,31,31,69,blazer/blazer_01b.jpg,blazer,0.731707317,0.3468630909919739,-0.3468630909919739
7,19,32,32,68,crutch/crutch_01b.jpg,crutch,0.756097561,0.48775672912597656,-0.48775672912597656
7,19,33,33,67,clasp/clasp_01b.jpg,clasp,0.707317073,0.8361187726259232,-0.8361187726259232
7,19,34,34,66,airplane/airplane_01b.jpg,airplane,0.720930233,0.3016478344798088,-0.3016478344798088
7,19,35,35,65,dishwashing_liquid/dishwashing_liquid_01b.jpg,dishwashing_liquid,0.731707317,0.45670196413993835,-0.45670196413993835
7,19,36,36,64,candy_cane/candy_cane_01b.jpg,candy_cane,0.76744186,0.5716132819652557,-0.5716132819652557
7,19,37,37,63,antenna/antenna_01b.jpg,antenna,0.641025641,0.34824229031801224,-0.34824229031801224
7,19,38,38,62,baklava/baklava_01s.jpg,baklava,0.702702703,0.5405863970518112,-0.5405863970518112
7,19,39,39,61,artichoke/artichoke_01b.jpg,artichoke,0.658536585,0.7457817494869232,-0.7457817494869232
7,19,40,40,60,boat/boat_01b.jpg,boat,0.761904762,0.6708846390247345,-0.6708846390247345
7,19,41,41,59,bamboo/bamboo_01b.jpg,bamboo,0.714285714,0.4606161117553711,-0.4606161117553711
7,19,42,42,58,bib/bib_01n.jpg,bib,0.925,0.4932949170470238,-0.4932949170470238
7,19,43,43,57,cannonball/cannonball_01b.jpg,cannonball,0.725,0.52040034532547,-0.52040034532547
7,19,44,44,56,celery/celery_01b.jpg,celery,0.731707317,0.5891629606485367,-0.5891629606485367
7,19,45,45,55,cabbage/cabbage_01b.jpg,cabbage,0.682926829,1.104525737464428,-1.104525737464428
7,19,46,46,54,coffee_table/coffee_table_01b.jpg,coffee_table,0.75,0.28718341141939163,-0.28718341141939163
7,19,47,47,53,abacus/abacus_01b.jpg,abacus,0.648648649,0.6269880086183548,-0.6269880086183548
7,19,48,48,52,dalmatian/dalmatian_01b.jpg,dalmatian,0.750609756,0.7802625149488449,-0.7802625149488449
7,19,49,49,51,binoculars/binoculars_01s.jpg,binoculars,0.595238095,0.410763218998909,-0.410763218998909
7,19,50,50,50,crumb/crumb_01b.jpg,crumb,0.775,0.2713059335947037,-0.2713059335947037
8,20,1,1,99,dishrag/dishrag_01b.jpg,dishrag,0.697674419,0.3616005927324295,-0.3616005927324295
8,20,2,2,98,buckle/buckle_01b.jpg,buckle,0.756097561,0.5642600059509277,-0.5642600059509277
8,20,3,3,97,clasp/clasp_01b.jpg,clasp,0.707317073,0.9955930411815643,-0.9955930411815643
8,20,4,4,96,abacus/abacus_01b.jpg,abacus,0.648648649,0.8514519780874252,-0.8514519780874252
8,20,5,5,95,bamboo/bamboo_01b.jpg,bamboo,0.714285714,0.489631786942482,-0.489631786942482
8,20,6,6,94,bottle/bottle_01b.jpg,bottle,0.717948718,0.3986559063196182,-0.3986559063196182
8,20,7,7,93,compass/compass_01b.jpg,compass,0.625,1.1547562032938004,-1.1547562032938004
8,20,8,8,92,barcode/barcode_01b.jpg,barcode,0.775,0.49617835879325867,-0.49617835879325867
8,20,9,9,91,curry/curry_01b.jpg,curry,0.675,0.47628140449523926,-0.47628140449523926
8,20,10,10,90,barrel/barrel_01b.jpg,barrel,0.72972973,0.667409747838974,-0.667409747838974
8,20,11,11,89,candy_cane/candy_cane_01b.jpg,candy_cane,0.76744186,0.5067311376333237,-0.5067311376333237
8,20,12,12,88,cannonball/cannonball_01b.jpg,cannonball,0.725,0.5389979928731918,-0.5389979928731918
8,20,13,13,87,brake/brake_01b.jpg,brake,0.463414634,0.29142507165670395,-0.29142507165670395
8,20,14,14,86,cabinet/cabinet_01s.jpg,cabinet,0.6,0.3514733389019966,-0.3514733389019966
8,20,15,15,85,bib/bib_01n.jpg,bib,0.925,0.46973247826099396,-0.46973247826099396
8,20,16,16,84,breadbox/breadbox_01b.jpg,breadbox,0.75,0.35801540315151215,-0.35801540315151215
8,20,17,17,83,celery/celery_01b.jpg,celery,0.731707317,0.529928021132946,-0.529928021132946
8,20,18,18,82,cabbage/cabbage_01b.jpg,cabbage,0.682926829,0.8898493647575378,-0.8898493647575378
8,20,19,19,81,brussels_sprouts/brussels_sprouts_01b.jpg,brussels_sprouts,0.7,0.7904092967510223,-0.7904092967510223
8,20,20,20,80,anklet/anklet_01b.jpg,anklet,0.95,0.281897634267807,-0.281897634267807
8,20,21,21,79,boat/boat_01b.jpg,boat,0.761904762,0.6705055087804794,-0.6705055087804794
8,20,22,22,78,binoculars/binoculars_01s.jpg,binoculars,0.595238095,0.39735811203718185,-0.39735811203718185
8,20,23,23,77,coffee_table/coffee_table_01b.jpg,coffee_table,0.75,0.2877560332417488,-0.2877560332417488
8,20,24,24,76,blazer/blazer_01b.jpg,blazer,0.731707317,0.33435357362031937,-0.33435357362031937
8,20,25,25,75,confetti/confetti_01b.jpg,confetti,0.738095238,0.519673690199852,-0.519673690199852
8,20,26,26,74,basketball_hoop/basketball_hoop_01b.jpg,basketball_hoop,0.725,0.529626190662384,-0.529626190662384
8,20,27,27,73,dalmatian/dalmatian_01b.jpg,dalmatian,0.750609756,0.7240675538778305,-0.7240675538778305
8,20,28,28,72,bagel/bagel_01s.jpg,bagel,0.902439024,0.5246062949299812,-0.5246062949299812
8,20,29,29,71,cream_cheese/cream_cheese_01b.jpg,cream_cheese,0.744186047,0.3545645624399185,-0.3545645624399185
8,20,30,30,70,closet/closet_01b.jpg,closet,0.756097561,0.29710138589143753,-0.29710138589143753
8,20,31,31,69,clover/clover_01b.jpg,clover,0.69047619,0.40866201370954514,-0.40866201370954514
8,20,32,32,68,casserole/casserole_01b.jpg,casserole,0.743589744,0.642365574836731,-0.642365574836731
8,20,33,33,67,barnacle/barnacle_01s.jpg,barnacle,0.75,0.5208640396595001,-0.5208640396595001
8,20,34,34,66,cardinal/cardinal_01b.jpg,cardinal,0.775,0.5674208849668503,-0.5674208849668503
8,20,35,35,65,deer/deer_01b.jpg,deer,0.65,0.4936695843935013,-0.4936695843935013
8,20,36,36,64,costume/costume_01b.jpg,costume,0.902439024,0.39035627245903015,-0.39035627245903015
8,20,37,37,63,bulldozer/bulldozer_01b.jpg,bulldozer,0.619047619,0.5741269290447235,-0.5741269290447235
8,20,38,38,62,clipboard/clipboard_01b.jpg,clipboard,0.763157895,0.37392041832208633,-0.37392041832208633
8,20,39,39,61,dishwashing_liquid/dishwashing_liquid_01b.jpg,dishwashing_liquid,0.731707317,0.4066152274608612,-0.4066152274608612
8,20,40,40,60,defibrillator/defibrillator_01b.jpg,defibrillator,0.55,0.5374884754419327,-0.5374884754419327
8,20,41,41,59,cord/cord_01b.jpg,cord,0.674418605,0.43031221628189087,-0.43031221628189087
8,20,42,42,58,crutch/crutch_01b.jpg,crutch,0.756097561,0.51823590695858,-0.51823590695858
8,20,43,43,57,airplane/airplane_01b.jpg,airplane,0.720930233,0.2949463650584221,-0.2949463650584221
8,20,44,44,56,antenna/antenna_01b.jpg,antenna,0.641025641,0.30468595027923584,-0.30468595027923584
8,20,45,45,55,cream/cream_01b.jpg,cream,0.769230769,0.3349892795085907,-0.3349892795085907
8,20,46,46,54,blower/blower_01b.jpg,blower,0.928571429,0.4186806380748749,-0.4186806380748749
8,20,47,47,53,baklava/baklava_01s.jpg,baklava,0.702702703,0.42964284867048264,-0.42964284867048264
8,20,48,48,52,artichoke/artichoke_01b.jpg,artichoke,0.658536585,0.6197376772761345,-0.6197376772761345
8,20,49,49,51,bazooka/bazooka_01b.jpg,bazooka,0.9,0.3125671073794365,-0.3125671073794365
8,20,50,50,50,chihuahua/chihuahua_01b.jpg,chihuahua,0.923076923,1.2596049904823303,-1.2596049904823303
9,21,1,1,99,cream_cheese/cream_cheese_01b.jpg,cream_cheese,0.744186047,0.41962503641843796,-0.41962503641843796
9,21,2,2,98,deer/deer_01b.jpg,deer,0.65,0.6318323016166687,-0.6318323016166687
9,21,3,3,97,antenna/antenna_01b.jpg,antenna,0.641025641,0.4020681008696556,-0.4020681008696556
9,21,4,4,96,baklava/baklava_01s.jpg,baklava,0.702702703,0.4543645977973938,-0.4543645977973938
9,21,5,5,95,candy_cane/candy_cane_01b.jpg,candy_cane,0.76744186,0.6641288846731186,-0.6641288846731186
9,21,6,6,94,barcode/barcode_01b.jpg,barcode,0.775,0.6041221618652344,-0.6041221618652344
9,21,7,7,93,artichoke/artichoke_01b.jpg,artichoke,0.658536585,0.8282704800367355,-0.8282704800367355
9,21,8,8,92,chihuahua/chihuahua_01b.jpg,chihuahua,0.923076923,1.507540911436081,-1.507540911436081
9,21,9,9,91,cabbage/cabbage_01b.jpg,cabbage,0.682926829,0.6591820120811462,-0.6591820120811462
9,21,10,10,90,airplane/airplane_01b.jpg,airplane,0.720930233,0.3903098553419113,-0.3903098553419113
9,21,11,11,89,basketball_hoop/basketball_hoop_01b.jpg,basketball_hoop,0.725,0.6189361363649368,-0.6189361363649368
9,21,12,12,88,binoculars/binoculars_01s.jpg,binoculars,0.595238095,0.44407351315021515,-0.44407351315021515
9,21,13,13,87,buckle/buckle_01b.jpg,buckle,0.756097561,0.5214266180992126,-0.5214266180992126
9,21,14,14,86,compass/compass_01b.jpg,compass,0.625,0.900736004114151,-0.900736004114151
9,21,15,15,85,bib/bib_01n.jpg,bib,0.925,0.48531803488731384,-0.48531803488731384
9,21,16,16,84,cabinet/cabinet_01s.jpg,cabinet,0.6,0.3619622513651848,-0.3619622513651848
9,21,17,17,83,crutch/crutch_01b.jpg,crutch,0.756097561,0.6468891799449921,-0.6468891799449921
9,21,18,18,82,clasp/clasp_01b.jpg,clasp,0.707317073,0.8582594394683838,-0.8582594394683838
9,21,19,19,81,anklet/anklet_01b.jpg,anklet,0.95,0.31708960980176926,-0.31708960980176926
9,21,20,20,80,casserole/casserole_01b.jpg,casserole,0.743589744,0.625090554356575,-0.625090554356575
9,21,21,21,79,dishrag/dishrag_01b.jpg,dishrag,0.697674419,0.3143419623374939,-0.3143419623374939
9,21,22,22,78,bottle/bottle_01b.jpg,bottle,0.717948718,0.433772549033165,-0.433772549033165
9,21,23,23,77,boat/boat_01b.jpg,boat,0.761904762,0.7103830128908157,-0.7103830128908157
9,21,24,24,76,beetle/beetle_01b.jpg,beetle,0.897435897,0.45763354003429413,-0.45763354003429413
9,21,25,25,75,defibrillator/defibrillator_01b.jpg,defibrillator,0.55,0.5283508449792862,-0.5283508449792862
9,21,26,26,74,cannonball/cannonball_01b.jpg,cannonball,0.725,0.5507897883653641,-0.5507897883653641
9,21,27,27,73,clipboard/clipboard_01b.jpg,clipboard,0.763157895,0.3846445530653,-0.3846445530653
9,21,28,28,72,abacus/abacus_01b.jpg,abacus,0.648648649,0.7164033353328705,-0.7164033353328705
9,21,29,29,71,blazer/blazer_01b.jpg,blazer,0.731707317,0.3072631359100342,-0.3072631359100342
9,21,30,30,70,celery/celery_01b.jpg,celery,0.731707317,0.6264414042234421,-0.6264414042234421
9,21,31,31,69,breadbox/breadbox_01b.jpg,breadbox,0.75,0.3841831013560295,-0.3841831013560295
9,21,32,32,68,bulldozer/bulldozer_01b.jpg,bulldozer,0.619047619,0.6221303194761276,-0.6221303194761276
9,21,33,33,67,confetti/confetti_01b.jpg,confetti,0.738095238,0.5312930941581726,-0.5312930941581726
9,21,34,34,66,barrel/barrel_01b.jpg,barrel,0.72972973,0.6954148709774017,-0.6954148709774017
9,21,35,35,65,closet/closet_01b.jpg,closet,0.756097561,0.2990393713116646,-0.2990393713116646
9,21,36,36,64,brake/brake_01b.jpg,brake,0.463414634,0.406475193798542,-0.406475193798542
9,21,37,37,63,brussels_sprouts/brussels_sprouts_01b.jpg,brussels_sprouts,0.7,0.8326693326234818,-0.8326693326234818
9,21,38,38,62,dalmatian/dalmatian_01b.jpg,dalmatian,0.750609756,0.7477552592754364,-0.7477552592754364
9,21,39,39,61,costume/costume_01b.jpg,costume,0.902439024,0.3760732635855675,-0.3760732635855675
9,21,40,40,60,curry/curry_01b.jpg,curry,0.675,0.5452336817979813,-0.5452336817979813
9,21,41,41,59,coffee_table/coffee_table_01b.jpg,coffee_table,0.75,0.2714422568678856,-0.2714422568678856
9,21,42,42,58,bazooka/bazooka_01b.jpg,bazooka,0.9,0.30443795025348663,-0.30443795025348663
9,21,43,43,57,clover/clover_01b.jpg,clover,0.69047619,0.46672117710113525,-0.46672117710113525
9,21,44,44,56,barnacle/barnacle_01s.jpg,barnacle,0.75,0.5033920407295227,-0.5033920407295227
9,21,45,45,55,bamboo/bamboo_01b.jpg,bamboo,0.714285714,0.4848434627056122,-0.4848434627056122
9,21,46,46,54,cream/cream_01b.jpg,cream,0.769230769,0.3593158796429634,-0.3593158796429634
9,21,47,47,53,blower/blower_01b.jpg,blower,0.928571429,0.45732222497463226,-0.45732222497463226
9,21,48,48,52,bagel/bagel_01s.jpg,bagel,0.902439024,0.5386336967349052,-0.5386336967349052
9,21,49,49,51,dishwashing_liquid/dishwashing_liquid_01b.jpg,dishwashing_liquid,0.731707317,0.44538936018943787,-0.44538936018943787
9,21,50,50,50,cord/cord_01b.jpg,cord,0.674418605,0.47756776213645935,-0.47756776213645935
10,22,1,1,99,costume/costume_01b.jpg,costume,0.902439024,0.3862170875072479,-0.3862170875072479
10,22,2,2,98,closet/closet_01b.jpg,closet,0.756097561,0.32498038560152054,-0.32498038560152054
10,22,3,3,97,basketball_hoop/basketball_hoop_01b.jpg,basketball_hoop,0.725,0.6443055868148804,-0.6443055868148804
10,22,4,4,96,blazer/blazer_01b.jpg,blazer,0.731707317,0.3383299335837364,-0.3383299335837364
10,22,5,5,95,bazooka/bazooka_01b.jpg,bazooka,0.9,0.35582438111305237,-0.35582438111305237
10,22,6,6,94,brake/brake_01b.jpg,brake,0.463414634,0.30510929226875305,-0.30510929226875305
10,22,7,7,93,dishwashing_liquid/dishwashing_liquid_01b.jpg,dishwashing_liquid,0.731707317,0.44679684937000275,-0.44679684937000275
10,22,8,8,92,cream_cheese/cream_cheese_01b.jpg,cream_cheese,0.744186047,0.3374621123075485,-0.3374621123075485
10,22,9,9,91,barnacle/barnacle_01s.jpg,barnacle,0.75,0.5436598211526871,-0.5436598211526871
10,22,10,10,90,chihuahua/chihuahua_01b.jpg,chihuahua,0.923076923,1.4656996726989746,-1.4656996726989746
10,22,11,11,89,binoculars/binoculars_01s.jpg,binoculars,0.595238095,0.46782097965478897,-0.46782097965478897
10,22,12,12,88,clipboard/clipboard_01b.jpg,clipboard,0.763157895,0.5486087948083878,-0.5486087948083878
10,22,13,13,87,beetle/beetle_01b.jpg,beetle,0.897435897,0.593449130654335,-0.593449130654335
10,22,14,14,86,blower/blower_01b.jpg,blower,0.928571429,0.46665821969509125,-0.46665821969509125
10,22,15,15,85,bulldozer/bulldozer_01b.jpg,bulldozer,0.619047619,0.5685408711433411,-0.5685408711433411
10,22,16,16,84,cabbage/cabbage_01b.jpg,cabbage,0.682926829,1.031346894800663,-1.031346894800663
10,22,17,17,83,buckle/buckle_01b.jpg,buckle,0.756097561,0.6308128982782364,-0.6308128982782364
10,22,18,18,82,anklet/anklet_01b.jpg,anklet,0.95,0.3241230174899101,-0.3241230174899101
10,22,19,19,81,crutch/crutch_01b.jpg,crutch,0.756097561,0.5878453105688095,-0.5878453105688095
10,22,20,20,80,bottle/bottle_01b.jpg,bottle,0.717948718,0.4396456629037857,-0.4396456629037857
10,22,21,21,79,cord/cord_01b.jpg,cord,0.674418605,0.45641379058361053,-0.45641379058361053
10,22,22,22,78,coffee_table/coffee_table_01b.jpg,coffee_table,0.75,0.291545994579792,-0.291545994579792
10,22,23,23,77,celery/celery_01b.jpg,celery,0.731707317,0.7909127324819565,-0.7909127324819565
10,22,24,24,76,barrel/barrel_01b.jpg,barrel,0.72972973,0.6189330220222473,-0.6189330220222473
10,22,25,25,75,breadbox/breadbox_01b.jpg,breadbox,0.75,0.35679367184638977,-0.35679367184638977
10,22,26,26,74,bamboo/bamboo_01b.jpg,bamboo,0.714285714,0.47851838171482086,-0.47851838171482086
10,22,27,27,73,dalmatian/dalmatian_01b.jpg,dalmatian,0.750609756,0.697238489985466,-0.697238489985466
10,22,28,28,72,cream/cream_01b.jpg,cream,0.769230769,0.34229329228401184,-0.34229329228401184
10,22,29,29,71,antenna/antenna_01b.jpg,antenna,0.641025641,0.32879552245140076,-0.32879552245140076
10,22,30,30,70,clover/clover_01b.jpg,clover,0.69047619,0.4351324141025543,-0.4351324141025543
10,22,31,31,69,artichoke/artichoke_01b.jpg,artichoke,0.658536585,0.8694159686565399,-0.8694159686565399
10,22,32,32,68,baklava/baklava_01s.jpg,baklava,0.702702703,0.5053878873586655,-0.5053878873586655
10,22,33,33,67,bib/bib_01n.jpg,bib,0.925,0.4418451339006424,-0.4418451339006424
10,22,34,34,66,boat/boat_01b.jpg,boat,0.761904762,0.6316859722137451,-0.6316859722137451
10,22,35,35,65,confetti/confetti_01b.jpg,confetti,0.738095238,0.5227189809083939,-0.5227189809083939
10,22,36,36,64,bagel/bagel_01s.jpg,bagel,0.902439024,0.6624005809426308,-0.6624005809426308
10,22,37,37,63,airplane/airplane_01b.jpg,airplane,0.720930233,0.3140956312417984,-0.3140956312417984
10,22,38,38,62,cabinet/cabinet_01s.jpg,cabinet,0.6,0.3866235911846161,-0.3866235911846161
10,22,39,39,61,clasp/clasp_01b.jpg,clasp,0.707317073,0.9414479583501816,-0.9414479583501816
10,22,40,40,60,dishrag/dishrag_01b.jpg,dishrag,0.697674419,0.301932692527771,-0.301932692527771
10,22,41,41,59,compass/compass_01b.jpg,compass,0.625,0.9902639240026474,-0.9902639240026474
10,22,42,42,58,cannonball/cannonball_01b.jpg,cannonball,0.725,0.47876808047294617,-0.47876808047294617
10,22,43,43,57,board/board_01b.jpg,board,0.894736842,0.48198238015174866,-0.48198238015174866
10,22,44,44,56,abacus/abacus_01b.jpg,abacus,0.648648649,0.6869027018547058,-0.6869027018547058
10,22,45,45,55,curry/curry_01b.jpg,curry,0.675,0.8661103993654251,-0.8661103993654251
10,22,46,46,54,casserole/casserole_01b.jpg,casserole,0.743589744,0.6546631306409836,-0.6546631306409836
10,22,47,47,53,candy_cane/candy_cane_01b.jpg,candy_cane,0.76744186,0.4919314831495285,-0.4919314831495285
10,22,48,48,52,defibrillator/defibrillator_01b.jpg,defibrillator,0.55,0.5839387625455856,-0.5839387625455856
10,22,49,49,51,brussels_sprouts/brussels_sprouts_01b.jpg,brussels_sprouts,0.7,0.9393462091684341,-0.9393462091684341
10,22,50,50,50,deer/deer_01b.jpg,deer,0.65,0.5623669028282166,-0.5623669028282166
11,23,1,1,99,dishwashing_liquid/dishwashing_liquid_01b.jpg,dishwashing_liquid,0.731707317,0.46107110381126404,-0.46107110381126404
11,23,2,2,98,cord/cord_01b.jpg,cord,0.674418605,0.4462061673402786,-0.4462061673402786
11,23,3,3,97,barnacle/barnacle_01s.jpg,barnacle,0.75,0.5140751153230667,-0.5140751153230667
11,23,4,4,96,candy_cane/candy_cane_01b.jpg,candy_cane,0.76744186,0.5678443312644958,-0.5678443312644958
11,23,5,5,95,abacus/abacus_01b.jpg,abacus,0.648648649,1.193945273756981,-1.193945273756981
11,23,6,6,94,cabinet/cabinet_01s.jpg,cabinet,0.6,0.3768937587738037,-0.3768937587738037
11,23,7,7,93,crutch/crutch_01b.jpg,crutch,0.756097561,0.6859062612056732,-0.6859062612056732
11,23,8,8,92,blower/blower_01b.jpg,blower,0.928571429,0.4065181538462639,-0.4065181538462639
11,23,9,9,91,buckle/buckle_01b.jpg,buckle,0.756097561,0.5347718447446823,-0.5347718447446823
11,23,10,10,90,bulldozer/bulldozer_01b.jpg,bulldozer,0.619047619,0.6486181914806366,-0.6486181914806366
11,23,11,11,89,clipboard/clipboard_01b.jpg,clipboard,0.763157895,0.4514947757124901,-0.4514947757124901
11,23,12,12,88,board/board_01b.jpg,board,0.894736842,0.4874193072319031,-0.4874193072319031
11,23,13,13,87,artichoke/artichoke_01b.jpg,artichoke,0.658536585,0.8862706199288368,-0.8862706199288368
11,23,14,14,86,celery/celery_01b.jpg,celery,0.731707317,0.4744217097759247,-0.4744217097759247
11,23,15,15,85,costume/costume_01b.jpg,costume,0.902439024,0.38029179722070694,-0.38029179722070694
11,23,16,16,84,bagel/bagel_01s.jpg,bagel,0.902439024,0.504195936024189,-0.504195936024189
11,23,17,17,83,bib/bib_01n.jpg,bib,0.925,0.4966661408543587,-0.4966661408543587
11,23,18,18,82,basketball_hoop/basketball_hoop_01b.jpg,basketball_hoop,0.725,0.5517028719186783,-0.5517028719186783
11,23,19,19,81,beetle/beetle_01b.jpg,beetle,0.897435897,0.5158609449863434,-0.5158609449863434
11,23,20,20,80,breadbox/breadbox_01b.jpg,breadbox,0.75,0.3577289506793022,-0.3577289506793022
11,23,21,21,79,coffee_table/coffee_table_01b.jpg,coffee_table,0.75,0.2587382271885872,-0.2587382271885872
11,23,22,22,78,curry/curry_01b.jpg,curry,0.675,0.44077980518341064,-0.44077980518341064
11,23,23,23,77,bazooka/bazooka_01b.jpg,bazooka,0.9,0.31168320775032043,-0.31168320775032043
11,23,24,24,76,barrel/barrel_01b.jpg,barrel,0.72972973,0.6075457036495209,-0.6075457036495209
11,23,25,25,75,airplane/airplane_01b.jpg,airplane,0.720930233,0.2893659695982933,-0.2893659695982933
11,23,26,26,74,baklava/baklava_01s.jpg,baklava,0.702702703,0.5040572732686996,-0.5040572732686996
11,23,27,27,73,closet/closet_01b.jpg,closet,0.756097561,0.2982653081417084,-0.2982653081417084
11,23,28,28,72,clover/clover_01b.jpg,clover,0.69047619,0.40650004893541336,-0.40650004893541336
11,23,29,29,71,brussels_sprouts/brussels_sprouts_01b.jpg,brussels_sprouts,0.7,0.8008500784635544,-0.8008500784635544
11,23,30,30,70,chalk/chalk_01b.jpg,chalk,0.88372093,0.40020661801099777,-0.40020661801099777
11,23,31,31,69,binoculars/binoculars_01s.jpg,binoculars,0.595238095,0.3916744738817215,-0.3916744738817215
11,23,32,32,68,antenna/antenna_01b.jpg,antenna,0.641025641,0.31702055782079697,-0.31702055782079697
11,23,33,33,67,chihuahua/chihuahua_01b.jpg,chihuahua,0.923076923,1.5449656546115875,-1.5449656546115875
11,23,34,34,66,cream_cheese/cream_cheese_01b.jpg,cream_cheese,0.744186047,0.33963458985090256,-0.33963458985090256
11,23,35,35,65,dishrag/dishrag_01b.jpg,dishrag,0.697674419,0.3210441470146179,-0.3210441470146179
11,23,36,36,64,brake/brake_01b.jpg,brake,0.463414634,0.3047197312116623,-0.3047197312116623
11,23,37,37,63,casserole/casserole_01b.jpg,casserole,0.743589744,0.6411750614643097,-0.6411750614643097
11,23,38,38,62,clasp/clasp_01b.jpg,clasp,0.707317073,0.8184851706027985,-0.8184851706027985
11,23,39,39,61,cabbage/cabbage_01b.jpg,cabbage,0.682926829,0.7775824293494225,-0.7775824293494225
11,23,40,40,60,deer/deer_01b.jpg,deer,0.65,0.5044444352388382,-0.5044444352388382
11,23,41,41,59,cannonball/cannonball_01b.jpg,cannonball,0.725,0.48500239849090576,-0.48500239849090576
11,23,42,42,58,dalmatian/dalmatian_01b.jpg,dalmatian,0.750609756,0.6773339807987213,-0.6773339807987213
11,23,43,43,57,blazer/blazer_01b.jpg,blazer,0.731707317,0.28209616988897324,-0.28209616988897324
11,23,44,44,56,confetti/confetti_01b.jpg,confetti,0.738095238,0.4943973124027252,-0.4943973124027252
11,23,45,45,55,bottle/bottle_01b.jpg,bottle,0.717948718,0.40529318153858185,-0.40529318153858185
11,23,46,46,54,boat/boat_01b.jpg,boat,0.761904762,0.6642673462629318,-0.6642673462629318
11,23,47,47,53,defibrillator/defibrillator_01b.jpg,defibrillator,0.55,0.5034433305263519,-0.5034433305263519
11,23,48,48,52,compass/compass_01b.jpg,compass,0.625,0.835364818572998,-0.835364818572998
11,23,49,49,51,bamboo/bamboo_01b.jpg,bamboo,0.714285714,0.44010819494724274,-0.44010819494724274
11,23,50,50,50,anklet/anklet_01b.jpg,anklet,0.95,0.2791227251291275,-0.2791227251291275
12,24,1,1,99,clipboard/clipboard_01b.jpg,clipboard,0.763157895,0.7566959112882614,-0.7566959112882614
12,24,2,2,98,clasp/clasp_01b.jpg,clasp,0.707317073,1.042114794254303,-1.042114794254303
12,24,3,3,97,antenna/antenna_01b.jpg,antenna,0.641025641,0.3657314255833626,-0.3657314255833626
12,24,4,4,96,closet/closet_01b.jpg,closet,0.756097561,0.31215041130781174,-0.31215041130781174
12,24,5,5,95,cannonball/cannonball_01b.jpg,cannonball,0.725,0.5932257026433945,-0.5932257026433945
12,24,6,6,94,calf2/calf2_01b.jpg,calf2,0.880952381,0.2754572555422783,-0.2754572555422783
12,24,7,7,93,baklava/baklava_01s.jpg,baklava,0.702702703,0.561023473739624,-0.561023473739624
12,24,8,8,92,anklet/anklet_01b.jpg,anklet,0.95,0.32818907499313354,-0.32818907499313354
12,24,9,9,91,barnacle/barnacle_01s.jpg,barnacle,0.75,0.5280703604221344,-0.5280703604221344
12,24,10,10,90,bulldozer/bulldozer_01b.jpg,bulldozer,0.619047619,0.6007422655820847,-0.6007422655820847
12,24,11,11,89,celery/celery_01b.jpg,celery,0.731707317,0.5970532596111298,-0.5970532596111298
12,24,12,12,88,bazooka/bazooka_01b.jpg,bazooka,0.9,0.3705248460173607,-0.3705248460173607
12,24,13,13,87,airplane/airplane_01b.jpg,airplane,0.720930233,0.3101680651307106,-0.3101680651307106
12,24,14,14,86,cabinet/cabinet_01s.jpg,cabinet,0.6,0.36861035227775574,-0.36861035227775574
12,24,15,15,85,bib/bib_01n.jpg,bib,0.925,0.48957861214876175,-0.48957861214876175
12,24,16,16,84,buckle/buckle_01b.jpg,buckle,0.756097561,0.6247053742408752,-0.6247053742408752
12,24,17,17,83,chihuahua/chihuahua_01b.jpg,chihuahua,0.923076923,1.4882279932498932,-1.4882279932498932
12,24,18,18,82,blower/blower_01b.jpg,blower,0.928571429,0.4821043759584427,-0.4821043759584427
12,24,19,19,81,dishwashing_liquid/dishwashing_liquid_01b.jpg,dishwashing_liquid,0.731707317,0.4764769375324249,-0.4764769375324249
12,24,20,20,80,coffee_table/coffee_table_01b.jpg,coffee_table,0.75,0.28585586696863174,-0.28585586696863174
12,24,21,21,79,board/board_01b.jpg,board,0.894736842,0.46959875524044037,-0.46959875524044037
12,24,22,22,78,bottle/bottle_01b.jpg,bottle,0.717948718,0.4057583808898926,-0.4057583808898926
12,24,23,23,77,deer/deer_01b.jpg,deer,0.65,0.5678872764110565,-0.5678872764110565
12,24,24,24,76,crutch/crutch_01b.jpg,crutch,0.756097561,0.5522041022777557,-0.5522041022777557
12,24,25,25,75,binoculars/binoculars_01s.jpg,binoculars,0.595238095,0.41253282129764557,-0.41253282129764557
12,24,26,26,74,brussels_sprouts/brussels_sprouts_01b.jpg,brussels_sprouts,0.7,0.7370190173387527,-0.7370190173387527
12,24,27,27,73,chalk/chalk_01b.jpg,chalk,0.88372093,0.3948587030172348,-0.3948587030172348
12,24,28,28,72,basketball_hoop/basketball_hoop_01b.jpg,basketball_hoop,0.725,0.5477737337350845,-0.5477737337350845
12,24,29,29,71,dishrag/dishrag_01b.jpg,dishrag,0.697674419,0.32057784497737885,-0.32057784497737885
12,24,30,30,70,confetti/confetti_01b.jpg,confetti,0.738095238,0.4836501330137253,-0.4836501330137253
12,24,31,31,69,barrel/barrel_01b.jpg,barrel,0.72972973,0.7205507308244705,-0.7205507308244705
12,24,32,32,68,breadbox/breadbox_01b.jpg,breadbox,0.75,0.3416685685515404,-0.3416685685515404
12,24,33,33,67,beetle/beetle_01b.jpg,beetle,0.897435897,0.5044547021389008,-0.5044547021389008
12,24,34,34,66,dalmatian/dalmatian_01b.jpg,dalmatian,0.750609756,0.7878458350896835,-0.7878458350896835
12,24,35,35,65,defibrillator/defibrillator_01b.jpg,defibrillator,0.55,0.5860899835824966,-0.5860899835824966
12,24,36,36,64,abacus/abacus_01b.jpg,abacus,0.648648649,0.6589666157960892,-0.6589666157960892
12,24,37,37,63,cream_cheese/cream_cheese_01b.jpg,cream_cheese,0.744186047,0.3704949989914894,-0.3704949989914894
12,24,38,38,62,casserole/casserole_01b.jpg,casserole,0.743589744,0.7156425714492798,-0.7156425714492798
12,24,39,39,61,brake/brake_01b.jpg,brake,0.463414634,0.33164336532354355,-0.33164336532354355
12,24,40,40,60,bamboo/bamboo_01b.jpg,bamboo,0.714285714,0.43851473927497864,-0.43851473927497864
12,24,41,41,59,artichoke/artichoke_01b.jpg,artichoke,0.658536585,0.7531678229570389,-0.7531678229570389
12,24,42,42,58,compass/compass_01b.jpg,compass,0.625,1.0809375494718552,-1.0809375494718552
12,24,43,43,57,bagel/bagel_01s.jpg,bagel,0.902439024,0.630102351307869,-0.630102351307869
12,24,44,44,56,cabbage/cabbage_01b.jpg,cabbage,0.682926829,1.7912004068493843,-1.7912004068493843
12,24,45,45,55,cord/cord_01b.jpg,cord,0.674418605,0.45560552179813385,-0.45560552179813385
12,24,46,46,54,clover/clover_01b.jpg,clover,0.69047619,0.42724478244781494,-0.42724478244781494
12,24,47,47,53,curry/curry_01b.jpg,curry,0.675,0.40849669277668,-0.40849669277668
12,24,48,48,52,boat/boat_01b.jpg,boat,0.761904762,0.6456192582845688,-0.6456192582845688
12,24,49,49,51,blazer/blazer_01b.jpg,blazer,0.731707317,0.3383602499961853,-0.3383602499961853
12,24,50,50,50,costume/costume_01b.jpg,costume,0.902439024,0.39220988750457764,-0.39220988750457764
13,25,1,1,99,closet/closet_01b.jpg,closet,0.756097561,0.29140737652778625,-0.29140737652778625
13,25,2,2,98,anklet/anklet_01b.jpg,anklet,0.95,0.32008374482393265,-0.32008374482393265
13,25,3,3,97,barrel/barrel_01b.jpg,barrel,0.72972973,0.7750879228115082,-0.7750879228115082
13,25,4,4,96,casserole/casserole_01b.jpg,casserole,0.743589744,0.6353378742933273,-0.6353378742933273
13,25,5,5,95,calf2/calf2_01b.jpg,calf2,0.880952381,0.27998296171426773,-0.27998296171426773
13,25,6,6,94,cord/cord_01b.jpg,cord,0.674418605,0.48111189901828766,-0.48111189901828766
13,25,7,7,93,bulldozer/bulldozer_01b.jpg,bulldozer,0.619047619,0.5743443965911865,-0.5743443965911865
13,25,8,8,92,blower/blower_01b.jpg,blower,0.928571429,0.4167659804224968,-0.4167659804224968
13,25,9,9,91,board/board_01b.jpg,board,0.894736842,0.5165353864431381,-0.5165353864431381
13,25,10,10,90,deer/deer_01b.jpg,deer,0.65,0.5016393661499023,-0.5016393661499023
13,25,11,11,89,breadbox/breadbox_01b.jpg,breadbox,0.75,0.37249932438135147,-0.37249932438135147
13,25,12,12,88,artichoke/artichoke_01b.jpg,artichoke,0.658536585,0.8167006075382233,-0.8167006075382233
13,25,13,13,87,clasp/clasp_01b.jpg,clasp,0.707317073,0.8593160808086395,-0.8593160808086395
13,25,14,14,86,cream_cheese/cream_cheese_01b.jpg,cream_cheese,0.744186047,0.3822017163038254,-0.3822017163038254
13,25,15,15,85,defibrillator/defibrillator_01b.jpg,defibrillator,0.55,0.5666727423667908,-0.5666727423667908
13,25,16,16,84,dishrag/dishrag_01b.jpg,dishrag,0.697674419,0.332870215177536,-0.332870215177536
13,25,17,17,83,compass/compass_01b.jpg,compass,0.625,0.8919937014579773,-0.8919937014579773
13,25,18,18,82,boat/boat_01b.jpg,boat,0.761904762,0.6842041164636612,-0.6842041164636612
13,25,19,19,81,celery/celery_01b.jpg,celery,0.731707317,0.5057839453220367,-0.5057839453220367
13,25,20,20,80,bib/bib_01n.jpg,bib,0.925,0.48876751959323883,-0.48876751959323883
13,25,21,21,79,buckle/buckle_01b.jpg,buckle,0.756097561,0.5605192333459854,-0.5605192333459854
13,25,22,22,78,bamboo/bamboo_01b.jpg,bamboo,0.714285714,0.4627622216939926,-0.4627622216939926
13,25,23,23,77,costume/costume_01b.jpg,costume,0.902439024,0.3716280832886696,-0.3716280832886696
13,25,24,24,76,cape/cape_01b.jpg,cape,0.87804878,0.30528802424669266,-0.30528802424669266
13,25,25,25,75,basketball_hoop/basketball_hoop_01b.jpg,basketball_hoop,0.725,0.49933768808841705,-0.49933768808841705
13,25,26,26,74,dalmatian/dalmatian_01b.jpg,dalmatian,0.750609756,0.667278915643692,-0.667278915643692
13,25,27,27,73,dishwashing_liquid/dishwashing_liquid_01b.jpg,dishwashing_liquid,0.731707317,0.41798607259988785,-0.41798607259988785
13,25,28,28,72,cabinet/cabinet_01s.jpg,cabinet,0.6,0.3396046832203865,-0.3396046832203865
13,25,29,29,71,bagel/bagel_01s.jpg,bagel,0.902439024,0.6115368083119392,-0.6115368083119392
13,25,30,30,70,brussels_sprouts/brussels_sprouts_01b.jpg,brussels_sprouts,0.7,0.8026958405971527,-0.8026958405971527
13,25,31,31,69,beetle/beetle_01b.jpg,beetle,0.897435897,0.5260152220726013,-0.5260152220726013
13,25,32,32,68,cannonball/cannonball_01b.jpg,cannonball,0.725,0.4971790015697479,-0.4971790015697479
13,25,33,33,67,curry/curry_01b.jpg,curry,0.675,0.42574770748615265,-0.42574770748615265
13,25,34,34,66,airplane/airplane_01b.jpg,airplane,0.720930233,0.33583448082208633,-0.33583448082208633
13,25,35,35,65,coffee_table/coffee_table_01b.jpg,coffee_table,0.75,0.2774646058678627,-0.2774646058678627
13,25,36,36,64,cabbage/cabbage_01b.jpg,cabbage,0.682926829,0.6375681906938553,-0.6375681906938553
13,25,37,37,63,abacus/abacus_01b.jpg,abacus,0.648648649,0.648783728480339,-0.648783728480339
13,25,38,38,62,antenna/antenna_01b.jpg,antenna,0.641025641,0.3167257606983185,-0.3167257606983185
13,25,39,39,61,confetti/confetti_01b.jpg,confetti,0.738095238,0.5388908684253693,-0.5388908684253693
13,25,40,40,60,crutch/crutch_01b.jpg,crutch,0.756097561,0.5067227333784103,-0.5067227333784103
13,25,41,41,59,chihuahua/chihuahua_01b.jpg,chihuahua,0.923076923,1.2289181351661682,-1.2289181351661682
13,25,42,42,58,bazooka/bazooka_01b.jpg,bazooka,0.9,0.3223719745874405,-0.3223719745874405
13,25,43,43,57,baklava/baklava_01s.jpg,baklava,0.702702703,0.42848552763462067,-0.42848552763462067
13,25,44,44,56,binoculars/binoculars_01s.jpg,binoculars,0.595238095,0.3646693006157875,-0.3646693006157875
13,25,45,45,55,barnacle/barnacle_01s.jpg,barnacle,0.75,0.4992252588272095,-0.4992252588272095
13,25,46,46,54,chalk/chalk_01b.jpg,chalk,0.88372093,0.38713476806879044,-0.38713476806879044
13,25,47,47,53,bottle/bottle_01b.jpg,bottle,0.717948718,0.39336206763982773,-0.39336206763982773
13,25,48,48,52,clover/clover_01b.jpg,clover,0.69047619,0.3990431874990463,-0.3990431874990463
13,25,49,49,51,brake/brake_01b.jpg,brake,0.463414634,0.35316550731658936,-0.35316550731658936
13,25,50,50,50,blazer/blazer_01b.jpg,blazer,0.731707317,0.29466160386800766,-0.29466160386800766
14,26,1,1,99,bazooka/bazooka_01b.jpg,bazooka,0.9,0.3535235896706581,-0.3535235896706581
14,26,2,2,98,chihuahua/chihuahua_01b.jpg,chihuahua,0.923076923,2.396493971347809,-2.396493971347809
14,26,3,3,97,calf2/calf2_01b.jpg,calf2,0.880952381,0.2724124938249588,-0.2724124938249588
14,26,4,4,96,cream_cheese/cream_cheese_01b.jpg,cream_cheese,0.744186047,0.3698067218065262,-0.3698067218065262
14,26,5,5,95,baklava/baklava_01s.jpg,baklava,0.702702703,0.5175821781158447,-0.5175821781158447
14,26,6,6,94,celery/celery_01b.jpg,celery,0.731707317,0.8837977424263954,-0.8837977424263954
14,26,7,7,93,casserole/casserole_01b.jpg,casserole,0.743589744,0.5993340462446213,-0.5993340462446213
14,26,8,8,92,barrel/barrel_01b.jpg,barrel,0.72972973,0.7559100389480591,-0.7559100389480591
14,26,9,9,91,compass/compass_01b.jpg,compass,0.625,1.0057076811790466,-1.0057076811790466
14,26,10,10,90,board/board_01b.jpg,board,0.894736842,0.4979618266224861,-0.4979618266224861
14,26,11,11,89,breadbox/breadbox_01b.jpg,breadbox,0.75,0.3634549602866173,-0.3634549602866173
14,26,12,12,88,basketball_hoop/basketball_hoop_01b.jpg,basketball_hoop,0.725,0.5159090757369995,-0.5159090757369995
14,26,13,13,87,cannonball/cannonball_01b.jpg,cannonball,0.725,0.5130397081375122,-0.5130397081375122
14,26,14,14,86,crutch/crutch_01b.jpg,crutch,0.756097561,0.5750226527452469,-0.5750226527452469
14,26,15,15,85,amber/amber_01b.jpg,amber,0.87804878,0.35974953323602676,-0.35974953323602676
14,26,16,16,84,bagel/bagel_01s.jpg,bagel,0.902439024,0.6043594554066658,-0.6043594554066658
14,26,17,17,83,anklet/anklet_01b.jpg,anklet,0.95,0.31304222345352173,-0.31304222345352173
14,26,18,18,82,clasp/clasp_01b.jpg,clasp,0.707317073,0.9825479388237,-0.9825479388237
14,26,19,19,81,artichoke/artichoke_01b.jpg,artichoke,0.658536585,0.7308845445513725,-0.7308845445513725
14,26,20,20,80,airplane/airplane_01b.jpg,airplane,0.720930233,0.2998552769422531,-0.2998552769422531
14,26,21,21,79,brake/brake_01b.jpg,brake,0.463414634,0.33589599281549454,-0.33589599281549454
14,26,22,22,78,bamboo/bamboo_01b.jpg,bamboo,0.714285714,0.45227107405662537,-0.45227107405662537
14,26,23,23,77,abacus/abacus_01b.jpg,abacus,0.648648649,0.6219336241483688,-0.6219336241483688
14,26,24,24,76,curry/curry_01b.jpg,curry,0.675,0.656687043607235,-0.656687043607235
14,26,25,25,75,dalmatian/dalmatian_01b.jpg,dalmatian,0.750609756,0.8464578837156296,-0.8464578837156296
14,26,26,26,74,blazer/blazer_01b.jpg,blazer,0.731707317,0.32091882824897766,-0.32091882824897766
14,26,27,27,73,closet/closet_01b.jpg,closet,0.756097561,0.2937402203679085,-0.2937402203679085
14,26,28,28,72,bottle/bottle_01b.jpg,bottle,0.717948718,0.4225439578294754,-0.4225439578294754
14,26,29,29,71,antenna/antenna_01b.jpg,antenna,0.641025641,0.32909996062517166,-0.32909996062517166
14,26,30,30,70,chalk/chalk_01b.jpg,chalk,0.88372093,0.40721452981233597,-0.40721452981233597
14,26,31,31,69,bulldozer/bulldozer_01b.jpg,bulldozer,0.619047619,0.6084182560443878,-0.6084182560443878
14,26,32,32,68,dishrag/dishrag_01b.jpg,dishrag,0.697674419,0.3209838420152664,-0.3209838420152664
14,26,33,33,67,defibrillator/defibrillator_01b.jpg,defibrillator,0.55,0.5115629136562347,-0.5115629136562347
14,26,34,34,66,blower/blower_01b.jpg,blower,0.928571429,0.41621000319719315,-0.41621000319719315
14,26,35,35,65,dishwashing_liquid/dishwashing_liquid_01b.jpg,dishwashing_liquid,0.731707317,0.4096600264310837,-0.4096600264310837
14,26,36,36,64,brussels_sprouts/brussels_sprouts_01b.jpg,brussels_sprouts,0.7,1.0304708629846573,-1.0304708629846573
14,26,37,37,63,costume/costume_01b.jpg,costume,0.902439024,0.40000608563423157,-0.40000608563423157
14,26,38,38,62,cord/cord_01b.jpg,cord,0.674418605,0.4460478723049164,-0.4460478723049164
14,26,39,39,61,coffee_table/coffee_table_01b.jpg,coffee_table,0.75,0.27008188515901566,-0.27008188515901566
14,26,40,40,60,binoculars/binoculars_01s.jpg,binoculars,0.595238095,0.40492764860391617,-0.40492764860391617
14,26,41,41,59,barnacle/barnacle_01s.jpg,barnacle,0.75,0.46550361812114716,-0.46550361812114716
14,26,42,42,58,deer/deer_01b.jpg,deer,0.65,0.5297034531831741,-0.5297034531831741
14,26,43,43,57,cabinet/cabinet_01s.jpg,cabinet,0.6,0.3349124863743782,-0.3349124863743782
14,26,44,44,56,buckle/buckle_01b.jpg,buckle,0.756097561,0.4959044009447098,-0.4959044009447098
14,26,45,45,55,cape/cape_01b.jpg,cape,0.87804878,0.352904312312603,-0.352904312312603
14,26,46,46,54,confetti/confetti_01b.jpg,confetti,0.738095238,0.4807341694831848,-0.4807341694831848
14,26,47,47,53,clover/clover_01b.jpg,clover,0.69047619,0.3865346610546112,-0.3865346610546112
14,26,48,48,52,beetle/beetle_01b.jpg,beetle,0.897435897,0.4541555121541023,-0.4541555121541023
14,26,49,49,51,cabbage/cabbage_01b.jpg,cabbage,0.682926829,1.605479747056961,-1.605479747056961
14,26,50,50,50,bib/bib_01n.jpg,bib,0.925,0.5520850345492363,-0.5520850345492363
15,27,1,1,99,cannonball/cannonball_01b.jpg,cannonball,0.725,0.5981210619211197,-0.5981210619211197
15,27,2,2,98,abacus/abacus_01b.jpg,abacus,0.648648649,1.5456439554691315,-1.5456439554691315
15,27,3,3,97,antenna/antenna_01b.jpg,antenna,0.641025641,0.3115166872739792,-0.3115166872739792
15,27,4,4,96,chihuahua/chihuahua_01b.jpg,chihuahua,0.923076923,1.917601227760315,-1.917601227760315
15,27,5,5,95,confetti/confetti_01b.jpg,confetti,0.738095238,0.5050761997699738,-0.5050761997699738
15,27,6,6,94,bib/bib_01n.jpg,bib,0.925,0.5249983817338943,-0.5249983817338943
15,27,7,7,93,blazer/blazer_01b.jpg,blazer,0.731707317,0.3447931334376335,-0.3447931334376335
15,27,8,8,92,calf2/calf2_01b.jpg,calf2,0.880952381,0.27945489436388016,-0.27945489436388016
15,27,9,9,91,chocolate/chocolate_01b.jpg,chocolate,0.875,0.30491138249635696,-0.30491138249635696
15,27,10,10,90,cape/cape_01b.jpg,cape,0.87804878,0.34315016865730286,-0.34315016865730286
15,27,11,11,89,cabinet/cabinet_01s.jpg,cabinet,0.6,0.3486146628856659,-0.3486146628856659
15,27,12,12,88,cord/cord_01b.jpg,cord,0.674418605,0.4985378682613373,-0.4985378682613373
15,27,13,13,87,dishwashing_liquid/dishwashing_liquid_01b.jpg,dishwashing_liquid,0.731707317,0.4065123051404953,-0.4065123051404953
15,27,14,14,86,compass/compass_01b.jpg,compass,0.625,0.9195421487092972,-0.9195421487092972
15,27,15,15,85,artichoke/artichoke_01b.jpg,artichoke,0.658536585,0.705675981938839,-0.705675981938839
15,27,16,16,84,coffee_table/coffee_table_01b.jpg,coffee_table,0.75,0.2670260965824127,-0.2670260965824127
15,27,17,17,83,deer/deer_01b.jpg,deer,0.65,0.5504125654697418,-0.5504125654697418
15,27,18,18,82,dalmatian/dalmatian_01b.jpg,dalmatian,0.750609756,0.8573116660118103,-0.8573116660118103
15,27,19,19,81,brake/brake_01b.jpg,brake,0.463414634,0.31918779015541077,-0.31918779015541077
15,27,20,20,80,closet/closet_01b.jpg,closet,0.756097561,0.27436911314725876,-0.27436911314725876
15,27,21,21,79,dishrag/dishrag_01b.jpg,dishrag,0.697674419,0.3259270191192627,-0.3259270191192627
15,27,22,22,78,defibrillator/defibrillator_01b.jpg,defibrillator,0.55,0.5644093006849289,-0.5644093006849289
15,27,23,23,77,blower/blower_01b.jpg,blower,0.928571429,0.3929526060819626,-0.3929526060819626
15,27,24,24,76,clover/clover_01b.jpg,clover,0.69047619,0.4249246269464493,-0.4249246269464493
15,27,25,25,75,bottle/bottle_01b.jpg,bottle,0.717948718,0.4228677600622177,-0.4228677600622177
15,27,26,26,74,binoculars/binoculars_01s.jpg,binoculars,0.595238095,0.39324208348989487,-0.39324208348989487
15,27,27,27,73,casserole/casserole_01b.jpg,casserole,0.743589744,0.6310458332300186,-0.6310458332300186
15,27,28,28,72,costume/costume_01b.jpg,costume,0.902439024,0.3897625133395195,-0.3897625133395195
15,27,29,29,71,airplane/airplane_01b.jpg,airplane,0.720930233,0.31071101129055023,-0.31071101129055023
15,27,30,30,70,cream_cheese/cream_cheese_01b.jpg,cream_cheese,0.744186047,0.3465823829174042,-0.3465823829174042
15,27,31,31,69,amber/amber_01b.jpg,amber,0.87804878,0.32835813611745834,-0.32835813611745834
15,27,32,32,68,beetle/beetle_01b.jpg,beetle,0.897435897,0.45157942920923233,-0.45157942920923233
15,27,33,33,67,breadbox/breadbox_01b.jpg,breadbox,0.75,0.34388481080532074,-0.34388481080532074
15,27,34,34,66,chalk/chalk_01b.jpg,chalk,0.88372093,0.4121714308857918,-0.4121714308857918
15,27,35,35,65,brussels_sprouts/brussels_sprouts_01b.jpg,brussels_sprouts,0.7,1.6544755101203918,-1.6544755101203918
15,27,36,36,64,curry/curry_01b.jpg,curry,0.675,0.4489666521549225,-0.4489666521549225
15,27,37,37,63,celery/celery_01b.jpg,celery,0.731707317,0.4536057338118553,-0.4536057338118553
15,27,38,38,62,barrel/barrel_01b.jpg,barrel,0.72972973,0.6376226842403412,-0.6376226842403412
15,27,39,39,61,anklet/anklet_01b.jpg,anklet,0.95,0.31618068367242813,-0.31618068367242813
15,27,40,40,60,basketball_hoop/basketball_hoop_01b.jpg,basketball_hoop,0.725,0.4705950766801834,-0.4705950766801834
15,27,41,41,59,buckle/buckle_01b.jpg,buckle,0.756097561,0.5827014446258545,-0.5827014446258545
15,27,42,42,58,baklava/baklava_01s.jpg,baklava,0.702702703,0.43872465193271637,-0.43872465193271637
15,27,43,43,57,bazooka/bazooka_01b.jpg,bazooka,0.9,0.31668557971715927,-0.31668557971715927
15,27,44,44,56,bulldozer/bulldozer_01b.jpg,bulldozer,0.619047619,0.45904965698719025,-0.45904965698719025
15,27,45,45,55,cabbage/cabbage_01b.jpg,cabbage,0.682926829,5.884739868342876,-5.884739868342876
15,27,46,46,54,bamboo/bamboo_01b.jpg,bamboo,0.714285714,0.43003086745738983,-0.43003086745738983
15,27,47,47,53,clasp/clasp_01b.jpg,clasp,0.707317073,0.8090098202228546,-0.8090098202228546
15,27,48,48,52,bagel/bagel_01s.jpg,bagel,0.902439024,0.5821379348635674,-0.5821379348635674
15,27,49,49,51,barnacle/barnacle_01s.jpg,barnacle,0.75,0.4677853137254715,-0.4677853137254715
15,27,50,50,50,board/board_01b.jpg,board,0.894736842,0.4755876362323761,-0.4755876362323761
16,28,1,1,99,bamboo/bamboo_01b.jpg,bamboo,0.714285714,0.47451217472553253,-0.47451217472553253
16,28,2,2,98,confetti/confetti_01b.jpg,confetti,0.738095238,0.5374674648046494,-0.5374674648046494
16,28,3,3,97,antenna/antenna_01b.jpg,antenna,0.641025641,0.3134901225566864,-0.3134901225566864
16,28,4,4,96,bottle/bottle_01b.jpg,bottle,0.717948718,0.43015190958976746,-0.43015190958976746
16,28,5,5,95,clasp/clasp_01b.jpg,clasp,0.707317073,1.0344220101833344,-1.0344220101833344
16,28,6,6,94,beard/beard_01b.jpg,beard,0.875,0.4050244688987732,-0.4050244688987732
16,28,7,7,93,basketball_hoop/basketball_hoop_01b.jpg,basketball_hoop,0.725,0.5944212675094604,-0.5944212675094604
16,28,8,8,92,chocolate/chocolate_01b.jpg,chocolate,0.875,0.32041092216968536,-0.32041092216968536
16,28,9,9,91,defibrillator/defibrillator_01b.jpg,defibrillator,0.55,0.5908887386322021,-0.5908887386322021
16,28,10,10,90,bagel/bagel_01s.jpg,bagel,0.902439024,0.6142122372984886,-0.6142122372984886
16,28,11,11,89,blazer/blazer_01b.jpg,blazer,0.731707317,0.35585666447877884,-0.35585666447877884
16,28,12,12,88,brussels_sprouts/brussels_sprouts_01b.jpg,brussels_sprouts,0.7,0.7504626214504242,-0.7504626214504242
16,28,13,13,87,breadbox/breadbox_01b.jpg,breadbox,0.75,0.37232019752264023,-0.37232019752264023
16,28,14,14,86,barnacle/barnacle_01s.jpg,barnacle,0.75,0.5119666457176208,-0.5119666457176208
16,28,15,15,85,calf2/calf2_01b.jpg,calf2,0.880952381,0.28122346103191376,-0.28122346103191376
16,28,16,16,84,barrel/barrel_01b.jpg,barrel,0.72972973,0.6757603585720062,-0.6757603585720062
16,28,17,17,83,bazooka/bazooka_01b.jpg,bazooka,0.9,0.3514539897441864,-0.3514539897441864
16,28,18,18,82,casserole/casserole_01b.jpg,casserole,0.743589744,0.721374049782753,-0.721374049782753
16,28,19,19,81,dalmatian/dalmatian_01b.jpg,dalmatian,0.750609756,0.7938141077756882,-0.7938141077756882
16,28,20,20,80,airplane/airplane_01b.jpg,airplane,0.720930233,0.30885907262563705,-0.30885907262563705
16,28,21,21,79,baklava/baklava_01s.jpg,baklava,0.702702703,0.6205443739891052,-0.6205443739891052
16,28,22,22,78,compass/compass_01b.jpg,compass,0.625,0.9258999824523926,-0.9258999824523926
16,28,23,23,77,bulldozer/bulldozer_01b.jpg,bulldozer,0.619047619,0.5035104304552078,-0.5035104304552078
16,28,24,24,76,cannonball/cannonball_01b.jpg,cannonball,0.725,0.48469123244285583,-0.48469123244285583
16,28,25,25,75,chihuahua/chihuahua_01b.jpg,chihuahua,0.923076923,1.4612618386745453,-1.4612618386745453
16,28,26,26,74,board/board_01b.jpg,board,0.894736842,0.5072014480829239,-0.5072014480829239
16,28,27,27,73,cabinet/cabinet_01s.jpg,cabinet,0.6,0.36605536192655563,-0.36605536192655563
16,28,28,28,72,binoculars/binoculars_01s.jpg,binoculars,0.595238095,0.37572598457336426,-0.37572598457336426
16,28,29,29,71,anklet/anklet_01b.jpg,anklet,0.95,0.3141276314854622,-0.3141276314854622
16,28,30,30,70,amber/amber_01b.jpg,amber,0.87804878,0.3577142506837845,-0.3577142506837845
16,28,31,31,69,brake/brake_01b.jpg,brake,0.463414634,0.29726311564445496,-0.29726311564445496
16,28,32,32,68,coffee_table/coffee_table_01b.jpg,coffee_table,0.75,0.27031806856393814,-0.27031806856393814
16,28,33,33,67,cabbage/cabbage_01b.jpg,cabbage,0.682926829,0.6903511136770248,-0.6903511136770248
16,28,34,34,66,beetle/beetle_01b.jpg,beetle,0.897435897,0.4971977174282074,-0.4971977174282074
16,28,35,35,65,cord/cord_01b.jpg,cord,0.674418605,0.452535480260849,-0.452535480260849
16,28,36,36,64,celery/celery_01b.jpg,celery,0.731707317,0.5377786010503769,-0.5377786010503769
16,28,37,37,63,artichoke/artichoke_01b.jpg,artichoke,0.658536585,0.7361102253198624,-0.7361102253198624
16,28,38,38,62,costume/costume_01b.jpg,costume,0.902439024,0.3795236051082611,-0.3795236051082611
16,28,39,39,61,clover/clover_01b.jpg,clover,0.69047619,0.4679986238479614,-0.4679986238479614
16,28,40,40,60,dishwashing_liquid/dishwashing_liquid_01b.jpg,dishwashing_liquid,0.731707317,0.47089551389217377,-0.47089551389217377
16,28,41,41,59,cream_cheese/cream_cheese_01b.jpg,cream_cheese,0.744186047,0.34901871532201767,-0.34901871532201767
16,28,42,42,58,chalk/chalk_01b.jpg,chalk,0.88372093,0.43257270008325577,-0.43257270008325577
16,28,43,43,57,blower/blower_01b.jpg,blower,0.928571429,0.42477957904338837,-0.42477957904338837
16,28,44,44,56,dishrag/dishrag_01b.jpg,dishrag,0.697674419,0.29997169971466064,-0.29997169971466064
16,28,45,45,55,curry/curry_01b.jpg,curry,0.675,0.6050088107585907,-0.6050088107585907
16,28,46,46,54,cape/cape_01b.jpg,cape,0.87804878,0.3443857282400131,-0.3443857282400131
16,28,47,47,53,buckle/buckle_01b.jpg,buckle,0.756097561,0.5486544817686081,-0.5486544817686081
16,28,48,48,52,deer/deer_01b.jpg,deer,0.65,0.4543941617012024,-0.4543941617012024
16,28,49,49,51,bib/bib_01n.jpg,bib,0.925,0.4412866234779358,-0.4412866234779358
16,28,50,50,50,abacus/abacus_01b.jpg,abacus,0.648648649,0.6593079268932343,-0.6593079268932343
17,29,1,1,99,brussels_sprouts/brussels_sprouts_01b.jpg,brussels_sprouts,0.7,1.0945127755403519,-1.0945127755403519
17,29,2,2,98,brake/brake_01b.jpg,brake,0.463414634,0.34167561680078506,-0.34167561680078506
17,29,3,3,97,costume/costume_01b.jpg,costume,0.902439024,0.3990938067436218,-0.3990938067436218
17,29,4,4,96,curry/curry_01b.jpg,curry,0.675,0.44900504499673843,-0.44900504499673843
17,29,5,5,95,dalmatian/dalmatian_01b.jpg,dalmatian,0.750609756,0.7813705652952194,-0.7813705652952194
17,29,6,6,94,artichoke/artichoke_01b.jpg,artichoke,0.658536585,0.6698850244283676,-0.6698850244283676
17,29,7,7,93,barnacle/barnacle_01s.jpg,barnacle,0.75,0.5113027542829514,-0.5113027542829514
17,29,8,8,92,amber/amber_01b.jpg,amber,0.87804878,0.35418038070201874,-0.35418038070201874
17,29,9,9,91,cabbage/cabbage_01b.jpg,cabbage,0.682926829,0.8266258537769318,-0.8266258537769318
17,29,10,10,90,basketball_hoop/basketball_hoop_01b.jpg,basketball_hoop,0.725,0.5379248857498169,-0.5379248857498169
17,29,11,11,89,confetti/confetti_01b.jpg,confetti,0.738095238,0.48917990922927856,-0.48917990922927856
17,29,12,12,88,cabinet/cabinet_01s.jpg,cabinet,0.6,0.3888480067253113,-0.3888480067253113
17,29,13,13,87,deer/deer_01b.jpg,deer,0.65,0.5327003300189972,-0.5327003300189972
17,29,14,14,86,chalk/chalk_01b.jpg,chalk,0.88372093,0.4231053739786148,-0.4231053739786148
17,29,15,15,85,blower/blower_01b.jpg,blower,0.928571429,0.4109087735414505,-0.4109087735414505
17,29,16,16,84,anklet/anklet_01b.jpg,anklet,0.95,0.27311553806066513,-0.27311553806066513
17,29,17,17,83,blazer/blazer_01b.jpg,blazer,0.731707317,0.3327686935663223,-0.3327686935663223
17,29,18,18,82,baklava/baklava_01s.jpg,baklava,0.702702703,0.49012990295886993,-0.49012990295886993
17,29,19,19,81,bagel/bagel_01s.jpg,bagel,0.902439024,0.47623981535434723,-0.47623981535434723
17,29,20,20,80,airplane/airplane_01b.jpg,airplane,0.720930233,0.30041777342557907,-0.30041777342557907
17,29,21,21,79,calf2/calf2_01b.jpg,calf2,0.880952381,0.27888040989637375,-0.27888040989637375
17,29,22,22,78,abacus/abacus_01b.jpg,abacus,0.648648649,0.5607497245073318,-0.5607497245073318
17,29,23,23,77,beetle/beetle_01b.jpg,beetle,0.897435897,0.4328397363424301,-0.4328397363424301
17,29,24,24,76,contact_lens/contact_lens_01s.jpg,contact_lens,0.872435897,0.2747965604066849,-0.2747965604066849
17,29,25,25,75,chocolate/chocolate_01b.jpg,chocolate,0.875,0.3213920369744301,-0.3213920369744301
17,29,26,26,74,barrel/barrel_01b.jpg,barrel,0.72972973,0.6650832295417786,-0.6650832295417786
17,29,27,27,73,clover/clover_01b.jpg,clover,0.69047619,0.3738881126046181,-0.3738881126046181
17,29,28,28,72,clasp/clasp_01b.jpg,clasp,0.707317073,0.8178433477878571,-0.8178433477878571
17,29,29,29,71,bottle/bottle_01b.jpg,bottle,0.717948718,0.41201797127723694,-0.41201797127723694
17,29,30,30,70,cream_cheese/cream_cheese_01b.jpg,cream_cheese,0.744186047,0.3539196625351906,-0.3539196625351906
17,29,31,31,69,cord/cord_01b.jpg,cord,0.674418605,0.4135425016283989,-0.4135425016283989
17,29,32,32,68,breadbox/breadbox_01b.jpg,breadbox,0.75,0.3578593209385872,-0.3578593209385872
17,29,33,33,67,bazooka/bazooka_01b.jpg,bazooka,0.9,0.30640721321105957,-0.30640721321105957
17,29,34,34,66,board/board_01b.jpg,board,0.894736842,0.4996425658464432,-0.4996425658464432
17,29,35,35,65,dishrag/dishrag_01b.jpg,dishrag,0.697674419,0.33379073441028595,-0.33379073441028595
17,29,36,36,64,casserole/casserole_01b.jpg,casserole,0.743589744,0.4903766065835953,-0.4903766065835953
17,29,37,37,63,antenna/antenna_01b.jpg,antenna,0.641025641,0.32254547625780106,-0.32254547625780106
17,29,38,38,62,binoculars/binoculars_01s.jpg,binoculars,0.595238095,0.3851713538169861,-0.3851713538169861
17,29,39,39,61,defibrillator/defibrillator_01b.jpg,defibrillator,0.55,0.47800876200199127,-0.47800876200199127
17,29,40,40,60,dishwashing_liquid/dishwashing_liquid_01b.jpg,dishwashing_liquid,0.731707317,0.4097117781639099,-0.4097117781639099
17,29,41,41,59,celery/celery_01b.jpg,celery,0.731707317,0.5057901740074158,-0.5057901740074158
17,29,42,42,58,bib/bib_01n.jpg,bib,0.925,0.4878789186477661,-0.4878789186477661
17,29,43,43,57,coffee_table/coffee_table_01b.jpg,coffee_table,0.75,0.2798277586698532,-0.2798277586698532
17,29,44,44,56,compass/compass_01b.jpg,compass,0.625,0.7448262423276901,-0.7448262423276901
17,29,45,45,55,bamboo/bamboo_01b.jpg,bamboo,0.714285714,0.45792950689792633,-0.45792950689792633
17,29,46,46,54,chihuahua/chihuahua_01b.jpg,chihuahua,0.923076923,1.3823125064373016,-1.3823125064373016
17,29,47,47,53,cape/cape_01b.jpg,cape,0.87804878,0.3276035785675049,-0.3276035785675049
17,29,48,48,52,cannonball/cannonball_01b.jpg,cannonball,0.725,0.4672000855207443,-0.4672000855207443
17,29,49,49,51,bulldozer/bulldozer_01b.jpg,bulldozer,0.619047619,0.513703465461731,-0.513703465461731
17,29,50,50,50,beard/beard_01b.jpg,beard,0.875,0.4397083520889282,-0.4397083520889282
18,30,1,1,99,bagel/bagel_01s.jpg,bagel,0.902439024,0.9285408481955528,-0.9285408481955528
18,30,2,2,98,blower/blower_01b.jpg,blower,0.928571429,0.4425595924258232,-0.4425595924258232
18,30,3,3,97,barnacle/barnacle_01s.jpg,barnacle,0.75,0.6152826994657516,-0.6152826994657516
18,30,4,4,96,cannonball/cannonball_01b.jpg,cannonball,0.725,0.548727422952652,-0.548727422952652
18,30,5,5,95,antenna/antenna_01b.jpg,antenna,0.641025641,0.3864600658416748,-0.3864600658416748
18,30,6,6,94,dishrag/dishrag_01b.jpg,dishrag,0.697674419,0.3781100958585739,-0.3781100958585739
18,30,7,7,93,barrel/barrel_01b.jpg,barrel,0.72972973,0.8184451758861542,-0.8184451758861542
18,30,8,8,92,basketball_hoop/basketball_hoop_01b.jpg,basketball_hoop,0.725,0.7061385661363602,-0.7061385661363602
18,30,9,9,91,anklet/anklet_01b.jpg,anklet,0.95,0.3744884580373764,-0.3744884580373764
18,30,10,10,90,chalk/chalk_01b.jpg,chalk,0.88372093,0.43135447800159454,-0.43135447800159454
18,30,11,11,89,confetti/confetti_01b.jpg,confetti,0.738095238,0.5935407727956772,-0.5935407727956772
18,30,12,12,88,breadbox/breadbox_01b.jpg,breadbox,0.75,0.40683694928884506,-0.40683694928884506
18,30,13,13,87,cord/cord_01b.jpg,cord,0.674418605,0.5748438537120819,-0.5748438537120819
18,30,14,14,86,coffee_table/coffee_table_01b.jpg,coffee_table,0.75,0.3195308819413185,-0.3195308819413185
18,30,15,15,85,artichoke/artichoke_01b.jpg,artichoke,0.658536585,1.0233713760972023,-1.0233713760972023
18,30,16,16,84,bazooka/bazooka_01b.jpg,bazooka,0.9,0.3993224799633026,-0.3993224799633026
18,30,17,17,83,cape/cape_01b.jpg,cape,0.87804878,0.3727796673774719,-0.3727796673774719
18,30,18,18,82,abacus/abacus_01b.jpg,abacus,0.648648649,0.8849800378084183,-0.8849800378084183
18,30,19,19,81,beard/beard_01b.jpg,beard,0.875,0.4375252202153206,-0.4375252202153206
18,30,20,20,80,costume/costume_01b.jpg,costume,0.902439024,0.41186846792697906,-0.41186846792697906
18,30,21,21,79,binoculars/binoculars_01s.jpg,binoculars,0.595238095,0.4652464687824249,-0.4652464687824249
18,30,22,22,78,clasp/clasp_01b.jpg,clasp,0.707317073,1.2441172301769257,-1.2441172301769257
18,30,23,23,77,curry/curry_01b.jpg,curry,0.675,0.5273427963256836,-0.5273427963256836
18,30,24,24,76,airplane/airplane_01b.jpg,airplane,0.720930233,0.47090326249599457,-0.47090326249599457
18,30,25,25,75,cabbage/cabbage_01b.jpg,cabbage,0.682926829,0.7448902875185013,-0.7448902875185013
18,30,26,26,74,beetle/beetle_01b.jpg,beetle,0.897435897,0.59328792989254,-0.59328792989254
18,30,27,27,73,bottle/bottle_01b.jpg,bottle,0.717948718,0.42311565577983856,-0.42311565577983856
18,30,28,28,72,casserole/casserole_01b.jpg,casserole,0.743589744,0.8032658100128174,-0.8032658100128174
18,30,29,29,71,dishwashing_liquid/dishwashing_liquid_01b.jpg,dishwashing_liquid,0.731707317,0.4983232915401459,-0.4983232915401459
18,30,30,30,70,chocolate/chocolate_01b.jpg,chocolate,0.875,0.33413664996623993,-0.33413664996623993
18,30,31,31,69,amber/amber_01b.jpg,amber,0.87804878,0.4044411852955818,-0.4044411852955818
18,30,32,32,68,bulldozer/bulldozer_01b.jpg,bulldozer,0.619047619,0.5620134472846985,-0.5620134472846985
18,30,33,33,67,chihuahua/chihuahua_01b.jpg,chihuahua,0.923076923,1.366308182477951,-1.366308182477951
18,30,34,34,66,brussels_sprouts/brussels_sprouts_01b.jpg,brussels_sprouts,0.7,0.7387990355491638,-0.7387990355491638
18,30,35,35,65,bonnet/bonnet_01s.jpg,bonnet,0.871794872,0.32218874990940094,-0.32218874990940094
18,30,36,36,64,brake/brake_01b.jpg,brake,0.463414634,0.342048779129982,-0.342048779129982
18,30,37,37,63,cream_cheese/cream_cheese_01b.jpg,cream_cheese,0.744186047,0.4115362763404846,-0.4115362763404846
18,30,38,38,62,compass/compass_01b.jpg,compass,0.625,0.9537127017974854,-0.9537127017974854
18,30,39,39,61,deer/deer_01b.jpg,deer,0.65,0.526539146900177,-0.526539146900177
18,30,40,40,60,blazer/blazer_01b.jpg,blazer,0.731707317,0.37247325479984283,-0.37247325479984283
18,30,41,41,59,celery/celery_01b.jpg,celery,0.731707317,0.5270446240901947,-0.5270446240901947
18,30,42,42,58,cabinet/cabinet_01s.jpg,cabinet,0.6,0.3975123316049576,-0.3975123316049576
18,30,43,43,57,baklava/baklava_01s.jpg,baklava,0.702702703,0.5035054534673691,-0.5035054534673691
18,30,44,44,56,clover/clover_01b.jpg,clover,0.69047619,0.463816836476326,-0.463816836476326
18,30,45,45,55,board/board_01b.jpg,board,0.894736842,0.5213696658611298,-0.5213696658611298
18,30,46,46,54,bib/bib_01n.jpg,bib,0.925,0.47467637807130814,-0.47467637807130814
18,30,47,47,53,defibrillator/defibrillator_01b.jpg,defibrillator,0.55,0.691309243440628,-0.691309243440628
18,30,48,48,52,calf2/calf2_01b.jpg,calf2,0.880952381,0.2862636372447014,-0.2862636372447014
18,30,49,49,51,bamboo/bamboo_01b.jpg,bamboo,0.714285714,0.41881565749645233,-0.41881565749645233
18,30,50,50,50,contact_lens/contact_lens_01s.jpg,contact_lens,0.872435897,0.31660909950733185,-0.31660909950733185
19,31,1,1,99,bulldozer/bulldozer_01b.jpg,bulldozer,0.619047619,0.6124147176742554,-0.6124147176742554
19,31,2,2,98,cream_cheese/cream_cheese_01b.jpg,cream_cheese,0.744186047,0.39481063932180405,-0.39481063932180405
19,31,3,3,97,clover/clover_01b.jpg,clover,0.69047619,0.47515901923179626,-0.47515901923179626
19,31,4,4,96,confetti/confetti_01b.jpg,confetti,0.738095238,0.5121273398399353,-0.5121273398399353
19,31,5,5,95,clasp/clasp_01b.jpg,clasp,0.707317073,1.005825012922287,-1.005825012922287
19,31,6,6,94,bonnet/bonnet_01s.jpg,bonnet,0.871794872,0.30822819471359253,-0.30822819471359253
19,31,7,7,93,defibrillator/defibrillator_01b.jpg,defibrillator,0.55,0.6126981973648071,-0.6126981973648071
19,31,8,8,92,compass/compass_01b.jpg,compass,0.625,1.1799159348011017,-1.1799159348011017
19,31,9,9,91,bison/bison_01b.jpg,bison,0.868421053,0.5098598152399063,-0.5098598152399063
19,31,10,10,90,bottle/bottle_01b.jpg,bottle,0.717948718,0.4123915880918503,-0.4123915880918503
19,31,11,11,89,breadbox/breadbox_01b.jpg,breadbox,0.75,0.35425952076911926,-0.35425952076911926
19,31,12,12,88,chalk/chalk_01b.jpg,chalk,0.88372093,0.4105200916528702,-0.4105200916528702
19,31,13,13,87,airplane/airplane_01b.jpg,airplane,0.720930233,0.3329443596303463,-0.3329443596303463
19,31,14,14,86,amber/amber_01b.jpg,amber,0.87804878,0.34200333803892136,-0.34200333803892136
19,31,15,15,85,brussels_sprouts/brussels_sprouts_01b.jpg,brussels_sprouts,0.7,0.7415418028831482,-0.7415418028831482
19,31,16,16,84,baklava/baklava_01s.jpg,baklava,0.702702703,0.4229109287261963,-0.4229109287261963
19,31,17,17,83,basketball_hoop/basketball_hoop_01b.jpg,basketball_hoop,0.725,0.5295179039239883,-0.5295179039239883
19,31,18,18,82,board/board_01b.jpg,board,0.894736842,0.5165181010961533,-0.5165181010961533
19,31,19,19,81,curry/curry_01b.jpg,curry,0.675,0.5144939124584198,-0.5144939124584198
19,31,20,20,80,chihuahua/chihuahua_01b.jpg,chihuahua,0.923076923,1.2490249872207642,-1.2490249872207642
19,31,21,21,79,barrel/barrel_01b.jpg,barrel,0.72972973,0.7792058736085892,-0.7792058736085892
19,31,22,22,78,cannonball/cannonball_01b.jpg,cannonball,0.725,0.5167043507099152,-0.5167043507099152
19,31,23,23,77,blower/blower_01b.jpg,blower,0.928571429,0.45778796076774597,-0.45778796076774597
19,31,24,24,76,cord/cord_01b.jpg,cord,0.674418605,0.493771567940712,-0.493771567940712
19,31,25,25,75,cabbage/cabbage_01b.jpg,cabbage,0.682926829,1.3452349677681923,-1.3452349677681923
19,31,26,26,74,blazer/blazer_01b.jpg,blazer,0.731707317,0.32346637547016144,-0.32346637547016144
19,31,27,27,73,anklet/anklet_01b.jpg,anklet,0.95,0.3176412880420685,-0.3176412880420685
19,31,28,28,72,beard/beard_01b.jpg,beard,0.875,0.42206379771232605,-0.42206379771232605
19,31,29,29,71,chocolate/chocolate_01b.jpg,chocolate,0.875,0.2907897084951401,-0.2907897084951401
19,31,30,30,70,bamboo/bamboo_01b.jpg,bamboo,0.714285714,0.4653548002243042,-0.4653548002243042
19,31,31,31,69,antenna/antenna_01b.jpg,antenna,0.641025641,0.34434955567121506,-0.34434955567121506
19,31,32,32,68,dishwashing_liquid/dishwashing_liquid_01b.jpg,dishwashing_liquid,0.731707317,0.4185512065887451,-0.4185512065887451
19,31,33,33,67,casserole/casserole_01b.jpg,casserole,0.743589744,0.6234060823917389,-0.6234060823917389
19,31,34,34,66,calf2/calf2_01b.jpg,calf2,0.880952381,0.26674211025238037,-0.26674211025238037
19,31,35,35,65,cape/cape_01b.jpg,cape,0.87804878,0.34169359505176544,-0.34169359505176544
19,31,36,36,64,cabinet/cabinet_01s.jpg,cabinet,0.6,0.3205454349517822,-0.3205454349517822
19,31,37,37,63,bagel/bagel_01s.jpg,bagel,0.902439024,0.560798853635788,-0.560798853635788
19,31,38,38,62,costume/costume_01b.jpg,costume,0.902439024,0.3752478212118149,-0.3752478212118149
19,31,39,39,61,beetle/beetle_01b.jpg,beetle,0.897435897,0.4877081960439682,-0.4877081960439682
19,31,40,40,60,dishrag/dishrag_01b.jpg,dishrag,0.697674419,0.30781321227550507,-0.30781321227550507
19,31,41,41,59,contact_lens/contact_lens_01s.jpg,contact_lens,0.872435897,0.3001923933625221,-0.3001923933625221
19,31,42,42,58,bib/bib_01n.jpg,bib,0.925,0.4460501968860626,-0.4460501968860626
19,31,43,43,57,deer/deer_01b.jpg,deer,0.65,0.46348051726818085,-0.46348051726818085
19,31,44,44,56,binoculars/binoculars_01s.jpg,binoculars,0.595238095,0.38206975162029266,-0.38206975162029266
19,31,45,45,55,bazooka/bazooka_01b.jpg,bazooka,0.9,0.348642498254776,-0.348642498254776
19,31,46,46,54,artichoke/artichoke_01b.jpg,artichoke,0.658536585,0.6496432200074196,-0.6496432200074196
19,31,47,47,53,celery/celery_01b.jpg,celery,0.731707317,0.5318329185247421,-0.5318329185247421
19,31,48,48,52,abacus/abacus_01b.jpg,abacus,0.648648649,0.6771115958690643,-0.6771115958690643
19,31,49,49,51,barnacle/barnacle_01s.jpg,barnacle,0.75,0.48977966606616974,-0.48977966606616974
19,31,50,50,50,brake/brake_01b.jpg,brake,0.463414634,0.3468237817287445,-0.3468237817287445
20,32,1,1,99,anklet/anklet_01b.jpg,anklet,0.95,0.3055674806237221,-0.3055674806237221
20,32,2,2,98,cabbage/cabbage_01b.jpg,cabbage,0.682926829,2.6214047968387604,-2.6214047968387604
20,32,3,3,97,calf2/calf2_01b.jpg,calf2,0.880952381,0.2837572619318962,-0.2837572619318962
20,32,4,4,96,dishwashing_liquid/dishwashing_liquid_01b.jpg,dishwashing_liquid,0.731707317,0.45263226330280304,-0.45263226330280304
20,32,5,5,95,amber/amber_01b.jpg,amber,0.87804878,0.38045684248209,-0.38045684248209
20,32,6,6,94,cannonball/cannonball_01b.jpg,cannonball,0.725,0.5926080197095871,-0.5926080197095871
20,32,7,7,93,bamboo/bamboo_01b.jpg,bamboo,0.714285714,0.4784868657588959,-0.4784868657588959
20,32,8,8,92,clasp/clasp_01b.jpg,clasp,0.707317073,0.9017937481403351,-0.9017937481403351
20,32,9,9,91,casserole/casserole_01b.jpg,casserole,0.743589744,0.6087757498025894,-0.6087757498025894
20,32,10,10,90,bazooka/bazooka_01b.jpg,bazooka,0.9,0.37733256071805954,-0.37733256071805954
20,32,11,11,89,curry/curry_01b.jpg,curry,0.675,0.586223766207695,-0.586223766207695
20,32,12,12,88,blower/blower_01b.jpg,blower,0.928571429,0.438467413187027,-0.438467413187027
20,32,13,13,87,confetti/confetti_01b.jpg,confetti,0.738095238,0.4655833840370178,-0.4655833840370178
20,32,14,14,86,cream_cheese/cream_cheese_01b.jpg,cream_cheese,0.744186047,0.3622441291809082,-0.3622441291809082
20,32,15,15,85,abacus/abacus_01b.jpg,abacus,0.648648649,0.49000199139118195,-0.49000199139118195
20,32,16,16,84,compass/compass_01b.jpg,compass,0.625,0.763097956776619,-0.763097956776619
20,32,17,17,83,chihuahua/chihuahua_01b.jpg,chihuahua,0.923076923,1.248233586549759,-1.248233586549759
20,32,18,18,82,contact_lens/contact_lens_01s.jpg,contact_lens,0.872435897,0.28769630193710327,-0.28769630193710327
20,32,19,19,81,beetle/beetle_01b.jpg,beetle,0.897435897,0.4679473638534546,-0.4679473638534546
20,32,20,20,80,chocolate/chocolate_01b.jpg,chocolate,0.875,0.31364520639181137,-0.31364520639181137
20,32,21,21,79,cord/cord_01b.jpg,cord,0.674418605,0.45563504844903946,-0.45563504844903946
20,32,22,22,78,board/board_01b.jpg,board,0.894736842,0.5377105921506882,-0.5377105921506882
20,32,23,23,77,dishrag/dishrag_01b.jpg,dishrag,0.697674419,0.33637000620365143,-0.33637000620365143
20,32,24,24,76,celery/celery_01b.jpg,celery,0.731707317,0.7607501000165939,-0.7607501000165939
20,32,25,25,75,bib/bib_01n.jpg,bib,0.925,0.5476636812090874,-0.5476636812090874
20,32,26,26,74,chalk/chalk_01b.jpg,chalk,0.88372093,0.40279779583215714,-0.40279779583215714
20,32,27,27,73,blazer/blazer_01b.jpg,blazer,0.731707317,0.30663203448057175,-0.30663203448057175
20,32,28,28,72,beard/beard_01b.jpg,beard,0.875,0.41551652550697327,-0.41551652550697327
20,32,29,29,71,costume/costume_01b.jpg,costume,0.902439024,0.41408059000968933,-0.41408059000968933
20,32,30,30,70,cape/cape_01b.jpg,cape,0.87804878,0.32357996702194214,-0.32357996702194214
20,32,31,31,69,baklava/baklava_01s.jpg,baklava,0.702702703,0.4582545608282089,-0.4582545608282089
20,32,32,32,68,deer/deer_01b.jpg,deer,0.65,0.5297546237707138,-0.5297546237707138
20,32,33,33,67,brake/brake_01b.jpg,brake,0.463414634,0.3606111407279968,-0.3606111407279968
20,32,34,34,66,barrel/barrel_01b.jpg,barrel,0.72972973,0.6952811181545258,-0.6952811181545258
20,32,35,35,65,barnacle/barnacle_01s.jpg,barnacle,0.75,0.4903175085783005,-0.4903175085783005
20,32,36,36,64,bonnet/bonnet_01s.jpg,bonnet,0.871794872,0.31408151239156723,-0.31408151239156723
20,32,37,37,63,cabinet/cabinet_01s.jpg,cabinet,0.6,0.3472287356853485,-0.3472287356853485
20,32,38,38,62,basketball_hoop/basketball_hoop_01b.jpg,basketball_hoop,0.725,0.5038259625434875,-0.5038259625434875
20,32,39,39,61,bison/bison_01b.jpg,bison,0.868421053,0.43017832189798355,-0.43017832189798355
20,32,40,40,60,airplane/airplane_01b.jpg,airplane,0.720930233,0.2953851446509361,-0.2953851446509361
20,32,41,41,59,antenna/antenna_01b.jpg,antenna,0.641025641,0.34768685698509216,-0.34768685698509216
20,32,42,42,58,binoculars/binoculars_01s.jpg,binoculars,0.595238095,0.38452182710170746,-0.38452182710170746
20,32,43,43,57,defibrillator/defibrillator_01b.jpg,defibrillator,0.55,0.5022993683815002,-0.5022993683815002
20,32,44,44,56,battery/battery_01b.jpg,battery,0.860465116,0.31253257393836975,-0.31253257393836975
20,32,45,45,55,brussels_sprouts/brussels_sprouts_01b.jpg,brussels_sprouts,0.7,1.4625251293182373,-1.4625251293182373
20,32,46,46,54,bagel/bagel_01s.jpg,bagel,0.902439024,0.5444946736097336,-0.5444946736097336
20,32,47,47,53,bottle/bottle_01b.jpg,bottle,0.717948718,0.4522419422864914,-0.4522419422864914
20,32,48,48,52,artichoke/artichoke_01b.jpg,artichoke,0.658536585,0.652624785900116,-0.652624785900116
20,32,49,49,51,clover/clover_01b.jpg,clover,0.69047619,0.4181232452392578,-0.4181232452392578
20,32,50,50,50,bulldozer/bulldozer_01b.jpg,bulldozer,0.619047619,0.5020662993192673,-0.5020662993192673
21,33,1,1,99,anklet/anklet_01b.jpg,anklet,0.95,0.30528954416513443,-0.30528954416513443
21,33,2,2,98,antenna/antenna_01b.jpg,antenna,0.641025641,0.3688565269112587,-0.3688565269112587
21,33,3,3,97,cream_cheese/cream_cheese_01b.jpg,cream_cheese,0.744186047,0.37261825054883957,-0.37261825054883957
21,33,4,4,96,brake/brake_01b.jpg,brake,0.463414634,0.3884303718805313,-0.3884303718805313
21,33,5,5,95,amber/amber_01b.jpg,amber,0.87804878,0.3688295856118202,-0.3688295856118202
21,33,6,6,94,binoculars/binoculars_01s.jpg,binoculars,0.595238095,0.5137713849544525,-0.5137713849544525
21,33,7,7,93,cannonball/cannonball_01b.jpg,cannonball,0.725,0.5579244643449783,-0.5579244643449783
21,33,8,8,92,cabbage/cabbage_01b.jpg,cabbage,0.682926829,0.873585894703865,-0.873585894703865
21,33,9,9,91,blazer/blazer_01b.jpg,blazer,0.731707317,0.32267530262470245,-0.32267530262470245
21,33,10,10,90,bib/bib_01n.jpg,bib,0.925,0.4501339793205261,-0.4501339793205261
21,33,11,11,89,chihuahua/chihuahua_01b.jpg,chihuahua,0.923076923,1.2737252414226532,-1.2737252414226532
21,33,12,12,88,confetti/confetti_01b.jpg,confetti,0.738095238,0.5387957692146301,-0.5387957692146301
21,33,13,13,87,beetle/beetle_01b.jpg,beetle,0.897435897,0.5161390751600266,-0.5161390751600266
21,33,14,14,86,cape/cape_01b.jpg,cape,0.87804878,0.32664114981889725,-0.32664114981889725
21,33,15,15,85,compass/compass_01b.jpg,compass,0.625,0.8656846731901169,-0.8656846731901169
21,33,16,16,84,dishwashing_liquid/dishwashing_liquid_01b.jpg,dishwashing_liquid,0.731707317,0.4264453798532486,-0.4264453798532486
21,33,17,17,83,cabinet/cabinet_01s.jpg,cabinet,0.6,0.34666498750448227,-0.34666498750448227
21,33,18,18,82,abacus/abacus_01b.jpg,abacus,0.648648649,0.639888346195221,-0.639888346195221
21,33,19,19,81,costume/costume_01b.jpg,costume,0.902439024,0.411255344748497,-0.411255344748497
21,33,20,20,80,blower/blower_01b.jpg,blower,0.928571429,0.4433489888906479,-0.4433489888906479
21,33,21,21,79,deer/deer_01b.jpg,deer,0.65,0.49229149520397186,-0.49229149520397186
21,33,22,22,78,beard/beard_01b.jpg,beard,0.875,0.44411225616931915,-0.44411225616931915
21,33,23,23,77,basketball_hoop/basketball_hoop_01b.jpg,basketball_hoop,0.725,0.48885948956012726,-0.48885948956012726
21,33,24,24,76,celery/celery_01b.jpg,celery,0.731707317,0.4622661620378494,-0.4622661620378494
21,33,25,25,75,battery/battery_01b.jpg,battery,0.860465116,0.3252020627260208,-0.3252020627260208
21,33,26,26,74,barrel/barrel_01b.jpg,barrel,0.72972973,0.7495054602622986,-0.7495054602622986
21,33,27,27,73,defibrillator/defibrillator_01b.jpg,defibrillator,0.55,0.5831882208585739,-0.5831882208585739
21,33,28,28,72,brussels_sprouts/brussels_sprouts_01b.jpg,brussels_sprouts,0.7,0.7368321418762207,-0.7368321418762207
21,33,29,29,71,baklava/baklava_01s.jpg,baklava,0.702702703,0.41413265466690063,-0.41413265466690063
21,33,30,30,70,artichoke/artichoke_01b.jpg,artichoke,0.658536585,0.7515342086553574,-0.7515342086553574
21,33,31,31,69,clover/clover_01b.jpg,clover,0.69047619,0.4214290380477905,-0.4214290380477905
21,33,32,32,68,bottle/bottle_01b.jpg,bottle,0.717948718,0.4312699884176254,-0.4312699884176254
21,33,33,33,67,bulldozer/bulldozer_01b.jpg,bulldozer,0.619047619,0.5560074150562286,-0.5560074150562286
21,33,34,34,66,bamboo/bamboo_01b.jpg,bamboo,0.714285714,0.4669170081615448,-0.4669170081615448
21,33,35,35,65,casserole/casserole_01b.jpg,casserole,0.743589744,0.6070308685302734,-0.6070308685302734
21,33,36,36,64,bagel/bagel_01s.jpg,bagel,0.902439024,0.5083600282669067,-0.5083600282669067
21,33,37,37,63,bazooka/bazooka_01b.jpg,bazooka,0.9,0.33704347908496857,-0.33704347908496857
21,33,38,38,62,airplane/airplane_01b.jpg,airplane,0.720930233,0.3167821392416954,-0.3167821392416954
21,33,39,39,61,bison/bison_01b.jpg,bison,0.868421053,0.3961615264415741,-0.3961615264415741
21,33,40,40,60,calf2/calf2_01b.jpg,calf2,0.880952381,0.27318377047777176,-0.27318377047777176
21,33,41,41,59,curry/curry_01b.jpg,curry,0.675,0.45068059861660004,-0.45068059861660004
21,33,42,42,58,bonnet/bonnet_01s.jpg,bonnet,0.871794872,0.32088012248277664,-0.32088012248277664
21,33,43,43,57,contact_lens/contact_lens_01s.jpg,contact_lens,0.872435897,0.2843530774116516,-0.2843530774116516
21,33,44,44,56,board/board_01b.jpg,board,0.894736842,0.4999178946018219,-0.4999178946018219
21,33,45,45,55,cobra/cobra_01b.jpg,cobra,0.853658537,1.8632898032665253,-1.8632898032665253
21,33,46,46,54,clasp/clasp_01b.jpg,clasp,0.707317073,0.9182521402835846,-0.9182521402835846
21,33,47,47,53,dishrag/dishrag_01b.jpg,dishrag,0.697674419,0.3233349248766899,-0.3233349248766899
21,33,48,48,52,chalk/chalk_01b.jpg,chalk,0.88372093,0.39235207438468933,-0.39235207438468933
21,33,49,49,51,cord/cord_01b.jpg,cord,0.674418605,0.43967510759830475,-0.43967510759830475
21,33,50,50,50,chocolate/chocolate_01b.jpg,chocolate,0.875,0.31486428529024124,-0.31486428529024124
22,34,1,1,99,costume/costume_01b.jpg,costume,0.902439024,0.3831229880452156,-0.3831229880452156
22,34,2,2,98,battery/battery_01b.jpg,battery,0.860465116,0.33089686185121536,-0.33089686185121536
22,34,3,3,97,cord/cord_01b.jpg,cord,0.674418605,0.46443964540958405,-0.46443964540958405
22,34,4,4,96,beetle/beetle_01b.jpg,beetle,0.897435897,1.1152223199605942,-1.1152223199605942
22,34,5,5,95,airplane/airplane_01b.jpg,airplane,0.720930233,0.36507705226540565,-0.36507705226540565
22,34,6,6,94,brussels_sprouts/brussels_sprouts_01b.jpg,brussels_sprouts,0.7,1.0260151028633118,-1.0260151028633118
22,34,7,7,93,ankle/ankle_01b.jpg,ankle,0.850609756,0.2753833904862404,-0.2753833904862404
22,34,8,8,92,contact_lens/contact_lens_01s.jpg,contact_lens,0.872435897,0.29235410690307617,-0.29235410690307617
22,34,9,9,91,chalk/chalk_01b.jpg,chalk,0.88372093,0.460504487156868,-0.460504487156868
22,34,10,10,90,dishwashing_liquid/dishwashing_liquid_01b.jpg,dishwashing_liquid,0.731707317,0.4289369285106659,-0.4289369285106659
22,34,11,11,89,chocolate/chocolate_01b.jpg,chocolate,0.875,0.3176758363842964,-0.3176758363842964
22,34,12,12,88,abacus/abacus_01b.jpg,abacus,0.648648649,0.7124758809804916,-0.7124758809804916
22,34,13,13,87,clover/clover_01b.jpg,clover,0.69047619,0.5148463249206543,-0.5148463249206543
22,34,14,14,86,cabinet/cabinet_01s.jpg,cabinet,0.6,0.3464069291949272,-0.3464069291949272
22,34,15,15,85,bamboo/bamboo_01b.jpg,bamboo,0.714285714,0.47281743586063385,-0.47281743586063385
22,34,16,16,84,calf2/calf2_01b.jpg,calf2,0.880952381,0.28458551317453384,-0.28458551317453384
22,34,17,17,83,cape/cape_01b.jpg,cape,0.87804878,0.3387734815478325,-0.3387734815478325
22,34,18,18,82,beard/beard_01b.jpg,beard,0.875,0.4354754015803337,-0.4354754015803337
22,34,19,19,81,compass/compass_01b.jpg,compass,0.625,0.9401173889636993,-0.9401173889636993
22,34,20,20,80,cabbage/cabbage_01b.jpg,cabbage,0.682926829,0.9015536829829216,-0.9015536829829216
22,34,21,21,79,casserole/casserole_01b.jpg,casserole,0.743589744,0.544441431760788,-0.544441431760788
22,34,22,22,78,anklet/anklet_01b.jpg,anklet,0.95,0.3196910545229912,-0.3196910545229912
22,34,23,23,77,deer/deer_01b.jpg,deer,0.65,0.49731771647930145,-0.49731771647930145
22,34,24,24,76,curry/curry_01b.jpg,curry,0.675,0.5920767933130264,-0.5920767933130264
22,34,25,25,75,bagel/bagel_01s.jpg,bagel,0.902439024,0.5473170503973961,-0.5473170503973961
22,34,26,26,74,celery/celery_01b.jpg,celery,0.731707317,0.7414765059947968,-0.7414765059947968
22,34,27,27,73,binoculars/binoculars_01s.jpg,binoculars,0.595238095,0.3958822190761566,-0.3958822190761566
22,34,28,28,72,baklava/baklava_01s.jpg,baklava,0.702702703,0.4883970320224762,-0.4883970320224762
22,34,29,29,71,cobra/cobra_01b.jpg,cobra,0.853658537,0.7542507946491241,-0.7542507946491241
22,34,30,30,70,board/board_01b.jpg,board,0.894736842,0.5161333382129669,-0.5161333382129669
22,34,31,31,69,bazooka/bazooka_01b.jpg,bazooka,0.9,0.3423069193959236,-0.3423069193959236
22,34,32,32,68,brake/brake_01b.jpg,brake,0.463414634,0.2891067862510681,-0.2891067862510681
22,34,33,33,67,blower/blower_01b.jpg,blower,0.928571429,0.4254947900772095,-0.4254947900772095
22,34,34,34,66,clasp/clasp_01b.jpg,clasp,0.707317073,0.8567540943622589,-0.8567540943622589
22,34,35,35,65,bib/bib_01n.jpg,bib,0.925,0.49217773973941803,-0.49217773973941803
22,34,36,36,64,artichoke/artichoke_01b.jpg,artichoke,0.658536585,0.7795962914824486,-0.7795962914824486
22,34,37,37,63,bison/bison_01b.jpg,bison,0.868421053,0.41627030819654465,-0.41627030819654465
22,34,38,38,62,antenna/antenna_01b.jpg,antenna,0.641025641,0.31815430521965027,-0.31815430521965027
22,34,39,39,61,basketball_hoop/basketball_hoop_01b.jpg,basketball_hoop,0.725,0.5278017520904541,-0.5278017520904541
22,34,40,40,60,bottle/bottle_01b.jpg,bottle,0.717948718,0.4386223703622818,-0.4386223703622818
22,34,41,41,59,confetti/confetti_01b.jpg,confetti,0.738095238,0.4983798712491989,-0.4983798712491989
22,34,42,42,58,bulldozer/bulldozer_01b.jpg,bulldozer,0.619047619,0.52141934633255,-0.52141934633255
22,34,43,43,57,barrel/barrel_01b.jpg,barrel,0.72972973,0.7095988988876343,-0.7095988988876343
22,34,44,44,56,blazer/blazer_01b.jpg,blazer,0.731707317,0.30865389108657837,-0.30865389108657837
22,34,45,45,55,chihuahua/chihuahua_01b.jpg,chihuahua,0.923076923,1.360738217830658,-1.360738217830658
22,34,46,46,54,dishrag/dishrag_01b.jpg,dishrag,0.697674419,0.3188534826040268,-0.3188534826040268
22,34,47,47,53,defibrillator/defibrillator_01b.jpg,defibrillator,0.55,0.5308971256017685,-0.5308971256017685
22,34,48,48,52,amber/amber_01b.jpg,amber,0.87804878,0.41226354986429214,-0.41226354986429214
22,34,49,49,51,cannonball/cannonball_01b.jpg,cannonball,0.725,0.45719970762729645,-0.45719970762729645
22,34,50,50,50,bonnet/bonnet_01s.jpg,bonnet,0.871794872,0.3025811240077019,-0.3025811240077019
23,35,1,1,99,blazer/blazer_01b.jpg,blazer,0.731707317,0.3311638683080673,-0.3311638683080673
23,35,2,2,98,bib/bib_01n.jpg,bib,0.925,0.49702973663806915,-0.49702973663806915
23,35,3,3,97,battery/battery_01b.jpg,battery,0.860465116,0.3361619561910629,-0.3361619561910629
23,35,4,4,96,chalk/chalk_01b.jpg,chalk,0.88372093,0.4146821200847626,-0.4146821200847626
23,35,5,5,95,dishrag/dishrag_01b.jpg,dishrag,0.697674419,0.35202835500240326,-0.35202835500240326
23,35,6,6,94,cabbage/cabbage_01b.jpg,cabbage,0.682926829,0.7488133683800697,-0.7488133683800697
23,35,7,7,93,camel/camel_01b.jpg,camel,0.85,0.5579682141542435,-0.5579682141542435
23,35,8,8,92,beetle/beetle_01b.jpg,beetle,0.897435897,0.6007054001092911,-0.6007054001092911
23,35,9,9,91,bagel/bagel_01s.jpg,bagel,0.902439024,0.592072457075119,-0.592072457075119
23,35,10,10,90,bulldozer/bulldozer_01b.jpg,bulldozer,0.619047619,0.6355606690049171,-0.6355606690049171
23,35,11,11,89,clover/clover_01b.jpg,clover,0.69047619,0.459602952003479,-0.459602952003479
23,35,12,12,88,bazooka/bazooka_01b.jpg,bazooka,0.9,0.3743657171726227,-0.3743657171726227
23,35,13,13,87,airplane/airplane_01b.jpg,airplane,0.720930233,0.35756298899650574,-0.35756298899650574
23,35,14,14,86,cannonball/cannonball_01b.jpg,cannonball,0.725,0.5674677491188049,-0.5674677491188049
23,35,15,15,85,costume/costume_01b.jpg,costume,0.902439024,0.39132991433143616,-0.39132991433143616
23,35,16,16,84,cape/cape_01b.jpg,cape,0.87804878,0.3479177728295326,-0.3479177728295326
23,35,17,17,83,bottle/bottle_01b.jpg,bottle,0.717948718,0.41770169138908386,-0.41770169138908386
23,35,18,18,82,compass/compass_01b.jpg,compass,0.625,0.8434769809246063,-0.8434769809246063
23,35,19,19,81,binoculars/binoculars_01s.jpg,binoculars,0.595238095,0.39902447909116745,-0.39902447909116745
23,35,20,20,80,celery/celery_01b.jpg,celery,0.731707317,0.5033356621861458,-0.5033356621861458
23,35,21,21,79,abacus/abacus_01b.jpg,abacus,0.648648649,0.641361877322197,-0.641361877322197
23,35,22,22,78,dishwashing_liquid/dishwashing_liquid_01b.jpg,dishwashing_liquid,0.731707317,0.4602452665567398,-0.4602452665567398
23,35,23,23,77,defibrillator/defibrillator_01b.jpg,defibrillator,0.55,0.5535033494234085,-0.5535033494234085
23,35,24,24,76,ankle/ankle_01b.jpg,ankle,0.850609756,0.2616890221834183,-0.2616890221834183
23,35,25,25,75,chihuahua/chihuahua_01b.jpg,chihuahua,0.923076923,1.3496050238609314,-1.3496050238609314
23,35,26,26,74,cord/cord_01b.jpg,cord,0.674418605,0.5064569413661957,-0.5064569413661957
23,35,27,27,73,calf2/calf2_01b.jpg,calf2,0.880952381,0.2618623524904251,-0.2618623524904251
23,35,28,28,72,cobra/cobra_01b.jpg,cobra,0.853658537,0.711514413356781,-0.711514413356781
23,35,29,29,71,curry/curry_01b.jpg,curry,0.675,0.44346290826797485,-0.44346290826797485
23,35,30,30,70,brussels_sprouts/brussels_sprouts_01b.jpg,brussels_sprouts,0.7,0.8534059673547745,-0.8534059673547745
23,35,31,31,69,anklet/anklet_01b.jpg,anklet,0.95,0.32891353219747543,-0.32891353219747543
23,35,32,32,68,board/board_01b.jpg,board,0.894736842,0.5028709918260574,-0.5028709918260574
23,35,33,33,67,contact_lens/contact_lens_01s.jpg,contact_lens,0.872435897,0.3123496174812317,-0.3123496174812317
23,35,34,34,66,bison/bison_01b.jpg,bison,0.868421053,0.4636640325188637,-0.4636640325188637
23,35,35,35,65,brake/brake_01b.jpg,brake,0.463414634,0.38500454276800156,-0.38500454276800156
23,35,36,36,64,amber/amber_01b.jpg,amber,0.87804878,0.3497416451573372,-0.3497416451573372
23,35,37,37,63,antenna/antenna_01b.jpg,antenna,0.641025641,0.3713397979736328,-0.3713397979736328
23,35,38,38,62,barrel/barrel_01b.jpg,barrel,0.72972973,0.6878774911165237,-0.6878774911165237
23,35,39,39,61,clasp/clasp_01b.jpg,clasp,0.707317073,0.7479731738567352,-0.7479731738567352
23,35,40,40,60,bonnet/bonnet_01s.jpg,bonnet,0.871794872,0.31630048155784607,-0.31630048155784607
23,35,41,41,59,cabinet/cabinet_01s.jpg,cabinet,0.6,0.334380067884922,-0.334380067884922
23,35,42,42,58,chocolate/chocolate_01b.jpg,chocolate,0.875,0.3026796355843544,-0.3026796355843544
23,35,43,43,57,baklava/baklava_01s.jpg,baklava,0.702702703,0.3902670741081238,-0.3902670741081238
23,35,44,44,56,confetti/confetti_01b.jpg,confetti,0.738095238,0.48330096900463104,-0.48330096900463104
23,35,45,45,55,bamboo/bamboo_01b.jpg,bamboo,0.714285714,0.44644995033741,-0.44644995033741
23,35,46,46,54,artichoke/artichoke_01b.jpg,artichoke,0.658536585,0.8359345495700836,-0.8359345495700836
23,35,47,47,53,blower/blower_01b.jpg,blower,0.928571429,0.4015508368611336,-0.4015508368611336
23,35,48,48,52,deer/deer_01b.jpg,deer,0.65,0.5161109864711761,-0.5161109864711761
23,35,49,49,51,basketball_hoop/basketball_hoop_01b.jpg,basketball_hoop,0.725,0.5133711993694305,-0.5133711993694305
23,35,50,50,50,beard/beard_01b.jpg,beard,0.875,0.4037211984395981,-0.4037211984395981
24,36,1,1,99,clover/clover_01b.jpg,clover,0.69047619,0.45754215121269226,-0.45754215121269226
24,36,2,2,98,cord/cord_01b.jpg,cord,0.674418605,0.528145432472229,-0.528145432472229
24,36,3,3,97,bonnet/bonnet_01s.jpg,bonnet,0.871794872,0.2834104895591736,-0.2834104895591736
24,36,4,4,96,cape/cape_01b.jpg,cape,0.87804878,0.36436691880226135,-0.36436691880226135
24,36,5,5,95,camel/camel_01b.jpg,camel,0.85,0.5470486581325531,-0.5470486581325531
24,36,6,6,94,bib/bib_01n.jpg,bib,0.925,0.45905254036188126,-0.45905254036188126
24,36,7,7,93,cannonball/cannonball_01b.jpg,cannonball,0.725,0.5370962619781494,-0.5370962619781494
24,36,8,8,92,bottle/bottle_01b.jpg,bottle,0.717948718,0.4397967606782913,-0.4397967606782913
24,36,9,9,91,bagel/bagel_01s.jpg,bagel,0.902439024,0.6434964463114738,-0.6434964463114738
24,36,10,10,90,binoculars/binoculars_01s.jpg,binoculars,0.595238095,0.4661247581243515,-0.4661247581243515
24,36,11,11,89,deer/deer_01b.jpg,deer,0.65,0.4990244507789612,-0.4990244507789612
24,36,12,12,88,dishrag/dishrag_01b.jpg,dishrag,0.697674419,0.32119035720825195,-0.32119035720825195
24,36,13,13,87,chihuahua/chihuahua_01b.jpg,chihuahua,0.923076923,1.3374168574810028,-1.3374168574810028
24,36,14,14,86,chocolate/chocolate_01b.jpg,chocolate,0.875,0.30035555362701416,-0.30035555362701416
24,36,15,15,85,ankle/ankle_01b.jpg,ankle,0.850609756,0.273574348539114,-0.273574348539114
24,36,16,16,84,airplane/airplane_01b.jpg,airplane,0.720930233,0.32226642593741417,-0.32226642593741417
24,36,17,17,83,amber/amber_01b.jpg,amber,0.87804878,0.35197366029024124,-0.35197366029024124
24,36,18,18,82,artichoke/artichoke_01b.jpg,artichoke,0.658536585,0.8276049941778183,-0.8276049941778183
24,36,19,19,81,anklet/anklet_01b.jpg,anklet,0.95,0.34417036175727844,-0.34417036175727844
24,36,20,20,80,antenna/antenna_01b.jpg,antenna,0.641025641,0.34202156215906143,-0.34202156215906143
24,36,21,21,79,beetle/beetle_01b.jpg,beetle,0.897435897,0.4787907898426056,-0.4787907898426056
24,36,22,22,78,baklava/baklava_01s.jpg,baklava,0.702702703,0.44316962361335754,-0.44316962361335754
24,36,23,23,77,blower/blower_01b.jpg,blower,0.928571429,0.42812593281269073,-0.42812593281269073
24,36,24,24,76,costume/costume_01b.jpg,costume,0.902439024,0.37986594438552856,-0.37986594438552856
24,36,25,25,75,bazooka/bazooka_01b.jpg,bazooka,0.9,0.3440577909350395,-0.3440577909350395
24,36,26,26,74,abacus/abacus_01b.jpg,abacus,0.648648649,0.6653237342834473,-0.6653237342834473
24,36,27,27,73,cobra/cobra_01b.jpg,cobra,0.853658537,0.8651176691055298,-0.8651176691055298
24,36,28,28,72,celery/celery_01b.jpg,celery,0.731707317,0.5069143027067184,-0.5069143027067184
24,36,29,29,71,blazer/blazer_01b.jpg,blazer,0.731707317,0.3471405431628227,-0.3471405431628227
24,36,30,30,70,board/board_01b.jpg,board,0.894736842,0.48816053569316864,-0.48816053569316864
24,36,31,31,69,cabbage/cabbage_01b.jpg,cabbage,0.682926829,0.6417544335126877,-0.6417544335126877
24,36,32,32,68,battery/battery_01b.jpg,battery,0.860465116,0.30504079908132553,-0.30504079908132553
24,36,33,33,67,dishwashing_liquid/dishwashing_liquid_01b.jpg,dishwashing_liquid,0.731707317,0.46935322880744934,-0.46935322880744934
24,36,34,34,66,bulldozer/bulldozer_01b.jpg,bulldozer,0.619047619,0.5317128896713257,-0.5317128896713257
24,36,35,35,65,contact_lens/contact_lens_01s.jpg,contact_lens,0.872435897,0.31214696168899536,-0.31214696168899536
24,36,36,36,64,calf2/calf2_01b.jpg,calf2,0.880952381,0.28350094705820084,-0.28350094705820084
24,36,37,37,63,beard/beard_01b.jpg,beard,0.875,0.40580105036497116,-0.40580105036497116
24,36,38,38,62,barrel/barrel_01b.jpg,barrel,0.72972973,0.7291026711463928,-0.7291026711463928
24,36,39,39,61,banana/banana_01b.jpg,banana,0.85,0.4085773006081581,-0.4085773006081581
24,36,40,40,60,clasp/clasp_01b.jpg,clasp,0.707317073,0.8997390270233154,-0.8997390270233154
24,36,41,41,59,brussels_sprouts/brussels_sprouts_01b.jpg,brussels_sprouts,0.7,0.86539526283741,-0.86539526283741
24,36,42,42,58,curry/curry_01b.jpg,curry,0.675,0.47192832827568054,-0.47192832827568054
24,36,43,43,57,chalk/chalk_01b.jpg,chalk,0.88372093,0.3974064663052559,-0.3974064663052559
24,36,44,44,56,bison/bison_01b.jpg,bison,0.868421053,0.4193740338087082,-0.4193740338087082
24,36,45,45,55,brake/brake_01b.jpg,brake,0.463414634,0.31142814457416534,-0.31142814457416534
24,36,46,46,54,compass/compass_01b.jpg,compass,0.625,0.8848538547754288,-0.8848538547754288
24,36,47,47,53,bamboo/bamboo_01b.jpg,bamboo,0.714285714,0.4224322438240051,-0.4224322438240051
24,36,48,48,52,defibrillator/defibrillator_01b.jpg,defibrillator,0.55,0.5563704371452332,-0.5563704371452332
24,36,49,49,51,cabinet/cabinet_01s.jpg,cabinet,0.6,0.33626242727041245,-0.33626242727041245
24,36,50,50,50,basketball_hoop/basketball_hoop_01b.jpg,basketball_hoop,0.725,0.5456500053405762,-0.5456500053405762
25,37,1,1,99,cabinet/cabinet_01s.jpg,cabinet,0.6,0.3788689225912094,-0.3788689225912094
25,37,2,2,98,board/board_01b.jpg,board,0.894736842,0.6557920575141907,-0.6557920575141907
25,37,3,3,97,bottle/bottle_01b.jpg,bottle,0.717948718,0.5469957143068314,-0.5469957143068314
25,37,4,4,96,cord/cord_01b.jpg,cord,0.674418605,0.4920945316553116,-0.4920945316553116
25,37,5,5,95,abacus/abacus_01b.jpg,abacus,0.648648649,0.8916447758674622,-0.8916447758674622
25,37,6,6,94,bulldozer/bulldozer_01b.jpg,bulldozer,0.619047619,0.6541305184364319,-0.6541305184364319
25,37,7,7,93,basketball_hoop/basketball_hoop_01b.jpg,basketball_hoop,0.725,0.5666452050209045,-0.5666452050209045
25,37,8,8,92,cabbage/cabbage_01b.jpg,cabbage,0.682926829,0.9324871450662613,-0.9324871450662613
25,37,9,9,91,bib/bib_01n.jpg,bib,0.925,0.5030094534158707,-0.5030094534158707
25,37,10,10,90,dishrag/dishrag_01b.jpg,dishrag,0.697674419,0.325887493789196,-0.325887493789196
25,37,11,11,89,cannonball/cannonball_01b.jpg,cannonball,0.725,0.5993756502866745,-0.5993756502866745
25,37,12,12,88,brake/brake_01b.jpg,brake,0.463414634,0.33022356033325195,-0.33022356033325195
25,37,13,13,87,baklava/baklava_01s.jpg,baklava,0.702702703,0.47191834449768066,-0.47191834449768066
25,37,14,14,86,brussels_sprouts/brussels_sprouts_01b.jpg,brussels_sprouts,0.7,0.8335005789995193,-0.8335005789995193
25,37,15,15,85,deer/deer_01b.jpg,deer,0.65,0.5452827513217926,-0.5452827513217926
25,37,16,16,84,amber/amber_01b.jpg,amber,0.87804878,0.3628815859556198,-0.3628815859556198
25,37,17,17,83,blower/blower_01b.jpg,blower,0.928571429,0.4366256594657898,-0.4366256594657898
25,37,18,18,82,airplane/airplane_01b.jpg,airplane,0.720930233,0.32591334730386734,-0.32591334730386734
25,37,19,19,81,beard/beard_01b.jpg,beard,0.875,0.44040848314762115,-0.44040848314762115
25,37,20,20,80,contact_lens/contact_lens_01s.jpg,contact_lens,0.872435897,0.30072426050901413,-0.30072426050901413
25,37,21,21,79,curry/curry_01b.jpg,curry,0.675,0.399278849363327,-0.399278849363327
25,37,22,22,78,battery/battery_01b.jpg,battery,0.860465116,0.30755623430013657,-0.30755623430013657
25,37,23,23,77,clasp/clasp_01b.jpg,clasp,0.707317073,0.9030171930789948,-0.9030171930789948
25,37,24,24,76,chocolate/chocolate_01b.jpg,chocolate,0.875,0.3041497990489006,-0.3041497990489006
25,37,25,25,75,clover/clover_01b.jpg,clover,0.69047619,0.43310704827308655,-0.43310704827308655
25,37,26,26,74,costume/costume_01b.jpg,costume,0.902439024,0.39852437376976013,-0.39852437376976013
25,37,27,27,73,defibrillator/defibrillator_01b.jpg,defibrillator,0.55,0.5594208538532257,-0.5594208538532257
25,37,28,28,72,cornmeal/cornmeal_01b.jpg,cornmeal,0.846153846,0.5963323563337326,-0.5963323563337326
25,37,29,29,71,anklet/anklet_01b.jpg,anklet,0.95,0.3400047644972801,-0.3400047644972801
25,37,30,30,70,celery/celery_01b.jpg,celery,0.731707317,0.46031127125024796,-0.46031127125024796
25,37,31,31,69,cobra/cobra_01b.jpg,cobra,0.853658537,1.1630077064037323,-1.1630077064037323
25,37,32,32,68,artichoke/artichoke_01b.jpg,artichoke,0.658536585,0.8177357017993927,-0.8177357017993927
25,37,33,33,67,chihuahua/chihuahua_01b.jpg,chihuahua,0.923076923,1.3078572750091553,-1.3078572750091553
25,37,34,34,66,banana/banana_01b.jpg,banana,0.85,0.4184342920780182,-0.4184342920780182
25,37,35,35,65,blazer/blazer_01b.jpg,blazer,0.731707317,0.32482290267944336,-0.32482290267944336
25,37,36,36,64,bamboo/bamboo_01b.jpg,bamboo,0.714285714,0.44024519622325897,-0.44024519622325897
25,37,37,37,63,ankle/ankle_01b.jpg,ankle,0.850609756,0.2643852233886719,-0.2643852233886719
25,37,38,38,62,antenna/antenna_01b.jpg,antenna,0.641025641,0.330796517431736,-0.330796517431736
25,37,39,39,61,bonnet/bonnet_01s.jpg,bonnet,0.871794872,0.2968212068080902,-0.2968212068080902
25,37,40,40,60,camel/camel_01b.jpg,camel,0.85,0.46937447786331177,-0.46937447786331177
25,37,41,41,59,barrel/barrel_01b.jpg,barrel,0.72972973,0.7992680966854095,-0.7992680966854095
25,37,42,42,58,bagel/bagel_01s.jpg,bagel,0.902439024,0.5947069376707077,-0.5947069376707077
25,37,43,43,57,binoculars/binoculars_01s.jpg,binoculars,0.595238095,0.3895503506064415,-0.3895503506064415
25,37,44,44,56,bison/bison_01b.jpg,bison,0.868421053,0.4441191852092743,-0.4441191852092743
25,37,45,45,55,chalk/chalk_01b.jpg,chalk,0.88372093,0.389307864010334,-0.389307864010334
25,37,46,46,54,beetle/beetle_01b.jpg,beetle,0.897435897,0.46200140565633774,-0.46200140565633774
25,37,47,47,53,calf2/calf2_01b.jpg,calf2,0.880952381,0.29200631380081177,-0.29200631380081177
25,37,48,48,52,compass/compass_01b.jpg,compass,0.625,0.9332354068756104,-0.9332354068756104
25,37,49,49,51,cape/cape_01b.jpg,cape,0.87804878,0.3349303901195526,-0.3349303901195526
25,37,50,50,50,bazooka/bazooka_01b.jpg,bazooka,0.9,0.3369723707437515,-0.3369723707437515
26,38,1,1,99,compass/compass_01b.jpg,compass,0.625,1.5716164410114288,-1.5716164410114288
26,38,2,2,98,bonnet/bonnet_01s.jpg,bonnet,0.871794872,0.3077173978090286,-0.3077173978090286
26,38,3,3,97,cabinet/cabinet_01s.jpg,cabinet,0.6,0.36024209856987,-0.36024209856987
26,38,4,4,96,defibrillator/defibrillator_01b.jpg,defibrillator,0.55,0.5510079562664032,-0.5510079562664032
26,38,5,5,95,costume/costume_01b.jpg,costume,0.902439024,0.40598441660404205,-0.40598441660404205
26,38,6,6,94,beaker/beaker_01b.jpg,beaker,0.846153846,0.4844835251569748,-0.4844835251569748
26,38,7,7,93,dishrag/dishrag_01b.jpg,dishrag,0.697674419,0.3435269966721535,-0.3435269966721535
26,38,8,8,92,camel/camel_01b.jpg,camel,0.85,0.5324681848287582,-0.5324681848287582
26,38,9,9,91,beetle/beetle_01b.jpg,beetle,0.897435897,0.6319207176566124,-0.6319207176566124
26,38,10,10,90,contact_lens/contact_lens_01s.jpg,contact_lens,0.872435897,0.2853980213403702,-0.2853980213403702
26,38,11,11,89,beard/beard_01b.jpg,beard,0.875,0.4561130180954933,-0.4561130180954933
26,38,12,12,88,artichoke/artichoke_01b.jpg,artichoke,0.658536585,0.9909386783838272,-0.9909386783838272
26,38,13,13,87,calf2/calf2_01b.jpg,calf2,0.880952381,0.2663746476173401,-0.2663746476173401
26,38,14,14,86,deer/deer_01b.jpg,deer,0.65,0.5771799087524414,-0.5771799087524414
26,38,15,15,85,chocolate/chocolate_01b.jpg,chocolate,0.875,0.31864336133003235,-0.31864336133003235
26,38,16,16,84,curry/curry_01b.jpg,curry,0.675,0.4100196361541748,-0.4100196361541748
26,38,17,17,83,bib/bib_01n.jpg,bib,0.925,0.47541996091604233,-0.47541996091604233
26,38,18,18,82,brake/brake_01b.jpg,brake,0.463414634,0.3264807164669037,-0.3264807164669037
26,38,19,19,81,blower/blower_01b.jpg,blower,0.928571429,0.4190380200743675,-0.4190380200743675
26,38,20,20,80,board/board_01b.jpg,board,0.894736842,0.5186548978090286,-0.5186548978090286
26,38,21,21,79,clover/clover_01b.jpg,clover,0.69047619,0.40599939227104187,-0.40599939227104187
26,38,22,22,78,bagel/bagel_01s.jpg,bagel,0.902439024,0.5400377437472343,-0.5400377437472343
26,38,23,23,77,brussels_sprouts/brussels_sprouts_01b.jpg,brussels_sprouts,0.7,0.9622397273778915,-0.9622397273778915
26,38,24,24,76,baklava/baklava_01s.jpg,baklava,0.702702703,0.5150119364261627,-0.5150119364261627
26,38,25,25,75,anklet/anklet_01b.jpg,anklet,0.95,0.28033123165369034,-0.28033123165369034
26,38,26,26,74,bison/bison_01b.jpg,bison,0.868421053,0.4745600149035454,-0.4745600149035454
26,38,27,27,73,abacus/abacus_01b.jpg,abacus,0.648648649,0.7081263959407806,-0.7081263959407806
26,38,28,28,72,cabbage/cabbage_01b.jpg,cabbage,0.682926829,1.01150294393301,-1.01150294393301
26,38,29,29,71,bamboo/bamboo_01b.jpg,bamboo,0.714285714,0.45105576515197754,-0.45105576515197754
26,38,30,30,70,blazer/blazer_01b.jpg,blazer,0.731707317,0.2953176125884056,-0.2953176125884056
26,38,31,31,69,battery/battery_01b.jpg,battery,0.860465116,0.3062096908688545,-0.3062096908688545
26,38,32,32,68,cobra/cobra_01b.jpg,cobra,0.853658537,1.039633184671402,-1.039633184671402
26,38,33,33,67,bottle/bottle_01b.jpg,bottle,0.717948718,0.42164985835552216,-0.42164985835552216
26,38,34,34,66,basketball_hoop/basketball_hoop_01b.jpg,basketball_hoop,0.725,0.46240799129009247,-0.46240799129009247
26,38,35,35,65,clasp/clasp_01b.jpg,clasp,0.707317073,0.9037239849567413,-0.9037239849567413
26,38,36,36,64,airplane/airplane_01b.jpg,airplane,0.720930233,0.28557100892066956,-0.28557100892066956
26,38,37,37,63,cannonball/cannonball_01b.jpg,cannonball,0.725,0.5263892114162445,-0.5263892114162445
26,38,38,38,62,amber/amber_01b.jpg,amber,0.87804878,0.33100373297929764,-0.33100373297929764
26,38,39,39,61,cord/cord_01b.jpg,cord,0.674418605,0.437880203127861,-0.437880203127861
26,38,40,40,60,cape/cape_01b.jpg,cape,0.87804878,0.300807885825634,-0.300807885825634
26,38,41,41,59,binoculars/binoculars_01s.jpg,binoculars,0.595238095,0.38711241632699966,-0.38711241632699966
26,38,42,42,58,bazooka/bazooka_01b.jpg,bazooka,0.9,0.33609555661678314,-0.33609555661678314
26,38,43,43,57,ankle/ankle_01b.jpg,ankle,0.850609756,0.27467287331819534,-0.27467287331819534
26,38,44,44,56,barrel/barrel_01b.jpg,barrel,0.72972973,0.6629189252853394,-0.6629189252853394
26,38,45,45,55,bulldozer/bulldozer_01b.jpg,bulldozer,0.619047619,0.48681723326444626,-0.48681723326444626
26,38,46,46,54,antenna/antenna_01b.jpg,antenna,0.641025641,0.3385994955897331,-0.3385994955897331
26,38,47,47,53,chihuahua/chihuahua_01b.jpg,chihuahua,0.923076923,1.3946577310562134,-1.3946577310562134
26,38,48,48,52,banana/banana_01b.jpg,banana,0.85,0.37878430634737015,-0.37878430634737015
26,38,49,49,51,cornmeal/cornmeal_01b.jpg,cornmeal,0.846153846,0.5459029823541641,-0.5459029823541641
26,38,50,50,50,chalk/chalk_01b.jpg,chalk,0.88372093,0.40267936140298843,-0.40267936140298843
27,39,1,1,99,camel/camel_01b.jpg,camel,0.85,0.5541960895061493,-0.5541960895061493
27,39,2,2,98,amber/amber_01b.jpg,amber,0.87804878,0.3745509013533592,-0.3745509013533592
27,39,3,3,97,beard/beard_01b.jpg,beard,0.875,0.41745130717754364,-0.41745130717754364
27,39,4,4,96,contact_lens/contact_lens_01s.jpg,contact_lens,0.872435897,0.30112481117248535,-0.30112481117248535
27,39,5,5,95,compass/compass_01b.jpg,compass,0.625,1.2716086506843567,-1.2716086506843567
27,39,6,6,94,airplane/airplane_01b.jpg,airplane,0.720930233,0.3211485333740711,-0.3211485333740711
27,39,7,7,93,clasp/clasp_01b.jpg,clasp,0.707317073,0.9424455463886261,-0.9424455463886261
27,39,8,8,92,bison/bison_01b.jpg,bison,0.868421053,0.6153659969568253,-0.6153659969568253
27,39,9,9,91,abacus/abacus_01b.jpg,abacus,0.648648649,0.7836081087589264,-0.7836081087589264
27,39,10,10,90,calf2/calf2_01b.jpg,calf2,0.880952381,0.2537047415971756,-0.2537047415971756
27,39,11,11,89,cornmeal/cornmeal_01b.jpg,cornmeal,0.846153846,0.6350773274898529,-0.6350773274898529
27,39,12,12,88,battery/battery_01b.jpg,battery,0.860465116,0.3175470605492592,-0.3175470605492592
27,39,13,13,87,brussels_sprouts/brussels_sprouts_01b.jpg,brussels_sprouts,0.7,0.6748955398797989,-0.6748955398797989
27,39,14,14,86,bottle/bottle_01b.jpg,bottle,0.717948718,0.39474907517433167,-0.39474907517433167
27,39,15,15,85,cobra/cobra_01b.jpg,cobra,0.853658537,0.8551426529884338,-0.8551426529884338
27,39,16,16,84,bonnet/bonnet_01s.jpg,bonnet,0.871794872,0.3086806759238243,-0.3086806759238243
27,39,17,17,83,cord/cord_01b.jpg,cord,0.674418605,0.45236775279045105,-0.45236775279045105
27,39,18,18,82,basketball_hoop/basketball_hoop_01b.jpg,basketball_hoop,0.725,0.4792947322130203,-0.4792947322130203
27,39,19,19,81,ankle/ankle_01b.jpg,ankle,0.850609756,0.253252100199461,-0.253252100199461
27,39,20,20,80,bagel/bagel_01s.jpg,bagel,0.902439024,0.4837352856993675,-0.4837352856993675
27,39,21,21,79,binoculars/binoculars_01s.jpg,binoculars,0.595238095,0.37221380323171616,-0.37221380323171616
27,39,22,22,78,deer/deer_01b.jpg,deer,0.65,0.5341257750988007,-0.5341257750988007
27,39,23,23,77,artichoke/artichoke_01b.jpg,artichoke,0.658536585,0.88271464407444,-0.88271464407444
27,39,24,24,76,beetle/beetle_01b.jpg,beetle,0.897435897,0.4801449775695801,-0.4801449775695801
27,39,25,25,75,chalk/chalk_01b.jpg,chalk,0.88372093,0.4097934439778328,-0.4097934439778328
27,39,26,26,74,costume/costume_01b.jpg,costume,0.902439024,0.3548886477947235,-0.3548886477947235
27,39,27,27,73,cabinet/cabinet_01s.jpg,cabinet,0.6,0.32557325065135956,-0.32557325065135956
27,39,28,28,72,bib/bib_01n.jpg,bib,0.925,0.4302748292684555,-0.4302748292684555
27,39,29,29,71,bazooka/bazooka_01b.jpg,bazooka,0.9,0.3000376671552658,-0.3000376671552658
27,39,30,30,70,anklet/anklet_01b.jpg,anklet,0.95,0.2807161659002304,-0.2807161659002304
27,39,31,31,69,cape/cape_01b.jpg,cape,0.87804878,0.2919260784983635,-0.2919260784983635
27,39,32,32,68,banana/banana_01b.jpg,banana,0.85,0.3964313194155693,-0.3964313194155693
27,39,33,33,67,antenna/antenna_01b.jpg,antenna,0.641025641,0.3049885034561157,-0.3049885034561157
27,39,34,34,66,board/board_01b.jpg,board,0.894736842,0.5018239170312881,-0.5018239170312881
27,39,35,35,65,barrel/barrel_01b.jpg,barrel,0.72972973,0.6243427991867065,-0.6243427991867065
27,39,36,36,64,bulldozer/bulldozer_01b.jpg,bulldozer,0.619047619,0.47413700073957443,-0.47413700073957443
27,39,37,37,63,bamboo/bamboo_01b.jpg,bamboo,0.714285714,0.4249255806207657,-0.4249255806207657
27,39,38,38,62,chihuahua/chihuahua_01b.jpg,chihuahua,0.923076923,1.501964032649994,-1.501964032649994
27,39,39,39,61,curry/curry_01b.jpg,curry,0.675,0.40098586678504944,-0.40098586678504944
27,39,40,40,60,cannonball/cannonball_01b.jpg,cannonball,0.725,0.49712367355823517,-0.49712367355823517
27,39,41,41,59,blower/blower_01b.jpg,blower,0.928571429,0.3767027482390404,-0.3767027482390404
27,39,42,42,58,brake/brake_01b.jpg,brake,0.463414634,0.29331038892269135,-0.29331038892269135
27,39,43,43,57,chocolate/chocolate_01b.jpg,chocolate,0.875,0.2826441302895546,-0.2826441302895546
27,39,44,44,56,beaker/beaker_01b.jpg,beaker,0.846153846,0.43265770375728607,-0.43265770375728607
27,39,45,45,55,dishrag/dishrag_01b.jpg,dishrag,0.697674419,0.3016633689403534,-0.3016633689403534
27,39,46,46,54,cabbage/cabbage_01b.jpg,cabbage,0.682926829,0.5327938348054886,-0.5327938348054886
27,39,47,47,53,defibrillator/defibrillator_01b.jpg,defibrillator,0.55,0.47952093183994293,-0.47952093183994293
27,39,48,48,52,clothespin/clothespin_01b.jpg,clothespin,0.840909091,0.45500823855400085,-0.45500823855400085
27,39,49,49,51,baklava/baklava_01s.jpg,baklava,0.702702703,0.4763382524251938,-0.4763382524251938
27,39,50,50,50,clover/clover_01b.jpg,clover,0.69047619,0.42327067255973816,-0.42327067255973816
28,40,1,1,99,abacus/abacus_01b.jpg,abacus,0.648648649,2.313717618584633,-2.313717618584633
28,40,2,2,98,brake/brake_01b.jpg,brake,0.463414634,0.33529361337423325,-0.33529361337423325
28,40,3,3,97,antenna/antenna_01b.jpg,antenna,0.641025641,0.3276732712984085,-0.3276732712984085
28,40,4,4,96,cornmeal/cornmeal_01b.jpg,cornmeal,0.846153846,0.6045522540807724,-0.6045522540807724
28,40,5,5,95,dishrag/dishrag_01b.jpg,dishrag,0.697674419,0.37018168717622757,-0.37018168717622757
28,40,6,6,94,coconut/coconut_01b.jpg,coconut,0.833333333,0.3888109251856804,-0.3888109251856804
28,40,7,7,93,cape/cape_01b.jpg,cape,0.87804878,0.302427738904953,-0.302427738904953
28,40,8,8,92,artichoke/artichoke_01b.jpg,artichoke,0.658536585,0.8570572212338448,-0.8570572212338448
28,40,9,9,91,costume/costume_01b.jpg,costume,0.902439024,0.41350722312927246,-0.41350722312927246
28,40,10,10,90,basketball_hoop/basketball_hoop_01b.jpg,basketball_hoop,0.725,0.49889153242111206,-0.49889153242111206
28,40,11,11,89,chihuahua/chihuahua_01b.jpg,chihuahua,0.923076923,1.329856812953949,-1.329856812953949
28,40,12,12,88,bagel/bagel_01s.jpg,bagel,0.902439024,0.458140604197979,-0.458140604197979
28,40,13,13,87,blower/blower_01b.jpg,blower,0.928571429,0.42401576042175293,-0.42401576042175293
28,40,14,14,86,bison/bison_01b.jpg,bison,0.868421053,0.5995359569787979,-0.5995359569787979
28,40,15,15,85,curry/curry_01b.jpg,curry,0.675,0.4046742469072342,-0.4046742469072342
28,40,16,16,84,calf2/calf2_01b.jpg,calf2,0.880952381,0.2901335209608078,-0.2901335209608078
28,40,17,17,83,battery/battery_01b.jpg,battery,0.860465116,0.3156437277793884,-0.3156437277793884
28,40,18,18,82,board/board_01b.jpg,board,0.894736842,0.519921600818634,-0.519921600818634
28,40,19,19,81,clothespin/clothespin_01b.jpg,clothespin,0.840909091,0.4443045109510422,-0.4443045109510422
28,40,20,20,80,airplane/airplane_01b.jpg,airplane,0.720930233,0.28404221311211586,-0.28404221311211586
28,40,21,21,79,baklava/baklava_01s.jpg,baklava,0.702702703,0.4543181359767914,-0.4543181359767914
28,40,22,22,78,bulldozer/bulldozer_01b.jpg,bulldozer,0.619047619,0.5085012093186378,-0.5085012093186378
28,40,23,23,77,cobra/cobra_01b.jpg,cobra,0.853658537,1.6167131960391998,-1.6167131960391998
28,40,24,24,76,contact_lens/contact_lens_01s.jpg,contact_lens,0.872435897,0.2787574455142021,-0.2787574455142021
28,40,25,25,75,beard/beard_01b.jpg,beard,0.875,0.43969692289829254,-0.43969692289829254
28,40,26,26,74,cord/cord_01b.jpg,cord,0.674418605,0.4560369849205017,-0.4560369849205017
28,40,27,27,73,bottle/bottle_01b.jpg,bottle,0.717948718,0.46290332078933716,-0.46290332078933716
28,40,28,28,72,beaker/beaker_01b.jpg,beaker,0.846153846,0.508398562669754,-0.508398562669754
28,40,29,29,71,compass/compass_01b.jpg,compass,0.625,0.7534994930028915,-0.7534994930028915
28,40,30,30,70,chocolate/chocolate_01b.jpg,chocolate,0.875,0.30544594675302505,-0.30544594675302505
28,40,31,31,69,banana/banana_01b.jpg,banana,0.85,0.4008372649550438,-0.4008372649550438
28,40,32,32,68,anklet/anklet_01b.jpg,anklet,0.95,0.2765312045812607,-0.2765312045812607
28,40,33,33,67,cabbage/cabbage_01b.jpg,cabbage,0.682926829,0.5389791652560234,-0.5389791652560234
28,40,34,34,66,cabinet/cabinet_01s.jpg,cabinet,0.6,0.3491582050919533,-0.3491582050919533
28,40,35,35,65,bazooka/bazooka_01b.jpg,bazooka,0.9,0.34607531130313873,-0.34607531130313873
28,40,36,36,64,bib/bib_01n.jpg,bib,0.925,0.5063784644007683,-0.5063784644007683
28,40,37,37,63,defibrillator/defibrillator_01b.jpg,defibrillator,0.55,0.5045998245477676,-0.5045998245477676
28,40,38,38,62,camel/camel_01b.jpg,camel,0.85,0.454679012298584,-0.454679012298584
28,40,39,39,61,clasp/clasp_01b.jpg,clasp,0.707317073,0.8378742933273315,-0.8378742933273315
28,40,40,40,60,cannonball/cannonball_01b.jpg,cannonball,0.725,0.4950716271996498,-0.4950716271996498
28,40,41,41,59,deer/deer_01b.jpg,deer,0.65,0.4964991956949234,-0.4964991956949234
28,40,42,42,58,clover/clover_01b.jpg,clover,0.69047619,0.4183172285556793,-0.4183172285556793
28,40,43,43,57,chalk/chalk_01b.jpg,chalk,0.88372093,0.4245214983820915,-0.4245214983820915
28,40,44,44,56,beetle/beetle_01b.jpg,beetle,0.897435897,0.4411475658416748,-0.4411475658416748
28,40,45,45,55,bamboo/bamboo_01b.jpg,bamboo,0.714285714,0.46463149785995483,-0.46463149785995483
28,40,46,46,54,brussels_sprouts/brussels_sprouts_01b.jpg,brussels_sprouts,0.7,0.7944716960191727,-0.7944716960191727
28,40,47,47,53,binoculars/binoculars_01s.jpg,binoculars,0.595238095,0.37355606257915497,-0.37355606257915497
28,40,48,48,52,bonnet/bonnet_01s.jpg,bonnet,0.871794872,0.32648084312677383,-0.32648084312677383
28,40,49,49,51,amber/amber_01b.jpg,amber,0.87804878,0.3357967212796211,-0.3357967212796211
28,40,50,50,50,ankle/ankle_01b.jpg,ankle,0.850609756,0.2742367461323738,-0.2742367461323738
29,41,1,1,99,baklava/baklava_01s.jpg,baklava,0.702702703,0.5362376347184181,-0.5362376347184181
29,41,2,2,98,chalk/chalk_01b.jpg,chalk,0.88372093,0.3993743658065796,-0.3993743658065796
29,41,3,3,97,compass/compass_01b.jpg,compass,0.625,1.4589858651161194,-1.4589858651161194
29,41,4,4,96,abacus/abacus_01b.jpg,abacus,0.648648649,1.0566879361867905,-1.0566879361867905
29,41,5,5,95,blower/blower_01b.jpg,blower,0.928571429,0.40634651482105255,-0.40634651482105255
29,41,6,6,94,banana/banana_01b.jpg,banana,0.85,0.4978063628077507,-0.4978063628077507
29,41,7,7,93,bib/bib_01n.jpg,bib,0.925,0.4788956940174103,-0.4788956940174103
29,41,8,8,92,cabbage/cabbage_01b.jpg,cabbage,0.682926829,1.388783261179924,-1.388783261179924
29,41,9,9,91,ankle/ankle_01b.jpg,ankle,0.850609756,0.27221694588661194,-0.27221694588661194
29,41,10,10,90,coconut/coconut_01b.jpg,coconut,0.833333333,0.3987872302532196,-0.3987872302532196
29,41,11,11,89,board/board_01b.jpg,board,0.894736842,0.48832203447818756,-0.48832203447818756
29,41,12,12,88,beetle/beetle_01b.jpg,beetle,0.897435897,0.5742761567234993,-0.5742761567234993
29,41,13,13,87,cape/cape_01b.jpg,cape,0.87804878,0.36656709015369415,-0.36656709015369415
29,41,14,14,86,battery/battery_01b.jpg,battery,0.860465116,0.3334892839193344,-0.3334892839193344
29,41,15,15,85,cobra/cobra_01b.jpg,cobra,0.853658537,0.8567700684070587,-0.8567700684070587
29,41,16,16,84,bulldozer/bulldozer_01b.jpg,bulldozer,0.619047619,0.5805316641926765,-0.5805316641926765
29,41,17,17,83,amber/amber_01b.jpg,amber,0.87804878,0.36468605697155,-0.36468605697155
29,41,18,18,82,curry/curry_01b.jpg,curry,0.675,0.443140909075737,-0.443140909075737
29,41,19,19,81,binoculars/binoculars_01s.jpg,binoculars,0.595238095,0.4210233986377716,-0.4210233986377716
29,41,20,20,80,antenna/antenna_01b.jpg,antenna,0.641025641,0.3489439934492111,-0.3489439934492111
29,41,21,21,79,bonnet/bonnet_01s.jpg,bonnet,0.871794872,0.32052092999219894,-0.32052092999219894
29,41,22,22,78,clover/clover_01b.jpg,clover,0.69047619,0.41998083889484406,-0.41998083889484406
29,41,23,23,77,beaker/beaker_01b.jpg,beaker,0.846153846,0.5039957612752914,-0.5039957612752914
29,41,24,24,76,cornmeal/cornmeal_01b.jpg,cornmeal,0.846153846,0.654832124710083,-0.654832124710083
29,41,25,25,75,cabinet/cabinet_01s.jpg,cabinet,0.6,0.31209514290094376,-0.31209514290094376
29,41,26,26,74,calf2/calf2_01b.jpg,calf2,0.880952381,0.26445944607257843,-0.26445944607257843
29,41,27,27,73,bazooka/bazooka_01b.jpg,bazooka,0.9,0.3526095375418663,-0.3526095375418663
29,41,28,28,72,bottle/bottle_01b.jpg,bottle,0.717948718,0.4147617220878601,-0.4147617220878601
29,41,29,29,71,bolo_tie/bolo_tie_01b.jpg,bolo_tie,0.833333333,0.39340466260910034,-0.39340466260910034
29,41,30,30,70,bison/bison_01b.jpg,bison,0.868421053,0.42591022700071335,-0.42591022700071335
29,41,31,31,69,deer/deer_01b.jpg,deer,0.65,0.5123741179704666,-0.5123741179704666
29,41,32,32,68,chihuahua/chihuahua_01b.jpg,chihuahua,0.923076923,1.3372980654239655,-1.3372980654239655
29,41,33,33,67,airplane/airplane_01b.jpg,airplane,0.720930233,0.3920832946896553,-0.3920832946896553
29,41,34,34,66,contact_lens/contact_lens_01s.jpg,contact_lens,0.872435897,0.3235986679792404,-0.3235986679792404
29,41,35,35,65,artichoke/artichoke_01b.jpg,artichoke,0.658536585,0.7436950206756592,-0.7436950206756592
29,41,36,36,64,camel/camel_01b.jpg,camel,0.85,0.45630188286304474,-0.45630188286304474
29,41,37,37,63,defibrillator/defibrillator_01b.jpg,defibrillator,0.55,0.5739455074071884,-0.5739455074071884
29,41,38,38,62,brussels_sprouts/brussels_sprouts_01b.jpg,brussels_sprouts,0.7,0.9856791645288467,-0.9856791645288467
29,41,39,39,61,brake/brake_01b.jpg,brake,0.463414634,0.3344743251800537,-0.3344743251800537
29,41,40,40,60,bagel/bagel_01s.jpg,bagel,0.902439024,0.6141165196895599,-0.6141165196895599
29,41,41,41,59,costume/costume_01b.jpg,costume,0.902439024,0.39093346893787384,-0.39093346893787384
29,41,42,42,58,clasp/clasp_01b.jpg,clasp,0.707317073,0.9037060588598251,-0.9037060588598251
29,41,43,43,57,beard/beard_01b.jpg,beard,0.875,0.4119976907968521,-0.4119976907968521
29,41,44,44,56,bamboo/bamboo_01b.jpg,bamboo,0.714285714,0.37432532757520676,-0.37432532757520676
29,41,45,45,55,chocolate/chocolate_01b.jpg,chocolate,0.875,0.28715427964925766,-0.28715427964925766
29,41,46,46,54,anklet/anklet_01b.jpg,anklet,0.95,0.33844561129808426,-0.33844561129808426
29,41,47,47,53,cord/cord_01b.jpg,cord,0.674418605,0.5249927341938019,-0.5249927341938019
29,41,48,48,52,dishrag/dishrag_01b.jpg,dishrag,0.697674419,0.2995210513472557,-0.2995210513472557
29,41,49,49,51,basketball_hoop/basketball_hoop_01b.jpg,basketball_hoop,0.725,0.5051014721393585,-0.5051014721393585
29,41,50,50,50,clothespin/clothespin_01b.jpg,clothespin,0.840909091,0.46790025383234024,-0.46790025383234024
30,42,1,1,99,beaker/beaker_01b.jpg,beaker,0.846153846,1.5200847834348679,-1.5200847834348679
30,42,2,2,98,coconut/coconut_01b.jpg,coconut,0.833333333,0.44373834133148193,-0.44373834133148193
30,42,3,3,97,bottle/bottle_01b.jpg,bottle,0.717948718,0.5137853622436523,-0.5137853622436523
30,42,4,4,96,curry/curry_01b.jpg,curry,0.675,0.46380454301834106,-0.46380454301834106
30,42,5,5,95,bulldozer/bulldozer_01b.jpg,bulldozer,0.619047619,0.6114884316921234,-0.6114884316921234
30,42,6,6,94,costume/costume_01b.jpg,costume,0.902439024,0.43252426385879517,-0.43252426385879517
30,42,7,7,93,cornmeal/cornmeal_01b.jpg,cornmeal,0.846153846,1.3857676684856415,-1.3857676684856415
30,42,8,8,92,artichoke/artichoke_01b.jpg,artichoke,0.658536585,0.9064759388566017,-0.9064759388566017
30,42,9,9,91,ankle/ankle_01b.jpg,ankle,0.850609756,0.2712600380182266,-0.2712600380182266
30,42,10,10,90,baklava/baklava_01s.jpg,baklava,0.702702703,0.4435569792985916,-0.4435569792985916
30,42,11,11,89,battery/battery_01b.jpg,battery,0.860465116,0.32676681876182556,-0.32676681876182556
30,42,12,12,88,cockatoo/cockatoo_01b.jpg,cockatoo,0.829268293,0.6049401834607124,-0.6049401834607124
30,42,13,13,87,cabbage/cabbage_01b.jpg,cabbage,0.682926829,0.7336363717913628,-0.7336363717913628
30,42,14,14,86,cabinet/cabinet_01s.jpg,cabinet,0.6,0.3255212604999542,-0.3255212604999542
30,42,15,15,85,calf2/calf2_01b.jpg,calf2,0.880952381,0.2957429885864258,-0.2957429885864258
30,42,16,16,84,cape/cape_01b.jpg,cape,0.87804878,0.31497006118297577,-0.31497006118297577
30,42,17,17,83,cord/cord_01b.jpg,cord,0.674418605,0.47874777019023895,-0.47874777019023895
30,42,18,18,82,clothespin/clothespin_01b.jpg,clothespin,0.840909091,0.3816040977835655,-0.3816040977835655
30,42,19,19,81,beard/beard_01b.jpg,beard,0.875,0.4402921050786972,-0.4402921050786972
30,42,20,20,80,brake/brake_01b.jpg,brake,0.463414634,0.3334299251437187,-0.3334299251437187
30,42,21,21,79,bazooka/bazooka_01b.jpg,bazooka,0.9,0.33393876254558563,-0.33393876254558563
30,42,22,22,78,bamboo/bamboo_01b.jpg,bamboo,0.714285714,0.47658054530620575,-0.47658054530620575
30,42,23,23,77,bonnet/bonnet_01s.jpg,bonnet,0.871794872,0.3290885463356972,-0.3290885463356972
30,42,24,24,76,blower/blower_01b.jpg,blower,0.928571429,0.4560229033231735,-0.4560229033231735
30,42,25,25,75,board/board_01b.jpg,board,0.894736842,0.506360799074173,-0.506360799074173
30,42,26,26,74,cobra/cobra_01b.jpg,cobra,0.853658537,1.062897801399231,-1.062897801399231
30,42,27,27,73,camel/camel_01b.jpg,camel,0.85,0.4842803478240967,-0.4842803478240967
30,42,28,28,72,airplane/airplane_01b.jpg,airplane,0.720930233,0.29058193787932396,-0.29058193787932396
30,42,29,29,71,bolo_tie/bolo_tie_01b.jpg,bolo_tie,0.833333333,0.4180416315793991,-0.4180416315793991
30,42,30,30,70,beetle/beetle_01b.jpg,beetle,0.897435897,0.46656615287065506,-0.46656615287065506
30,42,31,31,69,chihuahua/chihuahua_01b.jpg,chihuahua,0.923076923,1.3559947609901428,-1.3559947609901428
30,42,32,32,68,chocolate/chocolate_01b.jpg,chocolate,0.875,0.30652912706136703,-0.30652912706136703
30,42,33,33,67,bison/bison_01b.jpg,bison,0.868421053,0.4487367197871208,-0.4487367197871208
30,42,34,34,66,bagel/bagel_01s.jpg,bagel,0.902439024,0.5140385776758194,-0.5140385776758194
30,42,35,35,65,clover/clover_01b.jpg,clover,0.69047619,0.42629869282245636,-0.42629869282245636
30,42,36,36,64,anklet/anklet_01b.jpg,anklet,0.95,0.3212278187274933,-0.3212278187274933
30,42,37,37,63,bib/bib_01n.jpg,bib,0.925,0.5135846510529518,-0.5135846510529518
30,42,38,38,62,binoculars/binoculars_01s.jpg,binoculars,0.595238095,0.3801969960331917,-0.3801969960331917
30,42,39,39,61,banana/banana_01b.jpg,banana,0.85,0.38990459591150284,-0.38990459591150284
30,42,40,40,60,amber/amber_01b.jpg,amber,0.87804878,0.3491736799478531,-0.3491736799478531
30,42,41,41,59,compass/compass_01b.jpg,compass,0.625,0.845307931303978,-0.845307931303978
30,42,42,42,58,contact_lens/contact_lens_01s.jpg,contact_lens,0.872435897,0.29908475279808044,-0.29908475279808044
30,42,43,43,57,antenna/antenna_01b.jpg,antenna,0.641025641,0.34906870871782303,-0.34906870871782303
30,42,44,44,56,deer/deer_01b.jpg,deer,0.65,0.5242227911949158,-0.5242227911949158
30,42,45,45,55,dishrag/dishrag_01b.jpg,dishrag,0.697674419,0.340271033346653,-0.340271033346653
30,42,46,46,54,brussels_sprouts/brussels_sprouts_01b.jpg,brussels_sprouts,0.7,0.7856744974851608,-0.7856744974851608
30,42,47,47,53,clasp/clasp_01b.jpg,clasp,0.707317073,0.7750333845615387,-0.7750333845615387
30,42,48,48,52,defibrillator/defibrillator_01b.jpg,defibrillator,0.55,0.5418609231710434,-0.5418609231710434
30,42,49,49,51,abacus/abacus_01b.jpg,abacus,0.648648649,0.5955199599266052,-0.5955199599266052
30,42,50,50,50,chalk/chalk_01b.jpg,chalk,0.88372093,0.406194731593132,-0.406194731593132
31,43,1,1,99,clover/clover_01b.jpg,clover,0.69047619,0.4256056696176529,-0.4256056696176529
31,43,2,2,98,contact_lens/contact_lens_01s.jpg,contact_lens,0.872435897,0.3184503838419914,-0.3184503838419914
31,43,3,3,97,carousel/carousel_01b.jpg,carousel,0.829268293,0.42083384096622467,-0.42083384096622467
31,43,4,4,96,bottle/bottle_01b.jpg,bottle,0.717948718,0.4195185899734497,-0.4195185899734497
31,43,5,5,95,clasp/clasp_01b.jpg,clasp,0.707317073,0.9290713965892792,-0.9290713965892792
31,43,6,6,94,dishrag/dishrag_01b.jpg,dishrag,0.697674419,0.35526008158922195,-0.35526008158922195
31,43,7,7,93,abacus/abacus_01b.jpg,abacus,0.648648649,0.7997390329837799,-0.7997390329837799
31,43,8,8,92,calf2/calf2_01b.jpg,calf2,0.880952381,0.2710730880498886,-0.2710730880498886
31,43,9,9,91,cord/cord_01b.jpg,cord,0.674418605,0.5245367586612701,-0.5245367586612701
31,43,10,10,90,anklet/anklet_01b.jpg,anklet,0.95,0.31291505694389343,-0.31291505694389343
31,43,11,11,89,blower/blower_01b.jpg,blower,0.928571429,0.39738577604293823,-0.39738577604293823
31,43,12,12,88,chihuahua/chihuahua_01b.jpg,chihuahua,0.923076923,1.4610397219657898,-1.4610397219657898
31,43,13,13,87,brake/brake_01b.jpg,brake,0.463414634,0.31389762461185455,-0.31389762461185455
31,43,14,14,86,cobra/cobra_01b.jpg,cobra,0.853658537,0.8194471895694733,-0.8194471895694733
31,43,15,15,85,bazooka/bazooka_01b.jpg,bazooka,0.9,0.36519018560647964,-0.36519018560647964
31,43,16,16,84,bolo_tie/bolo_tie_01b.jpg,bolo_tie,0.833333333,0.42653071880340576,-0.42653071880340576
31,43,17,17,83,deer/deer_01b.jpg,deer,0.65,0.5087553411722183,-0.5087553411722183
31,43,18,18,82,cockatoo/cockatoo_01b.jpg,cockatoo,0.829268293,0.6292806565761566,-0.6292806565761566
31,43,19,19,81,chocolate/chocolate_01b.jpg,chocolate,0.875,0.30947186052799225,-0.30947186052799225
31,43,20,20,80,clothespin/clothespin_01b.jpg,clothespin,0.840909091,0.46159374713897705,-0.46159374713897705
31,43,21,21,79,brussels_sprouts/brussels_sprouts_01b.jpg,brussels_sprouts,0.7,0.7565273344516754,-0.7565273344516754
31,43,22,22,78,baklava/baklava_01s.jpg,baklava,0.702702703,0.4304186701774597,-0.4304186701774597
31,43,23,23,77,compass/compass_01b.jpg,compass,0.625,0.8931306451559067,-0.8931306451559067
31,43,24,24,76,board/board_01b.jpg,board,0.894736842,0.49237653613090515,-0.49237653613090515
31,43,25,25,75,bulldozer/bulldozer_01b.jpg,bulldozer,0.619047619,0.5109228193759918,-0.5109228193759918
31,43,26,26,74,cabbage/cabbage_01b.jpg,cabbage,0.682926829,1.0505561754107475,-1.0505561754107475
31,43,27,27,73,camel/camel_01b.jpg,camel,0.85,0.46865975856781006,-0.46865975856781006
31,43,28,28,72,cornmeal/cornmeal_01b.jpg,cornmeal,0.846153846,0.5417945832014084,-0.5417945832014084
31,43,29,29,71,cabinet/cabinet_01s.jpg,cabinet,0.6,0.3159617781639099,-0.3159617781639099
31,43,30,30,70,bonnet/bonnet_01s.jpg,bonnet,0.871794872,0.30979400873184204,-0.30979400873184204
31,43,31,31,69,amber/amber_01b.jpg,amber,0.87804878,0.32129907608032227,-0.32129907608032227
31,43,32,32,68,curry/curry_01b.jpg,curry,0.675,0.40948382019996643,-0.40948382019996643
31,43,33,33,67,beaker/beaker_01b.jpg,beaker,0.846153846,0.4221310168504715,-0.4221310168504715
31,43,34,34,66,beard/beard_01b.jpg,beard,0.875,0.411934569478035,-0.411934569478035
31,43,35,35,65,bib/bib_01n.jpg,bib,0.925,0.45749370008707047,-0.45749370008707047
31,43,36,36,64,banana/banana_01b.jpg,banana,0.85,0.34684722125530243,-0.34684722125530243
31,43,37,37,63,bison/bison_01b.jpg,bison,0.868421053,0.4191141426563263,-0.4191141426563263
31,43,38,38,62,defibrillator/defibrillator_01b.jpg,defibrillator,0.55,0.5413911491632462,-0.5413911491632462
31,43,39,39,61,chalk/chalk_01b.jpg,chalk,0.88372093,0.3812124878168106,-0.3812124878168106
31,43,40,40,60,battery/battery_01b.jpg,battery,0.860465116,0.29694830626249313,-0.29694830626249313
31,43,41,41,59,cape/cape_01b.jpg,cape,0.87804878,0.3199440464377403,-0.3199440464377403
31,43,42,42,58,costume/costume_01b.jpg,costume,0.902439024,0.4189784973859787,-0.4189784973859787
31,43,43,43,57,antenna/antenna_01b.jpg,antenna,0.641025641,0.3433520048856735,-0.3433520048856735
31,43,44,44,56,beetle/beetle_01b.jpg,beetle,0.897435897,0.4704578220844269,-0.4704578220844269
31,43,45,45,55,coconut/coconut_01b.jpg,coconut,0.833333333,0.36605148017406464,-0.36605148017406464
31,43,46,46,54,ankle/ankle_01b.jpg,ankle,0.850609756,0.26566287502646446,-0.26566287502646446
31,43,47,47,53,artichoke/artichoke_01b.jpg,artichoke,0.658536585,0.7614047825336456,-0.7614047825336456
31,43,48,48,52,bagel/bagel_01s.jpg,bagel,0.902439024,0.5773700550198555,-0.5773700550198555
31,43,49,49,51,bamboo/bamboo_01b.jpg,bamboo,0.714285714,0.4190467596054077,-0.4190467596054077
31,43,50,50,50,binoculars/binoculars_01s.jpg,binoculars,0.595238095,0.39751191437244415,-0.39751191437244415
32,44,1,1,99,camel/camel_01b.jpg,camel,0.85,0.5578890144824982,-0.5578890144824982
32,44,2,2,98,clasp/clasp_01b.jpg,clasp,0.707317073,1.0766087621450424,-1.0766087621450424
32,44,3,3,97,cape/cape_01b.jpg,cape,0.87804878,0.34323688596487045,-0.34323688596487045
32,44,4,4,96,ankle/ankle_01b.jpg,ankle,0.850609756,0.2635233849287033,-0.2635233849287033
32,44,5,5,95,deer/deer_01b.jpg,deer,0.65,0.5021234750747681,-0.5021234750747681
32,44,6,6,94,brussels_sprouts/brussels_sprouts_01b.jpg,brussels_sprouts,0.7,0.763966515660286,-0.763966515660286
32,44,7,7,93,anklet/anklet_01b.jpg,anklet,0.95,0.3347105011343956,-0.3347105011343956
32,44,8,8,92,beard/beard_01b.jpg,beard,0.875,0.38662607967853546,-0.38662607967853546
32,44,9,9,91,clover/clover_01b.jpg,clover,0.69047619,0.4508240669965744,-0.4508240669965744
32,44,10,10,90,amber/amber_01b.jpg,amber,0.87804878,0.3649662137031555,-0.3649662137031555
32,44,11,11,89,calf2/calf2_01b.jpg,calf2,0.880952381,0.26179511845111847,-0.26179511845111847
32,44,12,12,88,banana/banana_01b.jpg,banana,0.85,0.4620134085416794,-0.4620134085416794
32,44,13,13,87,chalk/chalk_01b.jpg,chalk,0.88372093,0.418849341571331,-0.418849341571331
32,44,14,14,86,carousel/carousel_01b.jpg,carousel,0.829268293,0.4190176725387573,-0.4190176725387573
32,44,15,15,85,bulldozer/bulldozer_01b.jpg,bulldozer,0.619047619,0.5726998746395111,-0.5726998746395111
32,44,16,16,84,cobra/cobra_01b.jpg,cobra,0.853658537,0.8434019088745117,-0.8434019088745117
32,44,17,17,83,coconut/coconut_01b.jpg,coconut,0.833333333,0.42022211849689484,-0.42022211849689484
32,44,18,18,82,baklava/baklava_01s.jpg,baklava,0.702702703,0.421636700630188,-0.421636700630188
32,44,19,19,81,cabinet/cabinet_01s.jpg,cabinet,0.6,0.29377445578575134,-0.29377445578575134
32,44,20,20,80,compass/compass_01b.jpg,compass,0.625,0.8577598035335541,-0.8577598035335541
32,44,21,21,79,blower/blower_01b.jpg,blower,0.928571429,0.4015291631221771,-0.4015291631221771
32,44,22,22,78,artichoke/artichoke_01b.jpg,artichoke,0.658536585,0.6343694925308228,-0.6343694925308228
32,44,23,23,77,beaker/beaker_01b.jpg,beaker,0.846153846,0.4931785315275192,-0.4931785315275192
32,44,24,24,76,binoculars/binoculars_01s.jpg,binoculars,0.595238095,0.362730048596859,-0.362730048596859
32,44,25,25,75,chihuahua/chihuahua_01b.jpg,chihuahua,0.923076923,1.3744582831859589,-1.3744582831859589
32,44,26,26,74,bib/bib_01n.jpg,bib,0.925,0.47933945059776306,-0.47933945059776306
32,44,27,27,73,cockatoo/cockatoo_01b.jpg,cockatoo,0.829268293,0.5414366200566292,-0.5414366200566292
32,44,28,28,72,bolo_tie/bolo_tie_01b.jpg,bolo_tie,0.833333333,0.41049550473690033,-0.41049550473690033
32,44,29,29,71,battery/battery_01b.jpg,battery,0.860465116,0.3288370445370674,-0.3288370445370674
32,44,30,30,70,cabbage/cabbage_01b.jpg,cabbage,0.682926829,0.8916691094636917,-0.8916691094636917
32,44,31,31,69,board/board_01b.jpg,board,0.894736842,0.4774644821882248,-0.4774644821882248
32,44,32,32,68,bazooka/bazooka_01b.jpg,bazooka,0.9,0.3573722615838051,-0.3573722615838051
32,44,33,33,67,almond/almond_01b.jpg,almond,0.829268293,0.4249906539916992,-0.4249906539916992
32,44,34,34,66,bison/bison_01b.jpg,bison,0.868421053,0.40301305055618286,-0.40301305055618286
32,44,35,35,65,cord/cord_01b.jpg,cord,0.674418605,0.5201940089464188,-0.5201940089464188
32,44,36,36,64,antenna/antenna_01b.jpg,antenna,0.641025641,0.3444777876138687,-0.3444777876138687
32,44,37,37,63,brake/brake_01b.jpg,brake,0.463414634,0.3428201898932457,-0.3428201898932457
32,44,38,38,62,chocolate/chocolate_01b.jpg,chocolate,0.875,0.3056008741259575,-0.3056008741259575
32,44,39,39,61,costume/costume_01b.jpg,costume,0.902439024,0.3833535686135292,-0.3833535686135292
32,44,40,40,60,beetle/beetle_01b.jpg,beetle,0.897435897,0.41853616386651993,-0.41853616386651993
32,44,41,41,59,defibrillator/defibrillator_01b.jpg,defibrillator,0.55,0.5877616107463837,-0.5877616107463837
32,44,42,42,58,bamboo/bamboo_01b.jpg,bamboo,0.714285714,0.4002729058265686,-0.4002729058265686
32,44,43,43,57,dishrag/dishrag_01b.jpg,dishrag,0.697674419,0.3142743185162544,-0.3142743185162544
32,44,44,44,56,clothespin/clothespin_01b.jpg,clothespin,0.840909091,0.394010566174984,-0.394010566174984
32,44,45,45,55,curry/curry_01b.jpg,curry,0.675,0.40274959802627563,-0.40274959802627563
32,44,46,46,54,abacus/abacus_01b.jpg,abacus,0.648648649,0.7522207498550415,-0.7522207498550415
32,44,47,47,53,bagel/bagel_01s.jpg,bagel,0.902439024,0.6553459167480469,-0.6553459167480469
32,44,48,48,52,contact_lens/contact_lens_01s.jpg,contact_lens,0.872435897,0.3236771374940872,-0.3236771374940872
32,44,49,49,51,bonnet/bonnet_01s.jpg,bonnet,0.871794872,0.3457697629928589,-0.3457697629928589
32,44,50,50,50,cornmeal/cornmeal_01b.jpg,cornmeal,0.846153846,0.6123761236667633,-0.6123761236667633
33,45,1,1,99,bison/bison_01b.jpg,bison,0.868421053,0.7982990741729736,-0.7982990741729736
33,45,2,2,98,chocolate/chocolate_01b.jpg,chocolate,0.875,0.3320034071803093,-0.3320034071803093
33,45,3,3,97,dishrag/dishrag_01b.jpg,dishrag,0.697674419,0.37089648097753525,-0.37089648097753525
33,45,4,4,96,cabinet/cabinet_01s.jpg,cabinet,0.6,0.32140739262104034,-0.32140739262104034
33,45,5,5,95,brussels_sprouts/brussels_sprouts_01b.jpg,brussels_sprouts,0.7,1.0216260105371475,-1.0216260105371475
33,45,6,6,94,chalk/chalk_01b.jpg,chalk,0.88372093,0.4158473536372185,-0.4158473536372185
33,45,7,7,93,calf2/calf2_01b.jpg,calf2,0.880952381,0.2859465330839157,-0.2859465330839157
33,45,8,8,92,artichoke/artichoke_01b.jpg,artichoke,0.658536585,0.9660911709070206,-0.9660911709070206
33,45,9,9,91,blower/blower_01b.jpg,blower,0.928571429,0.4329139515757561,-0.4329139515757561
33,45,10,10,90,bib/bib_01n.jpg,bib,0.925,0.5201837047934532,-0.5201837047934532
33,45,11,11,89,carousel/carousel_01b.jpg,carousel,0.829268293,0.4369891658425331,-0.4369891658425331
33,45,12,12,88,curry/curry_01b.jpg,curry,0.675,0.3984963446855545,-0.3984963446855545
33,45,13,13,87,cabbage/cabbage_01b.jpg,cabbage,0.682926829,0.7645030319690704,-0.7645030319690704
33,45,14,14,86,chihuahua/chihuahua_01b.jpg,chihuahua,0.923076923,1.379552036523819,-1.379552036523819
33,45,15,15,85,bazooka/bazooka_01b.jpg,bazooka,0.9,0.4206652566790581,-0.4206652566790581
33,45,16,16,84,cord/cord_01b.jpg,cord,0.674418605,0.5336535423994064,-0.5336535423994064
33,45,17,17,83,costume/costume_01b.jpg,costume,0.902439024,0.4325578063726425,-0.4325578063726425
33,45,18,18,82,amber/amber_01b.jpg,amber,0.87804878,0.34658104181289673,-0.34658104181289673
33,45,19,19,81,beetle/beetle_01b.jpg,beetle,0.897435897,0.5214270800352097,-0.5214270800352097
33,45,20,20,80,banana/banana_01b.jpg,banana,0.85,0.3999086618423462,-0.3999086618423462
33,45,21,21,79,ankle/ankle_01b.jpg,ankle,0.850609756,0.2620183750987053,-0.2620183750987053
33,45,22,22,78,beard/beard_01b.jpg,beard,0.875,0.4201968014240265,-0.4201968014240265
33,45,23,23,77,contact_lens/contact_lens_01s.jpg,contact_lens,0.872435897,0.3098490461707115,-0.3098490461707115
33,45,24,24,76,clover/clover_01b.jpg,clover,0.69047619,0.40580955147743225,-0.40580955147743225
33,45,25,25,75,bolo_tie/bolo_tie_01b.jpg,bolo_tie,0.833333333,0.45507851243019104,-0.45507851243019104
33,45,26,26,74,clothespin/clothespin_01b.jpg,clothespin,0.840909091,0.38537976890802383,-0.38537976890802383
33,45,27,27,73,antenna/antenna_01b.jpg,antenna,0.641025641,0.37443264573812485,-0.37443264573812485
33,45,28,28,72,bonnet/bonnet_01s.jpg,bonnet,0.871794872,0.31441572308540344,-0.31441572308540344
33,45,29,29,71,coconut/coconut_01b.jpg,coconut,0.833333333,0.4302179664373398,-0.4302179664373398
33,45,30,30,70,camel/camel_01b.jpg,camel,0.85,0.48414184153079987,-0.48414184153079987
33,45,31,31,69,beaker/beaker_01b.jpg,beaker,0.846153846,0.4600180834531784,-0.4600180834531784
33,45,32,32,68,anklet/anklet_01b.jpg,anklet,0.95,0.3426317349076271,-0.3426317349076271
33,45,33,33,67,deer/deer_01b.jpg,deer,0.65,0.5353547856211662,-0.5353547856211662
33,45,34,34,66,board/board_01b.jpg,board,0.894736842,0.46729105710983276,-0.46729105710983276
33,45,35,35,65,binoculars/binoculars_01s.jpg,binoculars,0.595238095,0.40838925540447235,-0.40838925540447235
33,45,36,36,64,bagel/bagel_01s.jpg,bagel,0.902439024,0.5427777916193008,-0.5427777916193008
33,45,37,37,63,cape/cape_01b.jpg,cape,0.87804878,0.338685005903244,-0.338685005903244
33,45,38,38,62,cookie/cookie_01b.jpg,cookie,0.825,0.49862681329250336,-0.49862681329250336
33,45,39,39,61,abacus/abacus_01b.jpg,abacus,0.648648649,0.6333377808332443,-0.6333377808332443
33,45,40,40,60,brake/brake_01b.jpg,brake,0.463414634,0.3906122297048569,-0.3906122297048569
33,45,41,41,59,cobra/cobra_01b.jpg,cobra,0.853658537,1.5161157548427582,-1.5161157548427582
33,45,42,42,58,bulldozer/bulldozer_01b.jpg,bulldozer,0.619047619,0.5120578706264496,-0.5120578706264496
33,45,43,43,57,defibrillator/defibrillator_01b.jpg,defibrillator,0.55,0.5635170787572861,-0.5635170787572861
33,45,44,44,56,cockatoo/cockatoo_01b.jpg,cockatoo,0.829268293,0.8471186831593513,-0.8471186831593513
33,45,45,45,55,almond/almond_01b.jpg,almond,0.829268293,0.4152676463127136,-0.4152676463127136
33,45,46,46,54,compass/compass_01b.jpg,compass,0.625,0.8260024338960648,-0.8260024338960648
33,45,47,47,53,baklava/baklava_01s.jpg,baklava,0.702702703,0.47670748829841614,-0.47670748829841614
33,45,48,48,52,battery/battery_01b.jpg,battery,0.860465116,0.3250619098544121,-0.3250619098544121
33,45,49,49,51,cornmeal/cornmeal_01b.jpg,cornmeal,0.846153846,0.6487320810556412,-0.6487320810556412
33,45,50,50,50,clasp/clasp_01b.jpg,clasp,0.707317073,0.9762674123048782,-0.9762674123048782
34,46,1,1,99,banana/banana_01b.jpg,banana,0.85,0.6743701547384262,-0.6743701547384262
34,46,2,2,98,antenna/antenna_01b.jpg,antenna,0.641025641,0.32117190957069397,-0.32117190957069397
34,46,3,3,97,blower/blower_01b.jpg,blower,0.928571429,0.3981771022081375,-0.3981771022081375
34,46,4,4,96,cello/cello_01s.jpg,cello,0.825,1.277139127254486,-1.277139127254486
34,46,5,5,95,board/board_01b.jpg,board,0.894736842,0.5669987797737122,-0.5669987797737122
34,46,6,6,94,ankle/ankle_01b.jpg,ankle,0.850609756,0.28587669134140015,-0.28587669134140015
34,46,7,7,93,brake/brake_01b.jpg,brake,0.463414634,0.350362166762352,-0.350362166762352
34,46,8,8,92,beard/beard_01b.jpg,beard,0.875,0.44010311365127563,-0.44010311365127563
34,46,9,9,91,beetle/beetle_01b.jpg,beetle,0.897435897,0.6053433567285538,-0.6053433567285538
34,46,10,10,90,battery/battery_01b.jpg,battery,0.860465116,0.3388916477560997,-0.3388916477560997
34,46,11,11,89,cockatoo/cockatoo_01b.jpg,cockatoo,0.829268293,0.7116668224334717,-0.7116668224334717
34,46,12,12,88,abacus/abacus_01b.jpg,abacus,0.648648649,0.8319992423057556,-0.8319992423057556
34,46,13,13,87,bison/bison_01b.jpg,bison,0.868421053,0.6041082888841629,-0.6041082888841629
34,46,14,14,86,compass/compass_01b.jpg,compass,0.625,1.0035633742809296,-1.0035633742809296
34,46,15,15,85,cobra/cobra_01b.jpg,cobra,0.853658537,1.0334263741970062,-1.0334263741970062
34,46,16,16,84,clover/clover_01b.jpg,clover,0.69047619,0.4754314124584198,-0.4754314124584198
34,46,17,17,83,calf2/calf2_01b.jpg,calf2,0.880952381,0.2684856653213501,-0.2684856653213501
34,46,18,18,82,almond/almond_01b.jpg,almond,0.829268293,0.4552622586488724,-0.4552622586488724
34,46,19,19,81,cornmeal/cornmeal_01b.jpg,cornmeal,0.846153846,0.8350059390068054,-0.8350059390068054
34,46,20,20,80,bagel/bagel_01s.jpg,bagel,0.902439024,0.6020596921443939,-0.6020596921443939
34,46,21,21,79,coconut/coconut_01b.jpg,coconut,0.833333333,0.4065335541963577,-0.4065335541963577
34,46,22,22,78,chocolate/chocolate_01b.jpg,chocolate,0.875,0.2988412231206894,-0.2988412231206894
34,46,23,23,77,curry/curry_01b.jpg,curry,0.675,0.4808807671070099,-0.4808807671070099
34,46,24,24,76,brussels_sprouts/brussels_sprouts_01b.jpg,brussels_sprouts,0.7,0.822767972946167,-0.822767972946167
34,46,25,25,75,camel/camel_01b.jpg,camel,0.85,0.4751533716917038,-0.4751533716917038
34,46,26,26,74,cabbage/cabbage_01b.jpg,cabbage,0.682926829,0.7560294717550278,-0.7560294717550278
34,46,27,27,73,cape/cape_01b.jpg,cape,0.87804878,0.3258877620100975,-0.3258877620100975
34,46,28,28,72,clothespin/clothespin_01b.jpg,clothespin,0.840909091,0.5026107430458069,-0.5026107430458069
34,46,29,29,71,bolo_tie/bolo_tie_01b.jpg,bolo_tie,0.833333333,0.4029710590839386,-0.4029710590839386
34,46,30,30,70,cord/cord_01b.jpg,cord,0.674418605,0.5205403566360474,-0.5205403566360474
34,46,31,31,69,baklava/baklava_01s.jpg,baklava,0.702702703,0.5303113609552383,-0.5303113609552383
34,46,32,32,68,cookie/cookie_01b.jpg,cookie,0.825,0.45970021188259125,-0.45970021188259125
34,46,33,33,67,deer/deer_01b.jpg,deer,0.65,0.47044868767261505,-0.47044868767261505
34,46,34,34,66,bazooka/bazooka_01b.jpg,bazooka,0.9,0.37421486526727676,-0.37421486526727676
34,46,35,35,65,cabinet/cabinet_01s.jpg,cabinet,0.6,0.3357517570257187,-0.3357517570257187
34,46,36,36,64,carousel/carousel_01b.jpg,carousel,0.829268293,0.42848043143749237,-0.42848043143749237
34,46,37,37,63,anklet/anklet_01b.jpg,anklet,0.95,0.3342347964644432,-0.3342347964644432
34,46,38,38,62,defibrillator/defibrillator_01b.jpg,defibrillator,0.55,0.6125135570764542,-0.6125135570764542
34,46,39,39,61,bib/bib_01n.jpg,bib,0.925,0.4603826627135277,-0.4603826627135277
34,46,40,40,60,contact_lens/contact_lens_01s.jpg,contact_lens,0.872435897,0.3334140107035637,-0.3334140107035637
34,46,41,41,59,costume/costume_01b.jpg,costume,0.902439024,0.3976961523294449,-0.3976961523294449
34,46,42,42,58,artichoke/artichoke_01b.jpg,artichoke,0.658536585,0.7069369703531265,-0.7069369703531265
34,46,43,43,57,bonnet/bonnet_01s.jpg,bonnet,0.871794872,0.3212522119283676,-0.3212522119283676
34,46,44,44,56,chalk/chalk_01b.jpg,chalk,0.88372093,0.42466679215431213,-0.42466679215431213
34,46,45,45,55,dishrag/dishrag_01b.jpg,dishrag,0.697674419,0.3203709200024605,-0.3203709200024605
34,46,46,46,54,chihuahua/chihuahua_01b.jpg,chihuahua,0.923076923,1.2204062938690186,-1.2204062938690186
34,46,47,47,53,amber/amber_01b.jpg,amber,0.87804878,0.3225913569331169,-0.3225913569331169
34,46,48,48,52,binoculars/binoculars_01s.jpg,binoculars,0.595238095,0.392277829349041,-0.392277829349041
34,46,49,49,51,beaker/beaker_01b.jpg,beaker,0.846153846,0.46333396434783936,-0.46333396434783936
34,46,50,50,50,bulldozer/bulldozer_01b.jpg,bulldozer,0.619047619,0.4496687352657318,-0.4496687352657318
35,47,1,1,99,calf2/calf2_01b.jpg,calf2,0.880952381,0.3070584461092949,-0.3070584461092949
35,47,2,2,98,cello/cello_01s.jpg,cello,0.825,1.5377279818058014,-1.5377279818058014
35,47,3,3,97,blower/blower_01b.jpg,blower,0.928571429,0.5053966194391251,-0.5053966194391251
35,47,4,4,96,brussels_sprouts/brussels_sprouts_01b.jpg,brussels_sprouts,0.7,1.0396847128868103,-1.0396847128868103
35,47,5,5,95,chihuahua/chihuahua_01b.jpg,chihuahua,0.923076923,1.7348288297653198,-1.7348288297653198
35,47,6,6,94,cabbage/cabbage_01b.jpg,cabbage,0.682926829,0.9404212236404419,-0.9404212236404419
35,47,7,7,93,board/board_01b.jpg,board,0.894736842,0.5395765751600266,-0.5395765751600266
35,47,8,8,92,cape/cape_01b.jpg,cape,0.87804878,0.4333850219845772,-0.4333850219845772
35,47,9,9,91,battery/battery_01b.jpg,battery,0.860465116,0.37953995168209076,-0.37953995168209076
35,47,10,10,90,bib/bib_01n.jpg,bib,0.925,0.48529405891895294,-0.48529405891895294
35,47,11,11,89,cabinet/cabinet_01s.jpg,cabinet,0.6,0.4018087014555931,-0.4018087014555931
35,47,12,12,88,almond/almond_01b.jpg,almond,0.829268293,0.5129649788141251,-0.5129649788141251
35,47,13,13,87,deer/deer_01b.jpg,deer,0.65,0.47017060965299606,-0.47017060965299606
35,47,14,14,86,compass/compass_01b.jpg,compass,0.625,1.104437455534935,-1.104437455534935
35,47,15,15,85,artichoke/artichoke_01b.jpg,artichoke,0.658536585,0.9113078862428665,-0.9113078862428665
35,47,16,16,84,bazooka/bazooka_01b.jpg,bazooka,0.9,0.4268367365002632,-0.4268367365002632
35,47,17,17,83,carousel/carousel_01b.jpg,carousel,0.829268293,0.47043347358703613,-0.47043347358703613
35,47,18,18,82,bagel/bagel_01s.jpg,bagel,0.902439024,0.6242647916078568,-0.6242647916078568
35,47,19,19,81,coconut/coconut_01b.jpg,coconut,0.833333333,0.40909549593925476,-0.40909549593925476
35,47,20,20,80,dishrag/dishrag_01b.jpg,dishrag,0.697674419,0.3349149823188782,-0.3349149823188782
35,47,21,21,79,curry/curry_01b.jpg,curry,0.675,0.4218067228794098,-0.4218067228794098
35,47,22,22,78,anklet/anklet_01b.jpg,anklet,0.95,0.3359079286456108,-0.3359079286456108
35,47,23,23,77,bonnet/bonnet_01s.jpg,bonnet,0.871794872,0.32488515228033066,-0.32488515228033066
35,47,24,24,76,chalk/chalk_01b.jpg,chalk,0.88372093,0.43231143057346344,-0.43231143057346344
35,47,25,25,75,abacus/abacus_01b.jpg,abacus,0.648648649,0.8292685300111771,-0.8292685300111771
35,47,26,26,74,clover/clover_01b.jpg,clover,0.69047619,0.4906158447265625,-0.4906158447265625
35,47,27,27,73,cookie/cookie_01b.jpg,cookie,0.825,0.4733518958091736,-0.4733518958091736
35,47,28,28,72,cord/cord_01b.jpg,cord,0.674418605,0.5089688003063202,-0.5089688003063202
35,47,29,29,71,camel/camel_01b.jpg,camel,0.85,0.5242135375738144,-0.5242135375738144
35,47,30,30,70,amber/amber_01b.jpg,amber,0.87804878,0.36195678263902664,-0.36195678263902664
35,47,31,31,69,costume/costume_01b.jpg,costume,0.902439024,0.4038877412676811,-0.4038877412676811
35,47,32,32,68,contact_lens/contact_lens_01s.jpg,contact_lens,0.872435897,0.3222252130508423,-0.3222252130508423
35,47,33,33,67,cobra/cobra_01b.jpg,cobra,0.853658537,0.940297931432724,-0.940297931432724
35,47,34,34,66,beetle/beetle_01b.jpg,beetle,0.897435897,0.5116475969552994,-0.5116475969552994
35,47,35,35,65,brake/brake_01b.jpg,brake,0.463414634,0.3030192255973816,-0.3030192255973816
35,47,36,36,64,antenna/antenna_01b.jpg,antenna,0.641025641,0.36874689906835556,-0.36874689906835556
35,47,37,37,63,defibrillator/defibrillator_01b.jpg,defibrillator,0.55,0.6794245541095734,-0.6794245541095734
35,47,38,38,62,cornmeal/cornmeal_01b.jpg,cornmeal,0.846153846,0.699119359254837,-0.699119359254837
35,47,39,39,61,binoculars/binoculars_01s.jpg,binoculars,0.595238095,0.380008727312088,-0.380008727312088
35,47,40,40,60,beaker/beaker_01b.jpg,beaker,0.846153846,0.509200818836689,-0.509200818836689
35,47,41,41,59,clothespin/clothespin_01b.jpg,clothespin,0.840909091,0.46509215980768204,-0.46509215980768204
35,47,42,42,58,bison/bison_01b.jpg,bison,0.868421053,0.4785584732890129,-0.4785584732890129
35,47,43,43,57,blinder/blinder_01b.jpg,blinder,0.825,0.38487888872623444,-0.38487888872623444
35,47,44,44,56,cockatoo/cockatoo_01b.jpg,cockatoo,0.829268293,0.9641505256295204,-0.9641505256295204
35,47,45,45,55,chocolate/chocolate_01b.jpg,chocolate,0.875,0.3276204541325569,-0.3276204541325569
35,47,46,46,54,ankle/ankle_01b.jpg,ankle,0.850609756,0.30013346672058105,-0.30013346672058105
35,47,47,47,53,beard/beard_01b.jpg,beard,0.875,0.4067155346274376,-0.4067155346274376
35,47,48,48,52,banana/banana_01b.jpg,banana,0.85,0.4966648519039154,-0.4966648519039154
35,47,49,49,51,bulldozer/bulldozer_01b.jpg,bulldozer,0.619047619,0.5129895061254501,-0.5129895061254501
35,47,50,50,50,bolo_tie/bolo_tie_01b.jpg,bolo_tie,0.833333333,0.3987332582473755,-0.3987332582473755
36,48,1,1,99,ankle/ankle_01b.jpg,ankle,0.850609756,0.27501330524683,-0.27501330524683
36,48,2,2,98,bib/bib_01n.jpg,bib,0.925,0.49423059076070786,-0.49423059076070786
36,48,3,3,97,cookie/cookie_01b.jpg,cookie,0.825,0.5726554542779922,-0.5726554542779922
36,48,4,4,96,chihuahua/chihuahua_01b.jpg,chihuahua,0.923076923,1.888543963432312,-1.888543963432312
36,48,5,5,95,board/board_01b.jpg,board,0.894736842,0.5537043660879135,-0.5537043660879135
36,48,6,6,94,bolo_tie/bolo_tie_01b.jpg,bolo_tie,0.833333333,0.5637676119804382,-0.5637676119804382
36,48,7,7,93,abacus/abacus_01b.jpg,abacus,0.648648649,0.8382217735052109,-0.8382217735052109
36,48,8,8,92,beaker/beaker_01b.jpg,beaker,0.846153846,0.6494867205619812,-0.6494867205619812
36,48,9,9,91,coconut/coconut_01b.jpg,coconut,0.833333333,0.4394708350300789,-0.4394708350300789
36,48,10,10,90,camel/camel_01b.jpg,camel,0.85,0.6376306861639023,-0.6376306861639023
36,48,11,11,89,curry/curry_01b.jpg,curry,0.675,0.39009225368499756,-0.39009225368499756
36,48,12,12,88,blower/blower_01b.jpg,blower,0.928571429,0.42356767505407333,-0.42356767505407333
36,48,13,13,87,cabinet/cabinet_01s.jpg,cabinet,0.6,0.34137963503599167,-0.34137963503599167
36,48,14,14,86,cornmeal/cornmeal_01b.jpg,cornmeal,0.846153846,0.7001532018184662,-0.7001532018184662
36,48,15,15,85,bazooka/bazooka_01b.jpg,bazooka,0.9,0.40073757618665695,-0.40073757618665695
36,48,16,16,84,blinder/blinder_01b.jpg,blinder,0.825,0.35629352927207947,-0.35629352927207947
36,48,17,17,83,calf2/calf2_01b.jpg,calf2,0.880952381,0.2652129456400871,-0.2652129456400871
36,48,18,18,82,chocolate/chocolate_01b.jpg,chocolate,0.875,0.30051570385694504,-0.30051570385694504
36,48,19,19,81,cello/cello_01s.jpg,cello,0.825,0.59532430768013,-0.59532430768013
36,48,20,20,80,defibrillator/defibrillator_01b.jpg,defibrillator,0.55,0.5902297794818878,-0.5902297794818878
36,48,21,21,79,clothespin/clothespin_01b.jpg,clothespin,0.840909091,0.4188791289925575,-0.4188791289925575
36,48,22,22,78,compass/compass_01b.jpg,compass,0.625,0.8729419708251953,-0.8729419708251953
36,48,23,23,77,cockatoo/cockatoo_01b.jpg,cockatoo,0.829268293,0.7768579050898552,-0.7768579050898552
36,48,24,24,76,cobra/cobra_01b.jpg,cobra,0.853658537,0.8251670897006989,-0.8251670897006989
36,48,25,25,75,bulldozer/bulldozer_01b.jpg,bulldozer,0.619047619,0.6259533166885376,-0.6259533166885376
36,48,26,26,74,chalk/chalk_01b.jpg,chalk,0.88372093,0.42557866871356964,-0.42557866871356964
36,48,27,27,73,bagel/bagel_01s.jpg,bagel,0.902439024,0.5354590564966202,-0.5354590564966202
36,48,28,28,72,binoculars/binoculars_01s.jpg,binoculars,0.595238095,0.42982736974954605,-0.42982736974954605
36,48,29,29,71,brake/brake_01b.jpg,brake,0.463414634,0.40195972472429276,-0.40195972472429276
36,48,30,30,70,amber/amber_01b.jpg,amber,0.87804878,0.3688959628343582,-0.3688959628343582
36,48,31,31,69,badger/badger_01b.jpg,badger,0.825,0.6317096054553986,-0.6317096054553986
36,48,32,32,68,cape/cape_01b.jpg,cape,0.87804878,0.37212083488702774,-0.37212083488702774
36,48,33,33,67,bonnet/bonnet_01s.jpg,bonnet,0.871794872,0.32590924948453903,-0.32590924948453903
36,48,34,34,66,beetle/beetle_01b.jpg,beetle,0.897435897,0.4515988379716873,-0.4515988379716873
36,48,35,35,65,clover/clover_01b.jpg,clover,0.69047619,0.4473976641893387,-0.4473976641893387
36,48,36,36,64,dishrag/dishrag_01b.jpg,dishrag,0.697674419,0.3158109039068222,-0.3158109039068222
36,48,37,37,63,battery/battery_01b.jpg,battery,0.860465116,0.35372307896614075,-0.35372307896614075
36,48,38,38,62,antenna/antenna_01b.jpg,antenna,0.641025641,0.40668145567178726,-0.40668145567178726
36,48,39,39,61,artichoke/artichoke_01b.jpg,artichoke,0.658536585,0.6736480370163918,-0.6736480370163918
36,48,40,40,60,cord/cord_01b.jpg,cord,0.674418605,0.5541204363107681,-0.5541204363107681
36,48,41,41,59,banana/banana_01b.jpg,banana,0.85,0.4525948315858841,-0.4525948315858841
36,48,42,42,58,cabbage/cabbage_01b.jpg,cabbage,0.682926829,0.6161514446139336,-0.6161514446139336
36,48,43,43,57,bison/bison_01b.jpg,bison,0.868421053,0.45332932472229004,-0.45332932472229004
36,48,44,44,56,almond/almond_01b.jpg,almond,0.829268293,0.42262521386146545,-0.42262521386146545
36,48,45,45,55,contact_lens/contact_lens_01s.jpg,contact_lens,0.872435897,0.3232082650065422,-0.3232082650065422
36,48,46,46,54,costume/costume_01b.jpg,costume,0.902439024,0.394454762339592,-0.394454762339592
36,48,47,47,53,anklet/anklet_01b.jpg,anklet,0.95,0.33839642256498337,-0.33839642256498337
36,48,48,48,52,deer/deer_01b.jpg,deer,0.65,0.5229358747601509,-0.5229358747601509
36,48,49,49,51,carousel/carousel_01b.jpg,carousel,0.829268293,0.4338859021663666,-0.4338859021663666
36,48,50,50,50,beard/beard_01b.jpg,beard,0.875,0.3956669569015503,-0.3956669569015503
37,49,1,1,99,cobra/cobra_01b.jpg,cobra,0.853658537,0.9745235294103622,-0.9745235294103622
37,49,2,2,98,blinder/blinder_01b.jpg,blinder,0.825,0.401521734893322,-0.401521734893322
37,49,3,3,97,chalk/chalk_01b.jpg,chalk,0.88372093,0.43857288360595703,-0.43857288360595703
37,49,4,4,96,bib/bib_01n.jpg,bib,0.925,0.5217979401350021,-0.5217979401350021
37,49,5,5,95,cockatoo/cockatoo_01b.jpg,cockatoo,0.829268293,0.7635382264852524,-0.7635382264852524
37,49,6,6,94,blower/blower_01b.jpg,blower,0.928571429,0.3762417957186699,-0.3762417957186699
37,49,7,7,93,bonnet/bonnet_01s.jpg,bonnet,0.871794872,0.3212200403213501,-0.3212200403213501
37,49,8,8,92,cape/cape_01b.jpg,cape,0.87804878,0.41479577124118805,-0.41479577124118805
37,49,9,9,91,badger/badger_01b.jpg,badger,0.825,0.619212731719017,-0.619212731719017
37,49,10,10,90,compass/compass_01b.jpg,compass,0.625,0.9764343053102493,-0.9764343053102493
37,49,11,11,89,almond/almond_01b.jpg,almond,0.829268293,0.48149746656417847,-0.48149746656417847
37,49,12,12,88,chocolate/chocolate_01b.jpg,chocolate,0.875,0.28698325902223587,-0.28698325902223587
37,49,13,13,87,costume/costume_01b.jpg,costume,0.902439024,0.4130702018737793,-0.4130702018737793
37,49,14,14,86,banana/banana_01b.jpg,banana,0.85,0.4044080302119255,-0.4044080302119255
37,49,15,15,85,calf2/calf2_01b.jpg,calf2,0.880952381,0.27278611809015274,-0.27278611809015274
37,49,16,16,84,amber/amber_01b.jpg,amber,0.87804878,0.30711691081523895,-0.30711691081523895
37,49,17,17,83,antenna/antenna_01b.jpg,antenna,0.641025641,0.33687423169612885,-0.33687423169612885
37,49,18,18,82,battery/battery_01b.jpg,battery,0.860465116,0.32205742597579956,-0.32205742597579956
37,49,19,19,81,defibrillator/defibrillator_01b.jpg,defibrillator,0.55,0.5474138855934143,-0.5474138855934143
37,49,20,20,80,clothespin/clothespin_01b.jpg,clothespin,0.840909091,0.49120765179395676,-0.49120765179395676
37,49,21,21,79,deer/deer_01b.jpg,deer,0.65,0.5075343549251556,-0.5075343549251556
37,49,22,22,78,curry/curry_01b.jpg,curry,0.675,0.3924815505743027,-0.3924815505743027
37,49,23,23,77,cord/cord_01b.jpg,cord,0.674418605,0.47748422622680664,-0.47748422622680664
37,49,24,24,76,cabbage/cabbage_01b.jpg,cabbage,0.682926829,0.7646796181797981,-0.7646796181797981
37,49,25,25,75,camel/camel_01b.jpg,camel,0.85,0.5187051296234131,-0.5187051296234131
37,49,26,26,74,clover/clover_01b.jpg,clover,0.69047619,0.413642518222332,-0.413642518222332
37,49,27,27,73,beetle/beetle_01b.jpg,beetle,0.897435897,0.5117002353072166,-0.5117002353072166
37,49,28,28,72,anklet/anklet_01b.jpg,anklet,0.95,0.3044697269797325,-0.3044697269797325
37,49,29,29,71,bagel/bagel_01s.jpg,bagel,0.902439024,0.7067171856760979,-0.7067171856760979
37,49,30,30,70,chihuahua/chihuahua_01b.jpg,chihuahua,0.923076923,1.395162433385849,-1.395162433385849
37,49,31,31,69,brake/brake_01b.jpg,brake,0.463414634,0.3280955031514168,-0.3280955031514168
37,49,32,32,68,beaker/beaker_01b.jpg,beaker,0.846153846,0.4360993355512619,-0.4360993355512619
37,49,33,33,67,coconut/coconut_01b.jpg,coconut,0.833333333,0.40725015103816986,-0.40725015103816986
37,49,34,34,66,cookie/cookie_01b.jpg,cookie,0.825,0.47079966962337494,-0.47079966962337494
37,49,35,35,65,coffee/coffee_01b.jpg,coffee,0.820512821,1.2606678754091263,-1.2606678754091263
37,49,36,36,64,bazooka/bazooka_01b.jpg,bazooka,0.9,0.3274749517440796,-0.3274749517440796
37,49,37,37,63,contact_lens/contact_lens_01s.jpg,contact_lens,0.872435897,0.29522237181663513,-0.29522237181663513
37,49,38,38,62,board/board_01b.jpg,board,0.894736842,0.4597793519496918,-0.4597793519496918
37,49,39,39,61,ankle/ankle_01b.jpg,ankle,0.850609756,0.27039629220962524,-0.27039629220962524
37,49,40,40,60,artichoke/artichoke_01b.jpg,artichoke,0.658536585,0.7678927928209305,-0.7678927928209305
37,49,41,41,59,cello/cello_01s.jpg,cello,0.825,1.2757721096277237,-1.2757721096277237
37,49,42,42,58,binoculars/binoculars_01s.jpg,binoculars,0.595238095,0.3722396716475487,-0.3722396716475487
37,49,43,43,57,cabinet/cabinet_01s.jpg,cabinet,0.6,0.29532889276742935,-0.29532889276742935
37,49,44,44,56,bison/bison_01b.jpg,bison,0.868421053,0.42350734770298004,-0.42350734770298004
37,49,45,45,55,beard/beard_01b.jpg,beard,0.875,0.40704912692308426,-0.40704912692308426
37,49,46,46,54,carousel/carousel_01b.jpg,carousel,0.829268293,0.38851505517959595,-0.38851505517959595
37,49,47,47,53,abacus/abacus_01b.jpg,abacus,0.648648649,0.7071834057569504,-0.7071834057569504
37,49,48,48,52,cornmeal/cornmeal_01b.jpg,cornmeal,0.846153846,0.6131327301263809,-0.6131327301263809
37,49,49,49,51,bolo_tie/bolo_tie_01b.jpg,bolo_tie,0.833333333,0.38737983256578445,-0.38737983256578445
37,49,50,50,50,bulldozer/bulldozer_01b.jpg,bulldozer,0.619047619,0.4626655727624893,-0.4626655727624893
38,50,1,1,99,bison/bison_01b.jpg,bison,0.868421053,0.7416264191269875,-0.7416264191269875
38,50,2,2,98,blinder/blinder_01b.jpg,blinder,0.825,0.41697942465543747,-0.41697942465543747
38,50,3,3,97,curry/curry_01b.jpg,curry,0.675,0.3885361850261688,-0.3885361850261688
38,50,4,4,96,cookie/cookie_01b.jpg,cookie,0.825,0.5218923836946487,-0.5218923836946487
38,50,5,5,95,amber/amber_01b.jpg,amber,0.87804878,0.3698407784104347,-0.3698407784104347
38,50,6,6,94,deer/deer_01b.jpg,deer,0.65,0.572107270359993,-0.572107270359993
38,50,7,7,93,cape/cape_01b.jpg,cape,0.87804878,0.30769142508506775,-0.30769142508506775
38,50,8,8,92,blower/blower_01b.jpg,blower,0.928571429,0.45767204463481903,-0.45767204463481903
38,50,9,9,91,costume/costume_01b.jpg,costume,0.902439024,0.41872312128543854,-0.41872312128543854
38,50,10,10,90,cabinet/cabinet_01s.jpg,cabinet,0.6,0.3326161652803421,-0.3326161652803421
38,50,11,11,89,defibrillator/defibrillator_01b.jpg,defibrillator,0.55,0.5841865390539169,-0.5841865390539169
38,50,12,12,88,ankle/ankle_01b.jpg,ankle,0.850609756,0.2984841391444206,-0.2984841391444206
38,50,13,13,87,cabbage/cabbage_01b.jpg,cabbage,0.682926829,0.8150963187217712,-0.8150963187217712
38,50,14,14,86,bulldozer/bulldozer_01b.jpg,bulldozer,0.619047619,0.5777672901749611,-0.5777672901749611
38,50,15,15,85,chocolate/chocolate_01b.jpg,chocolate,0.875,0.31632649153470993,-0.31632649153470993
38,50,16,16,84,bazooka/bazooka_01b.jpg,bazooka,0.9,0.3674759492278099,-0.3674759492278099
38,50,17,17,83,brake/brake_01b.jpg,brake,0.463414634,0.36456896364688873,-0.36456896364688873
38,50,18,18,82,bib/bib_01n.jpg,bib,0.925,0.4921968951821327,-0.4921968951821327
38,50,19,19,81,cornmeal/cornmeal_01b.jpg,cornmeal,0.846153846,0.6535019874572754,-0.6535019874572754
38,50,20,20,80,clothespin/clothespin_01b.jpg,clothespin,0.840909091,0.4378840774297714,-0.4378840774297714
38,50,21,21,79,beetle/beetle_01b.jpg,beetle,0.897435897,0.5246081501245499,-0.5246081501245499
38,50,22,22,78,camel/camel_01b.jpg,camel,0.85,0.5096661671996117,-0.5096661671996117
38,50,23,23,77,anklet/anklet_01b.jpg,anklet,0.95,0.32413144409656525,-0.32413144409656525
38,50,24,24,76,cashew/cashew_01b.jpg,cashew,0.818181818,0.46128465235233307,-0.46128465235233307
38,50,25,25,75,beaker/beaker_01b.jpg,beaker,0.846153846,0.46296925842761993,-0.46296925842761993
38,50,26,26,74,almond/almond_01b.jpg,almond,0.829268293,0.4345465153455734,-0.4345465153455734
38,50,27,27,73,cord/cord_01b.jpg,cord,0.674418605,0.5062714070081711,-0.5062714070081711
38,50,28,28,72,banana/banana_01b.jpg,banana,0.85,0.40117453783750534,-0.40117453783750534
38,50,29,29,71,binoculars/binoculars_01s.jpg,binoculars,0.595238095,0.4135383367538452,-0.4135383367538452
38,50,30,30,70,bonnet/bonnet_01s.jpg,bonnet,0.871794872,0.33788295090198517,-0.33788295090198517
38,50,31,31,69,abacus/abacus_01b.jpg,abacus,0.648648649,0.581428661942482,-0.581428661942482
38,50,32,32,68,calf2/calf2_01b.jpg,calf2,0.880952381,0.2802400216460228,-0.2802400216460228
38,50,33,33,67,chihuahua/chihuahua_01b.jpg,chihuahua,0.923076923,1.3661016821861267,-1.3661016821861267
38,50,34,34,66,antenna/antenna_01b.jpg,antenna,0.641025641,0.35372011363506317,-0.35372011363506317
38,50,35,35,65,bolo_tie/bolo_tie_01b.jpg,bolo_tie,0.833333333,0.40716464817523956,-0.40716464817523956
38,50,36,36,64,artichoke/artichoke_01b.jpg,artichoke,0.658536585,0.5985827520489693,-0.5985827520489693
38,50,37,37,63,board/board_01b.jpg,board,0.894736842,0.4889969676733017,-0.4889969676733017
38,50,38,38,62,beard/beard_01b.jpg,beard,0.875,0.4545975625514984,-0.4545975625514984
38,50,39,39,61,coffee/coffee_01b.jpg,coffee,0.820512821,0.9101471528410912,-0.9101471528410912
38,50,40,40,60,carousel/carousel_01b.jpg,carousel,0.829268293,0.42146284133195877,-0.42146284133195877
38,50,41,41,59,contact_lens/contact_lens_01s.jpg,contact_lens,0.872435897,0.282368928194046,-0.282368928194046
38,50,42,42,58,compass/compass_01b.jpg,compass,0.625,0.8036465793848038,-0.8036465793848038
38,50,43,43,57,cockatoo/cockatoo_01b.jpg,cockatoo,0.829268293,0.5769856199622154,-0.5769856199622154
38,50,44,44,56,cobra/cobra_01b.jpg,cobra,0.853658537,1.1513188183307648,-1.1513188183307648
38,50,45,45,55,bagel/bagel_01s.jpg,bagel,0.902439024,0.5337164178490639,-0.5337164178490639
38,50,46,46,54,badger/badger_01b.jpg,badger,0.825,0.5344940572977066,-0.5344940572977066
38,50,47,47,53,chalk/chalk_01b.jpg,chalk,0.88372093,0.41798749566078186,-0.41798749566078186
38,50,48,48,52,coconut/coconut_01b.jpg,coconut,0.833333333,0.4132658913731575,-0.4132658913731575
38,50,49,49,51,cello/cello_01s.jpg,cello,0.825,1.0726771354675293,-1.0726771354675293
38,50,50,50,50,battery/battery_01b.jpg,battery,0.860465116,0.3245546892285347,-0.3245546892285347
39,51,1,1,99,bolo_tie/bolo_tie_01b.jpg,bolo_tie,0.833333333,0.7440365701913834,-0.7440365701913834
39,51,2,2,98,beetle/beetle_01b.jpg,beetle,0.897435897,1.1457878574728966,-1.1457878574728966
39,51,3,3,97,apron/apron_01b.jpg,apron,0.811522048,0.38839711993932724,-0.38839711993932724
39,51,4,4,96,carousel/carousel_01b.jpg,carousel,0.829268293,0.4988003969192505,-0.4988003969192505
39,51,5,5,95,calf2/calf2_01b.jpg,calf2,0.880952381,0.27489040046930313,-0.27489040046930313
39,51,6,6,94,bulldozer/bulldozer_01b.jpg,bulldozer,0.619047619,0.6031683534383774,-0.6031683534383774
39,51,7,7,93,cookie/cookie_01b.jpg,cookie,0.825,0.5449034571647644,-0.5449034571647644
39,51,8,8,92,cornmeal/cornmeal_01b.jpg,cornmeal,0.846153846,0.6889078915119171,-0.6889078915119171
39,51,9,9,91,blower/blower_01b.jpg,blower,0.928571429,0.4291028380393982,-0.4291028380393982
39,51,10,10,90,chihuahua/chihuahua_01b.jpg,chihuahua,0.923076923,1.5886706709861755,-1.5886706709861755
39,51,11,11,89,contact_lens/contact_lens_01s.jpg,contact_lens,0.872435897,0.3210325986146927,-0.3210325986146927
39,51,12,12,88,cobra/cobra_01b.jpg,cobra,0.853658537,0.8060861527919769,-0.8060861527919769
39,51,13,13,87,binoculars/binoculars_01s.jpg,binoculars,0.595238095,0.4081389233469963,-0.4081389233469963
39,51,14,14,86,cashew/cashew_01b.jpg,cashew,0.818181818,0.6407463699579239,-0.6407463699579239
39,51,15,15,85,abacus/abacus_01b.jpg,abacus,0.648648649,0.7387852221727371,-0.7387852221727371
39,51,16,16,84,camel/camel_01b.jpg,camel,0.85,0.5038974583148956,-0.5038974583148956
39,51,17,17,83,antenna/antenna_01b.jpg,antenna,0.641025641,0.35608167946338654,-0.35608167946338654
39,51,18,18,82,bagel/bagel_01s.jpg,bagel,0.902439024,0.6687559485435486,-0.6687559485435486
39,51,19,19,81,cape/cape_01b.jpg,cape,0.87804878,0.3539024144411087,-0.3539024144411087
39,51,20,20,80,artichoke/artichoke_01b.jpg,artichoke,0.658536585,0.8483296483755112,-0.8483296483755112
39,51,21,21,79,almond/almond_01b.jpg,almond,0.829268293,0.468066543340683,-0.468066543340683
39,51,22,22,78,curry/curry_01b.jpg,curry,0.675,0.4165522903203964,-0.4165522903203964
39,51,23,23,77,compass/compass_01b.jpg,compass,0.625,0.9694044291973114,-0.9694044291973114
39,51,24,24,76,chocolate/chocolate_01b.jpg,chocolate,0.875,0.2874636650085449,-0.2874636650085449
39,51,25,25,75,costume/costume_01b.jpg,costume,0.902439024,0.3881788030266762,-0.3881788030266762
39,51,26,26,74,defibrillator/defibrillator_01b.jpg,defibrillator,0.55,0.6044183969497681,-0.6044183969497681
39,51,27,27,73,deer/deer_01b.jpg,deer,0.65,0.5316857397556305,-0.5316857397556305
39,51,28,28,72,amber/amber_01b.jpg,amber,0.87804878,0.3463525176048279,-0.3463525176048279
39,51,29,29,71,battery/battery_01b.jpg,battery,0.860465116,0.3573957681655884,-0.3573957681655884
39,51,30,30,70,cabinet/cabinet_01s.jpg,cabinet,0.6,0.28073202818632126,-0.28073202818632126
39,51,31,31,69,banana/banana_01b.jpg,banana,0.85,0.4348333328962326,-0.4348333328962326
39,51,32,32,68,brake/brake_01b.jpg,brake,0.463414634,0.3414168953895569,-0.3414168953895569
39,51,33,33,67,board/board_01b.jpg,board,0.894736842,0.49148447811603546,-0.49148447811603546
39,51,34,34,66,cello/cello_01s.jpg,cello,0.825,1.1899745911359787,-1.1899745911359787
39,51,35,35,65,clothespin/clothespin_01b.jpg,clothespin,0.840909091,0.40745992958545685,-0.40745992958545685
39,51,36,36,64,coconut/coconut_01b.jpg,coconut,0.833333333,0.43955306708812714,-0.43955306708812714
39,51,37,37,63,cockatoo/cockatoo_01b.jpg,cockatoo,0.829268293,0.878716342151165,-0.878716342151165
39,51,38,38,62,bonnet/bonnet_01s.jpg,bonnet,0.871794872,0.32403719425201416,-0.32403719425201416
39,51,39,39,61,chalk/chalk_01b.jpg,chalk,0.88372093,0.41637465357780457,-0.41637465357780457
39,51,40,40,60,ankle/ankle_01b.jpg,ankle,0.850609756,0.2771141827106476,-0.2771141827106476
39,51,41,41,59,bazooka/bazooka_01b.jpg,bazooka,0.9,0.32951414585113525,-0.32951414585113525
39,51,42,42,58,beaker/beaker_01b.jpg,beaker,0.846153846,0.4830384701490402,-0.4830384701490402
39,51,43,43,57,blinder/blinder_01b.jpg,blinder,0.825,0.38551750034093857,-0.38551750034093857
39,51,44,44,56,bib/bib_01n.jpg,bib,0.925,0.49371451884508133,-0.49371451884508133
39,51,45,45,55,coffee/coffee_01b.jpg,coffee,0.820512821,0.7465480864048004,-0.7465480864048004
39,51,46,46,54,anklet/anklet_01b.jpg,anklet,0.95,0.33210840076208115,-0.33210840076208115
39,51,47,47,53,cord/cord_01b.jpg,cord,0.674418605,0.47925105690956116,-0.47925105690956116
39,51,48,48,52,beard/beard_01b.jpg,beard,0.875,0.40725167095661163,-0.40725167095661163
39,51,49,49,51,bison/bison_01b.jpg,bison,0.868421053,0.4508475661277771,-0.4508475661277771
39,51,50,50,50,badger/badger_01b.jpg,badger,0.825,0.6237799823284149,-0.6237799823284149
40,52,1,1,99,bonnet/bonnet_01s.jpg,bonnet,0.871794872,0.33527328073978424,-0.33527328073978424
40,52,2,2,98,almond/almond_01b.jpg,almond,0.829268293,0.4281054437160492,-0.4281054437160492
40,52,3,3,97,bulldozer/bulldozer_01b.jpg,bulldozer,0.619047619,0.571923740208149,-0.571923740208149
40,52,4,4,96,cookie/cookie_01b.jpg,cookie,0.825,0.5245398730039597,-0.5245398730039597
40,52,5,5,95,artichoke/artichoke_01b.jpg,artichoke,0.658536585,0.6550085991621017,-0.6550085991621017
40,52,6,6,94,battery/battery_01b.jpg,battery,0.860465116,0.36283178627491,-0.36283178627491
40,52,7,7,93,beaker/beaker_01b.jpg,beaker,0.846153846,0.5220056474208832,-0.5220056474208832
40,52,8,8,92,coffee/coffee_01b.jpg,coffee,0.820512821,0.6823869794607162,-0.6823869794607162
40,52,9,9,91,cockatoo/cockatoo_01b.jpg,cockatoo,0.829268293,0.7428643256425858,-0.7428643256425858
40,52,10,10,90,antenna/antenna_01b.jpg,antenna,0.641025641,0.34931088238954544,-0.34931088238954544
40,52,11,11,89,cape/cape_01b.jpg,cape,0.87804878,0.34615373611450195,-0.34615373611450195
40,52,12,12,88,blinder/blinder_01b.jpg,blinder,0.825,0.34695522487163544,-0.34695522487163544
40,52,13,13,87,bagel/bagel_01s.jpg,bagel,0.902439024,0.5574662089347839,-0.5574662089347839
40,52,14,14,86,banana/banana_01b.jpg,banana,0.85,0.4648185819387436,-0.4648185819387436
40,52,15,15,85,chalk/chalk_01b.jpg,chalk,0.88372093,0.4056452512741089,-0.4056452512741089
40,52,16,16,84,anklet/anklet_01b.jpg,anklet,0.95,0.3538644090294838,-0.3538644090294838
40,52,17,17,83,ankle/ankle_01b.jpg,ankle,0.850609756,0.29380088299512863,-0.29380088299512863
40,52,18,18,82,apron/apron_01b.jpg,apron,0.811522048,0.35438069701194763,-0.35438069701194763
40,52,19,19,81,defibrillator/defibrillator_01b.jpg,defibrillator,0.55,0.5263107717037201,-0.5263107717037201
40,52,20,20,80,blower/blower_01b.jpg,blower,0.928571429,0.414510115981102,-0.414510115981102
40,52,21,21,79,cashew/cashew_01b.jpg,cashew,0.818181818,0.47780534625053406,-0.47780534625053406
40,52,22,22,78,amber/amber_01b.jpg,amber,0.87804878,0.3144495263695717,-0.3144495263695717
40,52,23,23,77,calf2/calf2_01b.jpg,calf2,0.880952381,0.2805004045367241,-0.2805004045367241
40,52,24,24,76,board/board_01b.jpg,board,0.894736842,0.48890842497348785,-0.48890842497348785
40,52,25,25,75,carousel/carousel_01b.jpg,carousel,0.829268293,0.4110615998506546,-0.4110615998506546
40,52,26,26,74,costume/costume_01b.jpg,costume,0.902439024,0.3899567425251007,-0.3899567425251007
40,52,27,27,73,badger/badger_01b.jpg,badger,0.825,0.5652557015419006,-0.5652557015419006
40,52,28,28,72,bib/bib_01n.jpg,bib,0.925,0.4684828221797943,-0.4684828221797943
40,52,29,29,71,compass/compass_01b.jpg,compass,0.625,0.7961470037698746,-0.7961470037698746
40,52,30,30,70,contact_lens/contact_lens_01s.jpg,contact_lens,0.872435897,0.322569839656353,-0.322569839656353
40,52,31,31,69,abacus/abacus_01b.jpg,abacus,0.648648649,0.6136080324649811,-0.6136080324649811
40,52,32,32,68,beard/beard_01b.jpg,beard,0.875,0.41907066106796265,-0.41907066106796265
40,52,33,33,67,chocolate/chocolate_01b.jpg,chocolate,0.875,0.30359456688165665,-0.30359456688165665
40,52,34,34,66,clothespin/clothespin_01b.jpg,clothespin,0.840909091,0.40347299724817276,-0.40347299724817276
40,52,35,35,65,beetle/beetle_01b.jpg,beetle,0.897435897,0.5250251442193985,-0.5250251442193985
40,52,36,36,64,brake/brake_01b.jpg,brake,0.463414634,0.32763615995645523,-0.32763615995645523
40,52,37,37,63,camel/camel_01b.jpg,camel,0.85,0.44173645973205566,-0.44173645973205566
40,52,38,38,62,bolo_tie/bolo_tie_01b.jpg,bolo_tie,0.833333333,0.3970821797847748,-0.3970821797847748
40,52,39,39,61,cellphone/cellphone_01b.jpg,cellphone,0.80952381,0.4350297823548317,-0.4350297823548317
40,52,40,40,60,bazooka/bazooka_01b.jpg,bazooka,0.9,0.3447805866599083,-0.3447805866599083
40,52,41,41,59,cord/cord_01b.jpg,cord,0.674418605,0.45616042613983154,-0.45616042613983154
40,52,42,42,58,deer/deer_01b.jpg,deer,0.65,0.4710660055279732,-0.4710660055279732
40,52,43,43,57,binoculars/binoculars_01s.jpg,binoculars,0.595238095,0.3828570246696472,-0.3828570246696472
40,52,44,44,56,cornmeal/cornmeal_01b.jpg,cornmeal,0.846153846,0.6368764787912369,-0.6368764787912369
40,52,45,45,55,coconut/coconut_01b.jpg,coconut,0.833333333,0.3917194828391075,-0.3917194828391075
40,52,46,46,54,cobra/cobra_01b.jpg,cobra,0.853658537,1.730073869228363,-1.730073869228363
40,52,47,47,53,bison/bison_01b.jpg,bison,0.868421053,0.4000343084335327,-0.4000343084335327
40,52,48,48,52,chihuahua/chihuahua_01b.jpg,chihuahua,0.923076923,1.4297530055046082,-1.4297530055046082
40,52,49,49,51,cabinet/cabinet_01s.jpg,cabinet,0.6,0.28748565912246704,-0.28748565912246704
40,52,50,50,50,cello/cello_01s.jpg,cello,0.825,0.5730062574148178,-0.5730062574148178
41,53,1,1,99,badger/badger_01b.jpg,badger,0.825,1.4625240713357925,-1.4625240713357925
41,53,2,2,98,artichoke/artichoke_01b.jpg,artichoke,0.658536585,2.5306413918733597,-2.5306413918733597
41,53,3,3,97,anklet/anklet_01b.jpg,anklet,0.95,0.3407893627882004,-0.3407893627882004
41,53,4,4,96,clothespin/clothespin_01b.jpg,clothespin,0.840909091,0.44146762788295746,-0.44146762788295746
41,53,5,5,95,brake/brake_01b.jpg,brake,0.463414634,0.3528415635228157,-0.3528415635228157
41,53,6,6,94,board/board_01b.jpg,board,0.894736842,0.560431569814682,-0.560431569814682
41,53,7,7,93,compass/compass_01b.jpg,compass,0.625,1.0057991594076157,-1.0057991594076157
41,53,8,8,92,chihuahua/chihuahua_01b.jpg,chihuahua,0.923076923,1.6271342039108276,-1.6271342039108276
41,53,9,9,91,banana/banana_01b.jpg,banana,0.85,0.4587864503264427,-0.4587864503264427
41,53,10,10,90,blower/blower_01b.jpg,blower,0.928571429,0.44117453694343567,-0.44117453694343567
41,53,11,11,89,camel/camel_01b.jpg,camel,0.85,0.5691823959350586,-0.5691823959350586
41,53,12,12,88,amber/amber_01b.jpg,amber,0.87804878,0.3530614748597145,-0.3530614748597145
41,53,13,13,87,cello/cello_01s.jpg,cello,0.825,0.7283914685249329,-0.7283914685249329
41,53,14,14,86,almond/almond_01b.jpg,almond,0.829268293,0.4189794808626175,-0.4189794808626175
41,53,15,15,85,cookie/cookie_01b.jpg,cookie,0.825,0.5104186981916428,-0.5104186981916428
41,53,16,16,84,beaker/beaker_01b.jpg,beaker,0.846153846,0.4738273322582245,-0.4738273322582245
41,53,17,17,83,chocolate/chocolate_01b.jpg,chocolate,0.875,0.29670845717191696,-0.29670845717191696
41,53,18,18,82,cockatoo/cockatoo_01b.jpg,cockatoo,0.829268293,0.7434557676315308,-0.7434557676315308
41,53,19,19,81,chalk/chalk_01b.jpg,chalk,0.88372093,0.4073082283139229,-0.4073082283139229
41,53,20,20,80,apron/apron_01b.jpg,apron,0.811522048,0.3476579189300537,-0.3476579189300537
41,53,21,21,79,battery/battery_01b.jpg,battery,0.860465116,0.32860295474529266,-0.32860295474529266
41,53,22,22,78,bazooka/bazooka_01b.jpg,bazooka,0.9,0.3580361679196358,-0.3580361679196358
41,53,23,23,77,carousel/carousel_01b.jpg,carousel,0.829268293,0.43442268669605255,-0.43442268669605255
41,53,24,24,76,beard/beard_01b.jpg,beard,0.875,0.424436591565609,-0.424436591565609
41,53,25,25,75,cellphone/cellphone_01b.jpg,cellphone,0.80952381,0.41659292578697205,-0.41659292578697205
41,53,26,26,74,cornmeal/cornmeal_01b.jpg,cornmeal,0.846153846,0.6284765750169754,-0.6284765750169754
41,53,27,27,73,bulldozer/bulldozer_01b.jpg,bulldozer,0.619047619,0.517595574259758,-0.517595574259758
41,53,28,28,72,bagel/bagel_01s.jpg,bagel,0.902439024,0.6018300130963326,-0.6018300130963326
41,53,29,29,71,antenna/antenna_01b.jpg,antenna,0.641025641,0.363420732319355,-0.363420732319355
41,53,30,30,70,coffee/coffee_01b.jpg,coffee,0.820512821,0.8642384707927704,-0.8642384707927704
41,53,31,31,69,abacus/abacus_01b.jpg,abacus,0.648648649,0.6816777884960175,-0.6816777884960175
41,53,32,32,68,beetle/beetle_01b.jpg,beetle,0.897435897,0.5122064799070358,-0.5122064799070358
41,53,33,33,67,contact_lens/contact_lens_01s.jpg,contact_lens,0.872435897,0.3021436333656311,-0.3021436333656311
41,53,34,34,66,cape/cape_01b.jpg,cape,0.87804878,0.3597104623913765,-0.3597104623913765
41,53,35,35,65,cabinet/cabinet_01s.jpg,cabinet,0.6,0.29600753635168076,-0.29600753635168076
41,53,36,36,64,blinder/blinder_01b.jpg,blinder,0.825,0.38667963445186615,-0.38667963445186615
41,53,37,37,63,deer/deer_01b.jpg,deer,0.65,0.5471764653921127,-0.5471764653921127
41,53,38,38,62,bolo_tie/bolo_tie_01b.jpg,bolo_tie,0.833333333,0.39004284888505936,-0.39004284888505936
41,53,39,39,61,christmas_card/christmas_card_01b.jpg,christmas_card,0.804878049,0.30964167416095734,-0.30964167416095734
41,53,40,40,60,binoculars/binoculars_01s.jpg,binoculars,0.595238095,0.35488057881593704,-0.35488057881593704
41,53,41,41,59,defibrillator/defibrillator_01b.jpg,defibrillator,0.55,0.5310090184211731,-0.5310090184211731
41,53,42,42,58,bib/bib_01n.jpg,bib,0.925,0.4550348296761513,-0.4550348296761513
41,53,43,43,57,coconut/coconut_01b.jpg,coconut,0.833333333,0.4109512269496918,-0.4109512269496918
41,53,44,44,56,bonnet/bonnet_01s.jpg,bonnet,0.871794872,0.3039494603872299,-0.3039494603872299
41,53,45,45,55,cobra/cobra_01b.jpg,cobra,0.853658537,1.7271645963191986,-1.7271645963191986
41,53,46,46,54,costume/costume_01b.jpg,costume,0.902439024,0.3834220916032791,-0.3834220916032791
41,53,47,47,53,bison/bison_01b.jpg,bison,0.868421053,0.4436112567782402,-0.4436112567782402
41,53,48,48,52,ankle/ankle_01b.jpg,ankle,0.850609756,0.27774472534656525,-0.27774472534656525
41,53,49,49,51,cashew/cashew_01b.jpg,cashew,0.818181818,0.44991403818130493,-0.44991403818130493
41,53,50,50,50,calf2/calf2_01b.jpg,calf2,0.880952381,0.26439318805933,-0.26439318805933
42,54,1,1,99,contact_lens/contact_lens_01s.jpg,contact_lens,0.872435897,0.3153180480003357,-0.3153180480003357
42,54,2,2,98,bison/bison_01b.jpg,bison,0.868421053,0.7535412460565567,-0.7535412460565567
42,54,3,3,97,coconut/coconut_01b.jpg,coconut,0.833333333,0.4068014994263649,-0.4068014994263649
42,54,4,4,96,cornmeal/cornmeal_01b.jpg,cornmeal,0.846153846,0.8212254494428635,-0.8212254494428635
42,54,5,5,95,abacus/abacus_01b.jpg,abacus,0.648648649,1.0844374895095825,-1.0844374895095825
42,54,6,6,94,christmas_card/christmas_card_01b.jpg,christmas_card,0.804878049,0.32798460870981216,-0.32798460870981216
42,54,7,7,93,chihuahua/chihuahua_01b.jpg,chihuahua,0.923076923,1.529083013534546,-1.529083013534546
42,54,8,8,92,antenna/antenna_01b.jpg,antenna,0.641025641,0.3509007766842842,-0.3509007766842842
42,54,9,9,91,ankle/ankle_01b.jpg,ankle,0.850609756,0.30670782923698425,-0.30670782923698425
42,54,10,10,90,binoculars/binoculars_01s.jpg,binoculars,0.595238095,0.40060484409332275,-0.40060484409332275
42,54,11,11,89,bonnet/bonnet_01s.jpg,bonnet,0.871794872,0.30422670394182205,-0.30422670394182205
42,54,12,12,88,badger/badger_01b.jpg,badger,0.825,0.616022065281868,-0.616022065281868
42,54,13,13,87,cape/cape_01b.jpg,cape,0.87804878,0.35195768624544144,-0.35195768624544144
42,54,14,14,86,costume/costume_01b.jpg,costume,0.902439024,0.42744722962379456,-0.42744722962379456
42,54,15,15,85,beaker/beaker_01b.jpg,beaker,0.846153846,0.4692097306251526,-0.4692097306251526
42,54,16,16,84,cellphone/cellphone_01b.jpg,cellphone,0.80952381,0.42555782198905945,-0.42555782198905945
42,54,17,17,83,brake/brake_01b.jpg,brake,0.463414634,0.29907170683145523,-0.29907170683145523
42,54,18,18,82,calf2/calf2_01b.jpg,calf2,0.880952381,0.28357481956481934,-0.28357481956481934
42,54,19,19,81,defibrillator/defibrillator_01b.jpg,defibrillator,0.55,0.5031400620937347,-0.5031400620937347
42,54,20,20,80,cookie/cookie_01b.jpg,cookie,0.825,0.48930348455905914,-0.48930348455905914
42,54,21,21,79,beetle/beetle_01b.jpg,beetle,0.897435897,0.4573452025651932,-0.4573452025651932
42,54,22,22,78,bolo_tie/bolo_tie_01b.jpg,bolo_tie,0.833333333,0.4058910086750984,-0.4058910086750984
42,54,23,23,77,banana/banana_01b.jpg,banana,0.85,0.41937077790498734,-0.41937077790498734
42,54,24,24,76,carousel/carousel_01b.jpg,carousel,0.829268293,0.4255450814962387,-0.4255450814962387
42,54,25,25,75,bib/bib_01n.jpg,bib,0.925,0.4725042134523392,-0.4725042134523392
42,54,26,26,74,bulldozer/bulldozer_01b.jpg,bulldozer,0.619047619,0.5176151469349861,-0.5176151469349861
42,54,27,27,73,cello/cello_01s.jpg,cello,0.825,0.5016161054372787,-0.5016161054372787
42,54,28,28,72,anklet/anklet_01b.jpg,anklet,0.95,0.3065355494618416,-0.3065355494618416
42,54,29,29,71,amber/amber_01b.jpg,amber,0.87804878,0.3574639856815338,-0.3574639856815338
42,54,30,30,70,brace/brace_01b.jpg,brace,0.804878049,0.36281469464302063,-0.36281469464302063
42,54,31,31,69,blinder/blinder_01b.jpg,blinder,0.825,0.3796607479453087,-0.3796607479453087
42,54,32,32,68,chalk/chalk_01b.jpg,chalk,0.88372093,0.43050652742385864,-0.43050652742385864
42,54,33,33,67,compass/compass_01b.jpg,compass,0.625,0.8354627341032028,-0.8354627341032028
42,54,34,34,66,board/board_01b.jpg,board,0.894736842,0.5021804869174957,-0.5021804869174957
42,54,35,35,65,bagel/bagel_01s.jpg,bagel,0.902439024,0.5881427600979805,-0.5881427600979805
42,54,36,36,64,cabinet/cabinet_01s.jpg,cabinet,0.6,0.3249543532729149,-0.3249543532729149
42,54,37,37,63,apron/apron_01b.jpg,apron,0.811522048,0.30973388999700546,-0.30973388999700546
42,54,38,38,62,cashew/cashew_01b.jpg,cashew,0.818181818,0.40355126559734344,-0.40355126559734344
42,54,39,39,61,bazooka/bazooka_01b.jpg,bazooka,0.9,0.3296836018562317,-0.3296836018562317
42,54,40,40,60,chocolate/chocolate_01b.jpg,chocolate,0.875,0.30576368421316147,-0.30576368421316147
42,54,41,41,59,cockatoo/cockatoo_01b.jpg,cockatoo,0.829268293,0.5794382467865944,-0.5794382467865944
42,54,42,42,58,blower/blower_01b.jpg,blower,0.928571429,0.43011637032032013,-0.43011637032032013
42,54,43,43,57,coffee/coffee_01b.jpg,coffee,0.820512821,0.5981263220310211,-0.5981263220310211
42,54,44,44,56,clothespin/clothespin_01b.jpg,clothespin,0.840909091,0.39476995170116425,-0.39476995170116425
42,54,45,45,55,battery/battery_01b.jpg,battery,0.860465116,0.29569999128580093,-0.29569999128580093
42,54,46,46,54,cobra/cobra_01b.jpg,cobra,0.853658537,1.2837009131908417,-1.2837009131908417
42,54,47,47,53,almond/almond_01b.jpg,almond,0.829268293,0.4433804750442505,-0.4433804750442505
42,54,48,48,52,beard/beard_01b.jpg,beard,0.875,0.441455602645874,-0.441455602645874
42,54,49,49,51,camel/camel_01b.jpg,camel,0.85,0.4534163475036621,-0.4534163475036621
42,54,50,50,50,deer/deer_01b.jpg,deer,0.65,0.4960983917117119,-0.4960983917117119
43,55,1,1,99,bib/bib_01n.jpg,bib,0.925,0.5269129723310471,-0.5269129723310471
43,55,2,2,98,bassinet/bassinet_01b.jpg,bassinet,0.804878049,1.6935484185814857,-1.6935484185814857
43,55,3,3,97,badger/badger_01b.jpg,badger,0.825,1.3995564877986908,-1.3995564877986908
43,55,4,4,96,christmas_card/christmas_card_01b.jpg,christmas_card,0.804878049,0.3454577475786209,-0.3454577475786209
43,55,5,5,95,bagel/bagel_01s.jpg,bagel,0.902439024,0.7782310843467712,-0.7782310843467712
43,55,6,6,94,cello/cello_01s.jpg,cello,0.825,0.6212689280509949,-0.6212689280509949
43,55,7,7,93,amber/amber_01b.jpg,amber,0.87804878,0.3657793775200844,-0.3657793775200844
43,55,8,8,92,bonnet/bonnet_01s.jpg,bonnet,0.871794872,0.3512151464819908,-0.3512151464819908
43,55,9,9,91,cornmeal/cornmeal_01b.jpg,cornmeal,0.846153846,0.6933981031179428,-0.6933981031179428
43,55,10,10,90,beetle/beetle_01b.jpg,beetle,0.897435897,0.5651788413524628,-0.5651788413524628
43,55,11,11,89,bulldozer/bulldozer_01b.jpg,bulldozer,0.619047619,0.5904663503170013,-0.5904663503170013
43,55,12,12,88,bazooka/bazooka_01b.jpg,bazooka,0.9,0.3859156146645546,-0.3859156146645546
43,55,13,13,87,beard/beard_01b.jpg,beard,0.875,0.41920559108257294,-0.41920559108257294
43,55,14,14,86,cabinet/cabinet_01s.jpg,cabinet,0.6,0.3219594657421112,-0.3219594657421112
43,55,15,15,85,cockatoo/cockatoo_01b.jpg,cockatoo,0.829268293,0.7387790009379387,-0.7387790009379387
43,55,16,16,84,calf2/calf2_01b.jpg,calf2,0.880952381,0.31234751641750336,-0.31234751641750336
43,55,17,17,83,antenna/antenna_01b.jpg,antenna,0.641025641,0.3552817106246948,-0.3552817106246948
43,55,18,18,82,cashew/cashew_01b.jpg,cashew,0.818181818,0.5055982172489166,-0.5055982172489166
43,55,19,19,81,camel/camel_01b.jpg,camel,0.85,0.5205268412828445,-0.5205268412828445
43,55,20,20,80,chocolate/chocolate_01b.jpg,chocolate,0.875,0.32046574354171753,-0.32046574354171753
43,55,21,21,79,coconut/coconut_01b.jpg,coconut,0.833333333,0.4216689467430115,-0.4216689467430115
43,55,22,22,78,blower/blower_01b.jpg,blower,0.928571429,0.46133722364902496,-0.46133722364902496
43,55,23,23,77,chalk/chalk_01b.jpg,chalk,0.88372093,0.42205995321273804,-0.42205995321273804
43,55,24,24,76,ankle/ankle_01b.jpg,ankle,0.850609756,0.30957581102848053,-0.30957581102848053
43,55,25,25,75,coffee/coffee_01b.jpg,coffee,0.820512821,1.1117132008075714,-1.1117132008075714
43,55,26,26,74,cookie/cookie_01b.jpg,cookie,0.825,0.5315051823854446,-0.5315051823854446
43,55,27,27,73,brake/brake_01b.jpg,brake,0.463414634,0.2979184314608574,-0.2979184314608574
43,55,28,28,72,board/board_01b.jpg,board,0.894736842,0.49417179822921753,-0.49417179822921753
43,55,29,29,71,battery/battery_01b.jpg,battery,0.860465116,0.3507162407040596,-0.3507162407040596
43,55,30,30,70,abacus/abacus_01b.jpg,abacus,0.648648649,0.7586474865674973,-0.7586474865674973
43,55,31,31,69,defibrillator/defibrillator_01b.jpg,defibrillator,0.55,0.5967563986778259,-0.5967563986778259
43,55,32,32,68,blinder/blinder_01b.jpg,blinder,0.825,0.37632688134908676,-0.37632688134908676
43,55,33,33,67,binoculars/binoculars_01s.jpg,binoculars,0.595238095,0.38983315229415894,-0.38983315229415894
43,55,34,34,66,banana/banana_01b.jpg,banana,0.85,0.5279560163617134,-0.5279560163617134
43,55,35,35,65,carousel/carousel_01b.jpg,carousel,0.829268293,0.4213344007730484,-0.4213344007730484
43,55,36,36,64,beaker/beaker_01b.jpg,beaker,0.846153846,0.5174162983894348,-0.5174162983894348
43,55,37,37,63,bison/bison_01b.jpg,bison,0.868421053,0.4597320482134819,-0.4597320482134819
43,55,38,38,62,cape/cape_01b.jpg,cape,0.87804878,0.4102775752544403,-0.4102775752544403
43,55,39,39,61,clothespin/clothespin_01b.jpg,clothespin,0.840909091,0.44148167967796326,-0.44148167967796326
43,55,40,40,60,contact_lens/contact_lens_01s.jpg,contact_lens,0.872435897,0.33576545119285583,-0.33576545119285583
43,55,41,41,59,cobra/cobra_01b.jpg,cobra,0.853658537,1.490693360567093,-1.490693360567093
43,55,42,42,58,bolo_tie/bolo_tie_01b.jpg,bolo_tie,0.833333333,0.46213753521442413,-0.46213753521442413
43,55,43,43,57,costume/costume_01b.jpg,costume,0.902439024,0.43844273686408997,-0.43844273686408997
43,55,44,44,56,chihuahua/chihuahua_01b.jpg,chihuahua,0.923076923,1.496824860572815,-1.496824860572815
43,55,45,45,55,cellphone/cellphone_01b.jpg,cellphone,0.80952381,0.4542512968182564,-0.4542512968182564
43,55,46,46,54,anklet/anklet_01b.jpg,anklet,0.95,0.36161965131759644,-0.36161965131759644
43,55,47,47,53,almond/almond_01b.jpg,almond,0.829268293,0.443594828248024,-0.443594828248024
43,55,48,48,52,brace/brace_01b.jpg,brace,0.804878049,0.3911461606621742,-0.3911461606621742
43,55,49,49,51,apron/apron_01b.jpg,apron,0.811522048,0.359624981880188,-0.359624981880188
43,55,50,50,50,compass/compass_01b.jpg,compass,0.625,1.0421825349330902,-1.0421825349330902
44,56,1,1,99,bolo_tie/bolo_tie_01b.jpg,bolo_tie,0.833333333,0.7394439280033112,-0.7394439280033112
44,56,2,2,98,carousel/carousel_01b.jpg,carousel,0.829268293,0.4497049152851105,-0.4497049152851105
44,56,3,3,97,camel/camel_01b.jpg,camel,0.85,0.5577486082911491,-0.5577486082911491
44,56,4,4,96,beaker/beaker_01b.jpg,beaker,0.846153846,0.7617963403463364,-0.7617963403463364
44,56,5,5,95,costume/costume_01b.jpg,costume,0.902439024,0.4336576461791992,-0.4336576461791992
44,56,6,6,94,badger/badger_01b.jpg,badger,0.825,0.6207297891378403,-0.6207297891378403
44,56,7,7,93,chocolate/chocolate_01b.jpg,chocolate,0.875,0.3530043438076973,-0.3530043438076973
44,56,8,8,92,brace/brace_01b.jpg,brace,0.804878049,0.3837955445051193,-0.3837955445051193
44,56,9,9,91,cellphone/cellphone_01b.jpg,cellphone,0.80952381,0.45390431582927704,-0.45390431582927704
44,56,10,10,90,binoculars/binoculars_01s.jpg,binoculars,0.595238095,0.5371095389127731,-0.5371095389127731
44,56,11,11,89,battery/battery_01b.jpg,battery,0.860465116,0.34210239350795746,-0.34210239350795746
44,56,12,12,88,calf2/calf2_01b.jpg,calf2,0.880952381,0.2914799153804779,-0.2914799153804779
44,56,13,13,87,bazooka/bazooka_01b.jpg,bazooka,0.9,0.36191481351852417,-0.36191481351852417
44,56,14,14,86,christmas_card/christmas_card_01b.jpg,christmas_card,0.804878049,0.32934629917144775,-0.32934629917144775
44,56,15,15,85,cookie/cookie_01b.jpg,cookie,0.825,0.48051877319812775,-0.48051877319812775
44,56,16,16,84,banana/banana_01b.jpg,banana,0.85,0.46125271171331406,-0.46125271171331406
44,56,17,17,83,beetle/beetle_01b.jpg,beetle,0.897435897,0.4794049710035324,-0.4794049710035324
44,56,18,18,82,clothespin/clothespin_01b.jpg,clothespin,0.840909091,0.42445820569992065,-0.42445820569992065
44,56,19,19,81,chihuahua/chihuahua_01b.jpg,chihuahua,0.923076923,1.4165352284908295,-1.4165352284908295
44,56,20,20,80,ankle/ankle_01b.jpg,ankle,0.850609756,0.301433976739645,-0.301433976739645
44,56,21,21,79,cello/cello_01s.jpg,cello,0.825,0.5023202300071716,-0.5023202300071716
44,56,22,22,78,chalk/chalk_01b.jpg,chalk,0.88372093,0.4138229116797447,-0.4138229116797447
44,56,23,23,77,bagel/bagel_01s.jpg,bagel,0.902439024,0.5350155830383301,-0.5350155830383301
44,56,24,24,76,bison/bison_01b.jpg,bison,0.868421053,0.44409699738025665,-0.44409699738025665
44,56,25,25,75,compass/compass_01b.jpg,compass,0.625,0.9371500015258789,-0.9371500015258789
44,56,26,26,74,armor/armor_01b.jpg,armor,0.804878049,0.4857592284679413,-0.4857592284679413
44,56,27,27,73,bib/bib_01n.jpg,bib,0.925,0.5050135180354118,-0.5050135180354118
44,56,28,28,72,cape/cape_01b.jpg,cape,0.87804878,0.357818104326725,-0.357818104326725
44,56,29,29,71,blower/blower_01b.jpg,blower,0.928571429,0.4713313654065132,-0.4713313654065132
44,56,30,30,70,amber/amber_01b.jpg,amber,0.87804878,0.3345470279455185,-0.3345470279455185
44,56,31,31,69,apron/apron_01b.jpg,apron,0.811522048,0.3339889198541641,-0.3339889198541641
44,56,32,32,68,bassinet/bassinet_01b.jpg,bassinet,0.804878049,0.9275597631931305,-0.9275597631931305
44,56,33,33,67,cabinet/cabinet_01s.jpg,cabinet,0.6,0.36699027568101883,-0.36699027568101883
44,56,34,34,66,anklet/anklet_01b.jpg,anklet,0.95,0.2998412624001503,-0.2998412624001503
44,56,35,35,65,defibrillator/defibrillator_01b.jpg,defibrillator,0.55,0.589936301112175,-0.589936301112175
44,56,36,36,64,cashew/cashew_01b.jpg,cashew,0.818181818,0.4137512892484665,-0.4137512892484665
44,56,37,37,63,blinder/blinder_01b.jpg,blinder,0.825,0.39636895060539246,-0.39636895060539246
44,56,38,38,62,cockatoo/cockatoo_01b.jpg,cockatoo,0.829268293,0.670262299478054,-0.670262299478054
44,56,39,39,61,bulldozer/bulldozer_01b.jpg,bulldozer,0.619047619,0.48446322977542877,-0.48446322977542877
44,56,40,40,60,coconut/coconut_01b.jpg,coconut,0.833333333,0.36803778260946274,-0.36803778260946274
44,56,41,41,59,antenna/antenna_01b.jpg,antenna,0.641025641,0.3295855149626732,-0.3295855149626732
44,56,42,42,58,coffee/coffee_01b.jpg,coffee,0.820512821,0.7483311146497726,-0.7483311146497726
44,56,43,43,57,cornmeal/cornmeal_01b.jpg,cornmeal,0.846153846,0.6114678978919983,-0.6114678978919983
44,56,44,44,56,contact_lens/contact_lens_01s.jpg,contact_lens,0.872435897,0.29495854675769806,-0.29495854675769806
44,56,45,45,55,almond/almond_01b.jpg,almond,0.829268293,0.4318711906671524,-0.4318711906671524
44,56,46,46,54,bonnet/bonnet_01s.jpg,bonnet,0.871794872,0.33503200858831406,-0.33503200858831406
44,56,47,47,53,board/board_01b.jpg,board,0.894736842,0.4855075478553772,-0.4855075478553772
44,56,48,48,52,cobra/cobra_01b.jpg,cobra,0.853658537,0.982414960861206,-0.982414960861206
44,56,49,49,51,brake/brake_01b.jpg,brake,0.463414634,0.29906266927719116,-0.29906266927719116
44,56,50,50,50,beard/beard_01b.jpg,beard,0.875,0.44899287074804306,-0.44899287074804306
45,57,1,1,99,chocolate/chocolate_01b.jpg,chocolate,0.875,0.31957028061151505,-0.31957028061151505
45,57,2,2,98,cabinet/cabinet_01s.jpg,cabinet,0.6,0.3164466619491577,-0.3164466619491577
45,57,3,3,97,brake/brake_01b.jpg,brake,0.463414634,0.32671668380498886,-0.32671668380498886
45,57,4,4,96,bib/bib_01n.jpg,bib,0.925,0.5374015420675278,-0.5374015420675278
45,57,5,5,95,armor/armor_01b.jpg,armor,0.804878049,0.6889893263578415,-0.6889893263578415
45,57,6,6,94,cellphone/cellphone_01b.jpg,cellphone,0.80952381,0.47320137917995453,-0.47320137917995453
45,57,7,7,93,bazooka/bazooka_01b.jpg,bazooka,0.9,0.4077184125781059,-0.4077184125781059
45,57,8,8,92,compass/compass_01b.jpg,compass,0.625,1.2145826667547226,-1.2145826667547226
45,57,9,9,91,blinder/blinder_01b.jpg,blinder,0.825,0.38614852726459503,-0.38614852726459503
45,57,10,10,90,bagel/bagel_01s.jpg,bagel,0.902439024,0.6526691392064095,-0.6526691392064095
45,57,11,11,89,anklet/anklet_01b.jpg,anklet,0.95,0.37505585700273514,-0.37505585700273514
45,57,12,12,88,ankle/ankle_01b.jpg,ankle,0.850609756,0.29733872413635254,-0.29733872413635254
45,57,13,13,87,battery/battery_01b.jpg,battery,0.860465116,0.3543276786804199,-0.3543276786804199
45,57,14,14,86,brace/brace_01b.jpg,brace,0.804878049,0.3872191309928894,-0.3872191309928894
45,57,15,15,85,cashew/cashew_01b.jpg,cashew,0.818181818,0.5449737161397934,-0.5449737161397934
45,57,16,16,84,beard/beard_01b.jpg,beard,0.875,0.3915984779596329,-0.3915984779596329
45,57,17,17,83,apron/apron_01b.jpg,apron,0.811522048,0.3713654726743698,-0.3713654726743698
45,57,18,18,82,cornmeal/cornmeal_01b.jpg,cornmeal,0.846153846,0.6320410072803497,-0.6320410072803497
45,57,19,19,81,bolo_tie/bolo_tie_01b.jpg,bolo_tie,0.833333333,0.43254588544368744,-0.43254588544368744
45,57,20,20,80,calf2/calf2_01b.jpg,calf2,0.880952381,0.2987445592880249,-0.2987445592880249
45,57,21,21,79,bulldozer/bulldozer_01b.jpg,bulldozer,0.619047619,0.5503226667642593,-0.5503226667642593
45,57,22,22,78,almond/almond_01b.jpg,almond,0.829268293,0.4899253845214844,-0.4899253845214844
45,57,23,23,77,board/board_01b.jpg,board,0.894736842,0.47418469190597534,-0.47418469190597534
45,57,24,24,76,bassinet/bassinet_01b.jpg,bassinet,0.804878049,0.8698232397437096,-0.8698232397437096
45,57,25,25,75,cello/cello_01s.jpg,cello,0.825,0.5928589403629303,-0.5928589403629303
45,57,26,26,74,badger/badger_01b.jpg,badger,0.825,0.6340963691473007,-0.6340963691473007
45,57,27,27,73,cockatoo/cockatoo_01b.jpg,cockatoo,0.829268293,0.7010385915637016,-0.7010385915637016
45,57,28,28,72,chalk/chalk_01b.jpg,chalk,0.88372093,0.3842592239379883,-0.3842592239379883
45,57,29,29,71,contact_lens/contact_lens_01s.jpg,contact_lens,0.872435897,0.3278401792049408,-0.3278401792049408
45,57,30,30,70,camel/camel_01b.jpg,camel,0.85,0.46744342893362045,-0.46744342893362045
45,57,31,31,69,beetle/beetle_01b.jpg,beetle,0.897435897,0.4821137338876724,-0.4821137338876724
45,57,32,32,68,curtain/curtain_01b.jpg,curtain,0.8,0.5415784865617752,-0.5415784865617752
45,57,33,33,67,beaker/beaker_01b.jpg,beaker,0.846153846,0.4690231382846832,-0.4690231382846832
45,57,34,34,66,chihuahua/chihuahua_01b.jpg,chihuahua,0.923076923,1.4192308187484741,-1.4192308187484741
45,57,35,35,65,blower/blower_01b.jpg,blower,0.928571429,0.43923521041870117,-0.43923521041870117
45,57,36,36,64,bonnet/bonnet_01s.jpg,bonnet,0.871794872,0.3049375042319298,-0.3049375042319298
45,57,37,37,63,christmas_card/christmas_card_01b.jpg,christmas_card,0.804878049,0.28288406878709793,-0.28288406878709793
45,57,38,38,62,costume/costume_01b.jpg,costume,0.902439024,0.3899822384119034,-0.3899822384119034
45,57,39,39,61,clothespin/clothespin_01b.jpg,clothespin,0.840909091,0.385390929877758,-0.385390929877758
45,57,40,40,60,banana/banana_01b.jpg,banana,0.85,0.4803987219929695,-0.4803987219929695
45,57,41,41,59,cookie/cookie_01b.jpg,cookie,0.825,0.47109703719615936,-0.47109703719615936
45,57,42,42,58,cobra/cobra_01b.jpg,cobra,0.853658537,1.8180730640888214,-1.8180730640888214
45,57,43,43,57,carousel/carousel_01b.jpg,carousel,0.829268293,0.41268059611320496,-0.41268059611320496
45,57,44,44,56,bison/bison_01b.jpg,bison,0.868421053,0.4238095209002495,-0.4238095209002495
45,57,45,45,55,coffee/coffee_01b.jpg,coffee,0.820512821,0.7024558186531067,-0.7024558186531067
45,57,46,46,54,defibrillator/defibrillator_01b.jpg,defibrillator,0.55,0.6046915799379349,-0.6046915799379349
45,57,47,47,53,cape/cape_01b.jpg,cape,0.87804878,0.3902603089809418,-0.3902603089809418
45,57,48,48,52,amber/amber_01b.jpg,amber,0.87804878,0.34711455553770065,-0.34711455553770065
45,57,49,49,51,coconut/coconut_01b.jpg,coconut,0.833333333,0.39209744334220886,-0.39209744334220886
45,57,50,50,50,binoculars/binoculars_01s.jpg,binoculars,0.595238095,0.3454928621649742,-0.3454928621649742
46,58,1,1,99,contact_lens/contact_lens_01s.jpg,contact_lens,0.872435897,0.32885175943374634,-0.32885175943374634
46,58,2,2,98,bonnet/bonnet_01s.jpg,bonnet,0.871794872,0.35714778304100037,-0.35714778304100037
46,58,3,3,97,bassinet/bassinet_01b.jpg,bassinet,0.804878049,0.9394808188080788,-0.9394808188080788
46,58,4,4,96,banana/banana_01b.jpg,banana,0.85,0.7258012890815735,-0.7258012890815735
46,58,5,5,95,cape/cape_01b.jpg,cape,0.87804878,0.32819921523332596,-0.32819921523332596
46,58,6,6,94,chalk/chalk_01b.jpg,chalk,0.88372093,0.42575445771217346,-0.42575445771217346
46,58,7,7,93,armor/armor_01b.jpg,armor,0.804878049,0.7216650396585464,-0.7216650396585464
46,58,8,8,92,christmas_card/christmas_card_01b.jpg,christmas_card,0.804878049,0.3197214677929878,-0.3197214677929878
46,58,9,9,91,bison/bison_01b.jpg,bison,0.868421053,0.5143372640013695,-0.5143372640013695
46,58,10,10,90,chocolate/chocolate_01b.jpg,chocolate,0.875,0.3096429333090782,-0.3096429333090782
46,58,11,11,89,carousel/carousel_01b.jpg,carousel,0.829268293,0.42368870228528976,-0.42368870228528976
46,58,12,12,88,ankle/ankle_01b.jpg,ankle,0.850609756,0.29455723613500595,-0.29455723613500595
46,58,13,13,87,cobra/cobra_01b.jpg,cobra,0.853658537,0.8099095821380615,-0.8099095821380615
46,58,14,14,86,anklet/anklet_01b.jpg,anklet,0.95,0.30306119471788406,-0.30306119471788406
46,58,15,15,85,almond/almond_01b.jpg,almond,0.829268293,0.4207042008638382,-0.4207042008638382
46,58,16,16,84,beard/beard_01b.jpg,beard,0.875,0.43102432787418365,-0.43102432787418365
46,58,17,17,83,chicken1/chicken1_01b.jpg,chicken1,0.8,0.3434412032365799,-0.3434412032365799
46,58,18,18,82,coconut/coconut_01b.jpg,coconut,0.833333333,0.3912915587425232,-0.3912915587425232
46,58,19,19,81,brace/brace_01b.jpg,brace,0.804878049,0.395709291100502,-0.395709291100502
46,58,20,20,80,bulldozer/bulldozer_01b.jpg,bulldozer,0.619047619,0.5061204880475998,-0.5061204880475998
46,58,21,21,79,cabinet/cabinet_01s.jpg,cabinet,0.6,0.3175898566842079,-0.3175898566842079
46,58,22,22,78,defibrillator/defibrillator_01b.jpg,defibrillator,0.55,0.5662038177251816,-0.5662038177251816
46,58,23,23,77,cellphone/cellphone_01b.jpg,cellphone,0.80952381,0.4576634243130684,-0.4576634243130684
46,58,24,24,76,chihuahua/chihuahua_01b.jpg,chihuahua,0.923076923,1.2690893411636353,-1.2690893411636353
46,58,25,25,75,bazooka/bazooka_01b.jpg,bazooka,0.9,0.357552170753479,-0.357552170753479
46,58,26,26,74,cockatoo/cockatoo_01b.jpg,cockatoo,0.829268293,0.46589186787605286,-0.46589186787605286
46,58,27,27,73,cello/cello_01s.jpg,cello,0.825,0.5051239877939224,-0.5051239877939224
46,58,28,28,72,coffee/coffee_01b.jpg,coffee,0.820512821,0.7905041575431824,-0.7905041575431824
46,58,29,29,71,bagel/bagel_01s.jpg,bagel,0.902439024,0.49668384343385696,-0.49668384343385696
46,58,30,30,70,clothespin/clothespin_01b.jpg,clothespin,0.840909091,0.4283914268016815,-0.4283914268016815
46,58,31,31,69,badger/badger_01b.jpg,badger,0.825,0.5663163959980011,-0.5663163959980011
46,58,32,32,68,bib/bib_01n.jpg,bib,0.925,0.5155426114797592,-0.5155426114797592
46,58,33,33,67,battery/battery_01b.jpg,battery,0.860465116,0.3054961860179901,-0.3054961860179901
46,58,34,34,66,brake/brake_01b.jpg,brake,0.463414634,0.3200761079788208,-0.3200761079788208
46,58,35,35,65,curtain/curtain_01b.jpg,curtain,0.8,0.35907912999391556,-0.35907912999391556
46,58,36,36,64,calf2/calf2_01b.jpg,calf2,0.880952381,0.2676524817943573,-0.2676524817943573
46,58,37,37,63,cornmeal/cornmeal_01b.jpg,cornmeal,0.846153846,0.6679233908653259,-0.6679233908653259
46,58,38,38,62,beetle/beetle_01b.jpg,beetle,0.897435897,0.4410538673400879,-0.4410538673400879
46,58,39,39,61,blinder/blinder_01b.jpg,blinder,0.825,0.3686200752854347,-0.3686200752854347
46,58,40,40,60,cookie/cookie_01b.jpg,cookie,0.825,0.4447021931409836,-0.4447021931409836
46,58,41,41,59,bolo_tie/bolo_tie_01b.jpg,bolo_tie,0.833333333,0.3939947411417961,-0.3939947411417961
46,58,42,42,58,beaker/beaker_01b.jpg,beaker,0.846153846,0.43776674568653107,-0.43776674568653107
46,58,43,43,57,camel/camel_01b.jpg,camel,0.85,0.4451180249452591,-0.4451180249452591
46,58,44,44,56,costume/costume_01b.jpg,costume,0.902439024,0.3963073045015335,-0.3963073045015335
46,58,45,45,55,binoculars/binoculars_01s.jpg,binoculars,0.595238095,0.3333877697587013,-0.3333877697587013
46,58,46,46,54,blower/blower_01b.jpg,blower,0.928571429,0.3587956875562668,-0.3587956875562668
46,58,47,47,53,board/board_01b.jpg,board,0.894736842,0.4493114799261093,-0.4493114799261093
46,58,48,48,52,cashew/cashew_01b.jpg,cashew,0.818181818,0.45461487770080566,-0.45461487770080566
46,58,49,49,51,apron/apron_01b.jpg,apron,0.811522048,0.3074363097548485,-0.3074363097548485
46,58,50,50,50,amber/amber_01b.jpg,amber,0.87804878,0.2943434864282608,-0.2943434864282608
47,59,1,1,99,bolo_tie/bolo_tie_01b.jpg,bolo_tie,0.833333333,0.7500836253166199,-0.7500836253166199
47,59,2,2,98,amber/amber_01b.jpg,amber,0.87804878,0.36680714040994644,-0.36680714040994644
47,59,3,3,97,apron/apron_01b.jpg,apron,0.811522048,0.36225541681051254,-0.36225541681051254
47,59,4,4,96,breathalyzer/breathalyzer_01b.jpg,breathalyzer,0.8,0.3793819844722748,-0.3793819844722748
47,59,5,5,95,chalk/chalk_01b.jpg,chalk,0.88372093,0.432153657078743,-0.432153657078743
47,59,6,6,94,cobra/cobra_01b.jpg,cobra,0.853658537,0.6804712265729904,-0.6804712265729904
47,59,7,7,93,cello/cello_01s.jpg,cello,0.825,0.5463215708732605,-0.5463215708732605
47,59,8,8,92,badger/badger_01b.jpg,badger,0.825,0.6604268550872803,-0.6604268550872803
47,59,9,9,91,blower/blower_01b.jpg,blower,0.928571429,0.3972773402929306,-0.3972773402929306
47,59,10,10,90,coconut/coconut_01b.jpg,coconut,0.833333333,0.36956948041915894,-0.36956948041915894
47,59,11,11,89,cashew/cashew_01b.jpg,cashew,0.818181818,0.5197172611951828,-0.5197172611951828
47,59,12,12,88,anklet/anklet_01b.jpg,anklet,0.95,0.3207746371626854,-0.3207746371626854
47,59,13,13,87,chihuahua/chihuahua_01b.jpg,chihuahua,0.923076923,1.3398530781269073,-1.3398530781269073
47,59,14,14,86,blinder/blinder_01b.jpg,blinder,0.825,0.38169024139642715,-0.38169024139642715
47,59,15,15,85,cornmeal/cornmeal_01b.jpg,cornmeal,0.846153846,0.6445237398147583,-0.6445237398147583
47,59,16,16,84,camel/camel_01b.jpg,camel,0.85,0.48751669377088547,-0.48751669377088547
47,59,17,17,83,beaker/beaker_01b.jpg,beaker,0.846153846,0.44946345686912537,-0.44946345686912537
47,59,18,18,82,bagel/bagel_01s.jpg,bagel,0.902439024,0.49154168367385864,-0.49154168367385864
47,59,19,19,81,bonnet/bonnet_01s.jpg,bonnet,0.871794872,0.3047403320670128,-0.3047403320670128
47,59,20,20,80,beard/beard_01b.jpg,beard,0.875,0.4081990569829941,-0.4081990569829941
47,59,21,21,79,cookie/cookie_01b.jpg,cookie,0.825,0.46209825575351715,-0.46209825575351715
47,59,22,22,78,cape/cape_01b.jpg,cape,0.87804878,0.32429131865501404,-0.32429131865501404
47,59,23,23,77,curtain/curtain_01b.jpg,curtain,0.8,0.4225173816084862,-0.4225173816084862
47,59,24,24,76,banana/banana_01b.jpg,banana,0.85,0.4339150935411453,-0.4339150935411453
47,59,25,25,75,binoculars/binoculars_01s.jpg,binoculars,0.595238095,0.3693450316786766,-0.3693450316786766
47,59,26,26,74,brace/brace_01b.jpg,brace,0.804878049,0.3832792118191719,-0.3832792118191719
47,59,27,27,73,chocolate/chocolate_01b.jpg,chocolate,0.875,0.27918022125959396,-0.27918022125959396
47,59,28,28,72,beetle/beetle_01b.jpg,beetle,0.897435897,0.45181430876255035,-0.45181430876255035
47,59,29,29,71,carousel/carousel_01b.jpg,carousel,0.829268293,0.40703607350587845,-0.40703607350587845
47,59,30,30,70,bison/bison_01b.jpg,bison,0.868421053,0.4130970165133476,-0.4130970165133476
47,59,31,31,69,cabinet/cabinet_01s.jpg,cabinet,0.6,0.2851404696702957,-0.2851404696702957
47,59,32,32,68,armor/armor_01b.jpg,armor,0.804878049,0.41811904311180115,-0.41811904311180115
47,59,33,33,67,cellphone/cellphone_01b.jpg,cellphone,0.80952381,0.4540688320994377,-0.4540688320994377
47,59,34,34,66,cockatoo/cockatoo_01b.jpg,cockatoo,0.829268293,0.6020501852035522,-0.6020501852035522
47,59,35,35,65,christmas_card/christmas_card_01b.jpg,christmas_card,0.804878049,0.27438610047101974,-0.27438610047101974
47,59,36,36,64,bazooka/bazooka_01b.jpg,bazooka,0.9,0.33673393726348877,-0.33673393726348877
47,59,37,37,63,contact_lens/contact_lens_01s.jpg,contact_lens,0.872435897,0.2959943413734436,-0.2959943413734436
47,59,38,38,62,bib/bib_01n.jpg,bib,0.925,0.4686751440167427,-0.4686751440167427
47,59,39,39,61,clothespin/clothespin_01b.jpg,clothespin,0.840909091,0.43128538876771927,-0.43128538876771927
47,59,40,40,60,battery/battery_01b.jpg,battery,0.860465116,0.28993258625268936,-0.28993258625268936
47,59,41,41,59,brake/brake_01b.jpg,brake,0.463414634,0.31459664553403854,-0.31459664553403854
47,59,42,42,58,calf2/calf2_01b.jpg,calf2,0.880952381,0.270266629755497,-0.270266629755497
47,59,43,43,57,costume/costume_01b.jpg,costume,0.902439024,0.3922991454601288,-0.3922991454601288
47,59,44,44,56,almond/almond_01b.jpg,almond,0.829268293,0.415378674864769,-0.415378674864769
47,59,45,45,55,bassinet/bassinet_01b.jpg,bassinet,0.804878049,0.887042872607708,-0.887042872607708
47,59,46,46,54,defibrillator/defibrillator_01b.jpg,defibrillator,0.55,0.5028525292873383,-0.5028525292873383
47,59,47,47,53,ankle/ankle_01b.jpg,ankle,0.850609756,0.2717774882912636,-0.2717774882912636
47,59,48,48,52,board/board_01b.jpg,board,0.894736842,0.452954426407814,-0.452954426407814
47,59,49,49,51,chicken1/chicken1_01b.jpg,chicken1,0.8,0.33702274411916733,-0.33702274411916733
47,59,50,50,50,coffee/coffee_01b.jpg,coffee,0.820512821,1.3553422912955284,-1.3553422912955284
48,60,1,1,99,battery/battery_01b.jpg,battery,0.860465116,0.305559404194355,-0.305559404194355
48,60,2,2,98,bagel/bagel_01s.jpg,bagel,0.902439024,0.718762643635273,-0.718762643635273
48,60,3,3,97,cashew/cashew_01b.jpg,cashew,0.818181818,0.5001321136951447,-0.5001321136951447
48,60,4,4,96,calf2/calf2_01b.jpg,calf2,0.880952381,0.2733299285173416,-0.2733299285173416
48,60,5,5,95,beard/beard_01b.jpg,beard,0.875,0.4243188202381134,-0.4243188202381134
48,60,6,6,94,curtain/curtain_01b.jpg,curtain,0.8,0.3945496901869774,-0.3945496901869774
48,60,7,7,93,armor/armor_01b.jpg,armor,0.804878049,0.7179745584726334,-0.7179745584726334
48,60,8,8,92,bolo_tie/bolo_tie_01b.jpg,bolo_tie,0.833333333,0.4623725712299347,-0.4623725712299347
48,60,9,9,91,cape/cape_01b.jpg,cape,0.87804878,0.3477536216378212,-0.3477536216378212
48,60,10,10,90,bassinet/bassinet_01b.jpg,bassinet,0.804878049,0.6983316391706467,-0.6983316391706467
48,60,11,11,89,apron/apron_01b.jpg,apron,0.811522048,0.3593617156147957,-0.3593617156147957
48,60,12,12,88,contact_lens/contact_lens_01s.jpg,contact_lens,0.872435897,0.2853212431073189,-0.2853212431073189
48,60,13,13,87,bison/bison_01b.jpg,bison,0.868421053,0.6020262837409973,-0.6020262837409973
48,60,14,14,86,coconut/coconut_01b.jpg,coconut,0.833333333,0.3865234851837158,-0.3865234851837158
48,60,15,15,85,bonnet/bonnet_01s.jpg,bonnet,0.871794872,0.3225342258810997,-0.3225342258810997
48,60,16,16,84,bib/bib_01n.jpg,bib,0.925,0.5209190472960472,-0.5209190472960472
48,60,17,17,83,beetle/beetle_01b.jpg,beetle,0.897435897,0.47157131880521774,-0.47157131880521774
48,60,18,18,82,blowtorch/blowtorch_01b.jpg,blowtorch,0.8,0.3543877378106117,-0.3543877378106117
48,60,19,19,81,banana/banana_01b.jpg,banana,0.85,0.40171051025390625,-0.40171051025390625
48,60,20,20,80,defibrillator/defibrillator_01b.jpg,defibrillator,0.55,0.4881933480501175,-0.4881933480501175
48,60,21,21,79,blower/blower_01b.jpg,blower,0.928571429,0.4229418784379959,-0.4229418784379959
48,60,22,22,78,cello/cello_01s.jpg,cello,0.825,0.49171818792819977,-0.49171818792819977
48,60,23,23,77,camel/camel_01b.jpg,camel,0.85,0.48517564684152603,-0.48517564684152603
48,60,24,24,76,costume/costume_01b.jpg,costume,0.902439024,0.4098411947488785,-0.4098411947488785
48,60,25,25,75,bazooka/bazooka_01b.jpg,bazooka,0.9,0.3339373767375946,-0.3339373767375946
48,60,26,26,74,board/board_01b.jpg,board,0.894736842,0.4806435853242874,-0.4806435853242874
48,60,27,27,73,beaker/beaker_01b.jpg,beaker,0.846153846,0.42430464923381805,-0.42430464923381805
48,60,28,28,72,carousel/carousel_01b.jpg,carousel,0.829268293,0.4205271154642105,-0.4205271154642105
48,60,29,29,71,anklet/anklet_01b.jpg,anklet,0.95,0.27862899750471115,-0.27862899750471115
48,60,30,30,70,amber/amber_01b.jpg,amber,0.87804878,0.32474586367607117,-0.32474586367607117
48,60,31,31,69,breathalyzer/breathalyzer_01b.jpg,breathalyzer,0.8,0.2952214181423187,-0.2952214181423187
48,60,32,32,68,christmas_card/christmas_card_01b.jpg,christmas_card,0.804878049,0.3109973594546318,-0.3109973594546318
48,60,33,33,67,cornmeal/cornmeal_01b.jpg,cornmeal,0.846153846,0.5861840695142746,-0.5861840695142746
48,60,34,34,66,brake/brake_01b.jpg,brake,0.463414634,0.3196837976574898,-0.3196837976574898
48,60,35,35,65,badger/badger_01b.jpg,badger,0.825,0.5399472117424011,-0.5399472117424011
48,60,36,36,64,chalk/chalk_01b.jpg,chalk,0.88372093,0.4085780307650566,-0.4085780307650566
48,60,37,37,63,clothespin/clothespin_01b.jpg,clothespin,0.840909091,0.3692937418818474,-0.3692937418818474
48,60,38,38,62,chihuahua/chihuahua_01b.jpg,chihuahua,0.923076923,1.2477105259895325,-1.2477105259895325
48,60,39,39,61,cellphone/cellphone_01b.jpg,cellphone,0.80952381,0.4066177234053612,-0.4066177234053612
48,60,40,40,60,chicken1/chicken1_01b.jpg,chicken1,0.8,0.31464067846536636,-0.31464067846536636
48,60,41,41,59,binoculars/binoculars_01s.jpg,binoculars,0.595238095,0.33586714416742325,-0.33586714416742325
48,60,42,42,58,cockatoo/cockatoo_01b.jpg,cockatoo,0.829268293,1.0170809403061867,-1.0170809403061867
48,60,43,43,57,ankle/ankle_01b.jpg,ankle,0.850609756,0.27136750519275665,-0.27136750519275665
48,60,44,44,56,cobra/cobra_01b.jpg,cobra,0.853658537,1.4246978759765625,-1.4246978759765625
48,60,45,45,55,coffee/coffee_01b.jpg,coffee,0.820512821,1.1561546325683594,-1.1561546325683594
48,60,46,46,54,blinder/blinder_01b.jpg,blinder,0.825,0.38785676658153534,-0.38785676658153534
48,60,47,47,53,brace/brace_01b.jpg,brace,0.804878049,0.33542105555534363,-0.33542105555534363
48,60,48,48,52,chocolate/chocolate_01b.jpg,chocolate,0.875,0.2949063628911972,-0.2949063628911972
48,60,49,49,51,cookie/cookie_01b.jpg,cookie,0.825,0.4376758635044098,-0.4376758635044098
48,60,50,50,50,almond/almond_01b.jpg,almond,0.829268293,0.4161494970321655,-0.4161494970321655
49,61,1,1,99,bassinet/bassinet_01b.jpg,bassinet,0.804878049,2.1024927496910095,-2.1024927496910095
49,61,2,2,98,badger/badger_01b.jpg,badger,0.825,1.3489981889724731,-1.3489981889724731
49,61,3,3,97,bagel/bagel_01s.jpg,bagel,0.902439024,0.7805956900119781,-0.7805956900119781
49,61,4,4,96,armor/armor_01b.jpg,armor,0.804878049,0.7092360258102417,-0.7092360258102417
49,61,5,5,95,cornmeal/cornmeal_01b.jpg,cornmeal,0.846153846,0.6253553330898285,-0.6253553330898285
49,61,6,6,94,banana/banana_01b.jpg,banana,0.85,0.600694015622139,-0.600694015622139
49,61,7,7,93,beetle/beetle_01b.jpg,beetle,0.897435897,0.5463652908802032,-0.5463652908802032
49,61,8,8,92,dandelion/dandelion_01s.jpg,dandelion,0.794871795,0.583853468298912,-0.583853468298912
49,61,9,9,91,blowtorch/blowtorch_01b.jpg,blowtorch,0.8,0.3768119215965271,-0.3768119215965271
49,61,10,10,90,cello/cello_01s.jpg,cello,0.825,0.5926568657159805,-0.5926568657159805
49,61,11,11,89,curtain/curtain_01b.jpg,curtain,0.8,0.3402780592441559,-0.3402780592441559
49,61,12,12,88,coconut/coconut_01b.jpg,coconut,0.833333333,0.40265603363513947,-0.40265603363513947
49,61,13,13,87,cobra/cobra_01b.jpg,cobra,0.853658537,0.7891842722892761,-0.7891842722892761
49,61,14,14,86,blinder/blinder_01b.jpg,blinder,0.825,0.40082813799381256,-0.40082813799381256
49,61,15,15,85,calf2/calf2_01b.jpg,calf2,0.880952381,0.29008034616708755,-0.29008034616708755
49,61,16,16,84,chocolate/chocolate_01b.jpg,chocolate,0.875,0.3023599609732628,-0.3023599609732628
49,61,17,17,83,blower/blower_01b.jpg,blower,0.928571429,0.3872096985578537,-0.3872096985578537
49,61,18,18,82,almond/almond_01b.jpg,almond,0.829268293,0.40852636098861694,-0.40852636098861694
49,61,19,19,81,coffee/coffee_01b.jpg,coffee,0.820512821,0.7703254818916321,-0.7703254818916321
49,61,20,20,80,camel/camel_01b.jpg,camel,0.85,0.4832115173339844,-0.4832115173339844
49,61,21,21,79,bonnet/bonnet_01s.jpg,bonnet,0.871794872,0.3428109139204025,-0.3428109139204025
49,61,22,22,78,brace/brace_01b.jpg,brace,0.804878049,0.39341115206480026,-0.39341115206480026
49,61,23,23,77,apron/apron_01b.jpg,apron,0.811522048,0.36922288686037064,-0.36922288686037064
49,61,24,24,76,clothespin/clothespin_01b.jpg,clothespin,0.840909091,0.43292611837387085,-0.43292611837387085
49,61,25,25,75,cape/cape_01b.jpg,cape,0.87804878,0.31023595482110977,-0.31023595482110977
49,61,26,26,74,amber/amber_01b.jpg,amber,0.87804878,0.3084719330072403,-0.3084719330072403
49,61,27,27,73,chihuahua/chihuahua_01b.jpg,chihuahua,0.923076923,1.2449140548706055,-1.2449140548706055
49,61,28,28,72,bison/bison_01b.jpg,bison,0.868421053,0.4319099336862564,-0.4319099336862564
49,61,29,29,71,contact_lens/contact_lens_01s.jpg,contact_lens,0.872435897,0.3018353804945946,-0.3018353804945946
49,61,30,30,70,board/board_01b.jpg,board,0.894736842,0.49680106341838837,-0.49680106341838837
49,61,31,31,69,bazooka/bazooka_01b.jpg,bazooka,0.9,0.34698206931352615,-0.34698206931352615
49,61,32,32,68,chicken1/chicken1_01b.jpg,chicken1,0.8,0.3551112562417984,-0.3551112562417984
49,61,33,33,67,brake/brake_01b.jpg,brake,0.463414634,0.3133344203233719,-0.3133344203233719
49,61,34,34,66,bib/bib_01n.jpg,bib,0.925,0.5456269979476929,-0.5456269979476929
49,61,35,35,65,christmas_card/christmas_card_01b.jpg,christmas_card,0.804878049,0.3258667439222336,-0.3258667439222336
49,61,36,36,64,cockatoo/cockatoo_01b.jpg,cockatoo,0.829268293,0.7577201351523399,-0.7577201351523399
49,61,37,37,63,ankle/ankle_01b.jpg,ankle,0.850609756,0.2950161248445511,-0.2950161248445511
49,61,38,38,62,beaker/beaker_01b.jpg,beaker,0.846153846,0.41091541945934296,-0.41091541945934296
49,61,39,39,61,breathalyzer/breathalyzer_01b.jpg,breathalyzer,0.8,0.31349991261959076,-0.31349991261959076
49,61,40,40,60,chalk/chalk_01b.jpg,chalk,0.88372093,0.43159517645835876,-0.43159517645835876
49,61,41,41,59,bolo_tie/bolo_tie_01b.jpg,bolo_tie,0.833333333,0.38840796798467636,-0.38840796798467636
49,61,42,42,58,anklet/anklet_01b.jpg,anklet,0.95,0.32563940435647964,-0.32563940435647964
49,61,43,43,57,defibrillator/defibrillator_01b.jpg,defibrillator,0.55,0.5020935535430908,-0.5020935535430908
49,61,44,44,56,costume/costume_01b.jpg,costume,0.902439024,0.4020311236381531,-0.4020311236381531
49,61,45,45,55,cookie/cookie_01b.jpg,cookie,0.825,0.4492645263671875,-0.4492645263671875
49,61,46,46,54,carousel/carousel_01b.jpg,carousel,0.829268293,0.43305785953998566,-0.43305785953998566
49,61,47,47,53,cashew/cashew_01b.jpg,cashew,0.818181818,0.5709996521472931,-0.5709996521472931
49,61,48,48,52,beard/beard_01b.jpg,beard,0.875,0.4226132854819298,-0.4226132854819298
49,61,49,49,51,cellphone/cellphone_01b.jpg,cellphone,0.80952381,0.39258404076099396,-0.39258404076099396
49,61,50,50,50,battery/battery_01b.jpg,battery,0.860465116,0.27880214154720306,-0.27880214154720306
50,62,1,1,99,cockatoo/cockatoo_01b.jpg,cockatoo,0.829268293,1.208753414452076,-1.208753414452076
50,62,2,2,98,calf2/calf2_01b.jpg,calf2,0.880952381,0.31559690088033676,-0.31559690088033676
50,62,3,3,97,brace/brace_01b.jpg,brace,0.804878049,0.4611157327890396,-0.4611157327890396
50,62,4,4,96,camel/camel_01b.jpg,camel,0.85,0.584749698638916,-0.584749698638916
50,62,5,5,95,bonnet/bonnet_01s.jpg,bonnet,0.871794872,0.3261437565088272,-0.3261437565088272
50,62,6,6,94,blowtorch/blowtorch_01b.jpg,blowtorch,0.8,0.4013014957308769,-0.4013014957308769
50,62,7,7,93,bagel/bagel_01s.jpg,bagel,0.902439024,0.6365319862961769,-0.6365319862961769
50,62,8,8,92,bassinet/bassinet_01b.jpg,bassinet,0.804878049,0.7237796187400818,-0.7237796187400818
50,62,9,9,91,cashew/cashew_01b.jpg,cashew,0.818181818,0.48841314017772675,-0.48841314017772675
50,62,10,10,90,battery/battery_01b.jpg,battery,0.860465116,0.33196472376585007,-0.33196472376585007
50,62,11,11,89,contact_lens/contact_lens_01s.jpg,contact_lens,0.872435897,0.35194166749715805,-0.35194166749715805
50,62,12,12,88,chihuahua/chihuahua_01b.jpg,chihuahua,0.923076923,1.4451890587806702,-1.4451890587806702
50,62,13,13,87,coconut/coconut_01b.jpg,coconut,0.833333333,0.3880460858345032,-0.3880460858345032
50,62,14,14,86,bib/bib_01n.jpg,bib,0.925,0.5000699162483215,-0.5000699162483215
50,62,15,15,85,beaker/beaker_01b.jpg,beaker,0.846153846,0.5495575815439224,-0.5495575815439224
50,62,16,16,84,apron/apron_01b.jpg,apron,0.811522048,0.38753321021795273,-0.38753321021795273
50,62,17,17,83,costume/costume_01b.jpg,costume,0.902439024,0.44922153651714325,-0.44922153651714325
50,62,18,18,82,coffee/coffee_01b.jpg,coffee,0.820512821,0.9590149819850922,-0.9590149819850922
50,62,19,19,81,cello/cello_01s.jpg,cello,0.825,0.5154631286859512,-0.5154631286859512
50,62,20,20,80,cornmeal/cornmeal_01b.jpg,cornmeal,0.846153846,0.6798432618379593,-0.6798432618379593
50,62,21,21,79,dandelion/dandelion_01s.jpg,dandelion,0.794871795,0.5709386616945267,-0.5709386616945267
50,62,22,22,78,curtain/curtain_01b.jpg,curtain,0.8,0.44669291377067566,-0.44669291377067566
50,62,23,23,77,bazooka/bazooka_01b.jpg,bazooka,0.9,0.34861746430397034,-0.34861746430397034
50,62,24,24,76,chicken1/chicken1_01b.jpg,chicken1,0.8,0.3933403193950653,-0.3933403193950653
50,62,25,25,75,carousel/carousel_01b.jpg,carousel,0.829268293,0.46430252492427826,-0.46430252492427826
50,62,26,26,74,cookie/cookie_01b.jpg,cookie,0.825,0.45696718990802765,-0.45696718990802765
50,62,27,27,73,beard/beard_01b.jpg,beard,0.875,0.4403240978717804,-0.4403240978717804
50,62,28,28,72,banana/banana_01b.jpg,banana,0.85,0.4326104000210762,-0.4326104000210762
50,62,29,29,71,clothespin/clothespin_01b.jpg,clothespin,0.840909091,0.4625048339366913,-0.4625048339366913
50,62,30,30,70,amber/amber_01b.jpg,amber,0.87804878,0.33141162246465683,-0.33141162246465683
50,62,31,31,69,anklet/anklet_01b.jpg,anklet,0.95,0.3319416120648384,-0.3319416120648384
50,62,32,32,68,chalk/chalk_01b.jpg,chalk,0.88372093,0.4234989508986473,-0.4234989508986473
50,62,33,33,67,cobra/cobra_01b.jpg,cobra,0.853658537,0.863482654094696,-0.863482654094696
50,62,34,34,66,bow1/bow1_01b.jpg,bow1,0.794871795,0.5010582208633423,-0.5010582208633423
50,62,35,35,65,armor/armor_01b.jpg,armor,0.804878049,0.49171048402786255,-0.49171048402786255
50,62,36,36,64,cape/cape_01b.jpg,cape,0.87804878,0.36698973923921585,-0.36698973923921585
50,62,37,37,63,blinder/blinder_01b.jpg,blinder,0.825,0.39903462678194046,-0.39903462678194046
50,62,38,38,62,brake/brake_01b.jpg,brake,0.463414634,0.31323397159576416,-0.31323397159576416
50,62,39,39,61,board/board_01b.jpg,board,0.894736842,0.5032014697790146,-0.5032014697790146
50,62,40,40,60,blower/blower_01b.jpg,blower,0.928571429,0.45773521065711975,-0.45773521065711975
50,62,41,41,59,bison/bison_01b.jpg,bison,0.868421053,0.43636471033096313,-0.43636471033096313
50,62,42,42,58,christmas_card/christmas_card_01b.jpg,christmas_card,0.804878049,0.32802415639162064,-0.32802415639162064
50,62,43,43,57,bolo_tie/bolo_tie_01b.jpg,bolo_tie,0.833333333,0.3904453068971634,-0.3904453068971634
50,62,44,44,56,beetle/beetle_01b.jpg,beetle,0.897435897,0.46439129114151,-0.46439129114151
50,62,45,45,55,almond/almond_01b.jpg,almond,0.829268293,0.44091320037841797,-0.44091320037841797
50,62,46,46,54,ankle/ankle_01b.jpg,ankle,0.850609756,0.32817360013723373,-0.32817360013723373
50,62,47,47,53,badger/badger_01b.jpg,badger,0.825,0.5919309556484222,-0.5919309556484222
50,62,48,48,52,breathalyzer/breathalyzer_01b.jpg,breathalyzer,0.8,0.34983765333890915,-0.34983765333890915
50,62,49,49,51,cellphone/cellphone_01b.jpg,cellphone,0.80952381,0.4783318266272545,-0.4783318266272545
50,62,50,50,50,chocolate/chocolate_01b.jpg,chocolate,0.875,0.32913248240947723,-0.32913248240947723
51,63,1,1,99,beard/beard_01b.jpg,beard,0.875,0.3796287924051285,-0.3796287924051285
51,63,2,2,98,dandelion/dandelion_01s.jpg,dandelion,0.794871795,0.5935129523277283,-0.5935129523277283
51,63,3,3,97,christmas_card/christmas_card_01b.jpg,christmas_card,0.804878049,0.34111469238996506,-0.34111469238996506
51,63,4,4,96,bagel/bagel_01s.jpg,bagel,0.902439024,0.8309511765837669,-0.8309511765837669
51,63,5,5,95,chihuahua/chihuahua_01b.jpg,chihuahua,0.923076923,1.7614172101020813,-1.7614172101020813
51,63,6,6,94,costume/costume_01b.jpg,costume,0.902439024,0.4308397173881531,-0.4308397173881531
51,63,7,7,93,amber/amber_01b.jpg,amber,0.87804878,0.37663742899894714,-0.37663742899894714
51,63,8,8,92,calf2/calf2_01b.jpg,calf2,0.880952381,0.29552989453077316,-0.29552989453077316
51,63,9,9,91,contact_lens/contact_lens_01s.jpg,contact_lens,0.872435897,0.33951038867235184,-0.33951038867235184
51,63,10,10,90,carousel/carousel_01b.jpg,carousel,0.829268293,0.46260465681552887,-0.46260465681552887
51,63,11,11,89,brace/brace_01b.jpg,brace,0.804878049,0.4221508577466011,-0.4221508577466011
51,63,12,12,88,coconut/coconut_01b.jpg,coconut,0.833333333,0.42734814435243607,-0.42734814435243607
51,63,13,13,87,cape/cape_01b.jpg,cape,0.87804878,0.40959789603948593,-0.40959789603948593
51,63,14,14,86,banana/banana_01b.jpg,banana,0.85,0.512639008462429,-0.512639008462429
51,63,15,15,85,cornmeal/cornmeal_01b.jpg,cornmeal,0.846153846,0.67850661277771,-0.67850661277771
51,63,16,16,84,curtain/curtain_01b.jpg,curtain,0.8,0.5635251551866531,-0.5635251551866531
51,63,17,17,83,battery/battery_01b.jpg,battery,0.860465116,0.3577517941594124,-0.3577517941594124
51,63,18,18,82,cellphone/cellphone_01b.jpg,cellphone,0.80952381,0.4520942196249962,-0.4520942196249962
51,63,19,19,81,blower/blower_01b.jpg,blower,0.928571429,0.43610788881778717,-0.43610788881778717
51,63,20,20,80,cashew/cashew_01b.jpg,cashew,0.818181818,0.48666147887706757,-0.48666147887706757
51,63,21,21,79,cello/cello_01s.jpg,cello,0.825,0.5958459675312042,-0.5958459675312042
51,63,22,22,78,beaker/beaker_01b.jpg,beaker,0.846153846,0.46062272787094116,-0.46062272787094116
51,63,23,23,77,armor/armor_01b.jpg,armor,0.804878049,0.5319141745567322,-0.5319141745567322
51,63,24,24,76,board/board_01b.jpg,board,0.894736842,0.48028750717639923,-0.48028750717639923
51,63,25,25,75,bolo_tie/bolo_tie_01b.jpg,bolo_tie,0.833333333,0.4336286634206772,-0.4336286634206772
51,63,26,26,74,ankle/ankle_01b.jpg,ankle,0.850609756,0.29213234037160873,-0.29213234037160873
51,63,27,27,73,bow1/bow1_01b.jpg,bow1,0.794871795,0.49146217107772827,-0.49146217107772827
51,63,28,28,72,appetizer/appetizer_01b.jpg,appetizer,0.794871795,0.8529201000928879,-0.8529201000928879
51,63,29,29,71,bison/bison_01b.jpg,bison,0.868421053,0.4734714552760124,-0.4734714552760124
51,63,30,30,70,chocolate/chocolate_01b.jpg,chocolate,0.875,0.3115229159593582,-0.3115229159593582
51,63,31,31,69,bonnet/bonnet_01s.jpg,bonnet,0.871794872,0.31462398916482925,-0.31462398916482925
51,63,32,32,68,badger/badger_01b.jpg,badger,0.825,0.6459064930677414,-0.6459064930677414
51,63,33,33,67,cockatoo/cockatoo_01b.jpg,cockatoo,0.829268293,0.519220344722271,-0.519220344722271
51,63,34,34,66,bassinet/bassinet_01b.jpg,bassinet,0.804878049,0.7714991047978401,-0.7714991047978401
51,63,35,35,65,coffee/coffee_01b.jpg,coffee,0.820512821,0.7419981062412262,-0.7419981062412262
51,63,36,36,64,blowtorch/blowtorch_01b.jpg,blowtorch,0.8,0.3442917913198471,-0.3442917913198471
51,63,37,37,63,almond/almond_01b.jpg,almond,0.829268293,0.45747822523117065,-0.45747822523117065
51,63,38,38,62,chalk/chalk_01b.jpg,chalk,0.88372093,0.4040195122361183,-0.4040195122361183
51,63,39,39,61,bib/bib_01n.jpg,bib,0.925,0.5271248146891594,-0.5271248146891594
51,63,40,40,60,apron/apron_01b.jpg,apron,0.811522048,0.35789526253938675,-0.35789526253938675
51,63,41,41,59,breathalyzer/breathalyzer_01b.jpg,breathalyzer,0.8,0.35108141601085663,-0.35108141601085663
51,63,42,42,58,bazooka/bazooka_01b.jpg,bazooka,0.9,0.3464547246694565,-0.3464547246694565
51,63,43,43,57,clothespin/clothespin_01b.jpg,clothespin,0.840909091,0.4109245538711548,-0.4109245538711548
51,63,44,44,56,chicken1/chicken1_01b.jpg,chicken1,0.8,0.36585039645433426,-0.36585039645433426
51,63,45,45,55,beetle/beetle_01b.jpg,beetle,0.897435897,0.5073411464691162,-0.5073411464691162
51,63,46,46,54,cobra/cobra_01b.jpg,cobra,0.853658537,1.17155259847641,-1.17155259847641
51,63,47,47,53,blinder/blinder_01b.jpg,blinder,0.825,0.3693101182579994,-0.3693101182579994
51,63,48,48,52,cookie/cookie_01b.jpg,cookie,0.825,0.4572112560272217,-0.4572112560272217
51,63,49,49,51,anklet/anklet_01b.jpg,anklet,0.95,0.3597365468740463,-0.3597365468740463
51,63,50,50,50,camel/camel_01b.jpg,camel,0.85,0.4592251777648926,-0.4592251777648926
52,64,1,1,99,bolo_tie/bolo_tie_01b.jpg,bolo_tie,0.833333333,0.7749834805727005,-0.7749834805727005
52,64,2,2,98,badger/badger_01b.jpg,badger,0.825,1.4859255254268646,-1.4859255254268646
52,64,3,3,97,amber/amber_01b.jpg,amber,0.87804878,0.3616717830300331,-0.3616717830300331
52,64,4,4,96,chalk/chalk_01b.jpg,chalk,0.88372093,0.4168994426727295,-0.4168994426727295
52,64,5,5,95,almond/almond_01b.jpg,almond,0.829268293,0.5024720579385757,-0.5024720579385757
52,64,6,6,94,brace/brace_01b.jpg,brace,0.804878049,0.41551659256219864,-0.41551659256219864
52,64,7,7,93,bazooka/bazooka_01b.jpg,bazooka,0.9,0.4087803140282631,-0.4087803140282631
52,64,8,8,92,beard/beard_01b.jpg,beard,0.875,0.3940601423382759,-0.3940601423382759
52,64,9,9,91,coffee/coffee_01b.jpg,coffee,0.820512821,0.6580867767333984,-0.6580867767333984
52,64,10,10,90,blower/blower_01b.jpg,blower,0.928571429,0.4277781471610069,-0.4277781471610069
52,64,11,11,89,cookie/cookie_01b.jpg,cookie,0.825,0.49845170974731445,-0.49845170974731445
52,64,12,12,88,christmas_card/christmas_card_01b.jpg,christmas_card,0.804878049,0.27597036957740784,-0.27597036957740784
52,64,13,13,87,blowtorch/blowtorch_01b.jpg,blowtorch,0.8,0.4190310537815094,-0.4190310537815094
52,64,14,14,86,cobra/cobra_01b.jpg,cobra,0.853658537,1.2011694610118866,-1.2011694610118866
52,64,15,15,85,cockatoo/cockatoo_01b.jpg,cockatoo,0.829268293,0.7264970690011978,-0.7264970690011978
52,64,16,16,84,cashew/cashew_01b.jpg,cashew,0.818181818,0.5713898539543152,-0.5713898539543152
52,64,17,17,83,contact_lens/contact_lens_01s.jpg,contact_lens,0.872435897,0.32093703746795654,-0.32093703746795654
52,64,18,18,82,cornmeal/cornmeal_01b.jpg,cornmeal,0.846153846,1.1579070687294006,-1.1579070687294006
52,64,19,19,81,chicken1/chicken1_01b.jpg,chicken1,0.8,0.39294231683015823,-0.39294231683015823
52,64,20,20,80,chihuahua/chihuahua_01b.jpg,chihuahua,0.923076923,1.4281004965305328,-1.4281004965305328
52,64,21,21,79,bib/bib_01n.jpg,bib,0.925,0.5310402736067772,-0.5310402736067772
52,64,22,22,78,armor/armor_01b.jpg,armor,0.804878049,0.5471168905496597,-0.5471168905496597
52,64,23,23,77,coconut/coconut_01b.jpg,coconut,0.833333333,0.39227937161922455,-0.39227937161922455
52,64,24,24,76,bison/bison_01b.jpg,bison,0.868421053,0.4226979538798332,-0.4226979538798332
52,64,25,25,75,cello/cello_01s.jpg,cello,0.825,0.6464455127716064,-0.6464455127716064
52,64,26,26,74,dandelion/dandelion_01s.jpg,dandelion,0.794871795,0.5871284753084183,-0.5871284753084183
52,64,27,27,73,battery/battery_01b.jpg,battery,0.860465116,0.33002660423517227,-0.33002660423517227
52,64,28,28,72,bow1/bow1_01b.jpg,bow1,0.794871795,0.4582323580980301,-0.4582323580980301
52,64,29,29,71,cufflink/cufflink_01b.jpg,cufflink,0.789473684,0.3961174935102463,-0.3961174935102463
52,64,30,30,70,camel/camel_01b.jpg,camel,0.85,0.44601739943027496,-0.44601739943027496
52,64,31,31,69,carousel/carousel_01b.jpg,carousel,0.829268293,0.43521469831466675,-0.43521469831466675
52,64,32,32,68,bagel/bagel_01s.jpg,bagel,0.902439024,0.6306954249739647,-0.6306954249739647
52,64,33,33,67,chocolate/chocolate_01b.jpg,chocolate,0.875,0.29307592660188675,-0.29307592660188675
52,64,34,34,66,board/board_01b.jpg,board,0.894736842,0.42900804430246353,-0.42900804430246353
52,64,35,35,65,costume/costume_01b.jpg,costume,0.902439024,0.38338281959295273,-0.38338281959295273
52,64,36,36,64,banana/banana_01b.jpg,banana,0.85,0.4274202883243561,-0.4274202883243561
52,64,37,37,63,beaker/beaker_01b.jpg,beaker,0.846153846,0.4551643505692482,-0.4551643505692482
52,64,38,38,62,breathalyzer/breathalyzer_01b.jpg,breathalyzer,0.8,0.35703955590724945,-0.35703955590724945
52,64,39,39,61,bassinet/bassinet_01b.jpg,bassinet,0.804878049,1.0646303221583366,-1.0646303221583366
52,64,40,40,60,cellphone/cellphone_01b.jpg,cellphone,0.80952381,0.45522764325141907,-0.45522764325141907
52,64,41,41,59,blinder/blinder_01b.jpg,blinder,0.825,0.36922671645879745,-0.36922671645879745
52,64,42,42,58,apron/apron_01b.jpg,apron,0.811522048,0.34643734991550446,-0.34643734991550446
52,64,43,43,57,appetizer/appetizer_01b.jpg,appetizer,0.794871795,0.8074161261320114,-0.8074161261320114
52,64,44,44,56,beetle/beetle_01b.jpg,beetle,0.897435897,0.5241497233510017,-0.5241497233510017
52,64,45,45,55,bonnet/bonnet_01s.jpg,bonnet,0.871794872,0.3049161285161972,-0.3049161285161972
52,64,46,46,54,clothespin/clothespin_01b.jpg,clothespin,0.840909091,0.41600386053323746,-0.41600386053323746
52,64,47,47,53,cape/cape_01b.jpg,cape,0.87804878,0.3768385797739029,-0.3768385797739029
52,64,48,48,52,calf2/calf2_01b.jpg,calf2,0.880952381,0.29141250252723694,-0.29141250252723694
52,64,49,49,51,curtain/curtain_01b.jpg,curtain,0.8,0.4824914038181305,-0.4824914038181305
52,64,50,50,50,ankle/ankle_01b.jpg,ankle,0.850609756,0.27519822865724564,-0.27519822865724564
53,65,1,1,99,ankle/ankle_01b.jpg,ankle,0.850609756,0.3221558630466461,-0.3221558630466461
53,65,2,2,98,bolo_tie/bolo_tie_01b.jpg,bolo_tie,0.833333333,0.7628452777862549,-0.7628452777862549
53,65,3,3,97,bagel/bagel_01s.jpg,bagel,0.902439024,0.8658421710133553,-0.8658421710133553
53,65,4,4,96,appetizer/appetizer_01b.jpg,appetizer,0.794871795,0.8681316673755646,-0.8681316673755646
53,65,5,5,95,chocolate/chocolate_01b.jpg,chocolate,0.875,0.32124800235033035,-0.32124800235033035
53,65,6,6,94,calf2/calf2_01b.jpg,calf2,0.880952381,0.2928429991006851,-0.2928429991006851
53,65,7,7,93,coconut/coconut_01b.jpg,coconut,0.833333333,0.42734088003635406,-0.42734088003635406
53,65,8,8,92,banner/banner_01b.jpg,banner,0.789473684,0.4936079829931259,-0.4936079829931259
53,65,9,9,91,armor/armor_01b.jpg,armor,0.804878049,0.6209154576063156,-0.6209154576063156
53,65,10,10,90,cashew/cashew_01b.jpg,cashew,0.818181818,0.4957546591758728,-0.4957546591758728
53,65,11,11,89,breathalyzer/breathalyzer_01b.jpg,breathalyzer,0.8,0.3555476740002632,-0.3555476740002632
53,65,12,12,88,cookie/cookie_01b.jpg,cookie,0.825,0.4976469576358795,-0.4976469576358795
53,65,13,13,87,bassinet/bassinet_01b.jpg,bassinet,0.804878049,0.6955094933509827,-0.6955094933509827
53,65,14,14,86,cellphone/cellphone_01b.jpg,cellphone,0.80952381,0.4444040060043335,-0.4444040060043335
53,65,15,15,85,beard/beard_01b.jpg,beard,0.875,0.43720535188913345,-0.43720535188913345
53,65,16,16,84,chicken1/chicken1_01b.jpg,chicken1,0.8,0.3987499549984932,-0.3987499549984932
53,65,17,17,83,badger/badger_01b.jpg,badger,0.825,0.6153160184621811,-0.6153160184621811
53,65,18,18,82,costume/costume_01b.jpg,costume,0.902439024,0.4107099771499634,-0.4107099771499634
53,65,19,19,81,brace/brace_01b.jpg,brace,0.804878049,0.4235043600201607,-0.4235043600201607
53,65,20,20,80,bison/bison_01b.jpg,bison,0.868421053,0.44645052403211594,-0.44645052403211594
53,65,21,21,79,bib/bib_01n.jpg,bib,0.925,0.5723859518766403,-0.5723859518766403
53,65,22,22,78,amber/amber_01b.jpg,amber,0.87804878,0.32523927092552185,-0.32523927092552185
53,65,23,23,77,contact_lens/contact_lens_01s.jpg,contact_lens,0.872435897,0.3342117741703987,-0.3342117741703987
53,65,24,24,76,cockatoo/cockatoo_01b.jpg,cockatoo,0.829268293,0.4287293925881386,-0.4287293925881386
53,65,25,25,75,chalk/chalk_01b.jpg,chalk,0.88372093,0.4188973978161812,-0.4188973978161812
53,65,26,26,74,blowtorch/blowtorch_01b.jpg,blowtorch,0.8,0.4033401533961296,-0.4033401533961296
53,65,27,27,73,bow1/bow1_01b.jpg,bow1,0.794871795,0.453575536608696,-0.453575536608696
53,65,28,28,72,curtain/curtain_01b.jpg,curtain,0.8,0.4267166256904602,-0.4267166256904602
53,65,29,29,71,cufflink/cufflink_01b.jpg,cufflink,0.789473684,0.41749779134988785,-0.41749779134988785
53,65,30,30,70,carousel/carousel_01b.jpg,carousel,0.829268293,0.42041340470314026,-0.42041340470314026
53,65,31,31,69,cello/cello_01s.jpg,cello,0.825,0.5271245837211609,-0.5271245837211609
53,65,32,32,68,camel/camel_01b.jpg,camel,0.85,0.435700885951519,-0.435700885951519
53,65,33,33,67,christmas_card/christmas_card_01b.jpg,christmas_card,0.804878049,0.3160370662808418,-0.3160370662808418
53,65,34,34,66,coffee/coffee_01b.jpg,coffee,0.820512821,0.8375804424285889,-0.8375804424285889
53,65,35,35,65,board/board_01b.jpg,board,0.894736842,0.45990054309368134,-0.45990054309368134
53,65,36,36,64,cape/cape_01b.jpg,cape,0.87804878,0.39394666254520416,-0.39394666254520416
53,65,37,37,63,dandelion/dandelion_01s.jpg,dandelion,0.794871795,0.5928888916969299,-0.5928888916969299
53,65,38,38,62,bazooka/bazooka_01b.jpg,bazooka,0.9,0.3388062044978142,-0.3388062044978142
53,65,39,39,61,beaker/beaker_01b.jpg,beaker,0.846153846,0.4912702143192291,-0.4912702143192291
53,65,40,40,60,almond/almond_01b.jpg,almond,0.829268293,0.44301679730415344,-0.44301679730415344
53,65,41,41,59,bonnet/bonnet_01s.jpg,bonnet,0.871794872,0.36739495396614075,-0.36739495396614075
53,65,42,42,58,beetle/beetle_01b.jpg,beetle,0.897435897,0.5013873726129532,-0.5013873726129532
53,65,43,43,57,battery/battery_01b.jpg,battery,0.860465116,0.31944897770881653,-0.31944897770881653
53,65,44,44,56,banana/banana_01b.jpg,banana,0.85,0.4253219813108444,-0.4253219813108444
53,65,45,45,55,cornmeal/cornmeal_01b.jpg,cornmeal,0.846153846,0.7639804482460022,-0.7639804482460022
53,65,46,46,54,apron/apron_01b.jpg,apron,0.811522048,0.3361492156982422,-0.3361492156982422
53,65,47,47,53,cobra/cobra_01b.jpg,cobra,0.853658537,1.5177257061004639,-1.5177257061004639
53,65,48,48,52,chihuahua/chihuahua_01b.jpg,chihuahua,0.923076923,1.272671401500702,-1.272671401500702
53,65,49,49,51,blinder/blinder_01b.jpg,blinder,0.825,0.3778090626001358,-0.3778090626001358
53,65,50,50,50,clothespin/clothespin_01b.jpg,clothespin,0.840909091,0.51886186003685,-0.51886186003685
54,66,1,1,99,breathalyzer/breathalyzer_01b.jpg,breathalyzer,0.8,0.5110531598329544,-0.5110531598329544
54,66,2,2,98,christmas_card/christmas_card_01b.jpg,christmas_card,0.804878049,0.34189263731241226,-0.34189263731241226
54,66,3,3,97,bagel/bagel_01s.jpg,bagel,0.902439024,0.9006286412477493,-0.9006286412477493
54,66,4,4,96,bonnet/bonnet_01s.jpg,bonnet,0.871794872,0.3653062731027603,-0.3653062731027603
54,66,5,5,95,battery/battery_01b.jpg,battery,0.860465116,0.40174097567796707,-0.40174097567796707
54,66,6,6,94,cookie/cookie_01b.jpg,cookie,0.825,0.5340125262737274,-0.5340125262737274
54,66,7,7,93,cufflink/cufflink_01b.jpg,cufflink,0.789473684,0.43253179639577866,-0.43253179639577866
54,66,8,8,92,bolo_tie/bolo_tie_01b.jpg,bolo_tie,0.833333333,0.48333045840263367,-0.48333045840263367
54,66,9,9,91,board/board_01b.jpg,board,0.894736842,0.5257772952318192,-0.5257772952318192
54,66,10,10,90,coffee/coffee_01b.jpg,coffee,0.820512821,1.2434669137001038,-1.2434669137001038
54,66,11,11,89,dandelion/dandelion_01s.jpg,dandelion,0.794871795,0.6491601765155792,-0.6491601765155792
54,66,12,12,88,costume/costume_01b.jpg,costume,0.902439024,0.4371683895587921,-0.4371683895587921
54,66,13,13,87,banner/banner_01b.jpg,banner,0.789473684,0.47498224675655365,-0.47498224675655365
54,66,14,14,86,cockatoo/cockatoo_01b.jpg,cockatoo,0.829268293,0.8096315860748291,-0.8096315860748291
54,66,15,15,85,ankle/ankle_01b.jpg,ankle,0.850609756,0.3489043042063713,-0.3489043042063713
54,66,16,16,84,curtain/curtain_01b.jpg,curtain,0.8,0.595411479473114,-0.595411479473114
54,66,17,17,83,bazooka/bazooka_01b.jpg,bazooka,0.9,0.4166428819298744,-0.4166428819298744
54,66,18,18,82,contact_lens/contact_lens_01s.jpg,contact_lens,0.872435897,0.3825346976518631,-0.3825346976518631
54,66,19,19,81,banana/banana_01b.jpg,banana,0.85,0.5142397359013557,-0.5142397359013557
54,66,20,20,80,cellphone/cellphone_01b.jpg,cellphone,0.80952381,0.4930047392845154,-0.4930047392845154
54,66,21,21,79,cape/cape_01b.jpg,cape,0.87804878,0.4313233345746994,-0.4313233345746994
54,66,22,22,78,almond/almond_01b.jpg,almond,0.829268293,0.49080468714237213,-0.49080468714237213
54,66,23,23,77,beetle/beetle_01b.jpg,beetle,0.897435897,0.5739616304636002,-0.5739616304636002
54,66,24,24,76,chocolate/chocolate_01b.jpg,chocolate,0.875,0.33684419840574265,-0.33684419840574265
54,66,25,25,75,calf2/calf2_01b.jpg,calf2,0.880952381,0.3255619555711746,-0.3255619555711746
54,66,26,26,74,brace/brace_01b.jpg,brace,0.804878049,0.41860397160053253,-0.41860397160053253
54,66,27,27,73,appetizer/appetizer_01b.jpg,appetizer,0.794871795,0.8953784108161926,-0.8953784108161926
54,66,28,28,72,amber/amber_01b.jpg,amber,0.87804878,0.3930152952671051,-0.3930152952671051
54,66,29,29,71,caviar/caviar_01b.jpg,caviar,0.785714286,0.7014447003602982,-0.7014447003602982
54,66,30,30,70,chalk/chalk_01b.jpg,chalk,0.88372093,0.44802719354629517,-0.44802719354629517
54,66,31,31,69,cello/cello_01s.jpg,cello,0.825,0.7206981480121613,-0.7206981480121613
54,66,32,32,68,beard/beard_01b.jpg,beard,0.875,0.45474471151828766,-0.45474471151828766
54,66,33,33,67,coconut/coconut_01b.jpg,coconut,0.833333333,0.41430436819791794,-0.41430436819791794
54,66,34,34,66,armor/armor_01b.jpg,armor,0.804878049,0.527961015701294,-0.527961015701294
54,66,35,35,65,carousel/carousel_01b.jpg,carousel,0.829268293,0.46426598727703094,-0.46426598727703094
54,66,36,36,64,chihuahua/chihuahua_01b.jpg,chihuahua,0.923076923,1.4712194502353668,-1.4712194502353668
54,66,37,37,63,chicken1/chicken1_01b.jpg,chicken1,0.8,0.467641718685627,-0.467641718685627
54,66,38,38,62,cobra/cobra_01b.jpg,cobra,0.853658537,1.4675329327583313,-1.4675329327583313
54,66,39,39,61,cornmeal/cornmeal_01b.jpg,cornmeal,0.846153846,0.7284069508314133,-0.7284069508314133
54,66,40,40,60,bassinet/bassinet_01b.jpg,bassinet,0.804878049,1.0118257477879524,-1.0118257477879524
54,66,41,41,59,camel/camel_01b.jpg,camel,0.85,0.48816022276878357,-0.48816022276878357
54,66,42,42,58,blowtorch/blowtorch_01b.jpg,blowtorch,0.8,0.38338156789541245,-0.38338156789541245
54,66,43,43,57,bison/bison_01b.jpg,bison,0.868421053,0.4510544538497925,-0.4510544538497925
54,66,44,44,56,cashew/cashew_01b.jpg,cashew,0.818181818,0.5065466314554214,-0.5065466314554214
54,66,45,45,55,badger/badger_01b.jpg,badger,0.825,0.6778560131788254,-0.6778560131788254
54,66,46,46,54,beaker/beaker_01b.jpg,beaker,0.846153846,0.54104945063591,-0.54104945063591
54,66,47,47,53,apron/apron_01b.jpg,apron,0.811522048,0.37056777626276016,-0.37056777626276016
54,66,48,48,52,clothespin/clothespin_01b.jpg,clothespin,0.840909091,0.5554511845111847,-0.5554511845111847
54,66,49,49,51,blinder/blinder_01b.jpg,blinder,0.825,0.40258628875017166,-0.40258628875017166
54,66,50,50,50,bow1/bow1_01b.jpg,bow1,0.794871795,0.52272829413414,-0.52272829413414
55,67,1,1,99,calf2/calf2_01b.jpg,calf2,0.880952381,0.29059073328971863,-0.29059073328971863
55,67,2,2,98,board/board_01b.jpg,board,0.894736842,0.5401512980461121,-0.5401512980461121
55,67,3,3,97,cobra/cobra_01b.jpg,cobra,0.853658537,1.2967444360256195,-1.2967444360256195
55,67,4,4,96,breathalyzer/breathalyzer_01b.jpg,breathalyzer,0.8,0.42987240850925446,-0.42987240850925446
55,67,5,5,95,chocolate/chocolate_01b.jpg,chocolate,0.875,0.3244963586330414,-0.3244963586330414
55,67,6,6,94,ankle/ankle_01b.jpg,ankle,0.850609756,0.31219495832920074,-0.31219495832920074
55,67,7,7,93,caviar/caviar_01b.jpg,caviar,0.785714286,0.6435730904340744,-0.6435730904340744
55,67,8,8,92,cookie/cookie_01b.jpg,cookie,0.825,0.4954204559326172,-0.4954204559326172
55,67,9,9,91,cape/cape_01b.jpg,cape,0.87804878,0.41076330840587616,-0.41076330840587616
55,67,10,10,90,dandelion/dandelion_01s.jpg,dandelion,0.794871795,0.6167487800121307,-0.6167487800121307
55,67,11,11,89,camel/camel_01b.jpg,camel,0.85,0.5077147632837296,-0.5077147632837296
55,67,12,12,88,christmas_card/christmas_card_01b.jpg,christmas_card,0.804878049,0.2990373373031616,-0.2990373373031616
55,67,13,13,87,blinder/blinder_01b.jpg,blinder,0.825,0.3954455554485321,-0.3954455554485321
55,67,14,14,86,cockatoo/cockatoo_01b.jpg,cockatoo,0.829268293,0.8616992384195328,-0.8616992384195328
55,67,15,15,85,badger/badger_01b.jpg,badger,0.825,0.6888535618782043,-0.6888535618782043
55,67,16,16,84,beetle/beetle_01b.jpg,beetle,0.897435897,0.49502792209386826,-0.49502792209386826
55,67,17,17,83,amber/amber_01b.jpg,amber,0.87804878,0.3574732020497322,-0.3574732020497322
55,67,18,18,82,costume/costume_01b.jpg,costume,0.902439024,0.3949465826153755,-0.3949465826153755
55,67,19,19,81,bow1/bow1_01b.jpg,bow1,0.794871795,0.5316230207681656,-0.5316230207681656
55,67,20,20,80,apron/apron_01b.jpg,apron,0.811522048,0.36100029200315475,-0.36100029200315475
55,67,21,21,79,carousel/carousel_01b.jpg,carousel,0.829268293,0.4507581740617752,-0.4507581740617752
55,67,22,22,78,alligator/alligator_01b.jpg,alligator,0.785714286,0.4728042036294937,-0.4728042036294937
55,67,23,23,77,battery/battery_01b.jpg,battery,0.860465116,0.34499819576740265,-0.34499819576740265
55,67,24,24,76,almond/almond_01b.jpg,almond,0.829268293,0.510898545384407,-0.510898545384407
55,67,25,25,75,bassinet/bassinet_01b.jpg,bassinet,0.804878049,0.7358842343091965,-0.7358842343091965
55,67,26,26,74,bagel/bagel_01s.jpg,bagel,0.902439024,0.6093889027833939,-0.6093889027833939
55,67,27,27,73,chicken1/chicken1_01b.jpg,chicken1,0.8,0.43384047597646713,-0.43384047597646713
55,67,28,28,72,cellphone/cellphone_01b.jpg,cellphone,0.80952381,0.4564529284834862,-0.4564529284834862
55,67,29,29,71,cornmeal/cornmeal_01b.jpg,cornmeal,0.846153846,0.7842346131801605,-0.7842346131801605
55,67,30,30,70,cello/cello_01s.jpg,cello,0.825,0.6450899094343185,-0.6450899094343185
55,67,31,31,69,cufflink/cufflink_01b.jpg,cufflink,0.789473684,0.38682468980550766,-0.38682468980550766
55,67,32,32,68,bison/bison_01b.jpg,bison,0.868421053,0.4122729077935219,-0.4122729077935219
55,67,33,33,67,clothespin/clothespin_01b.jpg,clothespin,0.840909091,0.5527619123458862,-0.5527619123458862
55,67,34,34,66,curtain/curtain_01b.jpg,curtain,0.8,0.5675082877278328,-0.5675082877278328
55,67,35,35,65,bonnet/bonnet_01s.jpg,bonnet,0.871794872,0.3333982080221176,-0.3333982080221176
55,67,36,36,64,coffee/coffee_01b.jpg,coffee,0.820512821,0.7109897881746292,-0.7109897881746292
55,67,37,37,63,armor/armor_01b.jpg,armor,0.804878049,0.4413082003593445,-0.4413082003593445
55,67,38,38,62,banner/banner_01b.jpg,banner,0.789473684,0.475750133395195,-0.475750133395195
55,67,39,39,61,brace/brace_01b.jpg,brace,0.804878049,0.3922329843044281,-0.3922329843044281
55,67,40,40,60,chalk/chalk_01b.jpg,chalk,0.88372093,0.4436778724193573,-0.4436778724193573
55,67,41,41,59,beard/beard_01b.jpg,beard,0.875,0.426196426153183,-0.426196426153183
55,67,42,42,58,banana/banana_01b.jpg,banana,0.85,0.4554051533341408,-0.4554051533341408
55,67,43,43,57,coconut/coconut_01b.jpg,coconut,0.833333333,0.39560616761446,-0.39560616761446
55,67,44,44,56,contact_lens/contact_lens_01s.jpg,contact_lens,0.872435897,0.32672218978405,-0.32672218978405
55,67,45,45,55,cashew/cashew_01b.jpg,cashew,0.818181818,0.5228975415229797,-0.5228975415229797
55,67,46,46,54,bazooka/bazooka_01b.jpg,bazooka,0.9,0.34016378223896027,-0.34016378223896027
55,67,47,47,53,beaker/beaker_01b.jpg,beaker,0.846153846,0.47919169068336487,-0.47919169068336487
55,67,48,48,52,bolo_tie/bolo_tie_01b.jpg,bolo_tie,0.833333333,0.3905138447880745,-0.3905138447880745
55,67,49,49,51,blowtorch/blowtorch_01b.jpg,blowtorch,0.8,0.37168409675359726,-0.37168409675359726
55,67,50,50,50,appetizer/appetizer_01b.jpg,appetizer,0.794871795,0.8942541033029556,-0.8942541033029556
56,68,1,1,99,amber/amber_01b.jpg,amber,0.87804878,0.40026506781578064,-0.40026506781578064
56,68,2,2,98,camel/camel_01b.jpg,camel,0.85,0.5769130364060402,-0.5769130364060402
56,68,3,3,97,bazooka/bazooka_01b.jpg,bazooka,0.9,0.42207127809524536,-0.42207127809524536
56,68,4,4,96,cornmeal/cornmeal_01b.jpg,cornmeal,0.846153846,0.7186572849750519,-0.7186572849750519
56,68,5,5,95,almond/almond_01b.jpg,almond,0.829268293,0.4821172207593918,-0.4821172207593918
56,68,6,6,94,apron/apron_01b.jpg,apron,0.811522048,0.3952284976840019,-0.3952284976840019
56,68,7,7,93,bagel/bagel_01s.jpg,bagel,0.902439024,0.6621070802211761,-0.6621070802211761
56,68,8,8,92,cashew/cashew_01b.jpg,cashew,0.818181818,0.5180686861276627,-0.5180686861276627
56,68,9,9,91,battery/battery_01b.jpg,battery,0.860465116,0.3236681595444679,-0.3236681595444679
56,68,10,10,90,cockatoo/cockatoo_01b.jpg,cockatoo,0.829268293,0.5940708443522453,-0.5940708443522453
56,68,11,11,89,breathalyzer/breathalyzer_01b.jpg,breathalyzer,0.8,0.33925674855709076,-0.33925674855709076
56,68,12,12,88,badger/badger_01b.jpg,badger,0.825,0.6534707099199295,-0.6534707099199295
56,68,13,13,87,blowtorch/blowtorch_01b.jpg,blowtorch,0.8,0.416609562933445,-0.416609562933445
56,68,14,14,86,cape/cape_01b.jpg,cape,0.87804878,0.33378370851278305,-0.33378370851278305
56,68,15,15,85,curtain/curtain_01b.jpg,curtain,0.8,0.4444955140352249,-0.4444955140352249
56,68,16,16,84,cufflink/cufflink_01b.jpg,cufflink,0.789473684,0.44088244438171387,-0.44088244438171387
56,68,17,17,83,armor/armor_01b.jpg,armor,0.804878049,0.5366105437278748,-0.5366105437278748
56,68,18,18,82,brace/brace_01b.jpg,brace,0.804878049,0.38180000334978104,-0.38180000334978104
56,68,19,19,81,bassinet/bassinet_01b.jpg,bassinet,0.804878049,0.8608656749129295,-0.8608656749129295
56,68,20,20,80,contact_lens/contact_lens_01s.jpg,contact_lens,0.872435897,0.29192186892032623,-0.29192186892032623
56,68,21,21,79,christmas_tree/christmas_tree_01b.jpg,christmas_tree,0.780487805,0.40497802942991257,-0.40497802942991257
56,68,22,22,78,cello/cello_01s.jpg,cello,0.825,0.4808751195669174,-0.4808751195669174
56,68,23,23,77,bow1/bow1_01b.jpg,bow1,0.794871795,0.48388294875621796,-0.48388294875621796
56,68,24,24,76,appetizer/appetizer_01b.jpg,appetizer,0.794871795,0.6197965294122696,-0.6197965294122696
56,68,25,25,75,coffee/coffee_01b.jpg,coffee,0.820512821,1.221155047416687,-1.221155047416687
56,68,26,26,74,carousel/carousel_01b.jpg,carousel,0.829268293,0.4323219358921051,-0.4323219358921051
56,68,27,27,73,board/board_01b.jpg,board,0.894736842,0.512112632393837,-0.512112632393837
56,68,28,28,72,alligator/alligator_01b.jpg,alligator,0.785714286,0.5255366787314415,-0.5255366787314415
56,68,29,29,71,ankle/ankle_01b.jpg,ankle,0.850609756,0.34347276389598846,-0.34347276389598846
56,68,30,30,70,chocolate/chocolate_01b.jpg,chocolate,0.875,0.33301449567079544,-0.33301449567079544
56,68,31,31,69,banner/banner_01b.jpg,banner,0.789473684,0.4981698840856552,-0.4981698840856552
56,68,32,32,68,beard/beard_01b.jpg,beard,0.875,0.4540264457464218,-0.4540264457464218
56,68,33,33,67,caviar/caviar_01b.jpg,caviar,0.785714286,0.5856761932373047,-0.5856761932373047
56,68,34,34,66,chalk/chalk_01b.jpg,chalk,0.88372093,0.4380998760461807,-0.4380998760461807
56,68,35,35,65,chicken1/chicken1_01b.jpg,chicken1,0.8,0.3710421025753021,-0.3710421025753021
56,68,36,36,64,cookie/cookie_01b.jpg,cookie,0.825,0.47479547560214996,-0.47479547560214996
56,68,37,37,63,cobra/cobra_01b.jpg,cobra,0.853658537,1.263203114271164,-1.263203114271164
56,68,38,38,62,coconut/coconut_01b.jpg,coconut,0.833333333,0.38086534291505814,-0.38086534291505814
56,68,39,39,61,blinder/blinder_01b.jpg,blinder,0.825,0.3898007571697235,-0.3898007571697235
56,68,40,40,60,cellphone/cellphone_01b.jpg,cellphone,0.80952381,0.4799860790371895,-0.4799860790371895
56,68,41,41,59,beaker/beaker_01b.jpg,beaker,0.846153846,0.4819434732198715,-0.4819434732198715
56,68,42,42,58,bolo_tie/bolo_tie_01b.jpg,bolo_tie,0.833333333,0.3939817473292351,-0.3939817473292351
56,68,43,43,57,christmas_card/christmas_card_01b.jpg,christmas_card,0.804878049,0.32451601326465607,-0.32451601326465607
56,68,44,44,56,bison/bison_01b.jpg,bison,0.868421053,0.43017149716615677,-0.43017149716615677
56,68,45,45,55,bonnet/bonnet_01s.jpg,bonnet,0.871794872,0.33710215240716934,-0.33710215240716934
56,68,46,46,54,dandelion/dandelion_01s.jpg,dandelion,0.794871795,0.5980037897825241,-0.5980037897825241
56,68,47,47,53,banana/banana_01b.jpg,banana,0.85,0.35563256591558456,-0.35563256591558456
56,68,48,48,52,calf2/calf2_01b.jpg,calf2,0.880952381,0.2933998107910156,-0.2933998107910156
56,68,49,49,51,clothespin/clothespin_01b.jpg,clothespin,0.840909091,0.4526330679655075,-0.4526330679655075
56,68,50,50,50,beetle/beetle_01b.jpg,beetle,0.897435897,0.4501146823167801,-0.4501146823167801
57,69,1,1,99,cellphone/cellphone_01b.jpg,cellphone,0.80952381,0.5983840376138687,-0.5983840376138687
57,69,2,2,98,brace/brace_01b.jpg,brace,0.804878049,0.5190737694501877,-0.5190737694501877
57,69,3,3,97,bassinet/bassinet_01b.jpg,bassinet,0.804878049,0.6473347023129463,-0.6473347023129463
57,69,4,4,96,chalk/chalk_01b.jpg,chalk,0.88372093,0.45705612003803253,-0.45705612003803253
57,69,5,5,95,cashew/cashew_01b.jpg,cashew,0.818181818,0.5448454320430756,-0.5448454320430756
57,69,6,6,94,bow1/bow1_01b.jpg,bow1,0.794871795,0.5810603350400925,-0.5810603350400925
57,69,7,7,93,dandelion/dandelion_01s.jpg,dandelion,0.794871795,0.599647581577301,-0.599647581577301
57,69,8,8,92,christmas_tree/christmas_tree_01b.jpg,christmas_tree,0.780487805,0.4089636355638504,-0.4089636355638504
57,69,9,9,91,cactus/cactus_01b.jpg,cactus,0.780487805,0.595647394657135,-0.595647394657135
57,69,10,10,90,cufflink/cufflink_01b.jpg,cufflink,0.789473684,0.45998435467481613,-0.45998435467481613
57,69,11,11,89,cello/cello_01s.jpg,cello,0.825,0.6071867793798447,-0.6071867793798447
57,69,12,12,88,chicken1/chicken1_01b.jpg,chicken1,0.8,0.36564164608716965,-0.36564164608716965
57,69,13,13,87,camel/camel_01b.jpg,camel,0.85,0.47890911251306534,-0.47890911251306534
57,69,14,14,86,beard/beard_01b.jpg,beard,0.875,0.4536789283156395,-0.4536789283156395
57,69,15,15,85,cookie/cookie_01b.jpg,cookie,0.825,0.534517377614975,-0.534517377614975
57,69,16,16,84,bonnet/bonnet_01s.jpg,bonnet,0.871794872,0.35336390137672424,-0.35336390137672424
57,69,17,17,83,clothespin/clothespin_01b.jpg,clothespin,0.840909091,0.6485283076763153,-0.6485283076763153
57,69,18,18,82,apron/apron_01b.jpg,apron,0.811522048,0.349643811583519,-0.349643811583519
57,69,19,19,81,caviar/caviar_01b.jpg,caviar,0.785714286,0.6397329270839691,-0.6397329270839691
57,69,20,20,80,bazooka/bazooka_01b.jpg,bazooka,0.9,0.38412217050790787,-0.38412217050790787
57,69,21,21,79,christmas_card/christmas_card_01b.jpg,christmas_card,0.804878049,0.32792483270168304,-0.32792483270168304
57,69,22,22,78,badger/badger_01b.jpg,badger,0.825,0.5837593525648117,-0.5837593525648117
57,69,23,23,77,almond/almond_01b.jpg,almond,0.829268293,0.5146809369325638,-0.5146809369325638
57,69,24,24,76,cape/cape_01b.jpg,cape,0.87804878,0.3778345435857773,-0.3778345435857773
57,69,25,25,75,beaker/beaker_01b.jpg,beaker,0.846153846,0.5385873168706894,-0.5385873168706894
57,69,26,26,74,board/board_01b.jpg,board,0.894736842,0.49363406002521515,-0.49363406002521515
57,69,27,27,73,calf2/calf2_01b.jpg,calf2,0.880952381,0.3051411956548691,-0.3051411956548691
57,69,28,28,72,cornmeal/cornmeal_01b.jpg,cornmeal,0.846153846,0.6781825423240662,-0.6781825423240662
57,69,29,29,71,armor/armor_01b.jpg,armor,0.804878049,0.527317687869072,-0.527317687869072
57,69,30,30,70,beetle/beetle_01b.jpg,beetle,0.897435897,0.472951777279377,-0.472951777279377
57,69,31,31,69,curtain/curtain_01b.jpg,curtain,0.8,0.4722869321703911,-0.4722869321703911
57,69,32,32,68,contact_lens/contact_lens_01s.jpg,contact_lens,0.872435897,0.3281025290489197,-0.3281025290489197
57,69,33,33,67,blowtorch/blowtorch_01b.jpg,blowtorch,0.8,0.4458882510662079,-0.4458882510662079
57,69,34,34,66,battery/battery_01b.jpg,battery,0.860465116,0.3331947848200798,-0.3331947848200798
57,69,35,35,65,chocolate/chocolate_01b.jpg,chocolate,0.875,0.4280450940132141,-0.4280450940132141
57,69,36,36,64,banana/banana_01b.jpg,banana,0.85,0.43381616473197937,-0.43381616473197937
57,69,37,37,63,bolo_tie/bolo_tie_01b.jpg,bolo_tie,0.833333333,0.41603998839855194,-0.41603998839855194
57,69,38,38,62,cobra/cobra_01b.jpg,cobra,0.853658537,1.117930293083191,-1.117930293083191
57,69,39,39,61,cockatoo/cockatoo_01b.jpg,cockatoo,0.829268293,0.6740729436278343,-0.6740729436278343
57,69,40,40,60,coconut/coconut_01b.jpg,coconut,0.833333333,0.38276728987693787,-0.38276728987693787
57,69,41,41,59,carousel/carousel_01b.jpg,carousel,0.829268293,0.4384193867444992,-0.4384193867444992
57,69,42,42,58,ankle/ankle_01b.jpg,ankle,0.850609756,0.336032472550869,-0.336032472550869
57,69,43,43,57,coffee/coffee_01b.jpg,coffee,0.820512821,0.9267662167549133,-0.9267662167549133
57,69,44,44,56,blinder/blinder_01b.jpg,blinder,0.825,0.3964415118098259,-0.3964415118098259
57,69,45,45,55,bison/bison_01b.jpg,bison,0.868421053,0.43446122854948044,-0.43446122854948044
57,69,46,46,54,banner/banner_01b.jpg,banner,0.789473684,0.49715931713581085,-0.49715931713581085
57,69,47,47,53,breathalyzer/breathalyzer_01b.jpg,breathalyzer,0.8,0.4054916352033615,-0.4054916352033615
57,69,48,48,52,appetizer/appetizer_01b.jpg,appetizer,0.794871795,0.6948377937078476,-0.6948377937078476
57,69,49,49,51,alligator/alligator_01b.jpg,alligator,0.785714286,0.4690527841448784,-0.4690527841448784
57,69,50,50,50,amber/amber_01b.jpg,amber,0.87804878,0.3701433315873146,-0.3701433315873146
58,70,1,1,99,blowtorch/blowtorch_01b.jpg,blowtorch,0.8,0.4031374230980873,-0.4031374230980873
58,70,2,2,98,clothespin/clothespin_01b.jpg,clothespin,0.840909091,0.4734271988272667,-0.4734271988272667
58,70,3,3,97,beard/beard_01b.jpg,beard,0.875,0.44104380160570145,-0.44104380160570145
58,70,4,4,96,beetle/beetle_01b.jpg,beetle,0.897435897,0.8640817776322365,-0.8640817776322365
58,70,5,5,95,coffee/coffee_01b.jpg,coffee,0.820512821,0.832880288362503,-0.832880288362503
58,70,6,6,94,apron/apron_01b.jpg,apron,0.811522048,0.35697489231824875,-0.35697489231824875
58,70,7,7,93,cornmeal/cornmeal_01b.jpg,cornmeal,0.846153846,0.6503938585519791,-0.6503938585519791
58,70,8,8,92,brace/brace_01b.jpg,brace,0.804878049,0.4184737503528595,-0.4184737503528595
58,70,9,9,91,board/board_01b.jpg,board,0.894736842,0.5453725159168243,-0.5453725159168243
58,70,10,10,90,banner/banner_01b.jpg,banner,0.789473684,0.49382483959198,-0.49382483959198
58,70,11,11,89,camel/camel_01b.jpg,camel,0.85,0.523610919713974,-0.523610919713974
58,70,12,12,88,calf2/calf2_01b.jpg,calf2,0.880952381,0.29072513431310654,-0.29072513431310654
58,70,13,13,87,badger/badger_01b.jpg,badger,0.825,0.5162573307752609,-0.5162573307752609
58,70,14,14,86,bison/bison_01b.jpg,bison,0.868421053,0.4363677427172661,-0.4363677427172661
58,70,15,15,85,coconut/coconut_01b.jpg,coconut,0.833333333,0.3580350801348686,-0.3580350801348686
58,70,16,16,84,blinder/blinder_01b.jpg,blinder,0.825,0.38996900618076324,-0.38996900618076324
58,70,17,17,83,bonnet/bonnet_01s.jpg,bonnet,0.871794872,0.32421816885471344,-0.32421816885471344
58,70,18,18,82,carousel/carousel_01b.jpg,carousel,0.829268293,0.4600236117839813,-0.4600236117839813
58,70,19,19,81,chalk/chalk_01b.jpg,chalk,0.88372093,0.4190123379230499,-0.4190123379230499
58,70,20,20,80,crumb/crumb_01b.jpg,crumb,0.775,0.29018165171146393,-0.29018165171146393
58,70,21,21,79,banana/banana_01b.jpg,banana,0.85,0.43851353228092194,-0.43851353228092194
58,70,22,22,78,contact_lens/contact_lens_01s.jpg,contact_lens,0.872435897,0.28617914766073227,-0.28617914766073227
58,70,23,23,77,breathalyzer/breathalyzer_01b.jpg,breathalyzer,0.8,0.3220196068286896,-0.3220196068286896
58,70,24,24,76,ankle/ankle_01b.jpg,ankle,0.850609756,0.29750829190015793,-0.29750829190015793
58,70,25,25,75,cactus/cactus_01b.jpg,cactus,0.780487805,0.4930189698934555,-0.4930189698934555
58,70,26,26,74,christmas_tree/christmas_tree_01b.jpg,christmas_tree,0.780487805,0.3784979283809662,-0.3784979283809662
58,70,27,27,73,alligator/alligator_01b.jpg,alligator,0.785714286,0.4530382454395294,-0.4530382454395294
58,70,28,28,72,armor/armor_01b.jpg,armor,0.804878049,0.42742401361465454,-0.42742401361465454
58,70,29,29,71,cape/cape_01b.jpg,cape,0.87804878,0.3082578480243683,-0.3082578480243683
58,70,30,30,70,cobra/cobra_01b.jpg,cobra,0.853658537,1.2318908870220184,-1.2318908870220184
58,70,31,31,69,chicken1/chicken1_01b.jpg,chicken1,0.8,0.36221741884946823,-0.36221741884946823
58,70,32,32,68,christmas_card/christmas_card_01b.jpg,christmas_card,0.804878049,0.33315324038267136,-0.33315324038267136
58,70,33,33,67,chocolate/chocolate_01b.jpg,chocolate,0.875,0.3118133693933487,-0.3118133693933487
58,70,34,34,66,beaker/beaker_01b.jpg,beaker,0.846153846,0.4494195729494095,-0.4494195729494095
58,70,35,35,65,caviar/caviar_01b.jpg,caviar,0.785714286,0.5395255833864212,-0.5395255833864212
58,70,36,36,64,cookie/cookie_01b.jpg,cookie,0.825,0.4136446416378021,-0.4136446416378021
58,70,37,37,63,bassinet/bassinet_01b.jpg,bassinet,0.804878049,0.7946181073784828,-0.7946181073784828
58,70,38,38,62,cello/cello_01s.jpg,cello,0.825,0.4660053849220276,-0.4660053849220276
58,70,39,39,61,almond/almond_01b.jpg,almond,0.829268293,0.4456591159105301,-0.4456591159105301
58,70,40,40,60,curtain/curtain_01b.jpg,curtain,0.8,0.381682924926281,-0.381682924926281
58,70,41,41,59,battery/battery_01b.jpg,battery,0.860465116,0.303883895277977,-0.303883895277977
58,70,42,42,58,dandelion/dandelion_01s.jpg,dandelion,0.794871795,0.516319066286087,-0.516319066286087
58,70,43,43,57,cufflink/cufflink_01b.jpg,cufflink,0.789473684,0.3869713917374611,-0.3869713917374611
58,70,44,44,56,cashew/cashew_01b.jpg,cashew,0.818181818,0.44751910865306854,-0.44751910865306854
58,70,45,45,55,bow1/bow1_01b.jpg,bow1,0.794871795,0.46915502846241,-0.46915502846241
58,70,46,46,54,cockatoo/cockatoo_01b.jpg,cockatoo,0.829268293,0.42886436730623245,-0.42886436730623245
58,70,47,47,53,bolo_tie/bolo_tie_01b.jpg,bolo_tie,0.833333333,0.38089173287153244,-0.38089173287153244
58,70,48,48,52,amber/amber_01b.jpg,amber,0.87804878,0.33058226853609085,-0.33058226853609085
58,70,49,49,51,cellphone/cellphone_01b.jpg,cellphone,0.80952381,0.504359781742096,-0.504359781742096
58,70,50,50,50,appetizer/appetizer_01b.jpg,appetizer,0.794871795,0.6666899472475052,-0.6666899472475052
59,71,1,1,99,cufflink/cufflink_01b.jpg,cufflink,0.789473684,0.4113212004303932,-0.4113212004303932
59,71,2,2,98,cornmeal/cornmeal_01b.jpg,cornmeal,0.846153846,0.7322731763124466,-0.7322731763124466
59,71,3,3,97,almond/almond_01b.jpg,almond,0.829268293,0.4811161309480667,-0.4811161309480667
59,71,4,4,96,coconut/coconut_01b.jpg,coconut,0.833333333,0.44214605540037155,-0.44214605540037155
59,71,5,5,95,cello/cello_01s.jpg,cello,0.825,0.8711744397878647,-0.8711744397878647
59,71,6,6,94,carousel/carousel_01b.jpg,carousel,0.829268293,0.4878874719142914,-0.4878874719142914
59,71,7,7,93,coffee/coffee_01b.jpg,coffee,0.820512821,1.0073298215866089,-1.0073298215866089
59,71,8,8,92,cookie/cookie_01b.jpg,cookie,0.825,0.5342042595148087,-0.5342042595148087
59,71,9,9,91,brace/brace_01b.jpg,brace,0.804878049,0.38843565434217453,-0.38843565434217453
59,71,10,10,90,cactus/cactus_01b.jpg,cactus,0.780487805,0.7420463562011719,-0.7420463562011719
59,71,11,11,89,chocolate/chocolate_01b.jpg,chocolate,0.875,0.34012919664382935,-0.34012919664382935
59,71,12,12,88,armor/armor_01b.jpg,armor,0.804878049,0.5408942401409149,-0.5408942401409149
59,71,13,13,87,blinder/blinder_01b.jpg,blinder,0.825,0.39239344000816345,-0.39239344000816345
59,71,14,14,86,cashew/cashew_01b.jpg,cashew,0.818181818,0.5040892064571381,-0.5040892064571381
59,71,15,15,85,contact_lens/contact_lens_01s.jpg,contact_lens,0.872435897,0.31168049573898315,-0.31168049573898315
59,71,16,16,84,cobra/cobra_01b.jpg,cobra,0.853658537,1.3376217484474182,-1.3376217484474182
59,71,17,17,83,curtain/curtain_01b.jpg,curtain,0.8,0.5067832693457603,-0.5067832693457603
59,71,18,18,82,chicken1/chicken1_01b.jpg,chicken1,0.8,0.3428758755326271,-0.3428758755326271
59,71,19,19,81,dandelion/dandelion_01s.jpg,dandelion,0.794871795,0.4946161210536957,-0.4946161210536957
59,71,20,20,80,alligator/alligator_01b.jpg,alligator,0.785714286,0.5669451653957367,-0.5669451653957367
59,71,21,21,79,banner/banner_01b.jpg,banner,0.789473684,0.4119911417365074,-0.4119911417365074
59,71,22,22,78,christmas_card/christmas_card_01b.jpg,christmas_card,0.804878049,0.3286033943295479,-0.3286033943295479
59,71,23,23,77,camel/camel_01b.jpg,camel,0.85,0.46412239968776703,-0.46412239968776703
59,71,24,24,76,ankle/ankle_01b.jpg,ankle,0.850609756,0.3111607953906059,-0.3111607953906059
59,71,25,25,75,cape/cape_01b.jpg,cape,0.87804878,0.34774739295244217,-0.34774739295244217
59,71,26,26,74,cellphone/cellphone_01b.jpg,cellphone,0.80952381,0.42683932930231094,-0.42683932930231094
59,71,27,27,73,bolo_tie/bolo_tie_01b.jpg,bolo_tie,0.833333333,0.42177989333868027,-0.42177989333868027
59,71,28,28,72,banana/banana_01b.jpg,banana,0.85,0.45155810564756393,-0.45155810564756393
59,71,29,29,71,bonnet/bonnet_01s.jpg,bonnet,0.871794872,0.33378104120492935,-0.33378104120492935
59,71,30,30,70,board/board_01b.jpg,board,0.894736842,0.5169444382190704,-0.5169444382190704
59,71,31,31,69,blowtorch/blowtorch_01b.jpg,blowtorch,0.8,0.34633731096982956,-0.34633731096982956
59,71,32,32,68,appetizer/appetizer_01b.jpg,appetizer,0.794871795,0.7678312361240387,-0.7678312361240387
59,71,33,33,67,cockatoo/cockatoo_01b.jpg,cockatoo,0.829268293,1.020490363240242,-1.020490363240242
59,71,34,34,66,badger/badger_01b.jpg,badger,0.825,0.5699721723794937,-0.5699721723794937
59,71,35,35,65,beaker/beaker_01b.jpg,beaker,0.846153846,0.5822871550917625,-0.5822871550917625
59,71,36,36,64,crumb/crumb_01b.jpg,crumb,0.775,0.28976986557245255,-0.28976986557245255
59,71,37,37,63,calf2/calf2_01b.jpg,calf2,0.880952381,0.2749362140893936,-0.2749362140893936
59,71,38,38,62,bison/bison_01b.jpg,bison,0.868421053,0.42526825517416,-0.42526825517416
59,71,39,39,61,christmas_tree/christmas_tree_01b.jpg,christmas_tree,0.780487805,0.39149512350559235,-0.39149512350559235
59,71,40,40,60,chalk/chalk_01b.jpg,chalk,0.88372093,0.424618735909462,-0.424618735909462
59,71,41,41,59,beard/beard_01b.jpg,beard,0.875,0.4413904920220375,-0.4413904920220375
59,71,42,42,58,caviar/caviar_01b.jpg,caviar,0.785714286,0.5427927821874619,-0.5427927821874619
59,71,43,43,57,amber/amber_01b.jpg,amber,0.87804878,0.3840886950492859,-0.3840886950492859
59,71,44,44,56,breathalyzer/breathalyzer_01b.jpg,breathalyzer,0.8,0.3608635663986206,-0.3608635663986206
59,71,45,45,55,bow1/bow1_01b.jpg,bow1,0.794871795,0.47961702942848206,-0.47961702942848206
59,71,46,46,54,bassinet/bassinet_01b.jpg,bassinet,0.804878049,0.8327051624655724,-0.8327051624655724
59,71,47,47,53,cardinal/cardinal_01b.jpg,cardinal,0.775,0.6724400520324707,-0.6724400520324707
59,71,48,48,52,battery/battery_01b.jpg,battery,0.860465116,0.3596617504954338,-0.3596617504954338
59,71,49,49,51,clothespin/clothespin_01b.jpg,clothespin,0.840909091,0.4462721198797226,-0.4462721198797226
59,71,50,50,50,apron/apron_01b.jpg,apron,0.811522048,0.3210299089550972,-0.3210299089550972
60,72,1,1,99,cockatoo/cockatoo_01b.jpg,cockatoo,0.829268293,1.2524650916457176,-1.2524650916457176
60,72,2,2,98,clothespin/clothespin_01b.jpg,clothespin,0.840909091,0.476459838449955,-0.476459838449955
60,72,3,3,97,camel/camel_01b.jpg,camel,0.85,0.5775088593363762,-0.5775088593363762
60,72,4,4,96,caviar/caviar_01b.jpg,caviar,0.785714286,0.6145863980054855,-0.6145863980054855
60,72,5,5,95,chalk/chalk_01b.jpg,chalk,0.88372093,0.3939051851630211,-0.3939051851630211
60,72,6,6,94,bison/bison_01b.jpg,bison,0.868421053,0.5258148610591888,-0.5258148610591888
60,72,7,7,93,brace/brace_01b.jpg,brace,0.804878049,0.43928778916597366,-0.43928778916597366
60,72,8,8,92,cello/cello_01s.jpg,cello,0.825,0.660845011472702,-0.660845011472702
60,72,9,9,91,blowtorch/blowtorch_01b.jpg,blowtorch,0.8,0.3763113245368004,-0.3763113245368004
60,72,10,10,90,almond/almond_01b.jpg,almond,0.829268293,0.4625682532787323,-0.4625682532787323
60,72,11,11,89,cactus/cactus_01b.jpg,cactus,0.780487805,0.5063977688550949,-0.5063977688550949
60,72,12,12,88,chocolate/chocolate_01b.jpg,chocolate,0.875,0.3263576030731201,-0.3263576030731201
60,72,13,13,87,curtain/curtain_01b.jpg,curtain,0.8,0.47396404296159744,-0.47396404296159744
60,72,14,14,86,cellphone/cellphone_01b.jpg,cellphone,0.80952381,0.4439580515027046,-0.4439580515027046
60,72,15,15,85,alligator/alligator_01b.jpg,alligator,0.785714286,0.4856341928243637,-0.4856341928243637
60,72,16,16,84,banner/banner_01b.jpg,banner,0.789473684,0.44226375222206116,-0.44226375222206116
60,72,17,17,83,bassinet/bassinet_01b.jpg,bassinet,0.804878049,0.9199699461460114,-0.9199699461460114
60,72,18,18,82,amber/amber_01b.jpg,amber,0.87804878,0.31642745435237885,-0.31642745435237885
60,72,19,19,81,battery/battery_01b.jpg,battery,0.860465116,0.3281959667801857,-0.3281959667801857
60,72,20,20,80,bonnet/bonnet_01s.jpg,bonnet,0.871794872,0.31678106635808945,-0.31678106635808945
60,72,21,21,79,breathalyzer/breathalyzer_01b.jpg,breathalyzer,0.8,0.33658796548843384,-0.33658796548843384
60,72,22,22,78,bolo_tie/bolo_tie_01b.jpg,bolo_tie,0.833333333,0.41087427735328674,-0.41087427735328674
60,72,23,23,77,bow1/bow1_01b.jpg,bow1,0.794871795,0.46108050644397736,-0.46108050644397736
60,72,24,24,76,armor/armor_01b.jpg,armor,0.804878049,0.48325464129447937,-0.48325464129447937
60,72,25,25,75,cookie/cookie_01b.jpg,cookie,0.825,0.43881505727767944,-0.43881505727767944
60,72,26,26,74,contact_lens/contact_lens_01s.jpg,contact_lens,0.872435897,0.29465434700250626,-0.29465434700250626
60,72,27,27,73,cornmeal/cornmeal_01b.jpg,cornmeal,0.846153846,0.5601550787687302,-0.5601550787687302
60,72,28,28,72,crumb/crumb_01b.jpg,crumb,0.775,0.2571851760149002,-0.2571851760149002
60,72,29,29,71,coconut/coconut_01b.jpg,coconut,0.833333333,0.37178394943475723,-0.37178394943475723
60,72,30,30,70,barcode/barcode_01b.jpg,barcode,0.775,0.5660824328660965,-0.5660824328660965
60,72,31,31,69,blinder/blinder_01b.jpg,blinder,0.825,0.39028478413820267,-0.39028478413820267
60,72,32,32,68,carousel/carousel_01b.jpg,carousel,0.829268293,0.4489941895008087,-0.4489941895008087
60,72,33,33,67,banana/banana_01b.jpg,banana,0.85,0.4659845307469368,-0.4659845307469368
60,72,34,34,66,cardinal/cardinal_01b.jpg,cardinal,0.775,0.6730264872312546,-0.6730264872312546
60,72,35,35,65,appetizer/appetizer_01b.jpg,appetizer,0.794871795,0.8091473877429962,-0.8091473877429962
60,72,36,36,64,badger/badger_01b.jpg,badger,0.825,0.5808226019144058,-0.5808226019144058
60,72,37,37,63,chicken1/chicken1_01b.jpg,chicken1,0.8,0.36522503197193146,-0.36522503197193146
60,72,38,38,62,apron/apron_01b.jpg,apron,0.811522048,0.3879063278436661,-0.3879063278436661
60,72,39,39,61,cufflink/cufflink_01b.jpg,cufflink,0.789473684,0.404019795358181,-0.404019795358181
60,72,40,40,60,calf2/calf2_01b.jpg,calf2,0.880952381,0.2999013587832451,-0.2999013587832451
60,72,41,41,59,christmas_card/christmas_card_01b.jpg,christmas_card,0.804878049,0.3023819401860237,-0.3023819401860237
60,72,42,42,58,coffee/coffee_01b.jpg,coffee,0.820512821,0.8983894288539886,-0.8983894288539886
60,72,43,43,57,cobra/cobra_01b.jpg,cobra,0.853658537,1.1657114326953888,-1.1657114326953888
60,72,44,44,56,beaker/beaker_01b.jpg,beaker,0.846153846,0.43126796185970306,-0.43126796185970306
60,72,45,45,55,beard/beard_01b.jpg,beard,0.875,0.42581841349601746,-0.42581841349601746
60,72,46,46,54,cashew/cashew_01b.jpg,cashew,0.818181818,0.41488097608089447,-0.41488097608089447
60,72,47,47,53,dandelion/dandelion_01s.jpg,dandelion,0.794871795,0.5083306282758713,-0.5083306282758713
60,72,48,48,52,cape/cape_01b.jpg,cape,0.87804878,0.35458366572856903,-0.35458366572856903
60,72,49,49,51,ankle/ankle_01b.jpg,ankle,0.850609756,0.2918948605656624,-0.2918948605656624
60,72,50,50,50,christmas_tree/christmas_tree_01b.jpg,christmas_tree,0.780487805,0.36212336272001266,-0.36212336272001266
61,73,1,1,99,ankle/ankle_01b.jpg,ankle,0.850609756,0.35804395377635956,-0.35804395377635956
61,73,2,2,98,appetizer/appetizer_01b.jpg,appetizer,0.794871795,0.6949977278709412,-0.6949977278709412
61,73,3,3,97,cellphone/cellphone_01b.jpg,cellphone,0.80952381,0.65461465716362,-0.65461465716362
61,73,4,4,96,breathalyzer/breathalyzer_01b.jpg,breathalyzer,0.8,0.4074401259422302,-0.4074401259422302
61,73,5,5,95,christmas_card/christmas_card_01b.jpg,christmas_card,0.804878049,0.3736611381173134,-0.3736611381173134
61,73,6,6,94,cufflink/cufflink_01b.jpg,cufflink,0.789473684,0.4574776738882065,-0.4574776738882065
61,73,7,7,93,bassinet/bassinet_01b.jpg,bassinet,0.804878049,0.7360008805990219,-0.7360008805990219
61,73,8,8,92,clothespin/clothespin_01b.jpg,clothespin,0.840909091,0.5199774652719498,-0.5199774652719498
61,73,9,9,91,crumb/crumb_01b.jpg,crumb,0.775,0.3418296054005623,-0.3418296054005623
61,73,10,10,90,apron/apron_01b.jpg,apron,0.811522048,0.3970349207520485,-0.3970349207520485
61,73,11,11,89,cobra/cobra_01b.jpg,cobra,0.853658537,0.8661603331565857,-0.8661603331565857
61,73,12,12,88,bison/bison_01b.jpg,bison,0.868421053,0.5044550150632858,-0.5044550150632858
61,73,13,13,87,beaker/beaker_01b.jpg,beaker,0.846153846,0.5205102413892746,-0.5205102413892746
61,73,14,14,86,camel/camel_01b.jpg,camel,0.85,0.5290874764323235,-0.5290874764323235
61,73,15,15,85,battery/battery_01b.jpg,battery,0.860465116,0.36238789558410645,-0.36238789558410645
61,73,16,16,84,cardinal/cardinal_01b.jpg,cardinal,0.775,0.617381364107132,-0.617381364107132
61,73,17,17,83,alligator/alligator_01b.jpg,alligator,0.785714286,0.5651279091835022,-0.5651279091835022
61,73,18,18,82,banner/banner_01b.jpg,banner,0.789473684,0.510505884885788,-0.510505884885788
61,73,19,19,81,beard/beard_01b.jpg,beard,0.875,0.4699050784111023,-0.4699050784111023
61,73,20,20,80,christmas_tree/christmas_tree_01b.jpg,christmas_tree,0.780487805,0.4249173328280449,-0.4249173328280449
61,73,21,21,79,cashew/cashew_01b.jpg,cashew,0.818181818,0.5192914456129074,-0.5192914456129074
61,73,22,22,78,bonnet/bonnet_01s.jpg,bonnet,0.871794872,0.3571089655160904,-0.3571089655160904
61,73,23,23,77,chicken1/chicken1_01b.jpg,chicken1,0.8,0.41141972690820694,-0.41141972690820694
61,73,24,24,76,blinder/blinder_01b.jpg,blinder,0.825,0.4276520237326622,-0.4276520237326622
61,73,25,25,75,calf2/calf2_01b.jpg,calf2,0.880952381,0.33582697808742523,-0.33582697808742523
61,73,26,26,74,contact_lens/contact_lens_01s.jpg,contact_lens,0.872435897,0.3322070986032486,-0.3322070986032486
61,73,27,27,73,chocolate/chocolate_01b.jpg,chocolate,0.875,0.35020662099123,-0.35020662099123
61,73,28,28,72,cream/cream_01b.jpg,cream,0.769230769,0.4054415822029114,-0.4054415822029114
61,73,29,29,71,cello/cello_01s.jpg,cello,0.825,0.5399781167507172,-0.5399781167507172
61,73,30,30,70,coffee/coffee_01b.jpg,coffee,0.820512821,1.1875308454036713,-1.1875308454036713
61,73,31,31,69,blowtorch/blowtorch_01b.jpg,blowtorch,0.8,0.3968350812792778,-0.3968350812792778
61,73,32,32,68,curtain/curtain_01b.jpg,curtain,0.8,0.4926329329609871,-0.4926329329609871
61,73,33,33,67,barcode/barcode_01b.jpg,barcode,0.775,0.5316420942544937,-0.5316420942544937
61,73,34,34,66,cape/cape_01b.jpg,cape,0.87804878,0.3770858868956566,-0.3770858868956566
61,73,35,35,65,cookie/cookie_01b.jpg,cookie,0.825,0.5094717293977737,-0.5094717293977737
61,73,36,36,64,dandelion/dandelion_01s.jpg,dandelion,0.794871795,0.6245982497930527,-0.6245982497930527
61,73,37,37,63,amber/amber_01b.jpg,amber,0.87804878,0.3848014995455742,-0.3848014995455742
61,73,38,38,62,coconut/coconut_01b.jpg,coconut,0.833333333,0.41036784648895264,-0.41036784648895264
61,73,39,39,61,badger/badger_01b.jpg,badger,0.825,0.6479813307523727,-0.6479813307523727
61,73,40,40,60,cockatoo/cockatoo_01b.jpg,cockatoo,0.829268293,0.6149002090096474,-0.6149002090096474
61,73,41,41,59,cactus/cactus_01b.jpg,cactus,0.780487805,0.5442959517240524,-0.5442959517240524
61,73,42,42,58,banana/banana_01b.jpg,banana,0.85,0.4559920057654381,-0.4559920057654381
61,73,43,43,57,brace/brace_01b.jpg,brace,0.804878049,0.3979801833629608,-0.3979801833629608
61,73,44,44,56,almond/almond_01b.jpg,almond,0.829268293,0.47255174815654755,-0.47255174815654755
61,73,45,45,55,bow1/bow1_01b.jpg,bow1,0.794871795,0.5202534198760986,-0.5202534198760986
61,73,46,46,54,cornmeal/cornmeal_01b.jpg,cornmeal,0.846153846,0.583703801035881,-0.583703801035881
61,73,47,47,53,carousel/carousel_01b.jpg,carousel,0.829268293,0.4785681664943695,-0.4785681664943695
61,73,48,48,52,bolo_tie/bolo_tie_01b.jpg,bolo_tie,0.833333333,0.4441588371992111,-0.4441588371992111
61,73,49,49,51,caviar/caviar_01b.jpg,caviar,0.785714286,0.5931393951177597,-0.5931393951177597
61,73,50,50,50,armor/armor_01b.jpg,armor,0.804878049,0.4730246514081955,-0.4730246514081955
62,74,1,1,99,apron/apron_01b.jpg,apron,0.811522048,0.3332758992910385,-0.3332758992910385
62,74,2,2,98,clothespin/clothespin_01b.jpg,clothespin,0.840909091,0.5772041827440262,-0.5772041827440262
62,74,3,3,97,bow1/bow1_01b.jpg,bow1,0.794871795,0.6353219896554947,-0.6353219896554947
62,74,4,4,96,bison/bison_01b.jpg,bison,0.868421053,0.6276574358344078,-0.6276574358344078
62,74,5,5,95,armor/armor_01b.jpg,armor,0.804878049,0.5549173355102539,-0.5549173355102539
62,74,6,6,94,breathalyzer/breathalyzer_01b.jpg,breathalyzer,0.8,0.3266262263059616,-0.3266262263059616
62,74,7,7,93,cornmeal/cornmeal_01b.jpg,cornmeal,0.846153846,0.6806739121675491,-0.6806739121675491
62,74,8,8,92,cashew/cashew_01b.jpg,cashew,0.818181818,0.46508587896823883,-0.46508587896823883
62,74,9,9,91,cactus/cactus_01b.jpg,cactus,0.780487805,0.5403481274843216,-0.5403481274843216
62,74,10,10,90,cardinal/cardinal_01b.jpg,cardinal,0.775,0.6632625460624695,-0.6632625460624695
62,74,11,11,89,banana/banana_01b.jpg,banana,0.85,0.44444332271814346,-0.44444332271814346
62,74,12,12,88,banner/banner_01b.jpg,banner,0.789473684,0.455277219414711,-0.455277219414711
62,74,13,13,87,barcode/barcode_01b.jpg,barcode,0.775,0.5309904515743256,-0.5309904515743256
62,74,14,14,86,coconut/coconut_01b.jpg,coconut,0.833333333,0.3595963940024376,-0.3595963940024376
62,74,15,15,85,amber/amber_01b.jpg,amber,0.87804878,0.3174229934811592,-0.3174229934811592
62,74,16,16,84,christmas_tree/christmas_tree_01b.jpg,christmas_tree,0.780487805,0.37509045004844666,-0.37509045004844666
62,74,17,17,83,carousel/carousel_01b.jpg,carousel,0.829268293,0.40511682629585266,-0.40511682629585266
62,74,18,18,82,christmas_card/christmas_card_01b.jpg,christmas_card,0.804878049,0.2789447158575058,-0.2789447158575058
62,74,19,19,81,almond/almond_01b.jpg,almond,0.829268293,0.4568681865930557,-0.4568681865930557
62,74,20,20,80,caviar/caviar_01b.jpg,caviar,0.785714286,0.5299324095249176,-0.5299324095249176
62,74,21,21,79,coffee/coffee_01b.jpg,coffee,0.820512821,1.1179411485791206,-1.1179411485791206
62,74,22,22,78,battery/battery_01b.jpg,battery,0.860465116,0.30160193145275116,-0.30160193145275116
62,74,23,23,77,bonnet/bonnet_01s.jpg,bonnet,0.871794872,0.31288545578718185,-0.31288545578718185
62,74,24,24,76,blinder/blinder_01b.jpg,blinder,0.825,0.3391171619296074,-0.3391171619296074
62,74,25,25,75,blowtorch/blowtorch_01b.jpg,blowtorch,0.8,0.36988870054483414,-0.36988870054483414
62,74,26,26,74,ankle/ankle_01b.jpg,ankle,0.850609756,0.31006697565317154,-0.31006697565317154
62,74,27,27,73,badger/badger_01b.jpg,badger,0.825,0.5449895560741425,-0.5449895560741425
62,74,28,28,72,crumb/crumb_01b.jpg,crumb,0.775,0.27197185903787613,-0.27197185903787613
62,74,29,29,71,cream/cream_01b.jpg,cream,0.769230769,0.34173116087913513,-0.34173116087913513
62,74,30,30,70,chicken1/chicken1_01b.jpg,chicken1,0.8,0.3752429336309433,-0.3752429336309433
62,74,31,31,69,cobra/cobra_01b.jpg,cobra,0.853658537,1.408353865146637,-1.408353865146637
62,74,32,32,68,candy_cane/candy_cane_01b.jpg,candy_cane,0.76744186,0.5157450586557388,-0.5157450586557388
62,74,33,33,67,beaker/beaker_01b.jpg,beaker,0.846153846,0.4546857476234436,-0.4546857476234436
62,74,34,34,66,beard/beard_01b.jpg,beard,0.875,0.4169602394104004,-0.4169602394104004
62,74,35,35,65,cufflink/cufflink_01b.jpg,cufflink,0.789473684,0.38093020766973495,-0.38093020766973495
62,74,36,36,64,cape/cape_01b.jpg,cape,0.87804878,0.3177814781665802,-0.3177814781665802
62,74,37,37,63,curtain/curtain_01b.jpg,curtain,0.8,0.4166475757956505,-0.4166475757956505
62,74,38,38,62,bolo_tie/bolo_tie_01b.jpg,bolo_tie,0.833333333,0.35345613956451416,-0.35345613956451416
62,74,39,39,61,cookie/cookie_01b.jpg,cookie,0.825,0.41817431151866913,-0.41817431151866913
62,74,40,40,60,cello/cello_01s.jpg,cello,0.825,0.5271643549203873,-0.5271643549203873
62,74,41,41,59,contact_lens/contact_lens_01s.jpg,contact_lens,0.872435897,0.2823820263147354,-0.2823820263147354
62,74,42,42,58,cellphone/cellphone_01b.jpg,cellphone,0.80952381,0.47782277315855026,-0.47782277315855026
62,74,43,43,57,dandelion/dandelion_01s.jpg,dandelion,0.794871795,0.5428855717182159,-0.5428855717182159
62,74,44,44,56,appetizer/appetizer_01b.jpg,appetizer,0.794871795,0.8163659870624542,-0.8163659870624542
62,74,45,45,55,bassinet/bassinet_01b.jpg,bassinet,0.804878049,0.7697988227009773,-0.7697988227009773
62,74,46,46,54,chocolate/chocolate_01b.jpg,chocolate,0.875,0.29986825585365295,-0.29986825585365295
62,74,47,47,53,brace/brace_01b.jpg,brace,0.804878049,0.3242003843188286,-0.3242003843188286
62,74,48,48,52,alligator/alligator_01b.jpg,alligator,0.785714286,0.4365442022681236,-0.4365442022681236
62,74,49,49,51,cockatoo/cockatoo_01b.jpg,cockatoo,0.829268293,0.6068676561117172,-0.6068676561117172
62,74,50,50,50,camel/camel_01b.jpg,camel,0.85,0.3972507268190384,-0.3972507268190384
63,75,1,1,99,cornmeal/cornmeal_01b.jpg,cornmeal,0.846153846,0.6869915723800659,-0.6869915723800659
63,75,2,2,98,barcode/barcode_01b.jpg,barcode,0.775,0.5606961995363235,-0.5606961995363235
63,75,3,3,97,clothespin/clothespin_01b.jpg,clothespin,0.840909091,0.527860589325428,-0.527860589325428
63,75,4,4,96,christmas_tree/christmas_tree_01b.jpg,christmas_tree,0.780487805,0.3663046360015869,-0.3663046360015869
63,75,5,5,95,alligator/alligator_01b.jpg,alligator,0.785714286,0.666059598326683,-0.666059598326683
63,75,6,6,94,amber/amber_01b.jpg,amber,0.87804878,0.3255859762430191,-0.3255859762430191
63,75,7,7,93,bonnet/bonnet_01s.jpg,bonnet,0.871794872,0.32270366698503494,-0.32270366698503494
63,75,8,8,92,ankle/ankle_01b.jpg,ankle,0.850609756,0.2835847809910774,-0.2835847809910774
63,75,9,9,91,banner/banner_01b.jpg,banner,0.789473684,0.457863911986351,-0.457863911986351
63,75,10,10,90,candy_cane/candy_cane_01b.jpg,candy_cane,0.76744186,0.5290349721908569,-0.5290349721908569
63,75,11,11,89,beard/beard_01b.jpg,beard,0.875,0.4169703498482704,-0.4169703498482704
63,75,12,12,88,cufflink/cufflink_01b.jpg,cufflink,0.789473684,0.4176303595304489,-0.4176303595304489
63,75,13,13,87,coffee/coffee_01b.jpg,coffee,0.820512821,0.8298631012439728,-0.8298631012439728
63,75,14,14,86,armor/armor_01b.jpg,armor,0.804878049,0.5380823761224747,-0.5380823761224747
63,75,15,15,85,contact_lens/contact_lens_01s.jpg,contact_lens,0.872435897,0.30540327727794647,-0.30540327727794647
63,75,16,16,84,apron/apron_01b.jpg,apron,0.811522048,0.3718575984239578,-0.3718575984239578
63,75,17,17,83,chocolate/chocolate_01b.jpg,chocolate,0.875,0.29187242686748505,-0.29187242686748505
63,75,18,18,82,blowtorch/blowtorch_01b.jpg,blowtorch,0.8,0.393867090344429,-0.393867090344429
63,75,19,19,81,caviar/caviar_01b.jpg,caviar,0.785714286,0.5729397982358932,-0.5729397982358932
63,75,20,20,80,cellphone/cellphone_01b.jpg,cellphone,0.80952381,0.43246787786483765,-0.43246787786483765
63,75,21,21,79,cockatoo/cockatoo_01b.jpg,cockatoo,0.829268293,0.7527024671435356,-0.7527024671435356
63,75,22,22,78,cardinal/cardinal_01b.jpg,cardinal,0.775,0.6801612675189972,-0.6801612675189972
63,75,23,23,77,banana/banana_01b.jpg,banana,0.85,0.4993439316749573,-0.4993439316749573
63,75,24,24,76,cashew/cashew_01b.jpg,cashew,0.818181818,0.5168350487947464,-0.5168350487947464
63,75,25,25,75,dandelion/dandelion_01s.jpg,dandelion,0.794871795,0.6193300038576126,-0.6193300038576126
63,75,26,26,74,brace/brace_01b.jpg,brace,0.804878049,0.3923770859837532,-0.3923770859837532
63,75,27,27,73,curtain/curtain_01b.jpg,curtain,0.8,0.4703347086906433,-0.4703347086906433
63,75,28,28,72,bison/bison_01b.jpg,bison,0.868421053,0.43606501817703247,-0.43606501817703247
63,75,29,29,71,appetizer/appetizer_01b.jpg,appetizer,0.794871795,1.0051999688148499,-1.0051999688148499
63,75,30,30,70,clipboard/clipboard_01b.jpg,clipboard,0.763157895,0.3505041003227234,-0.3505041003227234
63,75,31,31,69,bow1/bow1_01b.jpg,bow1,0.794871795,0.4754478633403778,-0.4754478633403778
63,75,32,32,68,coconut/coconut_01b.jpg,coconut,0.833333333,0.4303203299641609,-0.4303203299641609
63,75,33,33,67,bolo_tie/bolo_tie_01b.jpg,bolo_tie,0.833333333,0.40104763209819794,-0.40104763209819794
63,75,34,34,66,camel/camel_01b.jpg,camel,0.85,0.4470609873533249,-0.4470609873533249
63,75,35,35,65,almond/almond_01b.jpg,almond,0.829268293,0.4498504251241684,-0.4498504251241684
63,75,36,36,64,chicken1/chicken1_01b.jpg,chicken1,0.8,0.39606570452451706,-0.39606570452451706
63,75,37,37,63,breathalyzer/breathalyzer_01b.jpg,breathalyzer,0.8,0.33992433547973633,-0.33992433547973633
63,75,38,38,62,crumb/crumb_01b.jpg,crumb,0.775,0.2682090625166893,-0.2682090625166893
63,75,39,39,61,bassinet/bassinet_01b.jpg,bassinet,0.804878049,1.0757393315434456,-1.0757393315434456
63,75,40,40,60,cactus/cactus_01b.jpg,cactus,0.780487805,0.5269827842712402,-0.5269827842712402
63,75,41,41,59,christmas_card/christmas_card_01b.jpg,christmas_card,0.804878049,0.3109845295548439,-0.3109845295548439
63,75,42,42,58,cookie/cookie_01b.jpg,cookie,0.825,0.43053267896175385,-0.43053267896175385
63,75,43,43,57,cobra/cobra_01b.jpg,cobra,0.853658537,1.436666876077652,-1.436666876077652
63,75,44,44,56,battery/battery_01b.jpg,battery,0.860465116,0.31766119599342346,-0.31766119599342346
63,75,45,45,55,carousel/carousel_01b.jpg,carousel,0.829268293,0.41229330003261566,-0.41229330003261566
63,75,46,46,54,cream/cream_01b.jpg,cream,0.769230769,0.3471131697297096,-0.3471131697297096
63,75,47,47,53,cello/cello_01s.jpg,cello,0.825,0.5599690824747086,-0.5599690824747086
63,75,48,48,52,badger/badger_01b.jpg,badger,0.825,0.5755296945571899,-0.5755296945571899
63,75,49,49,51,beaker/beaker_01b.jpg,beaker,0.846153846,0.4459014981985092,-0.4459014981985092
63,75,50,50,50,blinder/blinder_01b.jpg,blinder,0.825,0.35290876030921936,-0.35290876030921936
64,76,1,1,99,armor/armor_01b.jpg,armor,0.804878049,0.4893813133239746,-0.4893813133239746
64,76,2,2,98,coconut/coconut_01b.jpg,coconut,0.833333333,0.40558817982673645,-0.40558817982673645
64,76,3,3,97,alligator/alligator_01b.jpg,alligator,0.785714286,2.0085535123944283,-2.0085535123944283
64,76,4,4,96,cornmeal/cornmeal_01b.jpg,cornmeal,0.846153846,0.6814217567443848,-0.6814217567443848
64,76,5,5,95,brace/brace_01b.jpg,brace,0.804878049,0.3973444476723671,-0.3973444476723671
64,76,6,6,94,crumb/crumb_01b.jpg,crumb,0.775,0.33973588794469833,-0.33973588794469833
64,76,7,7,93,coffee/coffee_01b.jpg,coffee,0.820512821,0.7431639730930328,-0.7431639730930328
64,76,8,8,92,christmas_tree/christmas_tree_01b.jpg,christmas_tree,0.780487805,0.3524943217635155,-0.3524943217635155
64,76,9,9,91,banner/banner_01b.jpg,banner,0.789473684,0.44679924845695496,-0.44679924845695496
64,76,10,10,90,ankle/ankle_01b.jpg,ankle,0.850609756,0.2773525267839432,-0.2773525267839432
64,76,11,11,89,cobra/cobra_01b.jpg,cobra,0.853658537,0.9980349540710449,-0.9980349540710449
64,76,12,12,88,blowtorch/blowtorch_01b.jpg,blowtorch,0.8,0.4287131577730179,-0.4287131577730179
64,76,13,13,87,beard/beard_01b.jpg,beard,0.875,0.428580604493618,-0.428580604493618
64,76,14,14,86,beaker/beaker_01b.jpg,beaker,0.846153846,0.4549144506454468,-0.4549144506454468
64,76,15,15,85,clipboard/clipboard_01b.jpg,clipboard,0.763157895,0.40006866306066513,-0.40006866306066513
64,76,16,16,84,barcode/barcode_01b.jpg,barcode,0.775,0.5762642472982407,-0.5762642472982407
64,76,17,17,83,contact_lens/contact_lens_01s.jpg,contact_lens,0.872435897,0.2857622131705284,-0.2857622131705284
64,76,18,18,82,candy_cane/candy_cane_01b.jpg,candy_cane,0.76744186,0.5912001579999924,-0.5912001579999924
64,76,19,19,81,cello/cello_01s.jpg,cello,0.825,0.5089534819126129,-0.5089534819126129
64,76,20,20,80,carousel/carousel_01b.jpg,carousel,0.829268293,0.4480879604816437,-0.4480879604816437
64,76,21,21,79,breathalyzer/breathalyzer_01b.jpg,breathalyzer,0.8,0.3080042526125908,-0.3080042526125908
64,76,22,22,78,caviar/caviar_01b.jpg,caviar,0.785714286,0.5178740173578262,-0.5178740173578262
64,76,23,23,77,cactus/cactus_01b.jpg,cactus,0.780487805,0.6619195342063904,-0.6619195342063904
64,76,24,24,76,chocolate/chocolate_01b.jpg,chocolate,0.875,0.284566193819046,-0.284566193819046
64,76,25,25,75,bonnet/bonnet_01s.jpg,bonnet,0.871794872,0.3203130289912224,-0.3203130289912224
64,76,26,26,74,apron/apron_01b.jpg,apron,0.811522048,0.2764020189642906,-0.2764020189642906
64,76,27,27,73,cockatoo/cockatoo_01b.jpg,cockatoo,0.829268293,0.5597537532448769,-0.5597537532448769
64,76,28,28,72,camel/camel_01b.jpg,camel,0.85,0.39757658541202545,-0.39757658541202545
64,76,29,29,71,appetizer/appetizer_01b.jpg,appetizer,0.794871795,0.7045423090457916,-0.7045423090457916
64,76,30,30,70,almond/almond_01b.jpg,almond,0.829268293,0.4613967686891556,-0.4613967686891556
64,76,31,31,69,boat/boat_01b.jpg,boat,0.761904762,0.6487342715263367,-0.6487342715263367
64,76,32,32,68,battery/battery_01b.jpg,battery,0.860465116,0.29775819182395935,-0.29775819182395935
64,76,33,33,67,bolo_tie/bolo_tie_01b.jpg,bolo_tie,0.833333333,0.3749147579073906,-0.3749147579073906
64,76,34,34,66,clothespin/clothespin_01b.jpg,clothespin,0.840909091,0.455242857336998,-0.455242857336998
64,76,35,35,65,banana/banana_01b.jpg,banana,0.85,0.431132011115551,-0.431132011115551
64,76,36,36,64,bassinet/bassinet_01b.jpg,bassinet,0.804878049,0.7367751374840736,-0.7367751374840736
64,76,37,37,63,cardinal/cardinal_01b.jpg,cardinal,0.775,0.617642343044281,-0.617642343044281
64,76,38,38,62,bow1/bow1_01b.jpg,bow1,0.794871795,0.47396156191825867,-0.47396156191825867
64,76,39,39,61,cookie/cookie_01b.jpg,cookie,0.825,0.37427306175231934,-0.37427306175231934
64,76,40,40,60,badger/badger_01b.jpg,badger,0.825,0.5290400087833405,-0.5290400087833405
64,76,41,41,59,bison/bison_01b.jpg,bison,0.868421053,0.3735286518931389,-0.3735286518931389
64,76,42,42,58,chicken1/chicken1_01b.jpg,chicken1,0.8,0.33180008083581924,-0.33180008083581924
64,76,43,43,57,dandelion/dandelion_01s.jpg,dandelion,0.794871795,0.5457229167222977,-0.5457229167222977
64,76,44,44,56,cashew/cashew_01b.jpg,cashew,0.818181818,0.4561721384525299,-0.4561721384525299
64,76,45,45,55,cream/cream_01b.jpg,cream,0.769230769,0.33287712186574936,-0.33287712186574936
64,76,46,46,54,curtain/curtain_01b.jpg,curtain,0.8,0.4465162605047226,-0.4465162605047226
64,76,47,47,53,cufflink/cufflink_01b.jpg,cufflink,0.789473684,0.38710886240005493,-0.38710886240005493
64,76,48,48,52,cellphone/cellphone_01b.jpg,cellphone,0.80952381,0.5008741840720177,-0.5008741840720177
64,76,49,49,51,blinder/blinder_01b.jpg,blinder,0.825,0.3381475359201431,-0.3381475359201431
64,76,50,50,50,christmas_card/christmas_card_01b.jpg,christmas_card,0.804878049,0.31600935757160187,-0.31600935757160187
65,77,1,1,99,cream/cream_01b.jpg,cream,0.769230769,0.35899850726127625,-0.35899850726127625
65,77,2,2,98,bassinet/bassinet_01b.jpg,bassinet,0.804878049,1.152427427470684,-1.152427427470684
65,77,3,3,97,cashew/cashew_01b.jpg,cashew,0.818181818,0.6271931082010269,-0.6271931082010269
65,77,4,4,96,contact_lens/contact_lens_01s.jpg,contact_lens,0.872435897,0.3074340969324112,-0.3074340969324112
65,77,5,5,95,clothespin/clothespin_01b.jpg,clothespin,0.840909091,0.4901628643274307,-0.4901628643274307
65,77,6,6,94,christmas_card/christmas_card_01b.jpg,christmas_card,0.804878049,0.31683528423309326,-0.31683528423309326
65,77,7,7,93,coconut/coconut_01b.jpg,coconut,0.833333333,0.38178686052560806,-0.38178686052560806
65,77,8,8,92,bolo_tie/bolo_tie_01b.jpg,bolo_tie,0.833333333,0.4243973568081856,-0.4243973568081856
65,77,9,9,91,cobra/cobra_01b.jpg,cobra,0.853658537,0.9196854531764984,-0.9196854531764984
65,77,10,10,90,ankle/ankle_01b.jpg,ankle,0.850609756,0.2908584475517273,-0.2908584475517273
65,77,11,11,89,cufflink/cufflink_01b.jpg,cufflink,0.789473684,0.41832004487514496,-0.41832004487514496
65,77,12,12,88,camel/camel_01b.jpg,camel,0.85,0.508221298456192,-0.508221298456192
65,77,13,13,87,almond/almond_01b.jpg,almond,0.829268293,0.4437229484319687,-0.4437229484319687
65,77,14,14,86,appetizer/appetizer_01b.jpg,appetizer,0.794871795,0.7840409129858017,-0.7840409129858017
65,77,15,15,85,armor/armor_01b.jpg,armor,0.804878049,0.46907392144203186,-0.46907392144203186
65,77,16,16,84,coffee/coffee_01b.jpg,coffee,0.820512821,0.9475213140249252,-0.9475213140249252
65,77,17,17,83,cornmeal/cornmeal_01b.jpg,cornmeal,0.846153846,0.6771084666252136,-0.6771084666252136
65,77,18,18,82,chicken1/chicken1_01b.jpg,chicken1,0.8,0.3420202359557152,-0.3420202359557152
65,77,19,19,81,cactus/cactus_01b.jpg,cactus,0.780487805,0.5629557371139526,-0.5629557371139526
65,77,20,20,80,carousel/carousel_01b.jpg,carousel,0.829268293,0.4280470013618469,-0.4280470013618469
65,77,21,21,79,clipboard/clipboard_01b.jpg,clipboard,0.763157895,0.3488013967871666,-0.3488013967871666
65,77,22,22,78,candy_cane/candy_cane_01b.jpg,candy_cane,0.76744186,0.5483784526586533,-0.5483784526586533
65,77,23,23,77,brace/brace_01b.jpg,brace,0.804878049,0.3660581633448601,-0.3660581633448601
65,77,24,24,76,alligator/alligator_01b.jpg,alligator,0.785714286,0.47531042248010635,-0.47531042248010635
65,77,25,25,75,barcode/barcode_01b.jpg,barcode,0.775,0.5208405554294586,-0.5208405554294586
65,77,26,26,74,battery/battery_01b.jpg,battery,0.860465116,0.307117760181427,-0.307117760181427
65,77,27,27,73,badger/badger_01b.jpg,badger,0.825,0.579104021191597,-0.579104021191597
65,77,28,28,72,beard/beard_01b.jpg,beard,0.875,0.4576586186885834,-0.4576586186885834
65,77,29,29,71,cardinal/cardinal_01b.jpg,cardinal,0.775,0.5848094373941422,-0.5848094373941422
65,77,30,30,70,apron/apron_01b.jpg,apron,0.811522048,0.3172244504094124,-0.3172244504094124
65,77,31,31,69,cellphone/cellphone_01b.jpg,cellphone,0.80952381,0.38796908408403397,-0.38796908408403397
65,77,32,32,68,caviar/caviar_01b.jpg,caviar,0.785714286,0.517984926700592,-0.517984926700592
65,77,33,33,67,cello/cello_01s.jpg,cello,0.825,0.4623554199934006,-0.4623554199934006
65,77,34,34,66,boat/boat_01b.jpg,boat,0.761904762,0.6622443348169327,-0.6622443348169327
65,77,35,35,65,blowtorch/blowtorch_01b.jpg,blowtorch,0.8,0.349333755671978,-0.349333755671978
65,77,36,36,64,crutch/crutch_01b.jpg,crutch,0.756097561,0.48068657517433167,-0.48068657517433167
65,77,37,37,63,cookie/cookie_01b.jpg,cookie,0.825,0.4460897296667099,-0.4460897296667099
65,77,38,38,62,banana/banana_01b.jpg,banana,0.85,0.3561393991112709,-0.3561393991112709
65,77,39,39,61,christmas_tree/christmas_tree_01b.jpg,christmas_tree,0.780487805,0.3425786644220352,-0.3425786644220352
65,77,40,40,60,bison/bison_01b.jpg,bison,0.868421053,0.3985641449689865,-0.3985641449689865
65,77,41,41,59,beaker/beaker_01b.jpg,beaker,0.846153846,0.47719186544418335,-0.47719186544418335
65,77,42,42,58,cockatoo/cockatoo_01b.jpg,cockatoo,0.829268293,0.5875497534871101,-0.5875497534871101
65,77,43,43,57,blinder/blinder_01b.jpg,blinder,0.825,0.3524201512336731,-0.3524201512336731
65,77,44,44,56,breathalyzer/breathalyzer_01b.jpg,breathalyzer,0.8,0.30551882088184357,-0.30551882088184357
65,77,45,45,55,crumb/crumb_01b.jpg,crumb,0.775,0.2557602971792221,-0.2557602971792221
65,77,46,46,54,bonnet/bonnet_01s.jpg,bonnet,0.871794872,0.31887927651405334,-0.31887927651405334
65,77,47,47,53,bow1/bow1_01b.jpg,bow1,0.794871795,0.46356913447380066,-0.46356913447380066
65,77,48,48,52,banner/banner_01b.jpg,banner,0.789473684,0.4576234072446823,-0.4576234072446823
65,77,49,49,51,curtain/curtain_01b.jpg,curtain,0.8,0.4128187447786331,-0.4128187447786331
65,77,50,50,50,dandelion/dandelion_01s.jpg,dandelion,0.794871795,0.6638394892215729,-0.6638394892215729
66,78,1,1,99,cashew/cashew_01b.jpg,cashew,0.818181818,0.5070129632949829,-0.5070129632949829
66,78,2,2,98,curtain/curtain_01b.jpg,curtain,0.8,0.43947765976190567,-0.43947765976190567
66,78,3,3,97,bison/bison_01b.jpg,bison,0.868421053,0.643190436065197,-0.643190436065197
66,78,4,4,96,cardinal/cardinal_01b.jpg,cardinal,0.775,0.6822807490825653,-0.6822807490825653
66,78,5,5,95,clothespin/clothespin_01b.jpg,clothespin,0.840909091,0.47669748961925507,-0.47669748961925507
66,78,6,6,94,carousel/carousel_01b.jpg,carousel,0.829268293,0.4475446939468384,-0.4475446939468384
66,78,7,7,93,bolo_tie/bolo_tie_01b.jpg,bolo_tie,0.833333333,0.4471355676651001,-0.4471355676651001
66,78,8,8,92,blowtorch/blowtorch_01b.jpg,blowtorch,0.8,0.43625953793525696,-0.43625953793525696
66,78,9,9,91,blinder/blinder_01b.jpg,blinder,0.825,0.3734016418457031,-0.3734016418457031
66,78,10,10,90,cobra/cobra_01b.jpg,cobra,0.853658537,1.1120582222938538,-1.1120582222938538
66,78,11,11,89,dandelion/dandelion_01s.jpg,dandelion,0.794871795,0.6440823078155518,-0.6440823078155518
66,78,12,12,88,crumb/crumb_01b.jpg,crumb,0.775,0.292964406311512,-0.292964406311512
66,78,13,13,87,coconut/coconut_01b.jpg,coconut,0.833333333,0.40571700781583786,-0.40571700781583786
66,78,14,14,86,cockatoo/cockatoo_01b.jpg,cockatoo,0.829268293,0.6574727892875671,-0.6574727892875671
66,78,15,15,85,camel/camel_01b.jpg,camel,0.85,0.5047387555241585,-0.5047387555241585
66,78,16,16,84,battery/battery_01b.jpg,battery,0.860465116,0.3230596110224724,-0.3230596110224724
66,78,17,17,83,cufflink/cufflink_01b.jpg,cufflink,0.789473684,0.39439857006073,-0.39439857006073
66,78,18,18,82,candy_cane/candy_cane_01b.jpg,candy_cane,0.76744186,0.511381983757019,-0.511381983757019
66,78,19,19,81,coffee/coffee_01b.jpg,coffee,0.820512821,1.0980912148952484,-1.0980912148952484
66,78,20,20,80,clipboard/clipboard_01b.jpg,clipboard,0.763157895,0.4059560224413872,-0.4059560224413872
66,78,21,21,79,bonnet/bonnet_01s.jpg,bonnet,0.871794872,0.324995793402195,-0.324995793402195
66,78,22,22,78,crutch/crutch_01b.jpg,crutch,0.756097561,0.5852885395288467,-0.5852885395288467
66,78,23,23,77,bassinet/bassinet_01b.jpg,bassinet,0.804878049,0.6770489439368248,-0.6770489439368248
66,78,24,24,76,cookie/cookie_01b.jpg,cookie,0.825,0.4681246131658554,-0.4681246131658554
66,78,25,25,75,beaker/beaker_01b.jpg,beaker,0.846153846,0.5646980553865433,-0.5646980553865433
66,78,26,26,74,cream/cream_01b.jpg,cream,0.769230769,0.3157179206609726,-0.3157179206609726
66,78,27,27,73,cellphone/cellphone_01b.jpg,cellphone,0.80952381,0.3824757784605026,-0.3824757784605026
66,78,28,28,72,cello/cello_01s.jpg,cello,0.825,0.4958885461091995,-0.4958885461091995
66,78,29,29,71,banner/banner_01b.jpg,banner,0.789473684,0.4765935391187668,-0.4765935391187668
66,78,30,30,70,chicken1/chicken1_01b.jpg,chicken1,0.8,0.3426234722137451,-0.3426234722137451
66,78,31,31,69,christmas_tree/christmas_tree_01b.jpg,christmas_tree,0.780487805,0.3371223285794258,-0.3371223285794258
66,78,32,32,68,ankle/ankle_01b.jpg,ankle,0.850609756,0.26857057213783264,-0.26857057213783264
66,78,33,33,67,armor/armor_01b.jpg,armor,0.804878049,0.39013343304395676,-0.39013343304395676
66,78,34,34,66,alligator/alligator_01b.jpg,alligator,0.785714286,0.47588852792978287,-0.47588852792978287
66,78,35,35,65,appetizer/appetizer_01b.jpg,appetizer,0.794871795,0.7626162320375443,-0.7626162320375443
66,78,36,36,64,closet/closet_01b.jpg,closet,0.756097561,0.272105410695076,-0.272105410695076
66,78,37,37,63,almond/almond_01b.jpg,almond,0.829268293,0.439720019698143,-0.439720019698143
66,78,38,38,62,brace/brace_01b.jpg,brace,0.804878049,0.36005379259586334,-0.36005379259586334
66,78,39,39,61,badger/badger_01b.jpg,badger,0.825,0.605355367064476,-0.605355367064476
66,78,40,40,60,contact_lens/contact_lens_01s.jpg,contact_lens,0.872435897,0.2624157965183258,-0.2624157965183258
66,78,41,41,59,christmas_card/christmas_card_01b.jpg,christmas_card,0.804878049,0.31837572157382965,-0.31837572157382965
66,78,42,42,58,cactus/cactus_01b.jpg,cactus,0.780487805,0.5247617214918137,-0.5247617214918137
66,78,43,43,57,cornmeal/cornmeal_01b.jpg,cornmeal,0.846153846,0.6857150793075562,-0.6857150793075562
66,78,44,44,56,boat/boat_01b.jpg,boat,0.761904762,0.6308045238256454,-0.6308045238256454
66,78,45,45,55,apron/apron_01b.jpg,apron,0.811522048,0.288301058113575,-0.288301058113575
66,78,46,46,54,bow1/bow1_01b.jpg,bow1,0.794871795,0.48601341247558594,-0.48601341247558594
66,78,47,47,53,banana/banana_01b.jpg,banana,0.85,0.4417150914669037,-0.4417150914669037
66,78,48,48,52,breathalyzer/breathalyzer_01b.jpg,breathalyzer,0.8,0.2872914895415306,-0.2872914895415306
66,78,49,49,51,barcode/barcode_01b.jpg,barcode,0.775,0.5539618879556656,-0.5539618879556656
66,78,50,50,50,caviar/caviar_01b.jpg,caviar,0.785714286,0.5570463836193085,-0.5570463836193085
67,79,1,1,99,cashew/cashew_01b.jpg,cashew,0.818181818,0.48215940594673157,-0.48215940594673157
67,79,2,2,98,buckle/buckle_01b.jpg,buckle,0.756097561,0.6098481565713882,-0.6098481565713882
67,79,3,3,97,beaker/beaker_01b.jpg,beaker,0.846153846,1.036187157034874,-1.036187157034874
67,79,4,4,96,bison/bison_01b.jpg,bison,0.868421053,0.6126604154706001,-0.6126604154706001
67,79,5,5,95,caviar/caviar_01b.jpg,caviar,0.785714286,0.6537153869867325,-0.6537153869867325
67,79,6,6,94,carousel/carousel_01b.jpg,carousel,0.829268293,0.48001889884471893,-0.48001889884471893
67,79,7,7,93,bassinet/bassinet_01b.jpg,bassinet,0.804878049,0.7216473519802094,-0.7216473519802094
67,79,8,8,92,candy_cane/candy_cane_01b.jpg,candy_cane,0.76744186,0.5008575171232224,-0.5008575171232224
67,79,9,9,91,clothespin/clothespin_01b.jpg,clothespin,0.840909091,0.47573912143707275,-0.47573912143707275
67,79,10,10,90,cream/cream_01b.jpg,cream,0.769230769,0.36492006480693817,-0.36492006480693817
67,79,11,11,89,bow1/bow1_01b.jpg,bow1,0.794871795,0.5208884328603745,-0.5208884328603745
67,79,12,12,88,armor/armor_01b.jpg,armor,0.804878049,0.4961053878068924,-0.4961053878068924
67,79,13,13,87,chicken1/chicken1_01b.jpg,chicken1,0.8,0.3858489841222763,-0.3858489841222763
67,79,14,14,86,cellphone/cellphone_01b.jpg,cellphone,0.80952381,0.4644324406981468,-0.4644324406981468
67,79,15,15,85,appetizer/appetizer_01b.jpg,appetizer,0.794871795,0.7477643191814423,-0.7477643191814423
67,79,16,16,84,dandelion/dandelion_01s.jpg,dandelion,0.794871795,0.6401240974664688,-0.6401240974664688
67,79,17,17,83,breathalyzer/breathalyzer_01b.jpg,breathalyzer,0.8,0.33698413521051407,-0.33698413521051407
67,79,18,18,82,brace/brace_01b.jpg,brace,0.804878049,0.42179782688617706,-0.42179782688617706
67,79,19,19,81,banner/banner_01b.jpg,banner,0.789473684,0.49220678210258484,-0.49220678210258484
67,79,20,20,80,ankle/ankle_01b.jpg,ankle,0.850609756,0.28801755607128143,-0.28801755607128143
67,79,21,21,79,cobra/cobra_01b.jpg,cobra,0.853658537,1.2120708525180817,-1.2120708525180817
67,79,22,22,78,banana/banana_01b.jpg,banana,0.85,0.4377956986427307,-0.4377956986427307
67,79,23,23,77,cardinal/cardinal_01b.jpg,cardinal,0.775,0.5565352290868759,-0.5565352290868759
67,79,24,24,76,boat/boat_01b.jpg,boat,0.761904762,0.6606162637472153,-0.6606162637472153
67,79,25,25,75,cockatoo/cockatoo_01b.jpg,cockatoo,0.829268293,0.6453750059008598,-0.6453750059008598
67,79,26,26,74,crutch/crutch_01b.jpg,crutch,0.756097561,0.5077050626277924,-0.5077050626277924
67,79,27,27,73,almond/almond_01b.jpg,almond,0.829268293,0.46694669127464294,-0.46694669127464294
67,79,28,28,72,cookie/cookie_01b.jpg,cookie,0.825,0.43873533606529236,-0.43873533606529236
67,79,29,29,71,cello/cello_01s.jpg,cello,0.825,0.5169242769479752,-0.5169242769479752
67,79,30,30,70,coconut/coconut_01b.jpg,coconut,0.833333333,0.3827650174498558,-0.3827650174498558
67,79,31,31,69,blinder/blinder_01b.jpg,blinder,0.825,0.35686373710632324,-0.35686373710632324
67,79,32,32,68,coffee/coffee_01b.jpg,coffee,0.820512821,0.6371669620275497,-0.6371669620275497
67,79,33,33,67,christmas_card/christmas_card_01b.jpg,christmas_card,0.804878049,0.33950483798980713,-0.33950483798980713
67,79,34,34,66,christmas_tree/christmas_tree_01b.jpg,christmas_tree,0.780487805,0.37503843009471893,-0.37503843009471893
67,79,35,35,65,blowtorch/blowtorch_01b.jpg,blowtorch,0.8,0.38816383481025696,-0.38816383481025696
67,79,36,36,64,cornmeal/cornmeal_01b.jpg,cornmeal,0.846153846,0.6338212192058563,-0.6338212192058563
67,79,37,37,63,barcode/barcode_01b.jpg,barcode,0.775,0.5771000981330872,-0.5771000981330872
67,79,38,38,62,alligator/alligator_01b.jpg,alligator,0.785714286,0.46681544929742813,-0.46681544929742813
67,79,39,39,61,closet/closet_01b.jpg,closet,0.756097561,0.29408029466867447,-0.29408029466867447
67,79,40,40,60,battery/battery_01b.jpg,battery,0.860465116,0.3222281485795975,-0.3222281485795975
67,79,41,41,59,clipboard/clipboard_01b.jpg,clipboard,0.763157895,0.40940672904253006,-0.40940672904253006
67,79,42,42,58,bonnet/bonnet_01s.jpg,bonnet,0.871794872,0.3293174281716347,-0.3293174281716347
67,79,43,43,57,badger/badger_01b.jpg,badger,0.825,0.5974314957857132,-0.5974314957857132
67,79,44,44,56,camel/camel_01b.jpg,camel,0.85,0.4622972905635834,-0.4622972905635834
67,79,45,45,55,cufflink/cufflink_01b.jpg,cufflink,0.789473684,0.38924800604581833,-0.38924800604581833
67,79,46,46,54,cactus/cactus_01b.jpg,cactus,0.780487805,0.5030515193939209,-0.5030515193939209
67,79,47,47,53,bolo_tie/bolo_tie_01b.jpg,bolo_tie,0.833333333,0.38790255784988403,-0.38790255784988403
67,79,48,48,52,curtain/curtain_01b.jpg,curtain,0.8,0.44774242490530014,-0.44774242490530014
67,79,49,49,51,apron/apron_01b.jpg,apron,0.811522048,0.3334035500884056,-0.3334035500884056
67,79,50,50,50,crumb/crumb_01b.jpg,crumb,0.775,0.2815038114786148,-0.2815038114786148
68,80,1,1,99,cockatoo/cockatoo_01b.jpg,cockatoo,0.829268293,1.55337393283844,-1.55337393283844
68,80,2,2,98,breathalyzer/breathalyzer_01b.jpg,breathalyzer,0.8,0.3766138628125191,-0.3766138628125191
68,80,3,3,97,apron/apron_01b.jpg,apron,0.811522048,0.348931685090065,-0.348931685090065
68,80,4,4,96,alligator/alligator_01b.jpg,alligator,0.785714286,1.588837556540966,-1.588837556540966
68,80,5,5,95,clothespin/clothespin_01b.jpg,clothespin,0.840909091,0.4797360301017761,-0.4797360301017761
68,80,6,6,94,cellphone/cellphone_01b.jpg,cellphone,0.80952381,0.43200230598449707,-0.43200230598449707
68,80,7,7,93,cardinal/cardinal_01b.jpg,cardinal,0.775,0.6861984133720398,-0.6861984133720398
68,80,8,8,92,christmas_card/christmas_card_01b.jpg,christmas_card,0.804878049,0.3074461966753006,-0.3074461966753006
68,80,9,9,91,bison/bison_01b.jpg,bison,0.868421053,0.5092861652374268,-0.5092861652374268
68,80,10,10,90,cufflink/cufflink_01b.jpg,cufflink,0.789473684,0.39073263108730316,-0.39073263108730316
68,80,11,11,89,christmas_tree/christmas_tree_01b.jpg,christmas_tree,0.780487805,0.36639073491096497,-0.36639073491096497
68,80,12,12,88,coconut/coconut_01b.jpg,coconut,0.833333333,0.3828340098261833,-0.3828340098261833
68,80,13,13,87,coffee/coffee_01b.jpg,coffee,0.820512821,1.29920294880867,-1.29920294880867
68,80,14,14,86,blinder/blinder_01b.jpg,blinder,0.825,0.3319333717226982,-0.3319333717226982
68,80,15,15,85,bolo_tie/bolo_tie_01b.jpg,bolo_tie,0.833333333,0.4065719246864319,-0.4065719246864319
68,80,16,16,84,badger/badger_01b.jpg,badger,0.825,0.6275917142629623,-0.6275917142629623
68,80,17,17,83,closet/closet_01b.jpg,closet,0.756097561,0.2745216637849808,-0.2745216637849808
68,80,18,18,82,chicken1/chicken1_01b.jpg,chicken1,0.8,0.3300563097000122,-0.3300563097000122
68,80,19,19,81,barcode/barcode_01b.jpg,barcode,0.775,0.5123146176338196,-0.5123146176338196
68,80,20,20,80,candy_cane/candy_cane_01b.jpg,candy_cane,0.76744186,0.6284514367580414,-0.6284514367580414
68,80,21,21,79,blowtorch/blowtorch_01b.jpg,blowtorch,0.8,0.36379770934581757,-0.36379770934581757
68,80,22,22,78,ankle/ankle_01b.jpg,ankle,0.850609756,0.28098373860120773,-0.28098373860120773
68,80,23,23,77,bow1/bow1_01b.jpg,bow1,0.794871795,0.491447776556015,-0.491447776556015
68,80,24,24,76,beaker/beaker_01b.jpg,beaker,0.846153846,0.5633040443062782,-0.5633040443062782
68,80,25,25,75,cactus/cactus_01b.jpg,cactus,0.780487805,0.5945946872234344,-0.5945946872234344
68,80,26,26,74,cream/cream_01b.jpg,cream,0.769230769,0.33515220880508423,-0.33515220880508423
68,80,27,27,73,clipboard/clipboard_01b.jpg,clipboard,0.763157895,0.3428329899907112,-0.3428329899907112
68,80,28,28,72,cashew/cashew_01b.jpg,cashew,0.818181818,0.4235541671514511,-0.4235541671514511
68,80,29,29,71,dandelion/dandelion_01s.jpg,dandelion,0.794871795,0.6423792093992233,-0.6423792093992233
68,80,30,30,70,almond/almond_01b.jpg,almond,0.829268293,0.4583596736192703,-0.4583596736192703
68,80,31,31,69,boat/boat_01b.jpg,boat,0.761904762,0.6465927362442017,-0.6465927362442017
68,80,32,32,68,dalmatian/dalmatian_01b.jpg,dalmatian,0.750609756,0.8768113106489182,-0.8768113106489182
68,80,33,33,67,crumb/crumb_01b.jpg,crumb,0.775,0.2585016191005707,-0.2585016191005707
68,80,34,34,66,banner/banner_01b.jpg,banner,0.789473684,0.44775597751140594,-0.44775597751140594
68,80,35,35,65,carousel/carousel_01b.jpg,carousel,0.829268293,0.3769915997982025,-0.3769915997982025
68,80,36,36,64,crutch/crutch_01b.jpg,crutch,0.756097561,0.5635141283273697,-0.5635141283273697
68,80,37,37,63,caviar/caviar_01b.jpg,caviar,0.785714286,0.5399158895015717,-0.5399158895015717
68,80,38,38,62,armor/armor_01b.jpg,armor,0.804878049,0.3797849714756012,-0.3797849714756012
68,80,39,39,61,cookie/cookie_01b.jpg,cookie,0.825,0.4273739457130432,-0.4273739457130432
68,80,40,40,60,buckle/buckle_01b.jpg,buckle,0.756097561,0.5516729950904846,-0.5516729950904846
68,80,41,41,59,cornmeal/cornmeal_01b.jpg,cornmeal,0.846153846,0.7169197201728821,-0.7169197201728821
68,80,42,42,58,battery/battery_01b.jpg,battery,0.860465116,0.31108808517456055,-0.31108808517456055
68,80,43,43,57,cobra/cobra_01b.jpg,cobra,0.853658537,1.3770759105682373,-1.3770759105682373
68,80,44,44,56,banana/banana_01b.jpg,banana,0.85,0.4079668000340462,-0.4079668000340462
68,80,45,45,55,curtain/curtain_01b.jpg,curtain,0.8,0.4902741387486458,-0.4902741387486458
68,80,46,46,54,brace/brace_01b.jpg,brace,0.804878049,0.3127592206001282,-0.3127592206001282
68,80,47,47,53,camel/camel_01b.jpg,camel,0.85,0.42860136926174164,-0.42860136926174164
68,80,48,48,52,cello/cello_01s.jpg,cello,0.825,0.5662524104118347,-0.5662524104118347
68,80,49,49,51,bassinet/bassinet_01b.jpg,bassinet,0.804878049,1.0435242056846619,-1.0435242056846619
68,80,50,50,50,appetizer/appetizer_01b.jpg,appetizer,0.794871795,0.7510463744401932,-0.7510463744401932
69,81,1,1,99,clothespin/clothespin_01b.jpg,clothespin,0.840909091,0.5199526250362396,-0.5199526250362396
69,81,2,2,98,caviar/caviar_01b.jpg,caviar,0.785714286,0.6720426231622696,-0.6720426231622696
69,81,3,3,97,closet/closet_01b.jpg,closet,0.756097561,0.30397213995456696,-0.30397213995456696
69,81,4,4,96,ankle/ankle_01b.jpg,ankle,0.850609756,0.32588888704776764,-0.32588888704776764
69,81,5,5,95,christmas_tree/christmas_tree_01b.jpg,christmas_tree,0.780487805,0.41043341904878616,-0.41043341904878616
69,81,6,6,94,cobra/cobra_01b.jpg,cobra,0.853658537,0.6877192407846451,-0.6877192407846451
69,81,7,7,93,brace/brace_01b.jpg,brace,0.804878049,0.42864008992910385,-0.42864008992910385
69,81,8,8,92,armor/armor_01b.jpg,armor,0.804878049,0.5087452381849289,-0.5087452381849289
69,81,9,9,91,crutch/crutch_01b.jpg,crutch,0.756097561,0.6467322409152985,-0.6467322409152985
69,81,10,10,90,cookie/cookie_01b.jpg,cookie,0.825,0.5179381221532822,-0.5179381221532822
69,81,11,11,89,cockatoo/cockatoo_01b.jpg,cockatoo,0.829268293,0.6262599751353264,-0.6262599751353264
69,81,12,12,88,beaker/beaker_01b.jpg,beaker,0.846153846,0.5286807417869568,-0.5286807417869568
69,81,13,13,87,crumb/crumb_01b.jpg,crumb,0.775,0.31276196986436844,-0.31276196986436844
69,81,14,14,86,cashew/cashew_01b.jpg,cashew,0.818181818,0.44842617213726044,-0.44842617213726044
69,81,15,15,85,almond/almond_01b.jpg,almond,0.829268293,0.5021508187055588,-0.5021508187055588
69,81,16,16,84,chicken1/chicken1_01b.jpg,chicken1,0.8,0.3963577076792717,-0.3963577076792717
69,81,17,17,83,bassinet/bassinet_01b.jpg,bassinet,0.804878049,0.7374808639287949,-0.7374808639287949
69,81,18,18,82,badger/badger_01b.jpg,badger,0.825,0.5877127945423126,-0.5877127945423126
69,81,19,19,81,candy_cane/candy_cane_01b.jpg,candy_cane,0.76744186,0.4997020661830902,-0.4997020661830902
69,81,20,20,80,cactus/cactus_01b.jpg,cactus,0.780487805,0.510430708527565,-0.510430708527565
69,81,21,21,79,banana/banana_01b.jpg,banana,0.85,0.44350409507751465,-0.44350409507751465
69,81,22,22,78,coconut/coconut_01b.jpg,coconut,0.833333333,0.3841239660978317,-0.3841239660978317
69,81,23,23,77,boat/boat_01b.jpg,boat,0.761904762,0.6596163511276245,-0.6596163511276245
69,81,24,24,76,cufflink/cufflink_01b.jpg,cufflink,0.789473684,0.4125460386276245,-0.4125460386276245
69,81,25,25,75,camel/camel_01b.jpg,camel,0.85,0.4686646908521652,-0.4686646908521652
69,81,26,26,74,bolo_tie/bolo_tie_01b.jpg,bolo_tie,0.833333333,0.41073498129844666,-0.41073498129844666
69,81,27,27,73,cornmeal/cornmeal_01b.jpg,cornmeal,0.846153846,0.6579053103923798,-0.6579053103923798
69,81,28,28,72,banner/banner_01b.jpg,banner,0.789473684,0.49270081520080566,-0.49270081520080566
69,81,29,29,71,clipboard/clipboard_01b.jpg,clipboard,0.763157895,0.3774990290403366,-0.3774990290403366
69,81,30,30,70,buckle/buckle_01b.jpg,buckle,0.756097561,0.6380347460508347,-0.6380347460508347
69,81,31,31,69,battery/battery_01b.jpg,battery,0.860465116,0.31727831065654755,-0.31727831065654755
69,81,32,32,68,cream/cream_01b.jpg,cream,0.769230769,0.3759421408176422,-0.3759421408176422
69,81,33,33,67,bow1/bow1_01b.jpg,bow1,0.794871795,0.4648216962814331,-0.4648216962814331
69,81,34,34,66,alligator/alligator_01b.jpg,alligator,0.785714286,0.43210048973560333,-0.43210048973560333
69,81,35,35,65,breathalyzer/breathalyzer_01b.jpg,breathalyzer,0.8,0.34322648495435715,-0.34322648495435715
69,81,36,36,64,appetizer/appetizer_01b.jpg,appetizer,0.794871795,0.7237666100263596,-0.7237666100263596
69,81,37,37,63,dandelion/dandelion_01s.jpg,dandelion,0.794871795,0.6259754151105881,-0.6259754151105881
69,81,38,38,62,coffee_table/coffee_table_01b.jpg,coffee_table,0.75,0.3049260824918747,-0.3049260824918747
69,81,39,39,61,carousel/carousel_01b.jpg,carousel,0.829268293,0.43635059893131256,-0.43635059893131256
69,81,40,40,60,christmas_card/christmas_card_01b.jpg,christmas_card,0.804878049,0.3136347383260727,-0.3136347383260727
69,81,41,41,59,barcode/barcode_01b.jpg,barcode,0.775,0.5272653996944427,-0.5272653996944427
69,81,42,42,58,cardinal/cardinal_01b.jpg,cardinal,0.775,0.5713490694761276,-0.5713490694761276
69,81,43,43,57,dalmatian/dalmatian_01b.jpg,dalmatian,0.750609756,0.7232369929552078,-0.7232369929552078
69,81,44,44,56,apron/apron_01b.jpg,apron,0.811522048,0.3271770179271698,-0.3271770179271698
69,81,45,45,55,curtain/curtain_01b.jpg,curtain,0.8,0.4369187727570534,-0.4369187727570534
69,81,46,46,54,blinder/blinder_01b.jpg,blinder,0.825,0.3567885011434555,-0.3567885011434555
69,81,47,47,53,cello/cello_01s.jpg,cello,0.825,0.5287579298019409,-0.5287579298019409
69,81,48,48,52,blowtorch/blowtorch_01b.jpg,blowtorch,0.8,0.4082319438457489,-0.4082319438457489
69,81,49,49,51,cellphone/cellphone_01b.jpg,cellphone,0.80952381,0.42673400789499283,-0.42673400789499283
69,81,50,50,50,coffee/coffee_01b.jpg,coffee,0.820512821,0.8055194020271301,-0.8055194020271301
70,82,1,1,99,buckle/buckle_01b.jpg,buckle,0.756097561,0.5227884650230408,-0.5227884650230408
70,82,2,2,98,christmas_tree/christmas_tree_01b.jpg,christmas_tree,0.780487805,0.4005267396569252,-0.4005267396569252
70,82,3,3,97,coffee_table/coffee_table_01b.jpg,coffee_table,0.75,0.2768727019429207,-0.2768727019429207
70,82,4,4,96,cactus/cactus_01b.jpg,cactus,0.780487805,0.5512550473213196,-0.5512550473213196
70,82,5,5,95,coconut/coconut_01b.jpg,coconut,0.833333333,0.3674693703651428,-0.3674693703651428
70,82,6,6,94,breathalyzer/breathalyzer_01b.jpg,breathalyzer,0.8,0.35246334224939346,-0.35246334224939346
70,82,7,7,93,dandelion/dandelion_01s.jpg,dandelion,0.794871795,0.5916573256254196,-0.5916573256254196
70,82,8,8,92,banner/banner_01b.jpg,banner,0.789473684,0.49373356997966766,-0.49373356997966766
70,82,9,9,91,closet/closet_01b.jpg,closet,0.756097561,0.30591509491205215,-0.30591509491205215
70,82,10,10,90,brace/brace_01b.jpg,brace,0.804878049,0.400695376098156,-0.400695376098156
70,82,11,11,89,cello/cello_01s.jpg,cello,0.825,0.43930885195732117,-0.43930885195732117
70,82,12,12,88,badger/badger_01b.jpg,badger,0.825,0.5400123447179794,-0.5400123447179794
70,82,13,13,87,blowtorch/blowtorch_01b.jpg,blowtorch,0.8,0.4158838838338852,-0.4158838838338852
70,82,14,14,86,blinder/blinder_01b.jpg,blinder,0.825,0.3697116896510124,-0.3697116896510124
70,82,15,15,85,coffee/coffee_01b.jpg,coffee,0.820512821,0.6655765771865845,-0.6655765771865845
70,82,16,16,84,banana/banana_01b.jpg,banana,0.85,0.38492126017808914,-0.38492126017808914
70,82,17,17,83,christmas_card/christmas_card_01b.jpg,christmas_card,0.804878049,0.32449568808078766,-0.32449568808078766
70,82,18,18,82,cobra/cobra_01b.jpg,cobra,0.853658537,1.2982156574726105,-1.2982156574726105
70,82,19,19,81,armor/armor_01b.jpg,armor,0.804878049,0.45892274379730225,-0.45892274379730225
70,82,20,20,80,camel/camel_01b.jpg,camel,0.85,0.4273255094885826,-0.4273255094885826
70,82,21,21,79,breadbox/breadbox_01b.jpg,breadbox,0.75,0.4015537351369858,-0.4015537351369858
70,82,22,22,78,crutch/crutch_01b.jpg,crutch,0.756097561,0.5079492852091789,-0.5079492852091789
70,82,23,23,77,carousel/carousel_01b.jpg,carousel,0.829268293,0.4375942051410675,-0.4375942051410675
70,82,24,24,76,ankle/ankle_01b.jpg,ankle,0.850609756,0.3230660930275917,-0.3230660930275917
70,82,25,25,75,alligator/alligator_01b.jpg,alligator,0.785714286,0.43664583563804626,-0.43664583563804626
70,82,26,26,74,chicken1/chicken1_01b.jpg,chicken1,0.8,0.33036621659994125,-0.33036621659994125
70,82,27,27,73,cornmeal/cornmeal_01b.jpg,cornmeal,0.846153846,0.6173146963119507,-0.6173146963119507
70,82,28,28,72,curtain/curtain_01b.jpg,curtain,0.8,0.3891424909234047,-0.3891424909234047
70,82,29,29,71,bolo_tie/bolo_tie_01b.jpg,bolo_tie,0.833333333,0.39137987047433853,-0.39137987047433853
70,82,30,30,70,bow1/bow1_01b.jpg,bow1,0.794871795,0.4472651481628418,-0.4472651481628418
70,82,31,31,69,cockatoo/cockatoo_01b.jpg,cockatoo,0.829268293,0.5551714077591896,-0.5551714077591896
70,82,32,32,68,almond/almond_01b.jpg,almond,0.829268293,0.44232361018657684,-0.44232361018657684
70,82,33,33,67,clipboard/clipboard_01b.jpg,clipboard,0.763157895,0.40418268740177155,-0.40418268740177155
70,82,34,34,66,candy_cane/candy_cane_01b.jpg,candy_cane,0.76744186,0.4712152034044266,-0.4712152034044266
70,82,35,35,65,appetizer/appetizer_01b.jpg,appetizer,0.794871795,0.5455213636159897,-0.5455213636159897
70,82,36,36,64,crumb/crumb_01b.jpg,crumb,0.775,0.2835623100399971,-0.2835623100399971
70,82,37,37,63,boat/boat_01b.jpg,boat,0.761904762,0.5986911058425903,-0.5986911058425903
70,82,38,38,62,cookie/cookie_01b.jpg,cookie,0.825,0.4204558730125427,-0.4204558730125427
70,82,39,39,61,cellphone/cellphone_01b.jpg,cellphone,0.80952381,0.4636329486966133,-0.4636329486966133
70,82,40,40,60,bassinet/bassinet_01b.jpg,bassinet,0.804878049,0.9214746356010437,-0.9214746356010437
70,82,41,41,59,dalmatian/dalmatian_01b.jpg,dalmatian,0.750609756,0.6246591806411743,-0.6246591806411743
70,82,42,42,58,beaker/beaker_01b.jpg,beaker,0.846153846,0.4689719155430794,-0.4689719155430794
70,82,43,43,57,caviar/caviar_01b.jpg,caviar,0.785714286,0.5273275971412659,-0.5273275971412659
70,82,44,44,56,clothespin/clothespin_01b.jpg,clothespin,0.840909091,0.4865451157093048,-0.4865451157093048
70,82,45,45,55,barcode/barcode_01b.jpg,barcode,0.775,0.5398639291524887,-0.5398639291524887
70,82,46,46,54,cardinal/cardinal_01b.jpg,cardinal,0.775,0.47170375287532806,-0.47170375287532806
70,82,47,47,53,cufflink/cufflink_01b.jpg,cufflink,0.789473684,0.39942822605371475,-0.39942822605371475
70,82,48,48,52,cashew/cashew_01b.jpg,cashew,0.818181818,0.4069069176912308,-0.4069069176912308
70,82,49,49,51,apron/apron_01b.jpg,apron,0.811522048,0.31495315581560135,-0.31495315581560135
70,82,50,50,50,cream/cream_01b.jpg,cream,0.769230769,0.30475958436727524,-0.30475958436727524
71,83,1,1,99,bolo_tie/bolo_tie_01b.jpg,bolo_tie,0.833333333,0.6881332397460938,-0.6881332397460938
71,83,2,2,98,bow1/bow1_01b.jpg,bow1,0.794871795,0.6977360248565674,-0.6977360248565674
71,83,3,3,97,cornmeal/cornmeal_01b.jpg,cornmeal,0.846153846,0.6955688297748566,-0.6955688297748566
71,83,4,4,96,blowtorch/blowtorch_01b.jpg,blowtorch,0.8,0.5289400368928909,-0.5289400368928909
71,83,5,5,95,alligator/alligator_01b.jpg,alligator,0.785714286,1.0540896654129028,-1.0540896654129028
71,83,6,6,94,buckle/buckle_01b.jpg,buckle,0.756097561,0.6139592975378036,-0.6139592975378036
71,83,7,7,93,apron/apron_01b.jpg,apron,0.811522048,0.3404701352119446,-0.3404701352119446
71,83,8,8,92,crutch/crutch_01b.jpg,crutch,0.756097561,0.6984106153249741,-0.6984106153249741
71,83,9,9,91,clothespin/clothespin_01b.jpg,clothespin,0.840909091,0.5043182820081711,-0.5043182820081711
71,83,10,10,90,blinder/blinder_01b.jpg,blinder,0.825,0.3500286936759949,-0.3500286936759949
71,83,11,11,89,bassinet/bassinet_01b.jpg,bassinet,0.804878049,0.7525401934981346,-0.7525401934981346
71,83,12,12,88,caviar/caviar_01b.jpg,caviar,0.785714286,0.6377397030591965,-0.6377397030591965
71,83,13,13,87,coffee/coffee_01b.jpg,coffee,0.820512821,0.8803354948759079,-0.8803354948759079
71,83,14,14,86,banner/banner_01b.jpg,banner,0.789473684,0.4965864270925522,-0.4965864270925522
71,83,15,15,85,badger/badger_01b.jpg,badger,0.825,0.7166022956371307,-0.7166022956371307
71,83,16,16,84,christmas_card/christmas_card_01b.jpg,christmas_card,0.804878049,0.31996773183345795,-0.31996773183345795
71,83,17,17,83,cream/cream_01b.jpg,cream,0.769230769,0.3670928403735161,-0.3670928403735161
71,83,18,18,82,beaker/beaker_01b.jpg,beaker,0.846153846,0.49600444734096527,-0.49600444734096527
71,83,19,19,81,ankle/ankle_01b.jpg,ankle,0.850609756,0.2993132695555687,-0.2993132695555687
71,83,20,20,80,almond/almond_01b.jpg,almond,0.829268293,0.4954718351364136,-0.4954718351364136
71,83,21,21,79,camel/camel_01b.jpg,camel,0.85,0.4879070967435837,-0.4879070967435837
71,83,22,22,78,armor/armor_01b.jpg,armor,0.804878049,0.3712506517767906,-0.3712506517767906
71,83,23,23,77,barnacle/barnacle_01s.jpg,barnacle,0.75,0.5100147277116776,-0.5100147277116776
71,83,24,24,76,breadbox/breadbox_01b.jpg,breadbox,0.75,0.33891693502664566,-0.33891693502664566
71,83,25,25,75,cello/cello_01s.jpg,cello,0.825,0.5535330474376678,-0.5535330474376678
71,83,26,26,74,cactus/cactus_01b.jpg,cactus,0.780487805,0.7026657611131668,-0.7026657611131668
71,83,27,27,73,boat/boat_01b.jpg,boat,0.761904762,0.6121281981468201,-0.6121281981468201
71,83,28,28,72,cashew/cashew_01b.jpg,cashew,0.818181818,0.509925976395607,-0.509925976395607
71,83,29,29,71,appetizer/appetizer_01b.jpg,appetizer,0.794871795,0.8496662378311157,-0.8496662378311157
71,83,30,30,70,chicken1/chicken1_01b.jpg,chicken1,0.8,0.38439803570508957,-0.38439803570508957
71,83,31,31,69,christmas_tree/christmas_tree_01b.jpg,christmas_tree,0.780487805,0.4179258644580841,-0.4179258644580841
71,83,32,32,68,carousel/carousel_01b.jpg,carousel,0.829268293,0.44157874584198,-0.44157874584198
71,83,33,33,67,cookie/cookie_01b.jpg,cookie,0.825,0.4821693003177643,-0.4821693003177643
71,83,34,34,66,dandelion/dandelion_01s.jpg,dandelion,0.794871795,0.6403122395277023,-0.6403122395277023
71,83,35,35,65,candy_cane/candy_cane_01b.jpg,candy_cane,0.76744186,0.5725382417440414,-0.5725382417440414
71,83,36,36,64,curtain/curtain_01b.jpg,curtain,0.8,0.53724654763937,-0.53724654763937
71,83,37,37,63,coconut/coconut_01b.jpg,coconut,0.833333333,0.3683547228574753,-0.3683547228574753
71,83,38,38,62,banana/banana_01b.jpg,banana,0.85,0.4536985158920288,-0.4536985158920288
71,83,39,39,61,cufflink/cufflink_01b.jpg,cufflink,0.789473684,0.41026756912469864,-0.41026756912469864
71,83,40,40,60,barcode/barcode_01b.jpg,barcode,0.775,0.597239300608635,-0.597239300608635
71,83,41,41,59,cardinal/cardinal_01b.jpg,cardinal,0.775,0.6202130913734436,-0.6202130913734436
71,83,42,42,58,crumb/crumb_01b.jpg,crumb,0.775,0.2683173194527626,-0.2683173194527626
71,83,43,43,57,cockatoo/cockatoo_01b.jpg,cockatoo,0.829268293,0.9125102311372757,-0.9125102311372757
71,83,44,44,56,dalmatian/dalmatian_01b.jpg,dalmatian,0.750609756,0.8242914974689484,-0.8242914974689484
71,83,45,45,55,coffee_table/coffee_table_01b.jpg,coffee_table,0.75,0.26977331191301346,-0.26977331191301346
71,83,46,46,54,breathalyzer/breathalyzer_01b.jpg,breathalyzer,0.8,0.32386189699172974,-0.32386189699172974
71,83,47,47,53,clipboard/clipboard_01b.jpg,clipboard,0.763157895,0.40142376720905304,-0.40142376720905304
71,83,48,48,52,closet/closet_01b.jpg,closet,0.756097561,0.2970132455229759,-0.2970132455229759
71,83,49,49,51,brace/brace_01b.jpg,brace,0.804878049,0.3352755084633827,-0.3352755084633827
71,83,50,50,50,cellphone/cellphone_01b.jpg,cellphone,0.80952381,0.4323262497782707,-0.4323262497782707
72,84,1,1,99,cardinal/cardinal_01b.jpg,cardinal,0.775,1.2377072274684906,-1.2377072274684906
72,84,2,2,98,curtain/curtain_01b.jpg,curtain,0.8,0.537026047706604,-0.537026047706604
72,84,3,3,97,cookie/cookie_01b.jpg,cookie,0.825,0.5797546356916428,-0.5797546356916428
72,84,4,4,96,bolo_tie/bolo_tie_01b.jpg,bolo_tie,0.833333333,0.5595113635063171,-0.5595113635063171
72,84,5,5,95,crumb/crumb_01b.jpg,crumb,0.775,0.3760719522833824,-0.3760719522833824
72,84,6,6,94,carousel/carousel_01b.jpg,carousel,0.829268293,0.4844292104244232,-0.4844292104244232
72,84,7,7,93,buckle/buckle_01b.jpg,buckle,0.756097561,0.6379430741071701,-0.6379430741071701
72,84,8,8,92,banana/banana_01b.jpg,banana,0.85,0.5115029811859131,-0.5115029811859131
72,84,9,9,91,cornmeal/cornmeal_01b.jpg,cornmeal,0.846153846,0.729751780629158,-0.729751780629158
72,84,10,10,90,closet/closet_01b.jpg,closet,0.756097561,0.3193209692835808,-0.3193209692835808
72,84,11,11,89,cream/cream_01b.jpg,cream,0.769230769,0.3423876315355301,-0.3423876315355301
72,84,12,12,88,coffee_table/coffee_table_01b.jpg,coffee_table,0.75,0.27694619446992874,-0.27694619446992874
72,84,13,13,87,clothespin/clothespin_01b.jpg,clothespin,0.840909091,0.5153208822011948,-0.5153208822011948
72,84,14,14,86,alligator/alligator_01b.jpg,alligator,0.785714286,0.5069591179490089,-0.5069591179490089
72,84,15,15,85,boat/boat_01b.jpg,boat,0.761904762,0.6256007999181747,-0.6256007999181747
72,84,16,16,84,badger/badger_01b.jpg,badger,0.825,0.6074306070804596,-0.6074306070804596
72,84,17,17,83,bow1/bow1_01b.jpg,bow1,0.794871795,0.4991479068994522,-0.4991479068994522
72,84,18,18,82,chicken1/chicken1_01b.jpg,chicken1,0.8,0.36415477097034454,-0.36415477097034454
72,84,19,19,81,blowtorch/blowtorch_01b.jpg,blowtorch,0.8,0.4087989255785942,-0.4087989255785942
72,84,20,20,80,cellphone/cellphone_01b.jpg,cellphone,0.80952381,0.42288538813591003,-0.42288538813591003
72,84,21,21,79,cello/cello_01s.jpg,cello,0.825,0.5611429661512375,-0.5611429661512375
72,84,22,22,78,barnacle/barnacle_01s.jpg,barnacle,0.75,0.5392946302890778,-0.5392946302890778
72,84,23,23,77,cactus/cactus_01b.jpg,cactus,0.780487805,0.5055584609508514,-0.5055584609508514
72,84,24,24,76,appetizer/appetizer_01b.jpg,appetizer,0.794871795,0.7198366671800613,-0.7198366671800613
72,84,25,25,75,dalmatian/dalmatian_01b.jpg,dalmatian,0.750609756,0.7407100573182106,-0.7407100573182106
72,84,26,26,74,crutch/crutch_01b.jpg,crutch,0.756097561,0.6477670967578888,-0.6477670967578888
72,84,27,27,73,banner/banner_01b.jpg,banner,0.789473684,0.5059990584850311,-0.5059990584850311
72,84,28,28,72,candy_cane/candy_cane_01b.jpg,candy_cane,0.76744186,0.5083985477685928,-0.5083985477685928
72,84,29,29,71,blinder/blinder_01b.jpg,blinder,0.825,0.3491981402039528,-0.3491981402039528
72,84,30,30,70,brace/brace_01b.jpg,brace,0.804878049,0.36325570195913315,-0.36325570195913315
72,84,31,31,69,armor/armor_01b.jpg,armor,0.804878049,0.37957581132650375,-0.37957581132650375
72,84,32,32,68,breathalyzer/breathalyzer_01b.jpg,breathalyzer,0.8,0.3016432896256447,-0.3016432896256447
72,84,33,33,67,almond/almond_01b.jpg,almond,0.829268293,0.45785899460315704,-0.45785899460315704
72,84,34,34,66,coconut/coconut_01b.jpg,coconut,0.833333333,0.3913957327604294,-0.3913957327604294
72,84,35,35,65,christmas_tree/christmas_tree_01b.jpg,christmas_tree,0.780487805,0.38141994178295135,-0.38141994178295135
72,84,36,36,64,cashew/cashew_01b.jpg,cashew,0.818181818,0.5285754203796387,-0.5285754203796387
72,84,37,37,63,clipboard/clipboard_01b.jpg,clipboard,0.763157895,0.40651005506515503,-0.40651005506515503
72,84,38,38,62,dandelion/dandelion_01s.jpg,dandelion,0.794871795,0.6378291994333267,-0.6378291994333267
72,84,39,39,61,coffee/coffee_01b.jpg,coffee,0.820512821,0.821112647652626,-0.821112647652626
72,84,40,40,60,camel/camel_01b.jpg,camel,0.85,0.4314749762415886,-0.4314749762415886
72,84,41,41,59,bassinet/bassinet_01b.jpg,bassinet,0.804878049,1.0176589637994766,-1.0176589637994766
72,84,42,42,58,barcode/barcode_01b.jpg,barcode,0.775,0.5531516522169113,-0.5531516522169113
72,84,43,43,57,cufflink/cufflink_01b.jpg,cufflink,0.789473684,0.3817138522863388,-0.3817138522863388
72,84,44,44,56,cockatoo/cockatoo_01b.jpg,cockatoo,0.829268293,0.5374345928430557,-0.5374345928430557
72,84,45,45,55,apron/apron_01b.jpg,apron,0.811522048,0.29124078899621964,-0.29124078899621964
72,84,46,46,54,cream_cheese/cream_cheese_01b.jpg,cream_cheese,0.744186047,0.40982234477996826,-0.40982234477996826
72,84,47,47,53,christmas_card/christmas_card_01b.jpg,christmas_card,0.804878049,0.3214450627565384,-0.3214450627565384
72,84,48,48,52,breadbox/breadbox_01b.jpg,breadbox,0.75,0.368889257311821,-0.368889257311821
72,84,49,49,51,caviar/caviar_01b.jpg,caviar,0.785714286,0.6199320703744888,-0.6199320703744888
72,84,50,50,50,beaker/beaker_01b.jpg,beaker,0.846153846,0.4731738865375519,-0.4731738865375519
73,85,1,1,99,alligator/alligator_01b.jpg,alligator,0.785714286,2.146523781120777,-2.146523781120777
73,85,2,2,98,dalmatian/dalmatian_01b.jpg,dalmatian,0.750609756,1.4216717630624771,-1.4216717630624771
73,85,3,3,97,cornmeal/cornmeal_01b.jpg,cornmeal,0.846153846,0.7643170058727264,-0.7643170058727264
73,85,4,4,96,cream_cheese/cream_cheese_01b.jpg,cream_cheese,0.744186047,0.48338667303323746,-0.48338667303323746
73,85,5,5,95,clipboard/clipboard_01b.jpg,clipboard,0.763157895,0.6848388835787773,-0.6848388835787773
73,85,6,6,94,blowtorch/blowtorch_01b.jpg,blowtorch,0.8,0.43959977477788925,-0.43959977477788925
73,85,7,7,93,coffee/coffee_01b.jpg,coffee,0.820512821,0.721175342798233,-0.721175342798233
73,85,8,8,92,cactus/cactus_01b.jpg,cactus,0.780487805,0.626936286687851,-0.626936286687851
73,85,9,9,91,almond/almond_01b.jpg,almond,0.829268293,0.47729572653770447,-0.47729572653770447
73,85,10,10,90,crutch/crutch_01b.jpg,crutch,0.756097561,0.6656681448221207,-0.6656681448221207
73,85,11,11,89,bow1/bow1_01b.jpg,bow1,0.794871795,0.5200140327215195,-0.5200140327215195
73,85,12,12,88,boat/boat_01b.jpg,boat,0.761904762,0.7008551955223083,-0.7008551955223083
73,85,13,13,87,clothespin/clothespin_01b.jpg,clothespin,0.840909091,0.4915153235197067,-0.4915153235197067
73,85,14,14,86,brace/brace_01b.jpg,brace,0.804878049,0.4450851306319237,-0.4450851306319237
73,85,15,15,85,curtain/curtain_01b.jpg,curtain,0.8,0.410304419696331,-0.410304419696331
73,85,16,16,84,candy_cane/candy_cane_01b.jpg,candy_cane,0.76744186,0.44475726783275604,-0.44475726783275604
73,85,17,17,83,breadbox/breadbox_01b.jpg,breadbox,0.75,0.3856053203344345,-0.3856053203344345
73,85,18,18,82,cellphone/cellphone_01b.jpg,cellphone,0.80952381,0.47588760405778885,-0.47588760405778885
73,85,19,19,81,coffee_table/coffee_table_01b.jpg,coffee_table,0.75,0.3118593767285347,-0.3118593767285347
73,85,20,20,80,coconut/coconut_01b.jpg,coconut,0.833333333,0.39808470010757446,-0.39808470010757446
73,85,21,21,79,christmas_card/christmas_card_01b.jpg,christmas_card,0.804878049,0.32382284104824066,-0.32382284104824066
73,85,22,22,78,blinder/blinder_01b.jpg,blinder,0.825,0.35639210045337677,-0.35639210045337677
73,85,23,23,77,breathalyzer/breathalyzer_01b.jpg,breathalyzer,0.8,0.3373318761587143,-0.3373318761587143
73,85,24,24,76,cashew/cashew_01b.jpg,cashew,0.818181818,0.47517724335193634,-0.47517724335193634
73,85,25,25,75,bassinet/bassinet_01b.jpg,bassinet,0.804878049,0.9271673858165741,-0.9271673858165741
73,85,26,26,74,caviar/caviar_01b.jpg,caviar,0.785714286,0.5862499326467514,-0.5862499326467514
73,85,27,27,73,crumb/crumb_01b.jpg,crumb,0.775,0.28205282986164093,-0.28205282986164093
73,85,28,28,72,barcode/barcode_01b.jpg,barcode,0.775,0.4883729964494705,-0.4883729964494705
73,85,29,29,71,barnacle/barnacle_01s.jpg,barnacle,0.75,0.5282977074384689,-0.5282977074384689
73,85,30,30,70,christmas_tree/christmas_tree_01b.jpg,christmas_tree,0.780487805,0.40224650502204895,-0.40224650502204895
73,85,31,31,69,cufflink/cufflink_01b.jpg,cufflink,0.789473684,0.4003560543060303,-0.4003560543060303
73,85,32,32,68,casserole/casserole_01b.jpg,casserole,0.743589744,0.5778138190507889,-0.5778138190507889
73,85,33,33,67,closet/closet_01b.jpg,closet,0.756097561,0.325148768723011,-0.325148768723011
73,85,34,34,66,chicken1/chicken1_01b.jpg,chicken1,0.8,0.4009910672903061,-0.4009910672903061
73,85,35,35,65,carousel/carousel_01b.jpg,carousel,0.829268293,0.41408468782901764,-0.41408468782901764
73,85,36,36,64,beaker/beaker_01b.jpg,beaker,0.846153846,0.46094033122062683,-0.46094033122062683
73,85,37,37,63,cookie/cookie_01b.jpg,cookie,0.825,0.4896562397480011,-0.4896562397480011
73,85,38,38,62,apron/apron_01b.jpg,apron,0.811522048,0.3072139024734497,-0.3072139024734497
73,85,39,39,61,dandelion/dandelion_01s.jpg,dandelion,0.794871795,0.6264556050300598,-0.6264556050300598
73,85,40,40,60,cockatoo/cockatoo_01b.jpg,cockatoo,0.829268293,0.47752556949853897,-0.47752556949853897
73,85,41,41,59,badger/badger_01b.jpg,badger,0.825,0.5745343118906021,-0.5745343118906021
73,85,42,42,58,appetizer/appetizer_01b.jpg,appetizer,0.794871795,0.684440404176712,-0.684440404176712
73,85,43,43,57,armor/armor_01b.jpg,armor,0.804878049,0.4112095981836319,-0.4112095981836319
73,85,44,44,56,cardinal/cardinal_01b.jpg,cardinal,0.775,0.5662807673215866,-0.5662807673215866
73,85,45,45,55,banana/banana_01b.jpg,banana,0.85,0.3958999291062355,-0.3958999291062355
73,85,46,46,54,banner/banner_01b.jpg,banner,0.789473684,0.48128432035446167,-0.48128432035446167
73,85,47,47,53,buckle/buckle_01b.jpg,buckle,0.756097561,0.5978699922561646,-0.5978699922561646
73,85,48,48,52,cello/cello_01s.jpg,cello,0.825,0.5408616364002228,-0.5408616364002228
73,85,49,49,51,bolo_tie/bolo_tie_01b.jpg,bolo_tie,0.833333333,0.393913172185421,-0.393913172185421
73,85,50,50,50,cream/cream_01b.jpg,cream,0.769230769,0.36097153276205063,-0.36097153276205063
74,86,1,1,99,closet/closet_01b.jpg,closet,0.756097561,0.28599461913108826,-0.28599461913108826
74,86,2,2,98,cookie/cookie_01b.jpg,cookie,0.825,0.5766582190990448,-0.5766582190990448
74,86,3,3,97,armor/armor_01b.jpg,armor,0.804878049,0.45593567192554474,-0.45593567192554474
74,86,4,4,96,cashew/cashew_01b.jpg,cashew,0.818181818,0.5109774768352509,-0.5109774768352509
74,86,5,5,95,cactus/cactus_01b.jpg,cactus,0.780487805,0.6373049169778824,-0.6373049169778824
74,86,6,6,94,buckle/buckle_01b.jpg,buckle,0.756097561,0.6428015828132629,-0.6428015828132629
74,86,7,7,93,coconut/coconut_01b.jpg,coconut,0.833333333,0.4420492649078369,-0.4420492649078369
74,86,8,8,92,crumb/crumb_01b.jpg,crumb,0.775,0.34768523275852203,-0.34768523275852203
74,86,9,9,91,cellphone/cellphone_01b.jpg,cellphone,0.80952381,0.45493051409721375,-0.45493051409721375
74,86,10,10,90,boat/boat_01b.jpg,boat,0.761904762,0.6730165630578995,-0.6730165630578995
74,86,11,11,89,barnacle/barnacle_01s.jpg,barnacle,0.75,0.5138331055641174,-0.5138331055641174
74,86,12,12,88,badger/badger_01b.jpg,badger,0.825,0.5602460354566574,-0.5602460354566574
74,86,13,13,87,banner/banner_01b.jpg,banner,0.789473684,0.4845280796289444,-0.4845280796289444
74,86,14,14,86,barcode/barcode_01b.jpg,barcode,0.775,0.5251352041959763,-0.5251352041959763
74,86,15,15,85,coffee/coffee_01b.jpg,coffee,0.820512821,0.9473218619823456,-0.9473218619823456
74,86,16,16,84,clipboard/clipboard_01b.jpg,clipboard,0.763157895,0.4899834841489792,-0.4899834841489792
74,86,17,17,83,christmas_tree/christmas_tree_01b.jpg,christmas_tree,0.780487805,0.39017895609140396,-0.39017895609140396
74,86,18,18,82,cockatoo/cockatoo_01b.jpg,cockatoo,0.829268293,0.5722013786435127,-0.5722013786435127
74,86,19,19,81,cufflink/cufflink_01b.jpg,cufflink,0.789473684,0.40333404392004013,-0.40333404392004013
74,86,20,20,80,almond/almond_01b.jpg,almond,0.829268293,0.48631392419338226,-0.48631392419338226
74,86,21,21,79,bassinet/bassinet_01b.jpg,bassinet,0.804878049,0.7387771904468536,-0.7387771904468536
74,86,22,22,78,clothespin/clothespin_01b.jpg,clothespin,0.840909091,0.5673407316207886,-0.5673407316207886
74,86,23,23,77,cardinal/cardinal_01b.jpg,cardinal,0.775,0.5930143594741821,-0.5930143594741821
74,86,24,24,76,cream_cheese/cream_cheese_01b.jpg,cream_cheese,0.744186047,0.4182609096169472,-0.4182609096169472
74,86,25,25,75,crutch/crutch_01b.jpg,crutch,0.756097561,0.5140139907598495,-0.5140139907598495
74,86,26,26,74,candy_cane/candy_cane_01b.jpg,candy_cane,0.76744186,0.6014512032270432,-0.6014512032270432
74,86,27,27,73,coffee_table/coffee_table_01b.jpg,coffee_table,0.75,0.2718464210629463,-0.2718464210629463
74,86,28,28,72,breathalyzer/breathalyzer_01b.jpg,breathalyzer,0.8,0.3052244931459427,-0.3052244931459427
74,86,29,29,71,chicken1/chicken1_01b.jpg,chicken1,0.8,0.34823428839445114,-0.34823428839445114
74,86,30,30,70,dandelion/dandelion_01s.jpg,dandelion,0.794871795,0.6576025784015656,-0.6576025784015656
74,86,31,31,69,beaker/beaker_01b.jpg,beaker,0.846153846,0.42725348472595215,-0.42725348472595215
74,86,32,32,68,appetizer/appetizer_01b.jpg,appetizer,0.794871795,0.8713768422603607,-0.8713768422603607
74,86,33,33,67,christmas_card/christmas_card_01b.jpg,christmas_card,0.804878049,0.28932033479213715,-0.28932033479213715
74,86,34,34,66,cream/cream_01b.jpg,cream,0.769230769,0.34290000796318054,-0.34290000796318054
74,86,35,35,65,bolo_tie/bolo_tie_01b.jpg,bolo_tie,0.833333333,0.36582525819540024,-0.36582525819540024
74,86,36,36,64,curtain/curtain_01b.jpg,curtain,0.8,0.46516089886426926,-0.46516089886426926
74,86,37,37,63,blowtorch/blowtorch_01b.jpg,blowtorch,0.8,0.37703704088926315,-0.37703704088926315
74,86,38,38,62,blinder/blinder_01b.jpg,blinder,0.825,0.3250095173716545,-0.3250095173716545
74,86,39,39,61,carousel/carousel_01b.jpg,carousel,0.829268293,0.43810293078422546,-0.43810293078422546
74,86,40,40,60,dalmatian/dalmatian_01b.jpg,dalmatian,0.750609756,0.67160364985466,-0.67160364985466
74,86,41,41,59,bow1/bow1_01b.jpg,bow1,0.794871795,0.47452788054943085,-0.47452788054943085
74,86,42,42,58,alligator/alligator_01b.jpg,alligator,0.785714286,0.4622219428420067,-0.4622219428420067
74,86,43,43,57,cello/cello_01s.jpg,cello,0.825,0.5777757912874222,-0.5777757912874222
74,86,44,44,56,brace/brace_01b.jpg,brace,0.804878049,0.3540628105401993,-0.3540628105401993
74,86,45,45,55,breadbox/breadbox_01b.jpg,breadbox,0.75,0.3876612111926079,-0.3876612111926079
74,86,46,46,54,confetti/confetti_01b.jpg,confetti,0.738095238,0.5851292759180069,-0.5851292759180069
74,86,47,47,53,caviar/caviar_01b.jpg,caviar,0.785714286,0.5374817103147507,-0.5374817103147507
74,86,48,48,52,apron/apron_01b.jpg,apron,0.811522048,0.2682843580842018,-0.2682843580842018
74,86,49,49,51,casserole/casserole_01b.jpg,casserole,0.743589744,0.6769940108060837,-0.6769940108060837
74,86,50,50,50,cornmeal/cornmeal_01b.jpg,cornmeal,0.846153846,0.7837980687618256,-0.7837980687618256
75,87,1,1,99,clothespin/clothespin_01b.jpg,clothespin,0.840909091,0.5155252814292908,-0.5155252814292908
75,87,2,2,98,confetti/confetti_01b.jpg,confetti,0.738095238,0.5375584661960602,-0.5375584661960602
75,87,3,3,97,cactus/cactus_01b.jpg,cactus,0.780487805,1.1309141665697098,-1.1309141665697098
75,87,4,4,96,blinder/blinder_01b.jpg,blinder,0.825,0.36241138726472855,-0.36241138726472855
75,87,5,5,95,barcode/barcode_01b.jpg,barcode,0.775,0.601271390914917,-0.601271390914917
75,87,6,6,94,boat/boat_01b.jpg,boat,0.761904762,0.6513127535581589,-0.6513127535581589
75,87,7,7,93,coffee/coffee_01b.jpg,coffee,0.820512821,0.5715375393629074,-0.5715375393629074
75,87,8,8,92,chicken1/chicken1_01b.jpg,chicken1,0.8,0.3505174368619919,-0.3505174368619919
75,87,9,9,91,brace/brace_01b.jpg,brace,0.804878049,0.3972761556506157,-0.3972761556506157
75,87,10,10,90,badger/badger_01b.jpg,badger,0.825,0.622174859046936,-0.622174859046936
75,87,11,11,89,cardinal/cardinal_01b.jpg,cardinal,0.775,0.57352314889431,-0.57352314889431
75,87,12,12,88,bow1/bow1_01b.jpg,bow1,0.794871795,0.5945370048284531,-0.5945370048284531
75,87,13,13,87,cream_cheese/cream_cheese_01b.jpg,cream_cheese,0.744186047,0.4206048771739006,-0.4206048771739006
75,87,14,14,86,dandelion/dandelion_01s.jpg,dandelion,0.794871795,0.5803388804197311,-0.5803388804197311
75,87,15,15,85,curtain/curtain_01b.jpg,curtain,0.8,0.47260092943906784,-0.47260092943906784
75,87,16,16,84,breathalyzer/breathalyzer_01b.jpg,breathalyzer,0.8,0.3292691707611084,-0.3292691707611084
75,87,17,17,83,cream/cream_01b.jpg,cream,0.769230769,0.3753490000963211,-0.3753490000963211
75,87,18,18,82,crutch/crutch_01b.jpg,crutch,0.756097561,0.6089516431093216,-0.6089516431093216
75,87,19,19,81,christmas_tree/christmas_tree_01b.jpg,christmas_tree,0.780487805,0.4050820469856262,-0.4050820469856262
75,87,20,20,80,candy_cane/candy_cane_01b.jpg,candy_cane,0.76744186,0.5681960135698318,-0.5681960135698318
75,87,21,21,79,blowtorch/blowtorch_01b.jpg,blowtorch,0.8,0.4152628183364868,-0.4152628183364868
75,87,22,22,78,cashew/cashew_01b.jpg,cashew,0.818181818,0.5268685221672058,-0.5268685221672058
75,87,23,23,77,beaker/beaker_01b.jpg,beaker,0.846153846,0.4748651385307312,-0.4748651385307312
75,87,24,24,76,casserole/casserole_01b.jpg,casserole,0.743589744,0.5762949287891388,-0.5762949287891388
75,87,25,25,75,apron/apron_01b.jpg,apron,0.811522048,0.30415190011262894,-0.30415190011262894
75,87,26,26,74,banner/banner_01b.jpg,banner,0.789473684,0.4858638197183609,-0.4858638197183609
75,87,27,27,73,cookie/cookie_01b.jpg,cookie,0.825,0.46973004937171936,-0.46973004937171936
75,87,28,28,72,buckle/buckle_01b.jpg,buckle,0.756097561,0.4998730719089508,-0.4998730719089508
75,87,29,29,71,cockatoo/cockatoo_01b.jpg,cockatoo,0.829268293,0.6127312332391739,-0.6127312332391739
75,87,30,30,70,almond/almond_01b.jpg,almond,0.829268293,0.4885317236185074,-0.4885317236185074
75,87,31,31,69,cellphone/cellphone_01b.jpg,cellphone,0.80952381,0.6228320449590683,-0.6228320449590683
75,87,32,32,68,barnacle/barnacle_01s.jpg,barnacle,0.75,0.5183919221162796,-0.5183919221162796
75,87,33,33,67,bassinet/bassinet_01b.jpg,bassinet,0.804878049,0.7797194123268127,-0.7797194123268127
75,87,34,34,66,armor/armor_01b.jpg,armor,0.804878049,0.3913603723049164,-0.3913603723049164
75,87,35,35,65,breadbox/breadbox_01b.jpg,breadbox,0.75,0.38587843626737595,-0.38587843626737595
75,87,36,36,64,appetizer/appetizer_01b.jpg,appetizer,0.794871795,0.574568122625351,-0.574568122625351
75,87,37,37,63,carousel/carousel_01b.jpg,carousel,0.829268293,0.4582277685403824,-0.4582277685403824
75,87,38,38,62,dishwashing_liquid/dishwashing_liquid_01b.jpg,dishwashing_liquid,0.731707317,0.39967499673366547,-0.39967499673366547
75,87,39,39,61,cufflink/cufflink_01b.jpg,cufflink,0.789473684,0.408283568918705,-0.408283568918705
75,87,40,40,60,dalmatian/dalmatian_01b.jpg,dalmatian,0.750609756,0.6618613079190254,-0.6618613079190254
75,87,41,41,59,alligator/alligator_01b.jpg,alligator,0.785714286,0.5063048079609871,-0.5063048079609871
75,87,42,42,58,bolo_tie/bolo_tie_01b.jpg,bolo_tie,0.833333333,0.3986208811402321,-0.3986208811402321
75,87,43,43,57,cello/cello_01s.jpg,cello,0.825,0.4924180954694748,-0.4924180954694748
75,87,44,44,56,caviar/caviar_01b.jpg,caviar,0.785714286,0.5892791748046875,-0.5892791748046875
75,87,45,45,55,crumb/crumb_01b.jpg,crumb,0.775,0.262812539935112,-0.262812539935112
75,87,46,46,54,coffee_table/coffee_table_01b.jpg,coffee_table,0.75,0.2850871756672859,-0.2850871756672859
75,87,47,47,53,christmas_card/christmas_card_01b.jpg,christmas_card,0.804878049,0.3252337872982025,-0.3252337872982025
75,87,48,48,52,clipboard/clipboard_01b.jpg,clipboard,0.763157895,0.40346790850162506,-0.40346790850162506
75,87,49,49,51,coconut/coconut_01b.jpg,coconut,0.833333333,0.42301400005817413,-0.42301400005817413
75,87,50,50,50,closet/closet_01b.jpg,closet,0.756097561,0.3057660311460495,-0.3057660311460495
76,88,1,1,99,confetti/confetti_01b.jpg,confetti,0.738095238,0.8243757784366608,-0.8243757784366608
76,88,2,2,98,crumb/crumb_01b.jpg,crumb,0.775,0.7015862315893173,-0.7015862315893173
76,88,3,3,97,carousel/carousel_01b.jpg,carousel,0.829268293,0.5086230039596558,-0.5086230039596558
76,88,4,4,96,cufflink/cufflink_01b.jpg,cufflink,0.789473684,0.39111294597387314,-0.39111294597387314
76,88,5,5,95,curtain/curtain_01b.jpg,curtain,0.8,0.549495667219162,-0.549495667219162
76,88,6,6,94,cream/cream_01b.jpg,cream,0.769230769,0.4070550203323364,-0.4070550203323364
76,88,7,7,93,banner/banner_01b.jpg,banner,0.789473684,0.5133207589387894,-0.5133207589387894
76,88,8,8,92,christmas_card/christmas_card_01b.jpg,christmas_card,0.804878049,0.3142467513680458,-0.3142467513680458
76,88,9,9,91,clothespin/clothespin_01b.jpg,clothespin,0.840909091,0.7336772531270981,-0.7336772531270981
76,88,10,10,90,clipboard/clipboard_01b.jpg,clipboard,0.763157895,0.5109820291399956,-0.5109820291399956
76,88,11,11,89,armor/armor_01b.jpg,armor,0.804878049,0.5185615569353104,-0.5185615569353104
76,88,12,12,88,barcode/barcode_01b.jpg,barcode,0.775,0.5039139837026596,-0.5039139837026596
76,88,13,13,87,cardinal/cardinal_01b.jpg,cardinal,0.775,0.7820767909288406,-0.7820767909288406
76,88,14,14,86,cellphone/cellphone_01b.jpg,cellphone,0.80952381,0.4412713125348091,-0.4412713125348091
76,88,15,15,85,coconut/coconut_01b.jpg,coconut,0.833333333,0.4101461172103882,-0.4101461172103882
76,88,16,16,84,blinder/blinder_01b.jpg,blinder,0.825,0.3623097538948059,-0.3623097538948059
76,88,17,17,83,cactus/cactus_01b.jpg,cactus,0.780487805,0.5245284885168076,-0.5245284885168076
76,88,18,18,82,cello/cello_01s.jpg,cello,0.825,0.6597742140293121,-0.6597742140293121
76,88,19,19,81,brace/brace_01b.jpg,brace,0.804878049,0.41690922528505325,-0.41690922528505325
76,88,20,20,80,caviar/caviar_01b.jpg,caviar,0.785714286,0.6661023944616318,-0.6661023944616318
76,88,21,21,79,breadbox/breadbox_01b.jpg,breadbox,0.75,0.48960084468126297,-0.48960084468126297
76,88,22,22,78,cookie/cookie_01b.jpg,cookie,0.825,0.46201933920383453,-0.46201933920383453
76,88,23,23,77,apron/apron_01b.jpg,apron,0.811522048,0.3229866102337837,-0.3229866102337837
76,88,24,24,76,chicken1/chicken1_01b.jpg,chicken1,0.8,0.4404563903808594,-0.4404563903808594
76,88,25,25,75,dishwashing_liquid/dishwashing_liquid_01b.jpg,dishwashing_liquid,0.731707317,0.43292413651943207,-0.43292413651943207
76,88,26,26,74,closet/closet_01b.jpg,closet,0.756097561,0.3160111978650093,-0.3160111978650093
76,88,27,27,73,cashew/cashew_01b.jpg,cashew,0.818181818,0.5227129459381104,-0.5227129459381104
76,88,28,28,72,casserole/casserole_01b.jpg,casserole,0.743589744,0.7175327092409134,-0.7175327092409134
76,88,29,29,71,barnacle/barnacle_01s.jpg,barnacle,0.75,0.5825366973876953,-0.5825366973876953
76,88,30,30,70,buckle/buckle_01b.jpg,buckle,0.756097561,0.6271745413541794,-0.6271745413541794
76,88,31,31,69,cream_cheese/cream_cheese_01b.jpg,cream_cheese,0.744186047,0.44219083338975906,-0.44219083338975906
76,88,32,32,68,dandelion/dandelion_01s.jpg,dandelion,0.794871795,0.7572988718748093,-0.7572988718748093
76,88,33,33,67,christmas_tree/christmas_tree_01b.jpg,christmas_tree,0.780487805,0.44526511430740356,-0.44526511430740356
76,88,34,34,66,bow1/bow1_01b.jpg,bow1,0.794871795,0.46619491279125214,-0.46619491279125214
76,88,35,35,65,blowtorch/blowtorch_01b.jpg,blowtorch,0.8,0.4150691106915474,-0.4150691106915474
76,88,36,36,64,cockatoo/cockatoo_01b.jpg,cockatoo,0.829268293,0.5434903725981712,-0.5434903725981712
76,88,37,37,63,coffee/coffee_01b.jpg,coffee,0.820512821,0.8299741744995117,-0.8299741744995117
76,88,38,38,62,coffee_table/coffee_table_01b.jpg,coffee_table,0.75,0.29045911133289337,-0.29045911133289337
76,88,39,39,61,candy_cane/candy_cane_01b.jpg,candy_cane,0.76744186,0.5454982370138168,-0.5454982370138168
76,88,40,40,60,dalmatian/dalmatian_01b.jpg,dalmatian,0.750609756,0.8299125581979752,-0.8299125581979752
76,88,41,41,59,breathalyzer/breathalyzer_01b.jpg,breathalyzer,0.8,0.36994636058807373,-0.36994636058807373
76,88,42,42,58,bolo_tie/bolo_tie_01b.jpg,bolo_tie,0.833333333,0.3701079934835434,-0.3701079934835434
76,88,43,43,57,almond/almond_01b.jpg,almond,0.829268293,0.4734976589679718,-0.4734976589679718
76,88,44,44,56,bassinet/bassinet_01b.jpg,bassinet,0.804878049,0.8835732564330101,-0.8835732564330101
76,88,45,45,55,celery/celery_01b.jpg,celery,0.731707317,0.5605376958847046,-0.5605376958847046
76,88,46,46,54,badger/badger_01b.jpg,badger,0.825,0.6003371775150299,-0.6003371775150299
76,88,47,47,53,crutch/crutch_01b.jpg,crutch,0.756097561,0.5280563980340958,-0.5280563980340958
76,88,48,48,52,alligator/alligator_01b.jpg,alligator,0.785714286,0.5042974203824997,-0.5042974203824997
76,88,49,49,51,boat/boat_01b.jpg,boat,0.761904762,0.7626535147428513,-0.7626535147428513
76,88,50,50,50,appetizer/appetizer_01b.jpg,appetizer,0.794871795,0.9104517847299576,-0.9104517847299576
77,89,1,1,99,coconut/coconut_01b.jpg,coconut,0.833333333,0.4454842135310173,-0.4454842135310173
77,89,2,2,98,chicken1/chicken1_01b.jpg,chicken1,0.8,0.5462911278009415,-0.5462911278009415
77,89,3,3,97,christmas_card/christmas_card_01b.jpg,christmas_card,0.804878049,0.3365100026130676,-0.3365100026130676
77,89,4,4,96,bolo_tie/bolo_tie_01b.jpg,bolo_tie,0.833333333,0.6028560996055603,-0.6028560996055603
77,89,5,5,95,barnacle/barnacle_01s.jpg,barnacle,0.75,0.6114926338195801,-0.6114926338195801
77,89,6,6,94,dandelion/dandelion_01s.jpg,dandelion,0.794871795,0.7372802197933197,-0.7372802197933197
77,89,7,7,93,breadbox/breadbox_01b.jpg,breadbox,0.75,0.40438345074653625,-0.40438345074653625
77,89,8,8,92,closet/closet_01b.jpg,closet,0.756097561,0.27495837956666946,-0.27495837956666946
77,89,9,9,91,badger/badger_01b.jpg,badger,0.825,0.7528325766324997,-0.7528325766324997
77,89,10,10,90,confetti/confetti_01b.jpg,confetti,0.738095238,0.670292317867279,-0.670292317867279
77,89,11,11,89,carousel/carousel_01b.jpg,carousel,0.829268293,0.4856311082839966,-0.4856311082839966
77,89,12,12,88,bassinet/bassinet_01b.jpg,bassinet,0.804878049,0.736918181180954,-0.736918181180954
77,89,13,13,87,cactus/cactus_01b.jpg,cactus,0.780487805,0.7200947701931,-0.7200947701931
77,89,14,14,86,armor/armor_01b.jpg,armor,0.804878049,0.5057314932346344,-0.5057314932346344
77,89,15,15,85,breathalyzer/breathalyzer_01b.jpg,breathalyzer,0.8,0.37929201126098633,-0.37929201126098633
77,89,16,16,84,banner/banner_01b.jpg,banner,0.789473684,0.5021234899759293,-0.5021234899759293
77,89,17,17,83,cockatoo/cockatoo_01b.jpg,cockatoo,0.829268293,0.6119441017508507,-0.6119441017508507
77,89,18,18,82,crutch/crutch_01b.jpg,crutch,0.756097561,0.5885288268327713,-0.5885288268327713
77,89,19,19,81,cellphone/cellphone_01b.jpg,cellphone,0.80952381,0.4693021699786186,-0.4693021699786186
77,89,20,20,80,candy_cane/candy_cane_01b.jpg,candy_cane,0.76744186,0.622532844543457,-0.622532844543457
77,89,21,21,79,cashew/cashew_01b.jpg,cashew,0.818181818,0.4554401636123657,-0.4554401636123657
77,89,22,22,78,cookie/cookie_01b.jpg,cookie,0.825,0.4709145277738571,-0.4709145277738571
77,89,23,23,77,dishwashing_liquid/dishwashing_liquid_01b.jpg,dishwashing_liquid,0.731707317,0.4604364484548569,-0.4604364484548569
77,89,24,24,76,caviar/caviar_01b.jpg,caviar,0.785714286,0.661260724067688,-0.661260724067688
77,89,25,25,75,brace/brace_01b.jpg,brace,0.804878049,0.39002733677625656,-0.39002733677625656
77,89,26,26,74,barcode/barcode_01b.jpg,barcode,0.775,0.597890093922615,-0.597890093922615
77,89,27,27,73,celery/celery_01b.jpg,celery,0.731707317,0.5652092099189758,-0.5652092099189758
77,89,28,28,72,cufflink/cufflink_01b.jpg,cufflink,0.789473684,0.3727792501449585,-0.3727792501449585
77,89,29,29,71,bow1/bow1_01b.jpg,bow1,0.794871795,0.49583888053894043,-0.49583888053894043
77,89,30,30,70,curtain/curtain_01b.jpg,curtain,0.8,0.48528122901916504,-0.48528122901916504
77,89,31,31,69,cardinal/cardinal_01b.jpg,cardinal,0.775,0.8196597993373871,-0.8196597993373871
77,89,32,32,68,blinder/blinder_01b.jpg,blinder,0.825,0.371530257165432,-0.371530257165432
77,89,33,33,67,clipboard/clipboard_01b.jpg,clipboard,0.763157895,0.39807821810245514,-0.39807821810245514
77,89,34,34,66,blazer/blazer_01b.jpg,blazer,0.731707317,0.36435631662607193,-0.36435631662607193
77,89,35,35,65,blowtorch/blowtorch_01b.jpg,blowtorch,0.8,0.4060281664133072,-0.4060281664133072
77,89,36,36,64,buckle/buckle_01b.jpg,buckle,0.756097561,0.6003020107746124,-0.6003020107746124
77,89,37,37,63,cello/cello_01s.jpg,cello,0.825,0.7070379555225372,-0.7070379555225372
77,89,38,38,62,coffee/coffee_01b.jpg,coffee,0.820512821,1.4522863328456879,-1.4522863328456879
77,89,39,39,61,crumb/crumb_01b.jpg,crumb,0.775,0.2970016449689865,-0.2970016449689865
77,89,40,40,60,boat/boat_01b.jpg,boat,0.761904762,0.7418463826179504,-0.7418463826179504
77,89,41,41,59,christmas_tree/christmas_tree_01b.jpg,christmas_tree,0.780487805,0.3946445509791374,-0.3946445509791374
77,89,42,42,58,appetizer/appetizer_01b.jpg,appetizer,0.794871795,0.9530485570430756,-0.9530485570430756
77,89,43,43,57,dalmatian/dalmatian_01b.jpg,dalmatian,0.750609756,0.9331182986497879,-0.9331182986497879
77,89,44,44,56,casserole/casserole_01b.jpg,casserole,0.743589744,0.7283328324556351,-0.7283328324556351
77,89,45,45,55,alligator/alligator_01b.jpg,alligator,0.785714286,0.6109352856874466,-0.6109352856874466
77,89,46,46,54,coffee_table/coffee_table_01b.jpg,coffee_table,0.75,0.30356983840465546,-0.30356983840465546
77,89,47,47,53,cream/cream_01b.jpg,cream,0.769230769,0.43234388530254364,-0.43234388530254364
77,89,48,48,52,almond/almond_01b.jpg,almond,0.829268293,0.49577364325523376,-0.49577364325523376
77,89,49,49,51,apron/apron_01b.jpg,apron,0.811522048,0.2786872833967209,-0.2786872833967209
77,89,50,50,50,cream_cheese/cream_cheese_01b.jpg,cream_cheese,0.744186047,0.48851484060287476,-0.48851484060287476
78,90,1,1,99,banner/banner_01b.jpg,banner,0.789473684,0.47492876648902893,-0.47492876648902893
78,90,2,2,98,bolo_tie/bolo_tie_01b.jpg,bolo_tie,0.833333333,0.6697784811258316,-0.6697784811258316
78,90,3,3,97,dandelion/dandelion_01s.jpg,dandelion,0.794871795,0.5734085589647293,-0.5734085589647293
78,90,4,4,96,barnacle/barnacle_01s.jpg,barnacle,0.75,0.5506401211023331,-0.5506401211023331
78,90,5,5,95,blinder/blinder_01b.jpg,blinder,0.825,0.35477954149246216,-0.35477954149246216
78,90,6,6,94,caviar/caviar_01b.jpg,caviar,0.785714286,0.5836885869503021,-0.5836885869503021
78,90,7,7,93,apron/apron_01b.jpg,apron,0.811522048,0.3180394545197487,-0.3180394545197487
78,90,8,8,92,bassinet/bassinet_01b.jpg,bassinet,0.804878049,0.7722311988472939,-0.7722311988472939
78,90,9,9,91,cream_cheese/cream_cheese_01b.jpg,cream_cheese,0.744186047,0.38497862964868546,-0.38497862964868546
78,90,10,10,90,dalmatian/dalmatian_01b.jpg,dalmatian,0.750609756,0.694161981344223,-0.694161981344223
78,90,11,11,89,barcode/barcode_01b.jpg,barcode,0.775,0.5433431565761566,-0.5433431565761566
78,90,12,12,88,clipboard/clipboard_01b.jpg,clipboard,0.763157895,0.5210627168416977,-0.5210627168416977
78,90,13,13,87,cufflink/cufflink_01b.jpg,cufflink,0.789473684,0.38008618354797363,-0.38008618354797363
78,90,14,14,86,coffee/coffee_01b.jpg,coffee,0.820512821,0.7010367661714554,-0.7010367661714554
78,90,15,15,85,breadbox/breadbox_01b.jpg,breadbox,0.75,0.35615721344947815,-0.35615721344947815
78,90,16,16,84,curtain/curtain_01b.jpg,curtain,0.8,0.42927786707878113,-0.42927786707878113
78,90,17,17,83,barrel/barrel_01b.jpg,barrel,0.72972973,0.6887510716915131,-0.6887510716915131
78,90,18,18,82,celery/celery_01b.jpg,celery,0.731707317,0.46300357580184937,-0.46300357580184937
78,90,19,19,81,almond/almond_01b.jpg,almond,0.829268293,0.4161398336291313,-0.4161398336291313
78,90,20,20,80,carousel/carousel_01b.jpg,carousel,0.829268293,0.43971729278564453,-0.43971729278564453
78,90,21,21,79,cellphone/cellphone_01b.jpg,cellphone,0.80952381,0.4123632088303566,-0.4123632088303566
78,90,22,22,78,armor/armor_01b.jpg,armor,0.804878049,0.4089139476418495,-0.4089139476418495
78,90,23,23,77,chicken1/chicken1_01b.jpg,chicken1,0.8,0.33896246552467346,-0.33896246552467346
78,90,24,24,76,dishwashing_liquid/dishwashing_liquid_01b.jpg,dishwashing_liquid,0.731707317,0.41052450984716415,-0.41052450984716415
78,90,25,25,75,boat/boat_01b.jpg,boat,0.761904762,0.6445718258619308,-0.6445718258619308
78,90,26,26,74,buckle/buckle_01b.jpg,buckle,0.756097561,0.4766806364059448,-0.4766806364059448
78,90,27,27,73,closet/closet_01b.jpg,closet,0.756097561,0.29707302898168564,-0.29707302898168564
78,90,28,28,72,appetizer/appetizer_01b.jpg,appetizer,0.794871795,0.6107885986566544,-0.6107885986566544
78,90,29,29,71,crumb/crumb_01b.jpg,crumb,0.775,0.24771034345030785,-0.24771034345030785
78,90,30,30,70,cactus/cactus_01b.jpg,cactus,0.780487805,0.5225313305854797,-0.5225313305854797
78,90,31,31,69,blazer/blazer_01b.jpg,blazer,0.731707317,0.31580935418605804,-0.31580935418605804
78,90,32,32,68,coffee_table/coffee_table_01b.jpg,coffee_table,0.75,0.275902159512043,-0.275902159512043
78,90,33,33,67,confetti/confetti_01b.jpg,confetti,0.738095238,0.5113295167684555,-0.5113295167684555
78,90,34,34,66,alligator/alligator_01b.jpg,alligator,0.785714286,0.46898792684078217,-0.46898792684078217
78,90,35,35,65,cream/cream_01b.jpg,cream,0.769230769,0.32912466675043106,-0.32912466675043106
78,90,36,36,64,breathalyzer/breathalyzer_01b.jpg,breathalyzer,0.8,0.3206579312682152,-0.3206579312682152
78,90,37,37,63,candy_cane/candy_cane_01b.jpg,candy_cane,0.76744186,0.5154894292354584,-0.5154894292354584
78,90,38,38,62,cockatoo/cockatoo_01b.jpg,cockatoo,0.829268293,0.6579010635614395,-0.6579010635614395
78,90,39,39,61,cello/cello_01s.jpg,cello,0.825,0.46095044910907745,-0.46095044910907745
78,90,40,40,60,bow1/bow1_01b.jpg,bow1,0.794871795,0.46868211030960083,-0.46868211030960083
78,90,41,41,59,christmas_tree/christmas_tree_01b.jpg,christmas_tree,0.780487805,0.37374479323625565,-0.37374479323625565
78,90,42,42,58,cashew/cashew_01b.jpg,cashew,0.818181818,0.4196171462535858,-0.4196171462535858
78,90,43,43,57,cardinal/cardinal_01b.jpg,cardinal,0.775,0.5454434454441071,-0.5454434454441071
78,90,44,44,56,christmas_card/christmas_card_01b.jpg,christmas_card,0.804878049,0.30039194226264954,-0.30039194226264954
78,90,45,45,55,brace/brace_01b.jpg,brace,0.804878049,0.323764443397522,-0.323764443397522
78,90,46,46,54,badger/badger_01b.jpg,badger,0.825,0.5370029360055923,-0.5370029360055923
78,90,47,47,53,blowtorch/blowtorch_01b.jpg,blowtorch,0.8,0.3729717433452606,-0.3729717433452606
78,90,48,48,52,casserole/casserole_01b.jpg,casserole,0.743589744,0.5142712295055389,-0.5142712295055389
78,90,49,49,51,cookie/cookie_01b.jpg,cookie,0.825,0.44500021636486053,-0.44500021636486053
78,90,50,50,50,crutch/crutch_01b.jpg,crutch,0.756097561,0.5082204639911652,-0.5082204639911652
79,91,1,1,99,dishwashing_liquid/dishwashing_liquid_01b.jpg,dishwashing_liquid,0.731707317,0.41889457404613495,-0.41889457404613495
79,91,2,2,98,cannonball/cannonball_01b.jpg,cannonball,0.725,0.6177377551794052,-0.6177377551794052
79,91,3,3,97,cream_cheese/cream_cheese_01b.jpg,cream_cheese,0.744186047,0.38247204571962357,-0.38247204571962357
79,91,4,4,96,barcode/barcode_01b.jpg,barcode,0.775,0.5443211048841476,-0.5443211048841476
79,91,5,5,95,breathalyzer/breathalyzer_01b.jpg,breathalyzer,0.8,0.36516696214675903,-0.36516696214675903
79,91,6,6,94,celery/celery_01b.jpg,celery,0.731707317,0.9422993659973145,-0.9422993659973145
79,91,7,7,93,barrel/barrel_01b.jpg,barrel,0.72972973,0.688769057393074,-0.688769057393074
79,91,8,8,92,cockatoo/cockatoo_01b.jpg,cockatoo,0.829268293,0.8069735243916512,-0.8069735243916512
79,91,9,9,91,cufflink/cufflink_01b.jpg,cufflink,0.789473684,0.41056112945079803,-0.41056112945079803
79,91,10,10,90,casserole/casserole_01b.jpg,casserole,0.743589744,0.7176772356033325,-0.7176772356033325
79,91,11,11,89,barnacle/barnacle_01s.jpg,barnacle,0.75,0.5072576254606247,-0.5072576254606247
79,91,12,12,88,armor/armor_01b.jpg,armor,0.804878049,0.47128577530384064,-0.47128577530384064
79,91,13,13,87,blinder/blinder_01b.jpg,blinder,0.825,0.3535237982869148,-0.3535237982869148
79,91,14,14,86,carousel/carousel_01b.jpg,carousel,0.829268293,0.48061591386795044,-0.48061591386795044
79,91,15,15,85,christmas_card/christmas_card_01b.jpg,christmas_card,0.804878049,0.27561886608600616,-0.27561886608600616
79,91,16,16,84,cream/cream_01b.jpg,cream,0.769230769,0.34273000806570053,-0.34273000806570053
79,91,17,17,83,almond/almond_01b.jpg,almond,0.829268293,0.5005119889974594,-0.5005119889974594
79,91,18,18,82,cashew/cashew_01b.jpg,cashew,0.818181818,0.48716554045677185,-0.48716554045677185
79,91,19,19,81,bassinet/bassinet_01b.jpg,bassinet,0.804878049,0.791770227253437,-0.791770227253437
79,91,20,20,80,breadbox/breadbox_01b.jpg,breadbox,0.75,0.38071398437023163,-0.38071398437023163
79,91,21,21,79,cardinal/cardinal_01b.jpg,cardinal,0.775,0.6412313729524612,-0.6412313729524612
79,91,22,22,78,candy_cane/candy_cane_01b.jpg,candy_cane,0.76744186,0.585585743188858,-0.585585743188858
79,91,23,23,77,cactus/cactus_01b.jpg,cactus,0.780487805,0.5468683391809464,-0.5468683391809464
79,91,24,24,76,crutch/crutch_01b.jpg,crutch,0.756097561,0.5340487360954285,-0.5340487360954285
79,91,25,25,75,crumb/crumb_01b.jpg,crumb,0.775,0.2367115616798401,-0.2367115616798401
79,91,26,26,74,cello/cello_01s.jpg,cello,0.825,0.5441017150878906,-0.5441017150878906
79,91,27,27,73,cellphone/cellphone_01b.jpg,cellphone,0.80952381,0.42532163858413696,-0.42532163858413696
79,91,28,28,72,banner/banner_01b.jpg,banner,0.789473684,0.44366122782230377,-0.44366122782230377
79,91,29,29,71,dandelion/dandelion_01s.jpg,dandelion,0.794871795,0.604361891746521,-0.604361891746521
79,91,30,30,70,blazer/blazer_01b.jpg,blazer,0.731707317,0.3090648055076599,-0.3090648055076599
79,91,31,31,69,curtain/curtain_01b.jpg,curtain,0.8,0.4775669723749161,-0.4775669723749161
79,91,32,32,68,alligator/alligator_01b.jpg,alligator,0.785714286,0.502103328704834,-0.502103328704834
79,91,33,33,67,chicken1/chicken1_01b.jpg,chicken1,0.8,0.38521622121334076,-0.38521622121334076
79,91,34,34,66,closet/closet_01b.jpg,closet,0.756097561,0.27982044219970703,-0.27982044219970703
79,91,35,35,65,blowtorch/blowtorch_01b.jpg,blowtorch,0.8,0.38533346354961395,-0.38533346354961395
79,91,36,36,64,christmas_tree/christmas_tree_01b.jpg,christmas_tree,0.780487805,0.3824870139360428,-0.3824870139360428
79,91,37,37,63,buckle/buckle_01b.jpg,buckle,0.756097561,0.5448340773582458,-0.5448340773582458
79,91,38,38,62,boat/boat_01b.jpg,boat,0.761904762,0.6433521807193756,-0.6433521807193756
79,91,39,39,61,clipboard/clipboard_01b.jpg,clipboard,0.763157895,0.36285533756017685,-0.36285533756017685
79,91,40,40,60,apron/apron_01b.jpg,apron,0.811522048,0.2770438939332962,-0.2770438939332962
79,91,41,41,59,coffee/coffee_01b.jpg,coffee,0.820512821,1.1209785789251328,-1.1209785789251328
79,91,42,42,58,appetizer/appetizer_01b.jpg,appetizer,0.794871795,0.80865278840065,-0.80865278840065
79,91,43,43,57,bow1/bow1_01b.jpg,bow1,0.794871795,0.4965864568948746,-0.4965864568948746
79,91,44,44,56,caviar/caviar_01b.jpg,caviar,0.785714286,0.5101950317621231,-0.5101950317621231
79,91,45,45,55,coffee_table/coffee_table_01b.jpg,coffee_table,0.75,0.25573091208934784,-0.25573091208934784
79,91,46,46,54,cookie/cookie_01b.jpg,cookie,0.825,0.4589652866125107,-0.4589652866125107
79,91,47,47,53,badger/badger_01b.jpg,badger,0.825,0.6204082518815994,-0.6204082518815994
79,91,48,48,52,dalmatian/dalmatian_01b.jpg,dalmatian,0.750609756,0.7053471952676773,-0.7053471952676773
79,91,49,49,51,brace/brace_01b.jpg,brace,0.804878049,0.33364754170179367,-0.33364754170179367
79,91,50,50,50,confetti/confetti_01b.jpg,confetti,0.738095238,0.5002808272838593,-0.5002808272838593
80,92,1,1,99,casserole/casserole_01b.jpg,casserole,0.743589744,1.016215831041336,-1.016215831041336
80,92,2,2,98,coffee/coffee_01b.jpg,coffee,0.820512821,1.0406582355499268,-1.0406582355499268
80,92,3,3,97,dalmatian/dalmatian_01b.jpg,dalmatian,0.750609756,1.8245036751031876,-1.8245036751031876
80,92,4,4,96,cream_cheese/cream_cheese_01b.jpg,cream_cheese,0.744186047,0.5379655063152313,-0.5379655063152313
80,92,5,5,95,crumb/crumb_01b.jpg,crumb,0.775,0.5232831910252571,-0.5232831910252571
80,92,6,6,94,coffee_table/coffee_table_01b.jpg,coffee_table,0.75,0.31476904451847076,-0.31476904451847076
80,92,7,7,93,blowtorch/blowtorch_01b.jpg,blowtorch,0.8,0.5289247035980225,-0.5289247035980225
80,92,8,8,92,barnacle/barnacle_01s.jpg,barnacle,0.75,0.6690923124551773,-0.6690923124551773
80,92,9,9,91,carousel/carousel_01b.jpg,carousel,0.829268293,0.5677075088024139,-0.5677075088024139
80,92,10,10,90,dandelion/dandelion_01s.jpg,dandelion,0.794871795,0.9128162860870361,-0.9128162860870361
80,92,11,11,89,boat/boat_01b.jpg,boat,0.761904762,0.8503200709819794,-0.8503200709819794
80,92,12,12,88,appetizer/appetizer_01b.jpg,appetizer,0.794871795,1.2873816937208176,-1.2873816937208176
80,92,13,13,87,basketball_hoop/basketball_hoop_01b.jpg,basketball_hoop,0.725,0.7403269112110138,-0.7403269112110138
80,92,14,14,86,cashew/cashew_01b.jpg,cashew,0.818181818,0.7180352061986923,-0.7180352061986923
80,92,15,15,85,barcode/barcode_01b.jpg,barcode,0.775,0.5812088623642921,-0.5812088623642921
80,92,16,16,84,christmas_tree/christmas_tree_01b.jpg,christmas_tree,0.780487805,0.4299219399690628,-0.4299219399690628
80,92,17,17,83,cellphone/cellphone_01b.jpg,cellphone,0.80952381,0.5082601681351662,-0.5082601681351662
80,92,18,18,82,closet/closet_01b.jpg,closet,0.756097561,0.28932078182697296,-0.28932078182697296
80,92,19,19,81,badger/badger_01b.jpg,badger,0.825,0.7150620222091675,-0.7150620222091675
80,92,20,20,80,chicken1/chicken1_01b.jpg,chicken1,0.8,0.5971949994564056,-0.5971949994564056
80,92,21,21,79,alligator/alligator_01b.jpg,alligator,0.785714286,0.6538183689117432,-0.6538183689117432
80,92,22,22,78,blinder/blinder_01b.jpg,blinder,0.825,0.4116685017943382,-0.4116685017943382
80,92,23,23,77,crutch/crutch_01b.jpg,crutch,0.756097561,0.6589538305997849,-0.6589538305997849
80,92,24,24,76,buckle/buckle_01b.jpg,buckle,0.756097561,0.7385822832584381,-0.7385822832584381
80,92,25,25,75,cactus/cactus_01b.jpg,cactus,0.780487805,0.8507681638002396,-0.8507681638002396
80,92,26,26,74,cufflink/cufflink_01b.jpg,cufflink,0.789473684,0.43068280071020126,-0.43068280071020126
80,92,27,27,73,christmas_card/christmas_card_01b.jpg,christmas_card,0.804878049,0.32334792613983154,-0.32334792613983154
80,92,28,28,72,cream/cream_01b.jpg,cream,0.769230769,0.5059989020228386,-0.5059989020228386
80,92,29,29,71,dishwashing_liquid/dishwashing_liquid_01b.jpg,dishwashing_liquid,0.731707317,0.5784544348716736,-0.5784544348716736
80,92,30,30,70,candy_cane/candy_cane_01b.jpg,candy_cane,0.76744186,0.742884561419487,-0.742884561419487
80,92,31,31,69,banner/banner_01b.jpg,banner,0.789473684,0.5102332383394241,-0.5102332383394241
80,92,32,32,68,brace/brace_01b.jpg,brace,0.804878049,0.4060707092285156,-0.4060707092285156
80,92,33,33,67,cannonball/cannonball_01b.jpg,cannonball,0.725,0.5176672041416168,-0.5176672041416168
80,92,34,34,66,barrel/barrel_01b.jpg,barrel,0.72972973,0.7439287304878235,-0.7439287304878235
80,92,35,35,65,blazer/blazer_01b.jpg,blazer,0.731707317,0.43514014035463333,-0.43514014035463333
80,92,36,36,64,cardinal/cardinal_01b.jpg,cardinal,0.775,0.9180372208356857,-0.9180372208356857
80,92,37,37,63,apron/apron_01b.jpg,apron,0.811522048,0.3111538887023926,-0.3111538887023926
80,92,38,38,62,celery/celery_01b.jpg,celery,0.731707317,0.6642299592494965,-0.6642299592494965
80,92,39,39,61,breadbox/breadbox_01b.jpg,breadbox,0.75,0.4560619741678238,-0.4560619741678238
80,92,40,40,60,bow1/bow1_01b.jpg,bow1,0.794871795,0.5428211539983749,-0.5428211539983749
80,92,41,41,59,almond/almond_01b.jpg,almond,0.829268293,0.5906666219234467,-0.5906666219234467
80,92,42,42,58,cookie/cookie_01b.jpg,cookie,0.825,0.48923662304878235,-0.48923662304878235
80,92,43,43,57,confetti/confetti_01b.jpg,confetti,0.738095238,0.611229732632637,-0.611229732632637
80,92,44,44,56,clipboard/clipboard_01b.jpg,clipboard,0.763157895,0.4151794984936714,-0.4151794984936714
80,92,45,45,55,bassinet/bassinet_01b.jpg,bassinet,0.804878049,0.8238010033965111,-0.8238010033965111
80,92,46,46,54,cello/cello_01s.jpg,cello,0.825,0.7776236087083817,-0.7776236087083817
80,92,47,47,53,curtain/curtain_01b.jpg,curtain,0.8,0.5788071379065514,-0.5788071379065514
80,92,48,48,52,armor/armor_01b.jpg,armor,0.804878049,0.5225940942764282,-0.5225940942764282
80,92,49,49,51,breathalyzer/breathalyzer_01b.jpg,breathalyzer,0.8,0.452654093503952,-0.452654093503952
80,92,50,50,50,caviar/caviar_01b.jpg,caviar,0.785714286,0.7534903883934021,-0.7534903883934021
81,93,1,1,99,barrel/barrel_01b.jpg,barrel,0.72972973,0.7081699520349503,-0.7081699520349503
81,93,2,2,98,blazer/blazer_01b.jpg,blazer,0.731707317,0.3183063641190529,-0.3183063641190529
81,93,3,3,97,barcode/barcode_01b.jpg,barcode,0.775,0.6486514806747437,-0.6486514806747437
81,93,4,4,96,dandelion/dandelion_01s.jpg,dandelion,0.794871795,0.6819616407155991,-0.6819616407155991
81,93,5,5,95,crutch/crutch_01b.jpg,crutch,0.756097561,0.8117310404777527,-0.8117310404777527
81,93,6,6,94,boat/boat_01b.jpg,boat,0.761904762,0.6644125729799271,-0.6644125729799271
81,93,7,7,93,cellphone/cellphone_01b.jpg,cellphone,0.80952381,0.4111013188958168,-0.4111013188958168
81,93,8,8,92,casserole/casserole_01b.jpg,casserole,0.743589744,0.7227565050125122,-0.7227565050125122
81,93,9,9,91,coffee_table/coffee_table_01b.jpg,coffee_table,0.75,0.26459094882011414,-0.26459094882011414
81,93,10,10,90,blowtorch/blowtorch_01b.jpg,blowtorch,0.8,0.4643396735191345,-0.4643396735191345
81,93,11,11,89,cufflink/cufflink_01b.jpg,cufflink,0.789473684,0.3982674926519394,-0.3982674926519394
81,93,12,12,88,airplane/airplane_01b.jpg,airplane,0.720930233,0.35660380870103836,-0.35660380870103836
81,93,13,13,87,dalmatian/dalmatian_01b.jpg,dalmatian,0.750609756,0.8410789966583252,-0.8410789966583252
81,93,14,14,86,basketball_hoop/basketball_hoop_01b.jpg,basketball_hoop,0.725,0.6323950737714767,-0.6323950737714767
81,93,15,15,85,buckle/buckle_01b.jpg,buckle,0.756097561,0.5153371691703796,-0.5153371691703796
81,93,16,16,84,cashew/cashew_01b.jpg,cashew,0.818181818,0.5308620184659958,-0.5308620184659958
81,93,17,17,83,alligator/alligator_01b.jpg,alligator,0.785714286,0.5526483431458473,-0.5526483431458473
81,93,18,18,82,bassinet/bassinet_01b.jpg,bassinet,0.804878049,0.6366700604557991,-0.6366700604557991
81,93,19,19,81,candy_cane/candy_cane_01b.jpg,candy_cane,0.76744186,0.6217769235372543,-0.6217769235372543
81,93,20,20,80,apron/apron_01b.jpg,apron,0.811522048,0.2961510419845581,-0.2961510419845581
81,93,21,21,79,clipboard/clipboard_01b.jpg,clipboard,0.763157895,0.3675507605075836,-0.3675507605075836
81,93,22,22,78,coffee/coffee_01b.jpg,coffee,0.820512821,1.304551973938942,-1.304551973938942
81,93,23,23,77,closet/closet_01b.jpg,closet,0.756097561,0.26690948754549026,-0.26690948754549026
81,93,24,24,76,caviar/caviar_01b.jpg,caviar,0.785714286,0.5830462574958801,-0.5830462574958801
81,93,25,25,75,almond/almond_01b.jpg,almond,0.829268293,0.4926517605781555,-0.4926517605781555
81,93,26,26,74,banner/banner_01b.jpg,banner,0.789473684,0.45579127967357635,-0.45579127967357635
81,93,27,27,73,dishwashing_liquid/dishwashing_liquid_01b.jpg,dishwashing_liquid,0.731707317,0.42519040405750275,-0.42519040405750275
81,93,28,28,72,appetizer/appetizer_01b.jpg,appetizer,0.794871795,0.7733968198299408,-0.7733968198299408
81,93,29,29,71,cactus/cactus_01b.jpg,cactus,0.780487805,0.6708954274654388,-0.6708954274654388
81,93,30,30,70,cookie/cookie_01b.jpg,cookie,0.825,0.47640135139226913,-0.47640135139226913
81,93,31,31,69,cream/cream_01b.jpg,cream,0.769230769,0.362925261259079,-0.362925261259079
81,93,32,32,68,breathalyzer/breathalyzer_01b.jpg,breathalyzer,0.8,0.3272356316447258,-0.3272356316447258
81,93,33,33,67,christmas_card/christmas_card_01b.jpg,christmas_card,0.804878049,0.30351557582616806,-0.30351557582616806
81,93,34,34,66,crumb/crumb_01b.jpg,crumb,0.775,0.2667417898774147,-0.2667417898774147
81,93,35,35,65,brace/brace_01b.jpg,brace,0.804878049,0.32944290339946747,-0.32944290339946747
81,93,36,36,64,chicken1/chicken1_01b.jpg,chicken1,0.8,0.3464638367295265,-0.3464638367295265
81,93,37,37,63,cannonball/cannonball_01b.jpg,cannonball,0.725,0.5325074940919876,-0.5325074940919876
81,93,38,38,62,armor/armor_01b.jpg,armor,0.804878049,0.3893742635846138,-0.3893742635846138
81,93,39,39,61,barnacle/barnacle_01s.jpg,barnacle,0.75,0.5191686302423477,-0.5191686302423477
81,93,40,40,60,badger/badger_01b.jpg,badger,0.825,0.6286637783050537,-0.6286637783050537
81,93,41,41,59,christmas_tree/christmas_tree_01b.jpg,christmas_tree,0.780487805,0.3697887063026428,-0.3697887063026428
81,93,42,42,58,breadbox/breadbox_01b.jpg,breadbox,0.75,0.35030950605869293,-0.35030950605869293
81,93,43,43,57,cream_cheese/cream_cheese_01b.jpg,cream_cheese,0.744186047,0.3939993530511856,-0.3939993530511856
81,93,44,44,56,cello/cello_01s.jpg,cello,0.825,0.5221495032310486,-0.5221495032310486
81,93,45,45,55,celery/celery_01b.jpg,celery,0.731707317,0.554509624838829,-0.554509624838829
81,93,46,46,54,confetti/confetti_01b.jpg,confetti,0.738095238,0.5056100934743881,-0.5056100934743881
81,93,47,47,53,cardinal/cardinal_01b.jpg,cardinal,0.775,0.6152406558394432,-0.6152406558394432
81,93,48,48,52,blinder/blinder_01b.jpg,blinder,0.825,0.3542010262608528,-0.3542010262608528
81,93,49,49,51,curtain/curtain_01b.jpg,curtain,0.8,0.4365784302353859,-0.4365784302353859
81,93,50,50,50,bow1/bow1_01b.jpg,bow1,0.794871795,0.49657656252384186,-0.49657656252384186
82,94,1,1,99,buckle/buckle_01b.jpg,buckle,0.756097561,0.6272763162851334,-0.6272763162851334
82,94,2,2,98,cannonball/cannonball_01b.jpg,cannonball,0.725,0.5375250428915024,-0.5375250428915024
82,94,3,3,97,boat/boat_01b.jpg,boat,0.761904762,0.6901953369379044,-0.6901953369379044
82,94,4,4,96,crumb/crumb_01b.jpg,crumb,0.775,0.4615619033575058,-0.4615619033575058
82,94,5,5,95,closet/closet_01b.jpg,closet,0.756097561,0.3169739916920662,-0.3169739916920662
82,94,6,6,94,candy_cane/candy_cane_01b.jpg,candy_cane,0.76744186,0.5431660562753677,-0.5431660562753677
82,94,7,7,93,breadbox/breadbox_01b.jpg,breadbox,0.75,0.38937871903181076,-0.38937871903181076
82,94,8,8,92,dandelion/dandelion_01s.jpg,dandelion,0.794871795,0.5992092192173004,-0.5992092192173004
82,94,9,9,91,cream_cheese/cream_cheese_01b.jpg,cream_cheese,0.744186047,0.4297889173030853,-0.4297889173030853
82,94,10,10,90,christmas_tree/christmas_tree_01b.jpg,christmas_tree,0.780487805,0.39258358627557755,-0.39258358627557755
82,94,11,11,89,brace/brace_01b.jpg,brace,0.804878049,0.4516983777284622,-0.4516983777284622
82,94,12,12,88,cellphone/cellphone_01b.jpg,cellphone,0.80952381,0.4684174433350563,-0.4684174433350563
82,94,13,13,87,curtain/curtain_01b.jpg,curtain,0.8,0.49779779464006424,-0.49779779464006424
82,94,14,14,86,bow1/bow1_01b.jpg,bow1,0.794871795,0.5011288076639175,-0.5011288076639175
82,94,15,15,85,blinder/blinder_01b.jpg,blinder,0.825,0.3719603195786476,-0.3719603195786476
82,94,16,16,84,casserole/casserole_01b.jpg,casserole,0.743589744,0.5616576969623566,-0.5616576969623566
82,94,17,17,83,basketball_hoop/basketball_hoop_01b.jpg,basketball_hoop,0.725,0.5563326776027679,-0.5563326776027679
82,94,18,18,82,barrel/barrel_01b.jpg,barrel,0.72972973,0.7416734546422958,-0.7416734546422958
82,94,19,19,81,confetti/confetti_01b.jpg,confetti,0.738095238,0.5575631707906723,-0.5575631707906723
82,94,20,20,80,blazer/blazer_01b.jpg,blazer,0.731707317,0.312294103205204,-0.312294103205204
82,94,21,21,79,caviar/caviar_01b.jpg,caviar,0.785714286,0.5833088755607605,-0.5833088755607605
82,94,22,22,78,coffee_table/coffee_table_01b.jpg,coffee_table,0.75,0.2948273792862892,-0.2948273792862892
82,94,23,23,77,breathalyzer/breathalyzer_01b.jpg,breathalyzer,0.8,0.336278460919857,-0.336278460919857
82,94,24,24,76,christmas_card/christmas_card_01b.jpg,christmas_card,0.804878049,0.3059452772140503,-0.3059452772140503
82,94,25,25,75,cream/cream_01b.jpg,cream,0.769230769,0.34031084179878235,-0.34031084179878235
82,94,26,26,74,celery/celery_01b.jpg,celery,0.731707317,0.4389169067144394,-0.4389169067144394
82,94,27,27,73,cactus/cactus_01b.jpg,cactus,0.780487805,0.5156441330909729,-0.5156441330909729
82,94,28,28,72,cello/cello_01s.jpg,cello,0.825,0.5007813274860382,-0.5007813274860382
82,94,29,29,71,dalmatian/dalmatian_01b.jpg,dalmatian,0.750609756,0.605596050620079,-0.605596050620079
82,94,30,30,70,banner/banner_01b.jpg,banner,0.789473684,0.4777527004480362,-0.4777527004480362
82,94,31,31,69,cufflink/cufflink_01b.jpg,cufflink,0.789473684,0.40481332689523697,-0.40481332689523697
82,94,32,32,68,barcode/barcode_01b.jpg,barcode,0.775,0.5368795543909073,-0.5368795543909073
82,94,33,33,67,chicken1/chicken1_01b.jpg,chicken1,0.8,0.34708232432603836,-0.34708232432603836
82,94,34,34,66,bottle/bottle_01b.jpg,bottle,0.717948718,0.40609028935432434,-0.40609028935432434
82,94,35,35,65,bassinet/bassinet_01b.jpg,bassinet,0.804878049,0.9296283423900604,-0.9296283423900604
82,94,36,36,64,apron/apron_01b.jpg,apron,0.811522048,0.3514132872223854,-0.3514132872223854
82,94,37,37,63,cookie/cookie_01b.jpg,cookie,0.825,0.47649185359477997,-0.47649185359477997
82,94,38,38,62,badger/badger_01b.jpg,badger,0.825,0.5475972890853882,-0.5475972890853882
82,94,39,39,61,armor/armor_01b.jpg,armor,0.804878049,0.43971316516399384,-0.43971316516399384
82,94,40,40,60,cashew/cashew_01b.jpg,cashew,0.818181818,0.48474231362342834,-0.48474231362342834
82,94,41,41,59,coffee/coffee_01b.jpg,coffee,0.820512821,0.5949877053499222,-0.5949877053499222
82,94,42,42,58,cardinal/cardinal_01b.jpg,cardinal,0.775,0.6322591006755829,-0.6322591006755829
82,94,43,43,57,appetizer/appetizer_01b.jpg,appetizer,0.794871795,0.65645931661129,-0.65645931661129
82,94,44,44,56,airplane/airplane_01b.jpg,airplane,0.720930233,0.3417138382792473,-0.3417138382792473
82,94,45,45,55,alligator/alligator_01b.jpg,alligator,0.785714286,0.46292100101709366,-0.46292100101709366
82,94,46,46,54,clipboard/clipboard_01b.jpg,clipboard,0.763157895,0.38542769104242325,-0.38542769104242325
82,94,47,47,53,crutch/crutch_01b.jpg,crutch,0.756097561,0.5244934856891632,-0.5244934856891632
82,94,48,48,52,dishwashing_liquid/dishwashing_liquid_01b.jpg,dishwashing_liquid,0.731707317,0.3719906806945801,-0.3719906806945801
82,94,49,49,51,barnacle/barnacle_01s.jpg,barnacle,0.75,0.5085926055908203,-0.5085926055908203
82,94,50,50,50,blowtorch/blowtorch_01b.jpg,blowtorch,0.8,0.3858637884259224,-0.3858637884259224
83,95,1,1,99,blowtorch/blowtorch_01b.jpg,blowtorch,0.8,0.41106825321912766,-0.41106825321912766
83,95,2,2,98,basketball_hoop/basketball_hoop_01b.jpg,basketball_hoop,0.725,0.6427526623010635,-0.6427526623010635
83,95,3,3,97,crutch/crutch_01b.jpg,crutch,0.756097561,0.7945410907268524,-0.7945410907268524
83,95,4,4,96,breadbox/breadbox_01b.jpg,breadbox,0.75,0.38151979446411133,-0.38151979446411133
83,95,5,5,95,apron/apron_01b.jpg,apron,0.811522048,0.3129570111632347,-0.3129570111632347
83,95,6,6,94,breathalyzer/breathalyzer_01b.jpg,breathalyzer,0.8,0.3432418033480644,-0.3432418033480644
83,95,7,7,93,confetti/confetti_01b.jpg,confetti,0.738095238,0.7246308773756027,-0.7246308773756027
83,95,8,8,92,brace/brace_01b.jpg,brace,0.804878049,0.4154486581683159,-0.4154486581683159
83,95,9,9,91,cactus/cactus_01b.jpg,cactus,0.780487805,0.6358302533626556,-0.6358302533626556
83,95,10,10,90,celery/celery_01b.jpg,celery,0.731707317,0.7563571035861969,-0.7563571035861969
83,95,11,11,89,dalmatian/dalmatian_01b.jpg,dalmatian,0.750609756,0.6139310002326965,-0.6139310002326965
83,95,12,12,88,cream/cream_01b.jpg,cream,0.769230769,0.38293150067329407,-0.38293150067329407
83,95,13,13,87,coffee_table/coffee_table_01b.jpg,coffee_table,0.75,0.28369517624378204,-0.28369517624378204
83,95,14,14,86,christmas_tree/christmas_tree_01b.jpg,christmas_tree,0.780487805,0.3951689526438713,-0.3951689526438713
83,95,15,15,85,cellphone/cellphone_01b.jpg,cellphone,0.80952381,0.4016120955348015,-0.4016120955348015
83,95,16,16,84,clipboard/clipboard_01b.jpg,clipboard,0.763157895,0.42955075204372406,-0.42955075204372406
83,95,17,17,83,buckle/buckle_01b.jpg,buckle,0.756097561,0.4925631880760193,-0.4925631880760193
83,95,18,18,82,christmas_card/christmas_card_01b.jpg,christmas_card,0.804878049,0.31364915519952774,-0.31364915519952774
83,95,19,19,81,banner/banner_01b.jpg,banner,0.789473684,0.5174550563097,-0.5174550563097
83,95,20,20,80,candy_cane/candy_cane_01b.jpg,candy_cane,0.76744186,0.622957319021225,-0.622957319021225
83,95,21,21,79,cardinal/cardinal_01b.jpg,cardinal,0.775,0.5998422801494598,-0.5998422801494598
83,95,22,22,78,boat/boat_01b.jpg,boat,0.761904762,0.6732618063688278,-0.6732618063688278
83,95,23,23,77,casserole/casserole_01b.jpg,casserole,0.743589744,0.7242587208747864,-0.7242587208747864
83,95,24,24,76,alligator/alligator_01b.jpg,alligator,0.785714286,0.5310694053769112,-0.5310694053769112
83,95,25,25,75,caviar/caviar_01b.jpg,caviar,0.785714286,0.588297039270401,-0.588297039270401
83,95,26,26,74,armor/armor_01b.jpg,armor,0.804878049,0.3925003930926323,-0.3925003930926323
83,95,27,27,73,cannonball/cannonball_01b.jpg,cannonball,0.725,0.5558051019906998,-0.5558051019906998
83,95,28,28,72,cream_cheese/cream_cheese_01b.jpg,cream_cheese,0.744186047,0.4172624424099922,-0.4172624424099922
83,95,29,29,71,coffee/coffee_01b.jpg,coffee,0.820512821,1.4107501059770584,-1.4107501059770584
83,95,30,30,70,crumb/crumb_01b.jpg,crumb,0.775,0.28112126141786575,-0.28112126141786575
83,95,31,31,69,badger/badger_01b.jpg,badger,0.825,0.6238586753606796,-0.6238586753606796
83,95,32,32,68,bassinet/bassinet_01b.jpg,bassinet,0.804878049,0.8256325349211693,-0.8256325349211693
83,95,33,33,67,barcode/barcode_01b.jpg,barcode,0.775,0.5748728215694427,-0.5748728215694427
83,95,34,34,66,blazer/blazer_01b.jpg,blazer,0.731707317,0.30029915273189545,-0.30029915273189545
83,95,35,35,65,chicken1/chicken1_01b.jpg,chicken1,0.8,0.34877443313598633,-0.34877443313598633
83,95,36,36,64,bow1/bow1_01b.jpg,bow1,0.794871795,0.4944378286600113,-0.4944378286600113
83,95,37,37,63,airplane/airplane_01b.jpg,airplane,0.720930233,0.3565911278128624,-0.3565911278128624
83,95,38,38,62,barnacle/barnacle_01s.jpg,barnacle,0.75,0.5545734912157059,-0.5545734912157059
83,95,39,39,61,closet/closet_01b.jpg,closet,0.756097561,0.3026512563228607,-0.3026512563228607
83,95,40,40,60,barrel/barrel_01b.jpg,barrel,0.72972973,0.7246043384075165,-0.7246043384075165
83,95,41,41,59,curtain/curtain_01b.jpg,curtain,0.8,0.4395582750439644,-0.4395582750439644
83,95,42,42,58,bamboo/bamboo_01b.jpg,bamboo,0.714285714,0.47311006486415863,-0.47311006486415863
83,95,43,43,57,cashew/cashew_01b.jpg,cashew,0.818181818,0.568714901804924,-0.568714901804924
83,95,44,44,56,bottle/bottle_01b.jpg,bottle,0.717948718,0.4386695772409439,-0.4386695772409439
83,95,45,45,55,cufflink/cufflink_01b.jpg,cufflink,0.789473684,0.429529570043087,-0.429529570043087
83,95,46,46,54,dishwashing_liquid/dishwashing_liquid_01b.jpg,dishwashing_liquid,0.731707317,0.41378340125083923,-0.41378340125083923
83,95,47,47,53,cello/cello_01s.jpg,cello,0.825,0.46676887571811676,-0.46676887571811676
83,95,48,48,52,appetizer/appetizer_01b.jpg,appetizer,0.794871795,0.7610365897417068,-0.7610365897417068
83,95,49,49,51,dandelion/dandelion_01s.jpg,dandelion,0.794871795,0.692768931388855,-0.692768931388855
83,95,50,50,50,blinder/blinder_01b.jpg,blinder,0.825,0.35820383578538895,-0.35820383578538895
84,96,1,1,99,dandelion/dandelion_01s.jpg,dandelion,0.794871795,0.6217470169067383,-0.6217470169067383
84,96,2,2,98,caviar/caviar_01b.jpg,caviar,0.785714286,0.654882088303566,-0.654882088303566
84,96,3,3,97,apron/apron_01b.jpg,apron,0.811522048,0.3268388956785202,-0.3268388956785202
84,96,4,4,96,alligator/alligator_01b.jpg,alligator,0.785714286,1.310439020395279,-1.310439020395279
84,96,5,5,95,cellphone/cellphone_01b.jpg,cellphone,0.80952381,0.4636436551809311,-0.4636436551809311
84,96,6,6,94,cream_cheese/cream_cheese_01b.jpg,cream_cheese,0.744186047,0.3915185332298279,-0.3915185332298279
84,96,7,7,93,basketball_hoop/basketball_hoop_01b.jpg,basketball_hoop,0.725,0.529726430773735,-0.529726430773735
84,96,8,8,92,dishwashing_liquid/dishwashing_liquid_01b.jpg,dishwashing_liquid,0.731707317,0.39765286445617676,-0.39765286445617676
84,96,9,9,91,brace/brace_01b.jpg,brace,0.804878049,0.3875628933310509,-0.3875628933310509
84,96,10,10,90,cashew/cashew_01b.jpg,cashew,0.818181818,0.4847455620765686,-0.4847455620765686
84,96,11,11,89,crutch/crutch_01b.jpg,crutch,0.756097561,0.7303151041269302,-0.7303151041269302
84,96,12,12,88,airplane/airplane_01b.jpg,airplane,0.720930233,0.3066787123680115,-0.3066787123680115
84,96,13,13,87,cufflink/cufflink_01b.jpg,cufflink,0.789473684,0.4103687033057213,-0.4103687033057213
84,96,14,14,86,blinder/blinder_01b.jpg,blinder,0.825,0.3474144861102104,-0.3474144861102104
84,96,15,15,85,curtain/curtain_01b.jpg,curtain,0.8,0.44845254719257355,-0.44845254719257355
84,96,16,16,84,bassinet/bassinet_01b.jpg,bassinet,0.804878049,0.791365310549736,-0.791365310549736
84,96,17,17,83,breathalyzer/breathalyzer_01b.jpg,breathalyzer,0.8,0.3054877147078514,-0.3054877147078514
84,96,18,18,82,banner/banner_01b.jpg,banner,0.789473684,0.49113915860652924,-0.49113915860652924
84,96,19,19,81,barcode/barcode_01b.jpg,barcode,0.775,0.49157285690307617,-0.49157285690307617
84,96,20,20,80,chicken1/chicken1_01b.jpg,chicken1,0.8,0.3544072061777115,-0.3544072061777115
84,96,21,21,79,blowtorch/blowtorch_01b.jpg,blowtorch,0.8,0.34923266619443893,-0.34923266619443893
84,96,22,22,78,casserole/casserole_01b.jpg,casserole,0.743589744,0.6237077414989471,-0.6237077414989471
84,96,23,23,77,bow1/bow1_01b.jpg,bow1,0.794871795,0.45500098168849945,-0.45500098168849945
84,96,24,24,76,blazer/blazer_01b.jpg,blazer,0.731707317,0.3120095357298851,-0.3120095357298851
84,96,25,25,75,armor/armor_01b.jpg,armor,0.804878049,0.44344601035118103,-0.44344601035118103
84,96,26,26,74,breadbox/breadbox_01b.jpg,breadbox,0.75,0.3638053685426712,-0.3638053685426712
84,96,27,27,73,christmas_tree/christmas_tree_01b.jpg,christmas_tree,0.780487805,0.3794906735420227,-0.3794906735420227
84,96,28,28,72,appetizer/appetizer_01b.jpg,appetizer,0.794871795,0.642116978764534,-0.642116978764534
84,96,29,29,71,coffee_table/coffee_table_01b.jpg,coffee_table,0.75,0.2966306582093239,-0.2966306582093239
84,96,30,30,70,closet/closet_01b.jpg,closet,0.756097561,0.30873624980449677,-0.30873624980449677
84,96,31,31,69,cactus/cactus_01b.jpg,cactus,0.780487805,0.4805019050836563,-0.4805019050836563
84,96,32,32,68,clasp/clasp_01b.jpg,clasp,0.707317073,0.864924818277359,-0.864924818277359
84,96,33,33,67,celery/celery_01b.jpg,celery,0.731707317,0.48755621910095215,-0.48755621910095215
84,96,34,34,66,buckle/buckle_01b.jpg,buckle,0.756097561,0.5584768056869507,-0.5584768056869507
84,96,35,35,65,candy_cane/candy_cane_01b.jpg,candy_cane,0.76744186,0.5049716979265213,-0.5049716979265213
84,96,36,36,64,coffee/coffee_01b.jpg,coffee,0.820512821,1.1271871328353882,-1.1271871328353882
84,96,37,37,63,dalmatian/dalmatian_01b.jpg,dalmatian,0.750609756,0.6615129709243774,-0.6615129709243774
84,96,38,38,62,cannonball/cannonball_01b.jpg,cannonball,0.725,0.47614458203315735,-0.47614458203315735
84,96,39,39,61,badger/badger_01b.jpg,badger,0.825,0.5628867596387863,-0.5628867596387863
84,96,40,40,60,crumb/crumb_01b.jpg,crumb,0.775,0.25311369448900223,-0.25311369448900223
84,96,41,41,59,confetti/confetti_01b.jpg,confetti,0.738095238,0.5064983516931534,-0.5064983516931534
84,96,42,42,58,bamboo/bamboo_01b.jpg,bamboo,0.714285714,0.4512944668531418,-0.4512944668531418
84,96,43,43,57,bottle/bottle_01b.jpg,bottle,0.717948718,0.38441165536642075,-0.38441165536642075
84,96,44,44,56,clipboard/clipboard_01b.jpg,clipboard,0.763157895,0.38260118663311005,-0.38260118663311005
84,96,45,45,55,barrel/barrel_01b.jpg,barrel,0.72972973,0.6935336142778397,-0.6935336142778397
84,96,46,46,54,barnacle/barnacle_01s.jpg,barnacle,0.75,0.5202749967575073,-0.5202749967575073
84,96,47,47,53,cardinal/cardinal_01b.jpg,cardinal,0.775,0.5277191400527954,-0.5277191400527954
84,96,48,48,52,christmas_card/christmas_card_01b.jpg,christmas_card,0.804878049,0.290927417576313,-0.290927417576313
84,96,49,49,51,boat/boat_01b.jpg,boat,0.761904762,0.6278147101402283,-0.6278147101402283
84,96,50,50,50,cream/cream_01b.jpg,cream,0.769230769,0.3241278603672981,-0.3241278603672981
85,97,1,1,99,badger/badger_01b.jpg,badger,0.825,1.4229660481214523,-1.4229660481214523
85,97,2,2,98,coffee_table/coffee_table_01b.jpg,coffee_table,0.75,0.28079795092344284,-0.28079795092344284
85,97,3,3,97,banner/banner_01b.jpg,banner,0.789473684,0.509811133146286,-0.509811133146286
85,97,4,4,96,confetti/confetti_01b.jpg,confetti,0.738095238,0.6361246109008789,-0.6361246109008789
85,97,5,5,95,cellphone/cellphone_01b.jpg,cellphone,0.80952381,0.4474668651819229,-0.4474668651819229
85,97,6,6,94,coffee/coffee_01b.jpg,coffee,0.820512821,0.662570595741272,-0.662570595741272
85,97,7,7,93,barcode/barcode_01b.jpg,barcode,0.775,0.5427554398775101,-0.5427554398775101
85,97,8,8,92,dishwashing_liquid/dishwashing_liquid_01b.jpg,dishwashing_liquid,0.731707317,0.42833177745342255,-0.42833177745342255
85,97,9,9,91,clipboard/clipboard_01b.jpg,clipboard,0.763157895,0.5633779615163803,-0.5633779615163803
85,97,10,10,90,baklava/baklava_01s.jpg,baklava,0.702702703,1.8480014503002167,-1.8480014503002167
85,97,11,11,89,breathalyzer/breathalyzer_01b.jpg,breathalyzer,0.8,0.3183446526527405,-0.3183446526527405
85,97,12,12,88,celery/celery_01b.jpg,celery,0.731707317,1.2402377128601074,-1.2402377128601074
85,97,13,13,87,cufflink/cufflink_01b.jpg,cufflink,0.789473684,0.37810833007097244,-0.37810833007097244
85,97,14,14,86,barnacle/barnacle_01s.jpg,barnacle,0.75,0.5220711827278137,-0.5220711827278137
85,97,15,15,85,christmas_tree/christmas_tree_01b.jpg,christmas_tree,0.780487805,0.4036761149764061,-0.4036761149764061
85,97,16,16,84,boat/boat_01b.jpg,boat,0.761904762,0.6765661835670471,-0.6765661835670471
85,97,17,17,83,chicken1/chicken1_01b.jpg,chicken1,0.8,0.4156903401017189,-0.4156903401017189
85,97,18,18,82,caviar/caviar_01b.jpg,caviar,0.785714286,0.6196254789829254,-0.6196254789829254
85,97,19,19,81,bassinet/bassinet_01b.jpg,bassinet,0.804878049,0.6327399760484695,-0.6327399760484695
85,97,20,20,80,blowtorch/blowtorch_01b.jpg,blowtorch,0.8,0.41062963008880615,-0.41062963008880615
85,97,21,21,79,cardinal/cardinal_01b.jpg,cardinal,0.775,0.6392090171575546,-0.6392090171575546
85,97,22,22,78,buckle/buckle_01b.jpg,buckle,0.756097561,0.5435726046562195,-0.5435726046562195
85,97,23,23,77,appetizer/appetizer_01b.jpg,appetizer,0.794871795,0.707755446434021,-0.707755446434021
85,97,24,24,76,apron/apron_01b.jpg,apron,0.811522048,0.2978101074695587,-0.2978101074695587
85,97,25,25,75,brace/brace_01b.jpg,brace,0.804878049,0.36223194748163223,-0.36223194748163223
85,97,26,26,74,cannonball/cannonball_01b.jpg,cannonball,0.725,0.45985792577266693,-0.45985792577266693
85,97,27,27,73,curtain/curtain_01b.jpg,curtain,0.8,0.4640823230147362,-0.4640823230147362
85,97,28,28,72,cream_cheese/cream_cheese_01b.jpg,cream_cheese,0.744186047,0.39512618631124496,-0.39512618631124496
85,97,29,29,71,cream/cream_01b.jpg,cream,0.769230769,0.3472908213734627,-0.3472908213734627
85,97,30,30,70,blazer/blazer_01b.jpg,blazer,0.731707317,0.32226118445396423,-0.32226118445396423
85,97,31,31,69,basketball_hoop/basketball_hoop_01b.jpg,basketball_hoop,0.725,0.537494957447052,-0.537494957447052
85,97,32,32,68,closet/closet_01b.jpg,closet,0.756097561,0.302460640668869,-0.302460640668869
85,97,33,33,67,breadbox/breadbox_01b.jpg,breadbox,0.75,0.38187190145254135,-0.38187190145254135
85,97,34,34,66,crutch/crutch_01b.jpg,crutch,0.756097561,0.5584073513746262,-0.5584073513746262
85,97,35,35,65,barrel/barrel_01b.jpg,barrel,0.72972973,0.6366395056247711,-0.6366395056247711
85,97,36,36,64,alligator/alligator_01b.jpg,alligator,0.785714286,0.46224670112133026,-0.46224670112133026
85,97,37,37,63,cactus/cactus_01b.jpg,cactus,0.780487805,0.5608337223529816,-0.5608337223529816
85,97,38,38,62,airplane/airplane_01b.jpg,airplane,0.720930233,0.38515235483646393,-0.38515235483646393
85,97,39,39,61,armor/armor_01b.jpg,armor,0.804878049,0.41731490194797516,-0.41731490194797516
85,97,40,40,60,cashew/cashew_01b.jpg,cashew,0.818181818,0.5081273466348648,-0.5081273466348648
85,97,41,41,59,dalmatian/dalmatian_01b.jpg,dalmatian,0.750609756,0.6581500768661499,-0.6581500768661499
85,97,42,42,58,christmas_card/christmas_card_01b.jpg,christmas_card,0.804878049,0.3001364842057228,-0.3001364842057228
85,97,43,43,57,bamboo/bamboo_01b.jpg,bamboo,0.714285714,0.4427456557750702,-0.4427456557750702
85,97,44,44,56,bow1/bow1_01b.jpg,bow1,0.794871795,0.4809844493865967,-0.4809844493865967
85,97,45,45,55,clasp/clasp_01b.jpg,clasp,0.707317073,0.9173838794231415,-0.9173838794231415
85,97,46,46,54,dandelion/dandelion_01s.jpg,dandelion,0.794871795,0.6929002404212952,-0.6929002404212952
85,97,47,47,53,bottle/bottle_01b.jpg,bottle,0.717948718,0.4019877165555954,-0.4019877165555954
85,97,48,48,52,candy_cane/candy_cane_01b.jpg,candy_cane,0.76744186,0.5403219759464264,-0.5403219759464264
85,97,49,49,51,crumb/crumb_01b.jpg,crumb,0.775,0.2707192972302437,-0.2707192972302437
85,97,50,50,50,casserole/casserole_01b.jpg,casserole,0.743589744,0.6314201503992081,-0.6314201503992081
86,98,1,1,99,crumb/crumb_01b.jpg,crumb,0.775,0.5473140776157379,-0.5473140776157379
86,98,2,2,98,banner/banner_01b.jpg,banner,0.789473684,0.5353304594755173,-0.5353304594755173
86,98,3,3,97,dandelion/dandelion_01s.jpg,dandelion,0.794871795,0.6568262428045273,-0.6568262428045273
86,98,4,4,96,cannonball/cannonball_01b.jpg,cannonball,0.725,0.5963614583015442,-0.5963614583015442
86,98,5,5,95,blazer/blazer_01b.jpg,blazer,0.731707317,0.3224116787314415,-0.3224116787314415
86,98,6,6,94,crutch/crutch_01b.jpg,crutch,0.756097561,0.6001402139663696,-0.6001402139663696
86,98,7,7,93,bassinet/bassinet_01b.jpg,bassinet,0.804878049,0.6216427981853485,-0.6216427981853485
86,98,8,8,92,cashew/cashew_01b.jpg,cashew,0.818181818,0.7109075635671616,-0.7109075635671616
86,98,9,9,91,cactus/cactus_01b.jpg,cactus,0.780487805,0.607740044593811,-0.607740044593811
86,98,10,10,90,casserole/casserole_01b.jpg,casserole,0.743589744,0.5423583686351776,-0.5423583686351776
86,98,11,11,89,cardinal/cardinal_01b.jpg,cardinal,0.775,0.4992759972810745,-0.4992759972810745
86,98,12,12,88,dishwashing_liquid/dishwashing_liquid_01b.jpg,dishwashing_liquid,0.731707317,0.406835600733757,-0.406835600733757
86,98,13,13,87,cream_cheese/cream_cheese_01b.jpg,cream_cheese,0.744186047,0.39737312495708466,-0.39737312495708466
86,98,14,14,86,breathalyzer/breathalyzer_01b.jpg,breathalyzer,0.8,0.3529716432094574,-0.3529716432094574
86,98,15,15,85,brace/brace_01b.jpg,brace,0.804878049,0.40335483849048615,-0.40335483849048615
86,98,16,16,84,chicken1/chicken1_01b.jpg,chicken1,0.8,0.34565194696187973,-0.34565194696187973
86,98,17,17,83,barrel/barrel_01b.jpg,barrel,0.72972973,0.6584330350160599,-0.6584330350160599
86,98,18,18,82,caviar/caviar_01b.jpg,caviar,0.785714286,0.5640293657779694,-0.5640293657779694
86,98,19,19,81,breadbox/breadbox_01b.jpg,breadbox,0.75,0.45730598270893097,-0.45730598270893097
86,98,20,20,80,armor/armor_01b.jpg,armor,0.804878049,0.4445856064558029,-0.4445856064558029
86,98,21,21,79,christmas_card/christmas_card_01b.jpg,christmas_card,0.804878049,0.32616546005010605,-0.32616546005010605
86,98,22,22,78,blowtorch/blowtorch_01b.jpg,blowtorch,0.8,0.4234957620501518,-0.4234957620501518
86,98,23,23,77,airplane/airplane_01b.jpg,airplane,0.720930233,0.3103952631354332,-0.3103952631354332
86,98,24,24,76,coffee_table/coffee_table_01b.jpg,coffee_table,0.75,0.2907826900482178,-0.2907826900482178
86,98,25,25,75,basketball_hoop/basketball_hoop_01b.jpg,basketball_hoop,0.725,0.5416181832551956,-0.5416181832551956
86,98,26,26,74,barnacle/barnacle_01s.jpg,barnacle,0.75,0.5161593407392502,-0.5161593407392502
86,98,27,27,73,cellphone/cellphone_01b.jpg,cellphone,0.80952381,0.4611878916621208,-0.4611878916621208
86,98,28,28,72,curtain/curtain_01b.jpg,curtain,0.8,0.3940752297639847,-0.3940752297639847
86,98,29,29,71,closet/closet_01b.jpg,closet,0.756097561,0.3196450546383858,-0.3196450546383858
86,98,30,30,70,baklava/baklava_01s.jpg,baklava,0.702702703,0.49279995262622833,-0.49279995262622833
86,98,31,31,69,celery/celery_01b.jpg,celery,0.731707317,0.48810575902462006,-0.48810575902462006
86,98,32,32,68,buckle/buckle_01b.jpg,buckle,0.756097561,0.5540834665298462,-0.5540834665298462
86,98,33,33,67,candy_cane/candy_cane_01b.jpg,candy_cane,0.76744186,0.4994964003562927,-0.4994964003562927
86,98,34,34,66,cufflink/cufflink_01b.jpg,cufflink,0.789473684,0.41881654411554337,-0.41881654411554337
86,98,35,35,65,brussels_sprouts/brussels_sprouts_01b.jpg,brussels_sprouts,0.7,0.7572518885135651,-0.7572518885135651
86,98,36,36,64,clipboard/clipboard_01b.jpg,clipboard,0.763157895,0.3886357694864273,-0.3886357694864273
86,98,37,37,63,apron/apron_01b.jpg,apron,0.811522048,0.3082282468676567,-0.3082282468676567
86,98,38,38,62,cream/cream_01b.jpg,cream,0.769230769,0.32956212759017944,-0.32956212759017944
86,98,39,39,61,confetti/confetti_01b.jpg,confetti,0.738095238,0.5175274014472961,-0.5175274014472961
86,98,40,40,60,alligator/alligator_01b.jpg,alligator,0.785714286,0.4679611027240753,-0.4679611027240753
86,98,41,41,59,bottle/bottle_01b.jpg,bottle,0.717948718,0.4361683130264282,-0.4361683130264282
86,98,42,42,58,appetizer/appetizer_01b.jpg,appetizer,0.794871795,0.5192004293203354,-0.5192004293203354
86,98,43,43,57,dalmatian/dalmatian_01b.jpg,dalmatian,0.750609756,0.6052580326795578,-0.6052580326795578
86,98,44,44,56,christmas_tree/christmas_tree_01b.jpg,christmas_tree,0.780487805,0.3774619400501251,-0.3774619400501251
86,98,45,45,55,bamboo/bamboo_01b.jpg,bamboo,0.714285714,0.4985107183456421,-0.4985107183456421
86,98,46,46,54,barcode/barcode_01b.jpg,barcode,0.775,0.5511794090270996,-0.5511794090270996
86,98,47,47,53,coffee/coffee_01b.jpg,coffee,0.820512821,1.0398543924093246,-1.0398543924093246
86,98,48,48,52,clasp/clasp_01b.jpg,clasp,0.707317073,0.8928374648094177,-0.8928374648094177
86,98,49,49,51,bow1/bow1_01b.jpg,bow1,0.794871795,0.48731203377246857,-0.48731203377246857
86,98,50,50,50,boat/boat_01b.jpg,boat,0.761904762,0.6253830641508102,-0.6253830641508102
87,99,1,1,99,basketball_hoop/basketball_hoop_01b.jpg,basketball_hoop,0.725,0.690812960267067,-0.690812960267067
87,99,2,2,98,barrel/barrel_01b.jpg,barrel,0.72972973,0.9456938207149506,-0.9456938207149506
87,99,3,3,97,breadbox/breadbox_01b.jpg,breadbox,0.75,0.3986394554376602,-0.3986394554376602
87,99,4,4,96,brussels_sprouts/brussels_sprouts_01b.jpg,brussels_sprouts,0.7,0.899901807308197,-0.899901807308197
87,99,5,5,95,brace/brace_01b.jpg,brace,0.804878049,0.4165518656373024,-0.4165518656373024
87,99,6,6,94,cufflink/cufflink_01b.jpg,cufflink,0.789473684,0.39304249733686447,-0.39304249733686447
87,99,7,7,93,crumb/crumb_01b.jpg,crumb,0.775,0.40854717046022415,-0.40854717046022415
87,99,8,8,92,crutch/crutch_01b.jpg,crutch,0.756097561,0.8123220205307007,-0.8123220205307007
87,99,9,9,91,clasp/clasp_01b.jpg,clasp,0.707317073,1.140605866909027,-1.140605866909027
87,99,10,10,90,blowtorch/blowtorch_01b.jpg,blowtorch,0.8,0.3730308413505554,-0.3730308413505554
87,99,11,11,89,alligator/alligator_01b.jpg,alligator,0.785714286,0.5594060644507408,-0.5594060644507408
87,99,12,12,88,curtain/curtain_01b.jpg,curtain,0.8,0.4842166155576706,-0.4842166155576706
87,99,13,13,87,cashew/cashew_01b.jpg,cashew,0.818181818,0.6364876627922058,-0.6364876627922058
87,99,14,14,86,dishrag/dishrag_01b.jpg,dishrag,0.697674419,0.35402853786945343,-0.35402853786945343
87,99,15,15,85,cactus/cactus_01b.jpg,cactus,0.780487805,0.6177456378936768,-0.6177456378936768
87,99,16,16,84,buckle/buckle_01b.jpg,buckle,0.756097561,0.5901622325181961,-0.5901622325181961
87,99,17,17,83,armor/armor_01b.jpg,armor,0.804878049,0.5363044440746307,-0.5363044440746307
87,99,18,18,82,dalmatian/dalmatian_01b.jpg,dalmatian,0.750609756,0.8467055410146713,-0.8467055410146713
87,99,19,19,81,breathalyzer/breathalyzer_01b.jpg,breathalyzer,0.8,0.33891667425632477,-0.33891667425632477
87,99,20,20,80,baklava/baklava_01s.jpg,baklava,0.702702703,0.6037403792142868,-0.6037403792142868
87,99,21,21,79,blazer/blazer_01b.jpg,blazer,0.731707317,0.3348264843225479,-0.3348264843225479
87,99,22,22,78,coffee_table/coffee_table_01b.jpg,coffee_table,0.75,0.26867423206567764,-0.26867423206567764
87,99,23,23,77,appetizer/appetizer_01b.jpg,appetizer,0.794871795,0.8853821903467178,-0.8853821903467178
87,99,24,24,76,cardinal/cardinal_01b.jpg,cardinal,0.775,0.7270939499139786,-0.7270939499139786
87,99,25,25,75,bassinet/bassinet_01b.jpg,bassinet,0.804878049,0.9051562249660492,-0.9051562249660492
87,99,26,26,74,bamboo/bamboo_01b.jpg,bamboo,0.714285714,0.43759992718696594,-0.43759992718696594
87,99,27,27,73,airplane/airplane_01b.jpg,airplane,0.720930233,0.35355813056230545,-0.35355813056230545
87,99,28,28,72,closet/closet_01b.jpg,closet,0.756097561,0.25644542276859283,-0.25644542276859283
87,99,29,29,71,barcode/barcode_01b.jpg,barcode,0.775,0.5741725862026215,-0.5741725862026215
87,99,30,30,70,bow1/bow1_01b.jpg,bow1,0.794871795,0.466073676943779,-0.466073676943779
87,99,31,31,69,christmas_card/christmas_card_01b.jpg,christmas_card,0.804878049,0.2896806001663208,-0.2896806001663208
87,99,32,32,68,boat/boat_01b.jpg,boat,0.761904762,0.6895041018724442,-0.6895041018724442
87,99,33,33,67,confetti/confetti_01b.jpg,confetti,0.738095238,0.4809616655111313,-0.4809616655111313
87,99,34,34,66,cream/cream_01b.jpg,cream,0.769230769,0.3917604982852936,-0.3917604982852936
87,99,35,35,65,cellphone/cellphone_01b.jpg,cellphone,0.80952381,0.40696922689676285,-0.40696922689676285
87,99,36,36,64,christmas_tree/christmas_tree_01b.jpg,christmas_tree,0.780487805,0.3732062131166458,-0.3732062131166458
87,99,37,37,63,chicken1/chicken1_01b.jpg,chicken1,0.8,0.4002847671508789,-0.4002847671508789
87,99,38,38,62,banner/banner_01b.jpg,banner,0.789473684,0.4332932233810425,-0.4332932233810425
87,99,39,39,61,caviar/caviar_01b.jpg,caviar,0.785714286,0.5124660581350327,-0.5124660581350327
87,99,40,40,60,apron/apron_01b.jpg,apron,0.811522048,0.31786004453897476,-0.31786004453897476
87,99,41,41,59,barnacle/barnacle_01s.jpg,barnacle,0.75,0.5067476332187653,-0.5067476332187653
87,99,42,42,58,bottle/bottle_01b.jpg,bottle,0.717948718,0.37770824134349823,-0.37770824134349823
87,99,43,43,57,cannonball/cannonball_01b.jpg,cannonball,0.725,0.4890219271183014,-0.4890219271183014
87,99,44,44,56,cream_cheese/cream_cheese_01b.jpg,cream_cheese,0.744186047,0.3913492038846016,-0.3913492038846016
87,99,45,45,55,casserole/casserole_01b.jpg,casserole,0.743589744,0.6449672132730484,-0.6449672132730484
87,99,46,46,54,celery/celery_01b.jpg,celery,0.731707317,0.5490700155496597,-0.5490700155496597
87,99,47,47,53,dandelion/dandelion_01s.jpg,dandelion,0.794871795,0.567560151219368,-0.567560151219368
87,99,48,48,52,dishwashing_liquid/dishwashing_liquid_01b.jpg,dishwashing_liquid,0.731707317,0.4025225192308426,-0.4025225192308426
87,99,49,49,51,clipboard/clipboard_01b.jpg,clipboard,0.763157895,0.35081423819065094,-0.35081423819065094
87,99,50,50,50,candy_cane/candy_cane_01b.jpg,candy_cane,0.76744186,0.5361015796661377,-0.5361015796661377
88,100,1,1,99,dandelion/dandelion_01s.jpg,dandelion,0.794871795,0.5653277784585953,-0.5653277784585953
88,100,2,2,98,crumb/crumb_01b.jpg,crumb,0.775,0.4911755099892616,-0.4911755099892616
88,100,3,3,97,banner/banner_01b.jpg,banner,0.789473684,0.473553866147995,-0.473553866147995
88,100,4,4,96,cufflink/cufflink_01b.jpg,cufflink,0.789473684,0.3938528150320053,-0.3938528150320053
88,100,5,5,95,bow1/bow1_01b.jpg,bow1,0.794871795,0.6596200168132782,-0.6596200168132782
88,100,6,6,94,armor/armor_01b.jpg,armor,0.804878049,0.5856809616088867,-0.5856809616088867
88,100,7,7,93,curtain/curtain_01b.jpg,curtain,0.8,0.5131414756178856,-0.5131414756178856
88,100,8,8,92,coffee_table/coffee_table_01b.jpg,coffee_table,0.75,0.2804032862186432,-0.2804032862186432
88,100,9,9,91,clover/clover_01b.jpg,clover,0.69047619,0.4668834060430527,-0.4668834060430527
88,100,10,10,90,barnacle/barnacle_01s.jpg,barnacle,0.75,0.46040602028369904,-0.46040602028369904
88,100,11,11,89,dishrag/dishrag_01b.jpg,dishrag,0.697674419,0.36038530617952347,-0.36038530617952347
88,100,12,12,88,casserole/casserole_01b.jpg,casserole,0.743589744,0.5940333604812622,-0.5940333604812622
88,100,13,13,87,barrel/barrel_01b.jpg,barrel,0.72972973,0.735260859131813,-0.735260859131813
88,100,14,14,86,breathalyzer/breathalyzer_01b.jpg,breathalyzer,0.8,0.32014577090740204,-0.32014577090740204
88,100,15,15,85,brussels_sprouts/brussels_sprouts_01b.jpg,brussels_sprouts,0.7,0.911620482802391,-0.911620482802391
88,100,16,16,84,breadbox/breadbox_01b.jpg,breadbox,0.75,0.4008077532052994,-0.4008077532052994
88,100,17,17,83,basketball_hoop/basketball_hoop_01b.jpg,basketball_hoop,0.725,0.5724304765462875,-0.5724304765462875
88,100,18,18,82,cactus/cactus_01b.jpg,cactus,0.780487805,0.5271479338407516,-0.5271479338407516
88,100,19,19,81,celery/celery_01b.jpg,celery,0.731707317,0.4661773443222046,-0.4661773443222046
88,100,20,20,80,barcode/barcode_01b.jpg,barcode,0.775,0.5951155573129654,-0.5951155573129654
88,100,21,21,79,alligator/alligator_01b.jpg,alligator,0.785714286,0.48225855082273483,-0.48225855082273483
88,100,22,22,78,dalmatian/dalmatian_01b.jpg,dalmatian,0.750609756,0.6725048422813416,-0.6725048422813416
88,100,23,23,77,crutch/crutch_01b.jpg,crutch,0.756097561,0.4970006197690964,-0.4970006197690964
88,100,24,24,76,brace/brace_01b.jpg,brace,0.804878049,0.36049173027276993,-0.36049173027276993
88,100,25,25,75,chicken1/chicken1_01b.jpg,chicken1,0.8,0.3755989894270897,-0.3755989894270897
88,100,26,26,74,clasp/clasp_01b.jpg,clasp,0.707317073,1.0112892985343933,-1.0112892985343933
88,100,27,27,73,appetizer/appetizer_01b.jpg,appetizer,0.794871795,0.7107664495706558,-0.7107664495706558
88,100,28,28,72,bottle/bottle_01b.jpg,bottle,0.717948718,0.3872303292155266,-0.3872303292155266
88,100,29,29,71,boat/boat_01b.jpg,boat,0.761904762,0.6973015815019608,-0.6973015815019608
88,100,30,30,70,candy_cane/candy_cane_01b.jpg,candy_cane,0.76744186,0.5117054134607315,-0.5117054134607315
88,100,31,31,69,apron/apron_01b.jpg,apron,0.811522048,0.3013725280761719,-0.3013725280761719
88,100,32,32,68,confetti/confetti_01b.jpg,confetti,0.738095238,0.5138156414031982,-0.5138156414031982
88,100,33,33,67,buckle/buckle_01b.jpg,buckle,0.756097561,0.5677303373813629,-0.5677303373813629
88,100,34,34,66,dishwashing_liquid/dishwashing_liquid_01b.jpg,dishwashing_liquid,0.731707317,0.40007808059453964,-0.40007808059453964
88,100,35,35,65,baklava/baklava_01s.jpg,baklava,0.702702703,0.4865946024656296,-0.4865946024656296
88,100,36,36,64,cream_cheese/cream_cheese_01b.jpg,cream_cheese,0.744186047,0.3727893978357315,-0.3727893978357315
88,100,37,37,63,christmas_card/christmas_card_01b.jpg,christmas_card,0.804878049,0.29981647431850433,-0.29981647431850433
88,100,38,38,62,bamboo/bamboo_01b.jpg,bamboo,0.714285714,0.4496726840734482,-0.4496726840734482
88,100,39,39,61,blowtorch/blowtorch_01b.jpg,blowtorch,0.8,0.3615672066807747,-0.3615672066807747
88,100,40,40,60,caviar/caviar_01b.jpg,caviar,0.785714286,0.5138636529445648,-0.5138636529445648
88,100,41,41,59,airplane/airplane_01b.jpg,airplane,0.720930233,0.28706108033657074,-0.28706108033657074
88,100,42,42,58,christmas_tree/christmas_tree_01b.jpg,christmas_tree,0.780487805,0.36605436354875565,-0.36605436354875565
88,100,43,43,57,cream/cream_01b.jpg,cream,0.769230769,0.3634960800409317,-0.3634960800409317
88,100,44,44,56,closet/closet_01b.jpg,closet,0.756097561,0.2918037921190262,-0.2918037921190262
88,100,45,45,55,clipboard/clipboard_01b.jpg,clipboard,0.763157895,0.3695296123623848,-0.3695296123623848
88,100,46,46,54,bassinet/bassinet_01b.jpg,bassinet,0.804878049,0.9437327533960342,-0.9437327533960342
88,100,47,47,53,blazer/blazer_01b.jpg,blazer,0.731707317,0.31710582226514816,-0.31710582226514816
88,100,48,48,52,cellphone/cellphone_01b.jpg,cellphone,0.80952381,0.45842233300209045,-0.45842233300209045
88,100,49,49,51,cardinal/cardinal_01b.jpg,cardinal,0.775,0.5276934802532196,-0.5276934802532196
88,100,50,50,50,cannonball/cannonball_01b.jpg,cannonball,0.725,0.46830181777477264,-0.46830181777477264
89,101,1,1,99,chicken1/chicken1_01b.jpg,chicken1,0.8,0.4873618707060814,-0.4873618707060814
89,101,2,2,98,brace/brace_01b.jpg,brace,0.804878049,0.4129551500082016,-0.4129551500082016
89,101,3,3,97,cabbage/cabbage_01b.jpg,cabbage,0.682926829,1.5930702984333038,-1.5930702984333038
89,101,4,4,96,airplane/airplane_01b.jpg,airplane,0.720930233,0.35577453672885895,-0.35577453672885895
89,101,5,5,95,boat/boat_01b.jpg,boat,0.761904762,0.6565379649400711,-0.6565379649400711
89,101,6,6,94,clipboard/clipboard_01b.jpg,clipboard,0.763157895,0.6004014015197754,-0.6004014015197754
89,101,7,7,93,breadbox/breadbox_01b.jpg,breadbox,0.75,0.4102214276790619,-0.4102214276790619
89,101,8,8,92,closet/closet_01b.jpg,closet,0.756097561,0.31409014016389847,-0.31409014016389847
89,101,9,9,91,cardinal/cardinal_01b.jpg,cardinal,0.775,0.6149773746728897,-0.6149773746728897
89,101,10,10,90,basketball_hoop/basketball_hoop_01b.jpg,basketball_hoop,0.725,0.6217972636222839,-0.6217972636222839
89,101,11,11,89,bassinet/bassinet_01b.jpg,bassinet,0.804878049,0.6767975613474846,-0.6767975613474846
89,101,12,12,88,clover/clover_01b.jpg,clover,0.69047619,0.5042146891355515,-0.5042146891355515
89,101,13,13,87,curtain/curtain_01b.jpg,curtain,0.8,0.5486699044704437,-0.5486699044704437
89,101,14,14,86,christmas_tree/christmas_tree_01b.jpg,christmas_tree,0.780487805,0.3955932855606079,-0.3955932855606079
89,101,15,15,85,caviar/caviar_01b.jpg,caviar,0.785714286,0.5833451300859451,-0.5833451300859451
89,101,16,16,84,dandelion/dandelion_01s.jpg,dandelion,0.794871795,0.616792693734169,-0.616792693734169
89,101,17,17,83,armor/armor_01b.jpg,armor,0.804878049,0.4492306560277939,-0.4492306560277939
89,101,18,18,82,candy_cane/candy_cane_01b.jpg,candy_cane,0.76744186,0.6027329415082932,-0.6027329415082932
89,101,19,19,81,banner/banner_01b.jpg,banner,0.789473684,0.4971194863319397,-0.4971194863319397
89,101,20,20,80,cellphone/cellphone_01b.jpg,cellphone,0.80952381,0.4552551582455635,-0.4552551582455635
89,101,21,21,79,coffee_table/coffee_table_01b.jpg,coffee_table,0.75,0.2851223722100258,-0.2851223722100258
89,101,22,22,78,bottle/bottle_01b.jpg,bottle,0.717948718,0.44935770332813263,-0.44935770332813263
89,101,23,23,77,cannonball/cannonball_01b.jpg,cannonball,0.725,0.5276457369327545,-0.5276457369327545
89,101,24,24,76,confetti/confetti_01b.jpg,confetti,0.738095238,0.5334812700748444,-0.5334812700748444
89,101,25,25,75,bamboo/bamboo_01b.jpg,bamboo,0.714285714,0.5104527771472931,-0.5104527771472931
89,101,26,26,74,barrel/barrel_01b.jpg,barrel,0.72972973,0.6602500379085541,-0.6602500379085541
89,101,27,27,73,cream_cheese/cream_cheese_01b.jpg,cream_cheese,0.744186047,0.41969067603349686,-0.41969067603349686
89,101,28,28,72,crutch/crutch_01b.jpg,crutch,0.756097561,0.498738557100296,-0.498738557100296
89,101,29,29,71,bow1/bow1_01b.jpg,bow1,0.794871795,0.5055714696645737,-0.5055714696645737
89,101,30,30,70,dishrag/dishrag_01b.jpg,dishrag,0.697674419,0.3487280234694481,-0.3487280234694481
89,101,31,31,69,clasp/clasp_01b.jpg,clasp,0.707317073,1.186373770236969,-1.186373770236969
89,101,32,32,68,christmas_card/christmas_card_01b.jpg,christmas_card,0.804878049,0.3033488392829895,-0.3033488392829895
89,101,33,33,67,casserole/casserole_01b.jpg,casserole,0.743589744,0.5722255259752274,-0.5722255259752274
89,101,34,34,66,baklava/baklava_01s.jpg,baklava,0.702702703,0.5209916830062866,-0.5209916830062866
89,101,35,35,65,cream/cream_01b.jpg,cream,0.769230769,0.36487723141908646,-0.36487723141908646
89,101,36,36,64,dalmatian/dalmatian_01b.jpg,dalmatian,0.750609756,0.6526479572057724,-0.6526479572057724
89,101,37,37,63,blowtorch/blowtorch_01b.jpg,blowtorch,0.8,0.3782450184226036,-0.3782450184226036
89,101,38,38,62,crumb/crumb_01b.jpg,crumb,0.775,0.2704385295510292,-0.2704385295510292
89,101,39,39,61,barnacle/barnacle_01s.jpg,barnacle,0.75,0.4864388555288315,-0.4864388555288315
89,101,40,40,60,dishwashing_liquid/dishwashing_liquid_01b.jpg,dishwashing_liquid,0.731707317,0.430394247174263,-0.430394247174263
89,101,41,41,59,appetizer/appetizer_01b.jpg,appetizer,0.794871795,0.6452763080596924,-0.6452763080596924
89,101,42,42,58,celery/celery_01b.jpg,celery,0.731707317,0.5115268602967262,-0.5115268602967262
89,101,43,43,57,cactus/cactus_01b.jpg,cactus,0.780487805,0.6129864156246185,-0.6129864156246185
89,101,44,44,56,breathalyzer/breathalyzer_01b.jpg,breathalyzer,0.8,0.323852002620697,-0.323852002620697
89,101,45,45,55,brussels_sprouts/brussels_sprouts_01b.jpg,brussels_sprouts,0.7,0.8130970746278763,-0.8130970746278763
89,101,46,46,54,barcode/barcode_01b.jpg,barcode,0.775,0.614079162478447,-0.614079162478447
89,101,47,47,53,buckle/buckle_01b.jpg,buckle,0.756097561,0.5754110664129257,-0.5754110664129257
89,101,48,48,52,alligator/alligator_01b.jpg,alligator,0.785714286,0.5226362943649292,-0.5226362943649292
89,101,49,49,51,blazer/blazer_01b.jpg,blazer,0.731707317,0.28712259232997894,-0.28712259232997894
89,101,50,50,50,cufflink/cufflink_01b.jpg,cufflink,0.789473684,0.4068496972322464,-0.4068496972322464
90,102,1,1,99,curry/curry_01b.jpg,curry,0.675,0.5342937856912613,-0.5342937856912613
90,102,2,2,98,dishwashing_liquid/dishwashing_liquid_01b.jpg,dishwashing_liquid,0.731707317,0.45091642439365387,-0.45091642439365387
90,102,3,3,97,buckle/buckle_01b.jpg,buckle,0.756097561,0.6995618045330048,-0.6995618045330048
90,102,4,4,96,crumb/crumb_01b.jpg,crumb,0.775,0.4378791004419327,-0.4378791004419327
90,102,5,5,95,bottle/bottle_01b.jpg,bottle,0.717948718,0.4652714431285858,-0.4652714431285858
90,102,6,6,94,boat/boat_01b.jpg,boat,0.761904762,0.7508662641048431,-0.7508662641048431
90,102,7,7,93,barrel/barrel_01b.jpg,barrel,0.72972973,0.8624228090047836,-0.8624228090047836
90,102,8,8,92,blazer/blazer_01b.jpg,blazer,0.731707317,0.32108455896377563,-0.32108455896377563
90,102,9,9,91,dishrag/dishrag_01b.jpg,dishrag,0.697674419,0.38875964283943176,-0.38875964283943176
90,102,10,10,90,cardinal/cardinal_01b.jpg,cardinal,0.775,0.6505154669284821,-0.6505154669284821
90,102,11,11,89,coffee_table/coffee_table_01b.jpg,coffee_table,0.75,0.30747008323669434,-0.30747008323669434
90,102,12,12,88,curtain/curtain_01b.jpg,curtain,0.8,0.5404960215091705,-0.5404960215091705
90,102,13,13,87,clasp/clasp_01b.jpg,clasp,0.707317073,1.1508057117462158,-1.1508057117462158
90,102,14,14,86,christmas_card/christmas_card_01b.jpg,christmas_card,0.804878049,0.33494459092617035,-0.33494459092617035
90,102,15,15,85,casserole/casserole_01b.jpg,casserole,0.743589744,0.7528621256351471,-0.7528621256351471
90,102,16,16,84,brace/brace_01b.jpg,brace,0.804878049,0.3479098603129387,-0.3479098603129387
90,102,17,17,83,breadbox/breadbox_01b.jpg,breadbox,0.75,0.4395396262407303,-0.4395396262407303
90,102,18,18,82,cream/cream_01b.jpg,cream,0.769230769,0.4432327523827553,-0.4432327523827553
90,102,19,19,81,candy_cane/candy_cane_01b.jpg,candy_cane,0.76744186,0.6457811146974564,-0.6457811146974564
90,102,20,20,80,barcode/barcode_01b.jpg,barcode,0.775,0.6369387805461884,-0.6369387805461884
90,102,21,21,79,bassinet/bassinet_01b.jpg,bassinet,0.804878049,0.7157208323478699,-0.7157208323478699
90,102,22,22,78,barnacle/barnacle_01s.jpg,barnacle,0.75,0.5212916135787964,-0.5212916135787964
90,102,23,23,77,baklava/baklava_01s.jpg,baklava,0.702702703,0.5507326871156693,-0.5507326871156693
90,102,24,24,76,armor/armor_01b.jpg,armor,0.804878049,0.4866071790456772,-0.4866071790456772
90,102,25,25,75,cabbage/cabbage_01b.jpg,cabbage,0.682926829,0.7077478840947151,-0.7077478840947151
90,102,26,26,74,crutch/crutch_01b.jpg,crutch,0.756097561,0.5624947398900986,-0.5624947398900986
90,102,27,27,73,banner/banner_01b.jpg,banner,0.789473684,0.4759468734264374,-0.4759468734264374
90,102,28,28,72,brussels_sprouts/brussels_sprouts_01b.jpg,brussels_sprouts,0.7,0.8486621230840683,-0.8486621230840683
90,102,29,29,71,confetti/confetti_01b.jpg,confetti,0.738095238,0.5831167846918106,-0.5831167846918106
90,102,30,30,70,bamboo/bamboo_01b.jpg,bamboo,0.714285714,0.5043530166149139,-0.5043530166149139
90,102,31,31,69,celery/celery_01b.jpg,celery,0.731707317,0.5940390229225159,-0.5940390229225159
90,102,32,32,68,bow1/bow1_01b.jpg,bow1,0.794871795,0.5142662674188614,-0.5142662674188614
90,102,33,33,67,dandelion/dandelion_01s.jpg,dandelion,0.794871795,0.7248150557279587,-0.7248150557279587
90,102,34,34,66,chicken1/chicken1_01b.jpg,chicken1,0.8,0.36234190315008163,-0.36234190315008163
90,102,35,35,65,christmas_tree/christmas_tree_01b.jpg,christmas_tree,0.780487805,0.3935847282409668,-0.3935847282409668
90,102,36,36,64,cactus/cactus_01b.jpg,cactus,0.780487805,0.853962853550911,-0.853962853550911
90,102,37,37,63,clover/clover_01b.jpg,clover,0.69047619,0.5636947304010391,-0.5636947304010391
90,102,38,38,62,caviar/caviar_01b.jpg,caviar,0.785714286,0.6065118908882141,-0.6065118908882141
90,102,39,39,61,clipboard/clipboard_01b.jpg,clipboard,0.763157895,0.36634788662195206,-0.36634788662195206
90,102,40,40,60,cream_cheese/cream_cheese_01b.jpg,cream_cheese,0.744186047,0.48074018210172653,-0.48074018210172653
90,102,41,41,59,closet/closet_01b.jpg,closet,0.756097561,0.3145654946565628,-0.3145654946565628
90,102,42,42,58,cannonball/cannonball_01b.jpg,cannonball,0.725,0.5428634583950043,-0.5428634583950043
90,102,43,43,57,cufflink/cufflink_01b.jpg,cufflink,0.789473684,0.41813874989748,-0.41813874989748
90,102,44,44,56,blowtorch/blowtorch_01b.jpg,blowtorch,0.8,0.3504350259900093,-0.3504350259900093
90,102,45,45,55,alligator/alligator_01b.jpg,alligator,0.785714286,0.5710562393069267,-0.5710562393069267
90,102,46,46,54,basketball_hoop/basketball_hoop_01b.jpg,basketball_hoop,0.725,0.656320258975029,-0.656320258975029
90,102,47,47,53,dalmatian/dalmatian_01b.jpg,dalmatian,0.750609756,0.7838890850543976,-0.7838890850543976
90,102,48,48,52,appetizer/appetizer_01b.jpg,appetizer,0.794871795,0.7897424399852753,-0.7897424399852753
90,102,49,49,51,breathalyzer/breathalyzer_01b.jpg,breathalyzer,0.8,0.38051824271678925,-0.38051824271678925
90,102,50,50,50,airplane/airplane_01b.jpg,airplane,0.720930233,0.4077734872698784,-0.4077734872698784
91,103,1,1,99,airplane/airplane_01b.jpg,airplane,0.720930233,0.38703304156661034,-0.38703304156661034
91,103,2,2,98,cord/cord_01b.jpg,cord,0.674418605,0.5552036315202713,-0.5552036315202713
91,103,3,3,97,baklava/baklava_01s.jpg,baklava,0.702702703,0.5984369814395905,-0.5984369814395905
91,103,4,4,96,cannonball/cannonball_01b.jpg,cannonball,0.725,0.5730844885110855,-0.5730844885110855
91,103,5,5,95,cardinal/cardinal_01b.jpg,cardinal,0.775,0.7362673282623291,-0.7362673282623291
91,103,6,6,94,closet/closet_01b.jpg,closet,0.756097561,0.2916293665766716,-0.2916293665766716
91,103,7,7,93,dalmatian/dalmatian_01b.jpg,dalmatian,0.750609756,0.8594389855861664,-0.8594389855861664
91,103,8,8,92,boat/boat_01b.jpg,boat,0.761904762,0.6837225705385208,-0.6837225705385208
91,103,9,9,91,confetti/confetti_01b.jpg,confetti,0.738095238,0.5287722051143646,-0.5287722051143646
91,103,10,10,90,cactus/cactus_01b.jpg,cactus,0.780487805,0.6044115275144577,-0.6044115275144577
91,103,11,11,89,barnacle/barnacle_01s.jpg,barnacle,0.75,0.509750634431839,-0.509750634431839
91,103,12,12,88,celery/celery_01b.jpg,celery,0.731707317,0.5651566982269287,-0.5651566982269287
91,103,13,13,87,crumb/crumb_01b.jpg,crumb,0.775,0.3555569350719452,-0.3555569350719452
91,103,14,14,86,appetizer/appetizer_01b.jpg,appetizer,0.794871795,0.9497090429067612,-0.9497090429067612
91,103,15,15,85,cufflink/cufflink_01b.jpg,cufflink,0.789473684,0.38147344440221786,-0.38147344440221786
91,103,16,16,84,basketball_hoop/basketball_hoop_01b.jpg,basketball_hoop,0.725,0.6954937130212784,-0.6954937130212784
91,103,17,17,83,alligator/alligator_01b.jpg,alligator,0.785714286,0.5628516748547554,-0.5628516748547554
91,103,18,18,82,crutch/crutch_01b.jpg,crutch,0.756097561,0.7969182282686234,-0.7969182282686234
91,103,19,19,81,dandelion/dandelion_01s.jpg,dandelion,0.794871795,0.6320256590843201,-0.6320256590843201
91,103,20,20,80,cream/cream_01b.jpg,cream,0.769230769,0.4165226072072983,-0.4165226072072983
91,103,21,21,79,clipboard/clipboard_01b.jpg,clipboard,0.763157895,0.3974219262599945,-0.3974219262599945
91,103,22,22,78,casserole/casserole_01b.jpg,casserole,0.743589744,0.7010536938905716,-0.7010536938905716
91,103,23,23,77,brace/brace_01b.jpg,brace,0.804878049,0.35186683386564255,-0.35186683386564255
91,103,24,24,76,christmas_tree/christmas_tree_01b.jpg,christmas_tree,0.780487805,0.3818681836128235,-0.3818681836128235
91,103,25,25,75,bottle/bottle_01b.jpg,bottle,0.717948718,0.420010581612587,-0.420010581612587
91,103,26,26,74,dishwashing_liquid/dishwashing_liquid_01b.jpg,dishwashing_liquid,0.731707317,0.47851496934890747,-0.47851496934890747
91,103,27,27,73,cream_cheese/cream_cheese_01b.jpg,cream_cheese,0.744186047,0.41025060415267944,-0.41025060415267944
91,103,28,28,72,blowtorch/blowtorch_01b.jpg,blowtorch,0.8,0.35520458966493607,-0.35520458966493607
91,103,29,29,71,coffee_table/coffee_table_01b.jpg,coffee_table,0.75,0.2553054615855217,-0.2553054615855217
91,103,30,30,70,clover/clover_01b.jpg,clover,0.69047619,0.4623069167137146,-0.4623069167137146
91,103,31,31,69,caviar/caviar_01b.jpg,caviar,0.785714286,0.6004161238670349,-0.6004161238670349
91,103,32,32,68,cabbage/cabbage_01b.jpg,cabbage,0.682926829,0.8235356956720352,-0.8235356956720352
91,103,33,33,67,curry/curry_01b.jpg,curry,0.675,0.443437322974205,-0.443437322974205
91,103,34,34,66,blazer/blazer_01b.jpg,blazer,0.731707317,0.34375322610139847,-0.34375322610139847
91,103,35,35,65,bamboo/bamboo_01b.jpg,bamboo,0.714285714,0.4469069242477417,-0.4469069242477417
91,103,36,36,64,brussels_sprouts/brussels_sprouts_01b.jpg,brussels_sprouts,0.7,1.0363743305206299,-1.0363743305206299
91,103,37,37,63,barcode/barcode_01b.jpg,barcode,0.775,0.6045522391796112,-0.6045522391796112
91,103,38,38,62,bow1/bow1_01b.jpg,bow1,0.794871795,0.46899934113025665,-0.46899934113025665
91,103,39,39,61,breadbox/breadbox_01b.jpg,breadbox,0.75,0.3964473009109497,-0.3964473009109497
91,103,40,40,60,bassinet/bassinet_01b.jpg,bassinet,0.804878049,0.8615907654166222,-0.8615907654166222
91,103,41,41,59,buckle/buckle_01b.jpg,buckle,0.756097561,0.6452812552452087,-0.6452812552452087
91,103,42,42,58,clasp/clasp_01b.jpg,clasp,0.707317073,1.2090826630592346,-1.2090826630592346
91,103,43,43,57,banner/banner_01b.jpg,banner,0.789473684,0.4784047603607178,-0.4784047603607178
91,103,44,44,56,dishrag/dishrag_01b.jpg,dishrag,0.697674419,0.3069915622472763,-0.3069915622472763
91,103,45,45,55,armor/armor_01b.jpg,armor,0.804878049,0.4397622048854828,-0.4397622048854828
91,103,46,46,54,barrel/barrel_01b.jpg,barrel,0.72972973,0.7124825865030289,-0.7124825865030289
91,103,47,47,53,breathalyzer/breathalyzer_01b.jpg,breathalyzer,0.8,0.3433081731200218,-0.3433081731200218
91,103,48,48,52,curtain/curtain_01b.jpg,curtain,0.8,0.5978563576936722,-0.5978563576936722
91,103,49,49,51,candy_cane/candy_cane_01b.jpg,candy_cane,0.76744186,0.6283094733953476,-0.6283094733953476
91,103,50,50,50,chicken1/chicken1_01b.jpg,chicken1,0.8,0.42287641763687134,-0.42287641763687134
92,104,1,1,99,blazer/blazer_01b.jpg,blazer,0.731707317,0.3090825006365776,-0.3090825006365776
92,104,2,2,98,dalmatian/dalmatian_01b.jpg,dalmatian,0.750609756,0.8542539477348328,-0.8542539477348328
92,104,3,3,97,closet/closet_01b.jpg,closet,0.756097561,0.33095409721136093,-0.33095409721136093
92,104,4,4,96,airplane/airplane_01b.jpg,airplane,0.720930233,0.3639650195837021,-0.3639650195837021
92,104,5,5,95,boat/boat_01b.jpg,boat,0.761904762,0.632049560546875,-0.632049560546875
92,104,6,6,94,cactus/cactus_01b.jpg,cactus,0.780487805,0.5928698480129242,-0.5928698480129242
92,104,7,7,93,clipboard/clipboard_01b.jpg,clipboard,0.763157895,0.6362253427505493,-0.6362253427505493
92,104,8,8,92,banner/banner_01b.jpg,banner,0.789473684,0.5141168832778931,-0.5141168832778931
92,104,9,9,91,confetti/confetti_01b.jpg,confetti,0.738095238,0.6460872143507004,-0.6460872143507004
92,104,10,10,90,christmas_tree/christmas_tree_01b.jpg,christmas_tree,0.780487805,0.44536516070365906,-0.44536516070365906
92,104,11,11,89,curry/curry_01b.jpg,curry,0.675,0.5037282407283783,-0.5037282407283783
92,104,12,12,88,cream/cream_01b.jpg,cream,0.769230769,0.4215140640735626,-0.4215140640735626
92,104,13,13,87,candy_cane/candy_cane_01b.jpg,candy_cane,0.76744186,0.4625757932662964,-0.4625757932662964
92,104,14,14,86,breathalyzer/breathalyzer_01b.jpg,breathalyzer,0.8,0.3278561756014824,-0.3278561756014824
92,104,15,15,85,dandelion/dandelion_01s.jpg,dandelion,0.794871795,0.6032604724168777,-0.6032604724168777
92,104,16,16,84,cardinal/cardinal_01b.jpg,cardinal,0.775,0.5613207072019577,-0.5613207072019577
92,104,17,17,83,crumb/crumb_01b.jpg,crumb,0.775,0.3022729307413101,-0.3022729307413101
92,104,18,18,82,crutch/crutch_01b.jpg,crutch,0.756097561,0.4577505439519882,-0.4577505439519882
92,104,19,19,81,bow1/bow1_01b.jpg,bow1,0.794871795,0.5144582092761993,-0.5144582092761993
92,104,20,20,80,alligator/alligator_01b.jpg,alligator,0.785714286,0.5134247988462448,-0.5134247988462448
92,104,21,21,79,dishwashing_liquid/dishwashing_liquid_01b.jpg,dishwashing_liquid,0.731707317,0.3886091113090515,-0.3886091113090515
92,104,22,22,78,breadbox/breadbox_01b.jpg,breadbox,0.75,0.39518994092941284,-0.39518994092941284
92,104,23,23,77,curtain/curtain_01b.jpg,curtain,0.8,0.4914550855755806,-0.4914550855755806
92,104,24,24,76,appetizer/appetizer_01b.jpg,appetizer,0.794871795,0.6839692294597626,-0.6839692294597626
92,104,25,25,75,cannonball/cannonball_01b.jpg,cannonball,0.725,0.5178551077842712,-0.5178551077842712
92,104,26,26,74,caviar/caviar_01b.jpg,caviar,0.785714286,0.6394524127244949,-0.6394524127244949
92,104,27,27,73,cream_cheese/cream_cheese_01b.jpg,cream_cheese,0.744186047,0.39692989736795425,-0.39692989736795425
92,104,28,28,72,dishrag/dishrag_01b.jpg,dishrag,0.697674419,0.3740249350667,-0.3740249350667
92,104,29,29,71,casserole/casserole_01b.jpg,casserole,0.743589744,0.5972308814525604,-0.5972308814525604
92,104,30,30,70,cufflink/cufflink_01b.jpg,cufflink,0.789473684,0.43098536133766174,-0.43098536133766174
92,104,31,31,69,barcode/barcode_01b.jpg,barcode,0.775,0.5465180724859238,-0.5465180724859238
92,104,32,32,68,celery/celery_01b.jpg,celery,0.731707317,0.4315226972103119,-0.4315226972103119
92,104,33,33,67,armor/armor_01b.jpg,armor,0.804878049,0.4338034838438034,-0.4338034838438034
92,104,34,34,66,cabbage/cabbage_01b.jpg,cabbage,0.682926829,0.63031966984272,-0.63031966984272
92,104,35,35,65,coffee_table/coffee_table_01b.jpg,coffee_table,0.75,0.3068159818649292,-0.3068159818649292
92,104,36,36,64,blowtorch/blowtorch_01b.jpg,blowtorch,0.8,0.42149267345666885,-0.42149267345666885
92,104,37,37,63,clover/clover_01b.jpg,clover,0.69047619,0.5108654648065567,-0.5108654648065567
92,104,38,38,62,baklava/baklava_01s.jpg,baklava,0.702702703,0.4700217843055725,-0.4700217843055725
92,104,39,39,61,bamboo/bamboo_01b.jpg,bamboo,0.714285714,0.4946547597646713,-0.4946547597646713
92,104,40,40,60,brussels_sprouts/brussels_sprouts_01b.jpg,brussels_sprouts,0.7,0.7692038863897324,-0.7692038863897324
92,104,41,41,59,bottle/bottle_01b.jpg,bottle,0.717948718,0.4128541946411133,-0.4128541946411133
92,104,42,42,58,bassinet/bassinet_01b.jpg,bassinet,0.804878049,0.9481965228915215,-0.9481965228915215
92,104,43,43,57,clasp/clasp_01b.jpg,clasp,0.707317073,1.0216651856899261,-1.0216651856899261
92,104,44,44,56,artichoke/artichoke_01b.jpg,artichoke,0.658536585,0.608312338590622,-0.608312338590622
92,104,45,45,55,barnacle/barnacle_01s.jpg,barnacle,0.75,0.5869805961847305,-0.5869805961847305
92,104,46,46,54,buckle/buckle_01b.jpg,buckle,0.756097561,0.5617146342992783,-0.5617146342992783
92,104,47,47,53,barrel/barrel_01b.jpg,barrel,0.72972973,0.6506876349449158,-0.6506876349449158
92,104,48,48,52,chicken1/chicken1_01b.jpg,chicken1,0.8,0.4201837480068207,-0.4201837480068207
92,104,49,49,51,basketball_hoop/basketball_hoop_01b.jpg,basketball_hoop,0.725,0.558401808142662,-0.558401808142662
92,104,50,50,50,cord/cord_01b.jpg,cord,0.674418605,0.4127547889947891,-0.4127547889947891
93,105,1,1,99,blowtorch/blowtorch_01b.jpg,blowtorch,0.8,0.4088612496852875,-0.4088612496852875
93,105,2,2,98,celery/celery_01b.jpg,celery,0.731707317,0.8478421717882156,-0.8478421717882156
93,105,3,3,97,boat/boat_01b.jpg,boat,0.761904762,0.6592998057603836,-0.6592998057603836
93,105,4,4,96,crutch/crutch_01b.jpg,crutch,0.756097561,0.6507197469472885,-0.6507197469472885
93,105,5,5,95,candy_cane/candy_cane_01b.jpg,candy_cane,0.76744186,0.5798222124576569,-0.5798222124576569
93,105,6,6,94,cabbage/cabbage_01b.jpg,cabbage,0.682926829,0.8732758536934853,-0.8732758536934853
93,105,7,7,93,casserole/casserole_01b.jpg,casserole,0.743589744,0.5919588357210159,-0.5919588357210159
93,105,8,8,92,coffee_table/coffee_table_01b.jpg,coffee_table,0.75,0.2692009136080742,-0.2692009136080742
93,105,9,9,91,banner/banner_01b.jpg,banner,0.789473684,0.48582492768764496,-0.48582492768764496
93,105,10,10,90,crumb/crumb_01b.jpg,crumb,0.775,0.33207452297210693,-0.33207452297210693
93,105,11,11,89,cord/cord_01b.jpg,cord,0.674418605,0.4435209780931473,-0.4435209780931473
93,105,12,12,88,cardinal/cardinal_01b.jpg,cardinal,0.775,0.5587525963783264,-0.5587525963783264
93,105,13,13,87,bottle/bottle_01b.jpg,bottle,0.717948718,0.43974629044532776,-0.43974629044532776
93,105,14,14,86,basketball_hoop/basketball_hoop_01b.jpg,basketball_hoop,0.725,0.5423712432384491,-0.5423712432384491
93,105,15,15,85,breadbox/breadbox_01b.jpg,breadbox,0.75,0.4194643944501877,-0.4194643944501877
93,105,16,16,84,curry/curry_01b.jpg,curry,0.675,0.6232068240642548,-0.6232068240642548
93,105,17,17,83,cream/cream_01b.jpg,cream,0.769230769,0.3325965330004692,-0.3325965330004692
93,105,18,18,82,artichoke/artichoke_01b.jpg,artichoke,0.658536585,0.6863990426063538,-0.6863990426063538
93,105,19,19,81,baklava/baklava_01s.jpg,baklava,0.702702703,0.576037660241127,-0.576037660241127
93,105,20,20,80,blazer/blazer_01b.jpg,blazer,0.731707317,0.3012634739279747,-0.3012634739279747
93,105,21,21,79,appetizer/appetizer_01b.jpg,appetizer,0.794871795,0.6605333536863327,-0.6605333536863327
93,105,22,22,78,clipboard/clipboard_01b.jpg,clipboard,0.763157895,0.35152412950992584,-0.35152412950992584
93,105,23,23,77,clover/clover_01b.jpg,clover,0.69047619,0.47468189895153046,-0.47468189895153046
93,105,24,24,76,bow1/bow1_01b.jpg,bow1,0.794871795,0.49740515649318695,-0.49740515649318695
93,105,25,25,75,brussels_sprouts/brussels_sprouts_01b.jpg,brussels_sprouts,0.7,0.9435917139053345,-0.9435917139053345
93,105,26,26,74,cufflink/cufflink_01b.jpg,cufflink,0.789473684,0.38591600954532623,-0.38591600954532623
93,105,27,27,73,barrel/barrel_01b.jpg,barrel,0.72972973,0.6264043003320694,-0.6264043003320694
93,105,28,28,72,cannonball/cannonball_01b.jpg,cannonball,0.725,0.5436408519744873,-0.5436408519744873
93,105,29,29,71,buckle/buckle_01b.jpg,buckle,0.756097561,0.5166039317846298,-0.5166039317846298
93,105,30,30,70,airplane/airplane_01b.jpg,airplane,0.720930233,0.3104987367987633,-0.3104987367987633
93,105,31,31,69,dandelion/dandelion_01s.jpg,dandelion,0.794871795,0.6169794797897339,-0.6169794797897339
93,105,32,32,68,closet/closet_01b.jpg,closet,0.756097561,0.30418895184993744,-0.30418895184993744
93,105,33,33,67,chicken1/chicken1_01b.jpg,chicken1,0.8,0.3399265259504318,-0.3399265259504318
93,105,34,34,66,alligator/alligator_01b.jpg,alligator,0.785714286,0.46321308612823486,-0.46321308612823486
93,105,35,35,65,dalmatian/dalmatian_01b.jpg,dalmatian,0.750609756,0.6103674620389938,-0.6103674620389938
93,105,36,36,64,breathalyzer/breathalyzer_01b.jpg,breathalyzer,0.8,0.2898000031709671,-0.2898000031709671
93,105,37,37,63,clasp/clasp_01b.jpg,clasp,0.707317073,1.1331076920032501,-1.1331076920032501
93,105,38,38,62,caviar/caviar_01b.jpg,caviar,0.785714286,0.5062018185853958,-0.5062018185853958
93,105,39,39,61,curtain/curtain_01b.jpg,curtain,0.8,0.42687371373176575,-0.42687371373176575
93,105,40,40,60,bamboo/bamboo_01b.jpg,bamboo,0.714285714,0.4710307866334915,-0.4710307866334915
93,105,41,41,59,dishwashing_liquid/dishwashing_liquid_01b.jpg,dishwashing_liquid,0.731707317,0.4194299429655075,-0.4194299429655075
93,105,42,42,58,cream_cheese/cream_cheese_01b.jpg,cream_cheese,0.744186047,0.31950997561216354,-0.31950997561216354
93,105,43,43,57,cactus/cactus_01b.jpg,cactus,0.780487805,1.6629711240530014,-1.6629711240530014
93,105,44,44,56,barcode/barcode_01b.jpg,barcode,0.775,0.5721770226955414,-0.5721770226955414
93,105,45,45,55,confetti/confetti_01b.jpg,confetti,0.738095238,0.49760957062244415,-0.49760957062244415
93,105,46,46,54,deer/deer_01b.jpg,deer,0.65,0.5455780029296875,-0.5455780029296875
93,105,47,47,53,dishrag/dishrag_01b.jpg,dishrag,0.697674419,0.30373674631118774,-0.30373674631118774
93,105,48,48,52,armor/armor_01b.jpg,armor,0.804878049,0.43664707243442535,-0.43664707243442535
93,105,49,49,51,barnacle/barnacle_01s.jpg,barnacle,0.75,0.4726887345314026,-0.4726887345314026
93,105,50,50,50,christmas_tree/christmas_tree_01b.jpg,christmas_tree,0.780487805,0.3638368993997574,-0.3638368993997574
94,106,1,1,99,cream_cheese/cream_cheese_01b.jpg,cream_cheese,0.744186047,0.4325951263308525,-0.4325951263308525
94,106,2,2,98,abacus/abacus_01b.jpg,abacus,0.648648649,1.4083925634622574,-1.4083925634622574
94,106,3,3,97,candy_cane/candy_cane_01b.jpg,candy_cane,0.76744186,0.6588045358657837,-0.6588045358657837
94,106,4,4,96,clover/clover_01b.jpg,clover,0.69047619,0.4883177578449249,-0.4883177578449249
94,106,5,5,95,appetizer/appetizer_01b.jpg,appetizer,0.794871795,0.7400491088628769,-0.7400491088628769
94,106,6,6,94,alligator/alligator_01b.jpg,alligator,0.785714286,0.6702372804284096,-0.6702372804284096
94,106,7,7,93,cactus/cactus_01b.jpg,cactus,0.780487805,0.5851776748895645,-0.5851776748895645
94,106,8,8,92,blowtorch/blowtorch_01b.jpg,blowtorch,0.8,0.35627372562885284,-0.35627372562885284
94,106,9,9,91,dishrag/dishrag_01b.jpg,dishrag,0.697674419,0.3626767545938492,-0.3626767545938492
94,106,10,10,90,caviar/caviar_01b.jpg,caviar,0.785714286,0.6105437278747559,-0.6105437278747559
94,106,11,11,89,cufflink/cufflink_01b.jpg,cufflink,0.789473684,0.4029567167162895,-0.4029567167162895
94,106,12,12,88,barcode/barcode_01b.jpg,barcode,0.775,0.5539783239364624,-0.5539783239364624
94,106,13,13,87,dishwashing_liquid/dishwashing_liquid_01b.jpg,dishwashing_liquid,0.731707317,0.43587976694107056,-0.43587976694107056
94,106,14,14,86,casserole/casserole_01b.jpg,casserole,0.743589744,0.6731673181056976,-0.6731673181056976
94,106,15,15,85,coffee_table/coffee_table_01b.jpg,coffee_table,0.75,0.2798108905553818,-0.2798108905553818
94,106,16,16,84,breathalyzer/breathalyzer_01b.jpg,breathalyzer,0.8,0.3184657692909241,-0.3184657692909241
94,106,17,17,83,christmas_tree/christmas_tree_01b.jpg,christmas_tree,0.780487805,0.39321696758270264,-0.39321696758270264
94,106,18,18,82,airplane/airplane_01b.jpg,airplane,0.720930233,0.3592061251401901,-0.3592061251401901
94,106,19,19,81,curtain/curtain_01b.jpg,curtain,0.8,0.49278150498867035,-0.49278150498867035
94,106,20,20,80,crumb/crumb_01b.jpg,crumb,0.775,0.2756742909550667,-0.2756742909550667
94,106,21,21,79,clasp/clasp_01b.jpg,clasp,0.707317073,0.8947651386260986,-0.8947651386260986
94,106,22,22,78,breadbox/breadbox_01b.jpg,breadbox,0.75,0.3881828561425209,-0.3881828561425209
94,106,23,23,77,baklava/baklava_01s.jpg,baklava,0.702702703,0.5135816782712936,-0.5135816782712936
94,106,24,24,76,artichoke/artichoke_01b.jpg,artichoke,0.658536585,0.8720895424485207,-0.8720895424485207
94,106,25,25,75,dalmatian/dalmatian_01b.jpg,dalmatian,0.750609756,0.6777240633964539,-0.6777240633964539
94,106,26,26,74,cannonball/cannonball_01b.jpg,cannonball,0.725,0.605203852057457,-0.605203852057457
94,106,27,27,73,bamboo/bamboo_01b.jpg,bamboo,0.714285714,0.46642881631851196,-0.46642881631851196
94,106,28,28,72,brussels_sprouts/brussels_sprouts_01b.jpg,brussels_sprouts,0.7,0.7624702602624893,-0.7624702602624893
94,106,29,29,71,cabbage/cabbage_01b.jpg,cabbage,0.682926829,1.2375404387712479,-1.2375404387712479
94,106,30,30,70,banner/banner_01b.jpg,banner,0.789473684,0.4820360541343689,-0.4820360541343689
94,106,31,31,69,confetti/confetti_01b.jpg,confetti,0.738095238,0.5271764397621155,-0.5271764397621155
94,106,32,32,68,bow1/bow1_01b.jpg,bow1,0.794871795,0.48024946451187134,-0.48024946451187134
94,106,33,33,67,blazer/blazer_01b.jpg,blazer,0.731707317,0.3116990327835083,-0.3116990327835083
94,106,34,34,66,crutch/crutch_01b.jpg,crutch,0.756097561,0.5766164362430573,-0.5766164362430573
94,106,35,35,65,basketball_hoop/basketball_hoop_01b.jpg,basketball_hoop,0.725,0.5271830409765244,-0.5271830409765244
94,106,36,36,64,celery/celery_01b.jpg,celery,0.731707317,0.4589279443025589,-0.4589279443025589
94,106,37,37,63,closet/closet_01b.jpg,closet,0.756097561,0.2960347384214401,-0.2960347384214401
94,106,38,38,62,buckle/buckle_01b.jpg,buckle,0.756097561,0.5914536416530609,-0.5914536416530609
94,106,39,39,61,barnacle/barnacle_01s.jpg,barnacle,0.75,0.5210386216640472,-0.5210386216640472
94,106,40,40,60,clipboard/clipboard_01b.jpg,clipboard,0.763157895,0.3714260160923004,-0.3714260160923004
94,106,41,41,59,bottle/bottle_01b.jpg,bottle,0.717948718,0.4011114239692688,-0.4011114239692688
94,106,42,42,58,curry/curry_01b.jpg,curry,0.675,0.42205972969532013,-0.42205972969532013
94,106,43,43,57,barrel/barrel_01b.jpg,barrel,0.72972973,0.6786477714776993,-0.6786477714776993
94,106,44,44,56,cord/cord_01b.jpg,cord,0.674418605,0.4786783307790756,-0.4786783307790756
94,106,45,45,55,chicken1/chicken1_01b.jpg,chicken1,0.8,0.3577202335000038,-0.3577202335000038
94,106,46,46,54,cream/cream_01b.jpg,cream,0.769230769,0.3686511963605881,-0.3686511963605881
94,106,47,47,53,cardinal/cardinal_01b.jpg,cardinal,0.775,0.6021988391876221,-0.6021988391876221
94,106,48,48,52,deer/deer_01b.jpg,deer,0.65,0.577540710568428,-0.577540710568428
94,106,49,49,51,boat/boat_01b.jpg,boat,0.761904762,0.6468001455068588,-0.6468001455068588
94,106,50,50,50,dandelion/dandelion_01s.jpg,dandelion,0.794871795,0.5872921496629715,-0.5872921496629715
95,107,1,1,99,caviar/caviar_01b.jpg,caviar,0.785714286,0.6384836137294769,-0.6384836137294769
95,107,2,2,98,bow1/bow1_01b.jpg,bow1,0.794871795,0.6874322295188904,-0.6874322295188904
95,107,3,3,97,clipboard/clipboard_01b.jpg,clipboard,0.763157895,0.704253077507019,-0.704253077507019
95,107,4,4,96,airplane/airplane_01b.jpg,airplane,0.720930233,0.3280295133590698,-0.3280295133590698
95,107,5,5,95,cufflink/cufflink_01b.jpg,cufflink,0.789473684,0.39209819585084915,-0.39209819585084915
95,107,6,6,94,baklava/baklava_01s.jpg,baklava,0.702702703,0.4738015830516815,-0.4738015830516815
95,107,7,7,93,antenna/antenna_01b.jpg,antenna,0.641025641,0.314554788172245,-0.314554788172245
95,107,8,8,92,casserole/casserole_01b.jpg,casserole,0.743589744,0.6397314518690109,-0.6397314518690109
95,107,9,9,91,brussels_sprouts/brussels_sprouts_01b.jpg,brussels_sprouts,0.7,0.6847642958164215,-0.6847642958164215
95,107,10,10,90,blowtorch/blowtorch_01b.jpg,blowtorch,0.8,0.48832906782627106,-0.48832906782627106
95,107,11,11,89,bottle/bottle_01b.jpg,bottle,0.717948718,0.36189402639865875,-0.36189402639865875
95,107,12,12,88,confetti/confetti_01b.jpg,confetti,0.738095238,0.5827913880348206,-0.5827913880348206
95,107,13,13,87,abacus/abacus_01b.jpg,abacus,0.648648649,0.6321192383766174,-0.6321192383766174
95,107,14,14,86,breadbox/breadbox_01b.jpg,breadbox,0.75,0.3813015967607498,-0.3813015967607498
95,107,15,15,85,coffee_table/coffee_table_01b.jpg,coffee_table,0.75,0.2738795652985573,-0.2738795652985573
95,107,16,16,84,barnacle/barnacle_01s.jpg,barnacle,0.75,0.4886491149663925,-0.4886491149663925
95,107,17,17,83,buckle/buckle_01b.jpg,buckle,0.756097561,0.5689259767532349,-0.5689259767532349
95,107,18,18,82,chicken1/chicken1_01b.jpg,chicken1,0.8,0.34801357984542847,-0.34801357984542847
95,107,19,19,81,candy_cane/candy_cane_01b.jpg,candy_cane,0.76744186,0.5205527693033218,-0.5205527693033218
95,107,20,20,80,curry/curry_01b.jpg,curry,0.675,0.39889831840991974,-0.39889831840991974
95,107,21,21,79,barcode/barcode_01b.jpg,barcode,0.775,0.5788878351449966,-0.5788878351449966
95,107,22,22,78,artichoke/artichoke_01b.jpg,artichoke,0.658536585,0.7265196517109871,-0.7265196517109871
95,107,23,23,77,boat/boat_01b.jpg,boat,0.761904762,0.6566954404115677,-0.6566954404115677
95,107,24,24,76,cactus/cactus_01b.jpg,cactus,0.780487805,0.5635925233364105,-0.5635925233364105
95,107,25,25,75,alligator/alligator_01b.jpg,alligator,0.785714286,0.4454702362418175,-0.4454702362418175
95,107,26,26,74,breathalyzer/breathalyzer_01b.jpg,breathalyzer,0.8,0.3167674243450165,-0.3167674243450165
95,107,27,27,73,cream_cheese/cream_cheese_01b.jpg,cream_cheese,0.744186047,0.3789267838001251,-0.3789267838001251
95,107,28,28,72,cord/cord_01b.jpg,cord,0.674418605,0.42863400280475616,-0.42863400280475616
95,107,29,29,71,cabbage/cabbage_01b.jpg,cabbage,0.682926829,0.7047689110040665,-0.7047689110040665
95,107,30,30,70,cardinal/cardinal_01b.jpg,cardinal,0.775,0.554270550608635,-0.554270550608635
95,107,31,31,69,closet/closet_01b.jpg,closet,0.756097561,0.30450303107500076,-0.30450303107500076
95,107,32,32,68,clasp/clasp_01b.jpg,clasp,0.707317073,0.9260867536067963,-0.9260867536067963
95,107,33,33,67,bamboo/bamboo_01b.jpg,bamboo,0.714285714,0.4548698365688324,-0.4548698365688324
95,107,34,34,66,dishwashing_liquid/dishwashing_liquid_01b.jpg,dishwashing_liquid,0.731707317,0.3795369267463684,-0.3795369267463684
95,107,35,35,65,barrel/barrel_01b.jpg,barrel,0.72972973,0.7171058654785156,-0.7171058654785156
95,107,36,36,64,deer/deer_01b.jpg,deer,0.65,0.47531311213970184,-0.47531311213970184
95,107,37,37,63,blazer/blazer_01b.jpg,blazer,0.731707317,0.3089855685830116,-0.3089855685830116
95,107,38,38,62,cannonball/cannonball_01b.jpg,cannonball,0.725,0.4489250183105469,-0.4489250183105469
95,107,39,39,61,clover/clover_01b.jpg,clover,0.69047619,0.4217355400323868,-0.4217355400323868
95,107,40,40,60,cream/cream_01b.jpg,cream,0.769230769,0.32687921822071075,-0.32687921822071075
95,107,41,41,59,appetizer/appetizer_01b.jpg,appetizer,0.794871795,0.7242516875267029,-0.7242516875267029
95,107,42,42,58,dishrag/dishrag_01b.jpg,dishrag,0.697674419,0.32047344744205475,-0.32047344744205475
95,107,43,43,57,celery/celery_01b.jpg,celery,0.731707317,0.48604777455329895,-0.48604777455329895
95,107,44,44,56,crutch/crutch_01b.jpg,crutch,0.756097561,0.48656415939331055,-0.48656415939331055
95,107,45,45,55,dalmatian/dalmatian_01b.jpg,dalmatian,0.750609756,0.6283201649785042,-0.6283201649785042
95,107,46,46,54,banner/banner_01b.jpg,banner,0.789473684,0.4601166546344757,-0.4601166546344757
95,107,47,47,53,dandelion/dandelion_01s.jpg,dandelion,0.794871795,0.6157394200563431,-0.6157394200563431
95,107,48,48,52,crumb/crumb_01b.jpg,crumb,0.775,0.2527015581727028,-0.2527015581727028
95,107,49,49,51,christmas_tree/christmas_tree_01b.jpg,christmas_tree,0.780487805,0.36654724925756454,-0.36654724925756454
95,107,50,50,50,basketball_hoop/basketball_hoop_01b.jpg,basketball_hoop,0.725,0.5140688419342041,-0.5140688419342041
96,108,1,1,99,abacus/abacus_01b.jpg,abacus,0.648648649,2.06389881670475,-2.06389881670475
96,108,2,2,98,casserole/casserole_01b.jpg,casserole,0.743589744,0.5778086483478546,-0.5778086483478546
96,108,3,3,97,boat/boat_01b.jpg,boat,0.761904762,0.620080292224884,-0.620080292224884
96,108,4,4,96,barnacle/barnacle_01s.jpg,barnacle,0.75,0.4965827018022537,-0.4965827018022537
96,108,5,5,95,basketball_hoop/basketball_hoop_01b.jpg,basketball_hoop,0.725,0.6063802540302277,-0.6063802540302277
96,108,6,6,94,artichoke/artichoke_01b.jpg,artichoke,0.658536585,0.6382334306836128,-0.6382334306836128
96,108,7,7,93,dishrag/dishrag_01b.jpg,dishrag,0.697674419,0.4051497280597687,-0.4051497280597687
96,108,8,8,92,buckle/buckle_01b.jpg,buckle,0.756097561,0.5393267869949341,-0.5393267869949341
96,108,9,9,91,compass/compass_01b.jpg,compass,0.625,0.947763204574585,-0.947763204574585
96,108,10,10,90,breadbox/breadbox_01b.jpg,breadbox,0.75,0.39619357883930206,-0.39619357883930206
96,108,11,11,89,candy_cane/candy_cane_01b.jpg,candy_cane,0.76744186,0.5278177112340927,-0.5278177112340927
96,108,12,12,88,breathalyzer/breathalyzer_01b.jpg,breathalyzer,0.8,0.3178187236189842,-0.3178187236189842
96,108,13,13,87,cactus/cactus_01b.jpg,cactus,0.780487805,0.572994127869606,-0.572994127869606
96,108,14,14,86,closet/closet_01b.jpg,closet,0.756097561,0.3117153197526932,-0.3117153197526932
96,108,15,15,85,airplane/airplane_01b.jpg,airplane,0.720930233,0.30534952878952026,-0.30534952878952026
96,108,16,16,84,dalmatian/dalmatian_01b.jpg,dalmatian,0.750609756,0.5590221434831619,-0.5590221434831619
96,108,17,17,83,crumb/crumb_01b.jpg,crumb,0.775,0.2936464846134186,-0.2936464846134186
96,108,18,18,82,crutch/crutch_01b.jpg,crutch,0.756097561,0.4806372672319412,-0.4806372672319412
96,108,19,19,81,bottle/bottle_01b.jpg,bottle,0.717948718,0.44496674835681915,-0.44496674835681915
96,108,20,20,80,barrel/barrel_01b.jpg,barrel,0.72972973,0.6640404462814331,-0.6640404462814331
96,108,21,21,79,antenna/antenna_01b.jpg,antenna,0.641025641,0.3443470746278763,-0.3443470746278763
96,108,22,22,78,banner/banner_01b.jpg,banner,0.789473684,0.4698890894651413,-0.4698890894651413
96,108,23,23,77,christmas_tree/christmas_tree_01b.jpg,christmas_tree,0.780487805,0.3966224491596222,-0.3966224491596222
96,108,24,24,76,confetti/confetti_01b.jpg,confetti,0.738095238,0.5599034875631332,-0.5599034875631332
96,108,25,25,75,barcode/barcode_01b.jpg,barcode,0.775,0.5526481419801712,-0.5526481419801712
96,108,26,26,74,curry/curry_01b.jpg,curry,0.675,0.4449020177125931,-0.4449020177125931
96,108,27,27,73,clipboard/clipboard_01b.jpg,clipboard,0.763157895,0.3657243922352791,-0.3657243922352791
96,108,28,28,72,dishwashing_liquid/dishwashing_liquid_01b.jpg,dishwashing_liquid,0.731707317,0.3986982926726341,-0.3986982926726341
96,108,29,29,71,brussels_sprouts/brussels_sprouts_01b.jpg,brussels_sprouts,0.7,0.794606015086174,-0.794606015086174
96,108,30,30,70,cufflink/cufflink_01b.jpg,cufflink,0.789473684,0.41090550273656845,-0.41090550273656845
96,108,31,31,69,deer/deer_01b.jpg,deer,0.65,0.49196720123291016,-0.49196720123291016
96,108,32,32,68,coffee_table/coffee_table_01b.jpg,coffee_table,0.75,0.29473715275526047,-0.29473715275526047
96,108,33,33,67,alligator/alligator_01b.jpg,alligator,0.785714286,0.4694383591413498,-0.4694383591413498
96,108,34,34,66,cream/cream_01b.jpg,cream,0.769230769,0.35845036059617996,-0.35845036059617996
96,108,35,35,65,cabbage/cabbage_01b.jpg,cabbage,0.682926829,0.8157305717468262,-0.8157305717468262
96,108,36,36,64,cardinal/cardinal_01b.jpg,cardinal,0.775,0.5099339634180069,-0.5099339634180069
96,108,37,37,63,celery/celery_01b.jpg,celery,0.731707317,0.49349507689476013,-0.49349507689476013
96,108,38,38,62,bow1/bow1_01b.jpg,bow1,0.794871795,0.49825990200042725,-0.49825990200042725
96,108,39,39,61,baklava/baklava_01s.jpg,baklava,0.702702703,0.461652547121048,-0.461652547121048
96,108,40,40,60,bamboo/bamboo_01b.jpg,bamboo,0.714285714,0.5119323283433914,-0.5119323283433914
96,108,41,41,59,blazer/blazer_01b.jpg,blazer,0.731707317,0.274552546441555,-0.274552546441555
96,108,42,42,58,dandelion/dandelion_01s.jpg,dandelion,0.794871795,0.5493167042732239,-0.5493167042732239
96,108,43,43,57,clasp/clasp_01b.jpg,clasp,0.707317073,1.0873462855815887,-1.0873462855815887
96,108,44,44,56,blowtorch/blowtorch_01b.jpg,blowtorch,0.8,0.4032563269138336,-0.4032563269138336
96,108,45,45,55,cannonball/cannonball_01b.jpg,cannonball,0.725,0.5108962953090668,-0.5108962953090668
96,108,46,46,54,cream_cheese/cream_cheese_01b.jpg,cream_cheese,0.744186047,0.34841854870319366,-0.34841854870319366
96,108,47,47,53,caviar/caviar_01b.jpg,caviar,0.785714286,0.533921554684639,-0.533921554684639
96,108,48,48,52,cord/cord_01b.jpg,cord,0.674418605,0.4067634865641594,-0.4067634865641594
96,108,49,49,51,appetizer/appetizer_01b.jpg,appetizer,0.794871795,0.5711009204387665,-0.5711009204387665
96,108,50,50,50,clover/clover_01b.jpg,clover,0.69047619,0.4702712893486023,-0.4702712893486023
97,109,1,1,99,banner/banner_01b.jpg,banner,0.789473684,0.46895797550678253,-0.46895797550678253
97,109,2,2,98,cactus/cactus_01b.jpg,cactus,0.780487805,0.8258159160614014,-0.8258159160614014
97,109,3,3,97,brussels_sprouts/brussels_sprouts_01b.jpg,brussels_sprouts,0.7,0.7459900230169296,-0.7459900230169296
97,109,4,4,96,bow1/bow1_01b.jpg,bow1,0.794871795,0.6944271475076675,-0.6944271475076675
97,109,5,5,95,crumb/crumb_01b.jpg,crumb,0.775,0.46411480754613876,-0.46411480754613876
97,109,6,6,94,cabbage/cabbage_01b.jpg,cabbage,0.682926829,0.8548593297600746,-0.8548593297600746
97,109,7,7,93,compass/compass_01b.jpg,compass,0.625,1.1084955632686615,-1.1084955632686615
97,109,8,8,92,cufflink/cufflink_01b.jpg,cufflink,0.789473684,0.4069026783108711,-0.4069026783108711
97,109,9,9,91,alligator/alligator_01b.jpg,alligator,0.785714286,0.4650235027074814,-0.4650235027074814
97,109,10,10,90,dishwashing_liquid/dishwashing_liquid_01b.jpg,dishwashing_liquid,0.731707317,0.43750570714473724,-0.43750570714473724
97,109,11,11,89,curry/curry_01b.jpg,curry,0.675,0.45911741256713867,-0.45911741256713867
97,109,12,12,88,baklava/baklava_01s.jpg,baklava,0.702702703,0.5946784764528275,-0.5946784764528275
97,109,13,13,87,cannonball/cannonball_01b.jpg,cannonball,0.725,0.5600250214338303,-0.5600250214338303
97,109,14,14,86,clasp/clasp_01b.jpg,clasp,0.707317073,0.9322754442691803,-0.9322754442691803
97,109,15,15,85,cream_cheese/cream_cheese_01b.jpg,cream_cheese,0.744186047,0.36167286336421967,-0.36167286336421967
97,109,16,16,84,blazer/blazer_01b.jpg,blazer,0.731707317,0.31990691274404526,-0.31990691274404526
97,109,17,17,83,deer/deer_01b.jpg,deer,0.65,0.5602903813123703,-0.5602903813123703
97,109,18,18,82,caviar/caviar_01b.jpg,caviar,0.785714286,0.5934937745332718,-0.5934937745332718
97,109,19,19,81,buckle/buckle_01b.jpg,buckle,0.756097561,0.5493371039628983,-0.5493371039628983
97,109,20,20,80,bulldozer/bulldozer_01b.jpg,bulldozer,0.619047619,0.4645688459277153,-0.4645688459277153
97,109,21,21,79,clipboard/clipboard_01b.jpg,clipboard,0.763157895,0.3986351117491722,-0.3986351117491722
97,109,22,22,78,casserole/casserole_01b.jpg,casserole,0.743589744,0.5860977172851562,-0.5860977172851562
97,109,23,23,77,antenna/antenna_01b.jpg,antenna,0.641025641,0.33075468242168427,-0.33075468242168427
97,109,24,24,76,dishrag/dishrag_01b.jpg,dishrag,0.697674419,0.33289604634046555,-0.33289604634046555
97,109,25,25,75,airplane/airplane_01b.jpg,airplane,0.720930233,0.26864517480134964,-0.26864517480134964
97,109,26,26,74,barcode/barcode_01b.jpg,barcode,0.775,0.5718950033187866,-0.5718950033187866
97,109,27,27,73,confetti/confetti_01b.jpg,confetti,0.738095238,0.5055564045906067,-0.5055564045906067
97,109,28,28,72,clover/clover_01b.jpg,clover,0.69047619,0.40855224430561066,-0.40855224430561066
97,109,29,29,71,cardinal/cardinal_01b.jpg,cardinal,0.775,0.5052283108234406,-0.5052283108234406
97,109,30,30,70,celery/celery_01b.jpg,celery,0.731707317,0.49796558916568756,-0.49796558916568756
97,109,31,31,69,barnacle/barnacle_01s.jpg,barnacle,0.75,0.48660247027873993,-0.48660247027873993
97,109,32,32,68,breadbox/breadbox_01b.jpg,breadbox,0.75,0.4148816168308258,-0.4148816168308258
97,109,33,33,67,blowtorch/blowtorch_01b.jpg,blowtorch,0.8,0.35361409932374954,-0.35361409932374954
97,109,34,34,66,christmas_tree/christmas_tree_01b.jpg,christmas_tree,0.780487805,0.3981485664844513,-0.3981485664844513
97,109,35,35,65,appetizer/appetizer_01b.jpg,appetizer,0.794871795,0.619960606098175,-0.619960606098175
97,109,36,36,64,bottle/bottle_01b.jpg,bottle,0.717948718,0.3964252322912216,-0.3964252322912216
97,109,37,37,63,artichoke/artichoke_01b.jpg,artichoke,0.658536585,0.7380122095346451,-0.7380122095346451
97,109,38,38,62,boat/boat_01b.jpg,boat,0.761904762,0.6194970458745956,-0.6194970458745956
97,109,39,39,61,cream/cream_01b.jpg,cream,0.769230769,0.35680580884218216,-0.35680580884218216
97,109,40,40,60,barrel/barrel_01b.jpg,barrel,0.72972973,0.6064312905073166,-0.6064312905073166
97,109,41,41,59,closet/closet_01b.jpg,closet,0.756097561,0.31005340814590454,-0.31005340814590454
97,109,42,42,58,crutch/crutch_01b.jpg,crutch,0.756097561,0.5291561931371689,-0.5291561931371689
97,109,43,43,57,dandelion/dandelion_01s.jpg,dandelion,0.794871795,0.646026223897934,-0.646026223897934
97,109,44,44,56,cord/cord_01b.jpg,cord,0.674418605,0.44668224453926086,-0.44668224453926086
97,109,45,45,55,abacus/abacus_01b.jpg,abacus,0.648648649,0.5959662348031998,-0.5959662348031998
97,109,46,46,54,candy_cane/candy_cane_01b.jpg,candy_cane,0.76744186,0.5551406145095825,-0.5551406145095825
97,109,47,47,53,coffee_table/coffee_table_01b.jpg,coffee_table,0.75,0.2696067914366722,-0.2696067914366722
97,109,48,48,52,dalmatian/dalmatian_01b.jpg,dalmatian,0.750609756,0.6793167889118195,-0.6793167889118195
97,109,49,49,51,bamboo/bamboo_01b.jpg,bamboo,0.714285714,0.45644813776016235,-0.45644813776016235
97,109,50,50,50,basketball_hoop/basketball_hoop_01b.jpg,basketball_hoop,0.725,0.5308379679918289,-0.5308379679918289
98,110,1,1,99,crutch/crutch_01b.jpg,crutch,0.756097561,0.7081267386674881,-0.7081267386674881
98,110,2,2,98,brussels_sprouts/brussels_sprouts_01b.jpg,brussels_sprouts,0.7,1.3927829414606094,-1.3927829414606094
98,110,3,3,97,cardinal/cardinal_01b.jpg,cardinal,0.775,1.1761300563812256,-1.1761300563812256
98,110,4,4,96,coffee_table/coffee_table_01b.jpg,coffee_table,0.75,0.29047082364559174,-0.29047082364559174
98,110,5,5,95,dandelion/dandelion_01s.jpg,dandelion,0.794871795,0.6278423815965652,-0.6278423815965652
98,110,6,6,94,celery/celery_01b.jpg,celery,0.731707317,0.531905323266983,-0.531905323266983
98,110,7,7,93,bulldozer/bulldozer_01b.jpg,bulldozer,0.619047619,0.5620661377906799,-0.5620661377906799
98,110,8,8,92,cannonball/cannonball_01b.jpg,cannonball,0.725,0.5888712853193283,-0.5888712853193283
98,110,9,9,91,dishwashing_liquid/dishwashing_liquid_01b.jpg,dishwashing_liquid,0.731707317,0.37826985865831375,-0.37826985865831375
98,110,10,10,90,artichoke/artichoke_01b.jpg,artichoke,0.658536585,0.9237116053700447,-0.9237116053700447
98,110,11,11,89,appetizer/appetizer_01b.jpg,appetizer,0.794871795,0.72474305331707,-0.72474305331707
98,110,12,12,88,caviar/caviar_01b.jpg,caviar,0.785714286,0.600261852145195,-0.600261852145195
98,110,13,13,87,candy_cane/candy_cane_01b.jpg,candy_cane,0.76744186,0.5263799130916595,-0.5263799130916595
98,110,14,14,86,clover/clover_01b.jpg,clover,0.69047619,0.508767157793045,-0.508767157793045
98,110,15,15,85,cactus/cactus_01b.jpg,cactus,0.780487805,0.5818575620651245,-0.5818575620651245
98,110,16,16,84,clasp/clasp_01b.jpg,clasp,0.707317073,1.136105626821518,-1.136105626821518
98,110,17,17,83,barnacle/barnacle_01s.jpg,barnacle,0.75,0.5136242806911469,-0.5136242806911469
98,110,18,18,82,antenna/antenna_01b.jpg,antenna,0.641025641,0.3487270101904869,-0.3487270101904869
98,110,19,19,81,buckle/buckle_01b.jpg,buckle,0.756097561,0.5453048795461655,-0.5453048795461655
98,110,20,20,80,banner/banner_01b.jpg,banner,0.789473684,0.4595405012369156,-0.4595405012369156
98,110,21,21,79,dishrag/dishrag_01b.jpg,dishrag,0.697674419,0.359934963285923,-0.359934963285923
98,110,22,22,78,alligator/alligator_01b.jpg,alligator,0.785714286,0.5407857671380043,-0.5407857671380043
98,110,23,23,77,curry/curry_01b.jpg,curry,0.675,0.4075443744659424,-0.4075443744659424
98,110,24,24,76,clipboard/clipboard_01b.jpg,clipboard,0.763157895,0.3754660561680794,-0.3754660561680794
98,110,25,25,75,blazer/blazer_01b.jpg,blazer,0.731707317,0.31460053473711014,-0.31460053473711014
98,110,26,26,74,casserole/casserole_01b.jpg,casserole,0.743589744,0.6503601968288422,-0.6503601968288422
98,110,27,27,73,basketball_hoop/basketball_hoop_01b.jpg,basketball_hoop,0.725,0.5530003905296326,-0.5530003905296326
98,110,28,28,72,baklava/baklava_01s.jpg,baklava,0.702702703,0.6408770531415939,-0.6408770531415939
98,110,29,29,71,bottle/bottle_01b.jpg,bottle,0.717948718,0.41979890316724777,-0.41979890316724777
98,110,30,30,70,cabinet/cabinet_01s.jpg,cabinet,0.6,0.3538806065917015,-0.3538806065917015
98,110,31,31,69,cream/cream_01b.jpg,cream,0.769230769,0.35269422829151154,-0.35269422829151154
98,110,32,32,68,breadbox/breadbox_01b.jpg,breadbox,0.75,0.3922502100467682,-0.3922502100467682
98,110,33,33,67,cabbage/cabbage_01b.jpg,cabbage,0.682926829,2.7118531987071037,-2.7118531987071037
98,110,34,34,66,deer/deer_01b.jpg,deer,0.65,0.5601602643728256,-0.5601602643728256
98,110,35,35,65,bow1/bow1_01b.jpg,bow1,0.794871795,0.4934875965118408,-0.4934875965118408
98,110,36,36,64,cord/cord_01b.jpg,cord,0.674418605,0.4547850340604782,-0.4547850340604782
98,110,37,37,63,compass/compass_01b.jpg,compass,0.625,0.8618992269039154,-0.8618992269039154
98,110,38,38,62,barrel/barrel_01b.jpg,barrel,0.72972973,0.7104636877775192,-0.7104636877775192
98,110,39,39,61,closet/closet_01b.jpg,closet,0.756097561,0.3072531968355179,-0.3072531968355179
98,110,40,40,60,cufflink/cufflink_01b.jpg,cufflink,0.789473684,0.41509008407592773,-0.41509008407592773
98,110,41,41,59,christmas_tree/christmas_tree_01b.jpg,christmas_tree,0.780487805,0.3889242112636566,-0.3889242112636566
98,110,42,42,58,abacus/abacus_01b.jpg,abacus,0.648648649,0.6072130352258682,-0.6072130352258682
98,110,43,43,57,boat/boat_01b.jpg,boat,0.761904762,0.6436408907175064,-0.6436408907175064
98,110,44,44,56,crumb/crumb_01b.jpg,crumb,0.775,0.2845059260725975,-0.2845059260725975
98,110,45,45,55,airplane/airplane_01b.jpg,airplane,0.720930233,0.4082130566239357,-0.4082130566239357
98,110,46,46,54,dalmatian/dalmatian_01b.jpg,dalmatian,0.750609756,0.7063766419887543,-0.7063766419887543
98,110,47,47,53,cream_cheese/cream_cheese_01b.jpg,cream_cheese,0.744186047,0.41206661611795425,-0.41206661611795425
98,110,48,48,52,bamboo/bamboo_01b.jpg,bamboo,0.714285714,0.5391230285167694,-0.5391230285167694
98,110,49,49,51,barcode/barcode_01b.jpg,barcode,0.775,0.500094398856163,-0.500094398856163
98,110,50,50,50,confetti/confetti_01b.jpg,confetti,0.738095238,0.5308964997529984,-0.5308964997529984
99,111,1,1,99,curry/curry_01b.jpg,curry,0.675,0.42134155333042145,-0.42134155333042145
99,111,2,2,98,crutch/crutch_01b.jpg,crutch,0.756097561,0.7589868605136871,-0.7589868605136871
99,111,3,3,97,deer/deer_01b.jpg,deer,0.65,0.5372444242238998,-0.5372444242238998
99,111,4,4,96,binoculars/binoculars_01s.jpg,binoculars,0.595238095,0.6347701400518417,-0.6347701400518417
99,111,5,5,95,cream/cream_01b.jpg,cream,0.769230769,0.3811255991458893,-0.3811255991458893
99,111,6,6,94,barnacle/barnacle_01s.jpg,barnacle,0.75,0.5602810233831406,-0.5602810233831406
99,111,7,7,93,bamboo/bamboo_01b.jpg,bamboo,0.714285714,0.5045268535614014,-0.5045268535614014
99,111,8,8,92,compass/compass_01b.jpg,compass,0.625,1.1394209563732147,-1.1394209563732147
99,111,9,9,91,appetizer/appetizer_01b.jpg,appetizer,0.794871795,0.6931182146072388,-0.6931182146072388
99,111,10,10,90,abacus/abacus_01b.jpg,abacus,0.648648649,0.73956298828125,-0.73956298828125
99,111,11,11,89,basketball_hoop/basketball_hoop_01b.jpg,basketball_hoop,0.725,0.5836692303419113,-0.5836692303419113
99,111,12,12,88,antenna/antenna_01b.jpg,antenna,0.641025641,0.36068666726350784,-0.36068666726350784
99,111,13,13,87,cream_cheese/cream_cheese_01b.jpg,cream_cheese,0.744186047,0.36459672451019287,-0.36459672451019287
99,111,14,14,86,cord/cord_01b.jpg,cord,0.674418605,0.505008801817894,-0.505008801817894
99,111,15,15,85,crumb/crumb_01b.jpg,crumb,0.775,0.30519677326083183,-0.30519677326083183
99,111,16,16,84,buckle/buckle_01b.jpg,buckle,0.756097561,0.6716105192899704,-0.6716105192899704
99,111,17,17,83,bulldozer/bulldozer_01b.jpg,bulldozer,0.619047619,0.6204445213079453,-0.6204445213079453
99,111,18,18,82,bow1/bow1_01b.jpg,bow1,0.794871795,0.566600114107132,-0.566600114107132
99,111,19,19,81,candy_cane/candy_cane_01b.jpg,candy_cane,0.76744186,0.5373247265815735,-0.5373247265815735
99,111,20,20,80,airplane/airplane_01b.jpg,airplane,0.720930233,0.30405305325984955,-0.30405305325984955
99,111,21,21,79,coffee_table/coffee_table_01b.jpg,coffee_table,0.75,0.3276701346039772,-0.3276701346039772
99,111,22,22,78,barrel/barrel_01b.jpg,barrel,0.72972973,0.6468252837657928,-0.6468252837657928
99,111,23,23,77,cactus/cactus_01b.jpg,cactus,0.780487805,0.49792511761188507,-0.49792511761188507
99,111,24,24,76,cabinet/cabinet_01s.jpg,cabinet,0.6,0.40108970552682877,-0.40108970552682877
99,111,25,25,75,clasp/clasp_01b.jpg,clasp,0.707317073,1.2576748430728912,-1.2576748430728912
99,111,26,26,74,clipboard/clipboard_01b.jpg,clipboard,0.763157895,0.41793862730264664,-0.41793862730264664
99,111,27,27,73,cufflink/cufflink_01b.jpg,cufflink,0.789473684,0.43596310168504715,-0.43596310168504715
99,111,28,28,72,celery/celery_01b.jpg,celery,0.731707317,0.5202777534723282,-0.5202777534723282
99,111,29,29,71,blazer/blazer_01b.jpg,blazer,0.731707317,0.35708774626255035,-0.35708774626255035
99,111,30,30,70,caviar/caviar_01b.jpg,caviar,0.785714286,0.6559074521064758,-0.6559074521064758
99,111,31,31,69,artichoke/artichoke_01b.jpg,artichoke,0.658536585,0.6905336976051331,-0.6905336976051331
99,111,32,32,68,closet/closet_01b.jpg,closet,0.756097561,0.335315503180027,-0.335315503180027
99,111,33,33,67,bottle/bottle_01b.jpg,bottle,0.717948718,0.44162508845329285,-0.44162508845329285
99,111,34,34,66,dishwashing_liquid/dishwashing_liquid_01b.jpg,dishwashing_liquid,0.731707317,0.4436354488134384,-0.4436354488134384
99,111,35,35,65,christmas_tree/christmas_tree_01b.jpg,christmas_tree,0.780487805,0.4312781020998955,-0.4312781020998955
99,111,36,36,64,breadbox/breadbox_01b.jpg,breadbox,0.75,0.39135605841875076,-0.39135605841875076
99,111,37,37,63,clover/clover_01b.jpg,clover,0.69047619,0.4319922477006912,-0.4319922477006912
99,111,38,38,62,baklava/baklava_01s.jpg,baklava,0.702702703,0.5379247963428497,-0.5379247963428497
99,111,39,39,61,boat/boat_01b.jpg,boat,0.761904762,0.6133437603712082,-0.6133437603712082
99,111,40,40,60,alligator/alligator_01b.jpg,alligator,0.785714286,0.45687007158994675,-0.45687007158994675
99,111,41,41,59,banner/banner_01b.jpg,banner,0.789473684,0.5182258486747742,-0.5182258486747742
99,111,42,42,58,cardinal/cardinal_01b.jpg,cardinal,0.775,0.5341366082429886,-0.5341366082429886
99,111,43,43,57,cabbage/cabbage_01b.jpg,cabbage,0.682926829,0.9046919122338295,-0.9046919122338295
99,111,44,44,56,barcode/barcode_01b.jpg,barcode,0.775,0.5530198812484741,-0.5530198812484741
99,111,45,45,55,casserole/casserole_01b.jpg,casserole,0.743589744,0.5413967370986938,-0.5413967370986938
99,111,46,46,54,confetti/confetti_01b.jpg,confetti,0.738095238,0.477552130818367,-0.477552130818367
99,111,47,47,53,dishrag/dishrag_01b.jpg,dishrag,0.697674419,0.37088601291179657,-0.37088601291179657
99,111,48,48,52,dalmatian/dalmatian_01b.jpg,dalmatian,0.750609756,0.7241330742835999,-0.7241330742835999
99,111,49,49,51,cannonball/cannonball_01b.jpg,cannonball,0.725,0.5153653174638748,-0.5153653174638748
99,111,50,50,50,brussels_sprouts/brussels_sprouts_01b.jpg,brussels_sprouts,0.7,0.7861762642860413,-0.7861762642860413
100,112,1,1,99,casserole/casserole_01b.jpg,casserole,0.743589744,0.7686258107423782,-0.7686258107423782
100,112,2,2,98,cufflink/cufflink_01b.jpg,cufflink,0.789473684,0.41504790633916855,-0.41504790633916855
100,112,3,3,97,bamboo/bamboo_01b.jpg,bamboo,0.714285714,0.5112114399671555,-0.5112114399671555
100,112,4,4,96,bottle/bottle_01b.jpg,bottle,0.717948718,0.42574311792850494,-0.42574311792850494
100,112,5,5,95,basketball_hoop/basketball_hoop_01b.jpg,basketball_hoop,0.725,0.6187184602022171,-0.6187184602022171
100,112,6,6,94,closet/closet_01b.jpg,closet,0.756097561,0.31006576865911484,-0.31006576865911484
100,112,7,7,93,cream_cheese/cream_cheese_01b.jpg,cream_cheese,0.744186047,0.4428578391671181,-0.4428578391671181
100,112,8,8,92,cord/cord_01b.jpg,cord,0.674418605,0.52680304646492,-0.52680304646492
100,112,9,9,91,dishwashing_liquid/dishwashing_liquid_01b.jpg,dishwashing_liquid,0.731707317,0.4465179741382599,-0.4465179741382599
100,112,10,10,90,crutch/crutch_01b.jpg,crutch,0.756097561,0.6535620391368866,-0.6535620391368866
100,112,11,11,89,dalmatian/dalmatian_01b.jpg,dalmatian,0.750609756,0.7548605054616928,-0.7548605054616928
100,112,12,12,88,compass/compass_01b.jpg,compass,0.625,1.0678391605615616,-1.0678391605615616
100,112,13,13,87,bulldozer/bulldozer_01b.jpg,bulldozer,0.619047619,0.5863499343395233,-0.5863499343395233
100,112,14,14,86,cardinal/cardinal_01b.jpg,cardinal,0.775,0.7183416783809662,-0.7183416783809662
100,112,15,15,85,boat/boat_01b.jpg,boat,0.761904762,0.7524082660675049,-0.7524082660675049
100,112,16,16,84,cabinet/cabinet_01s.jpg,cabinet,0.6,0.375567227602005,-0.375567227602005
100,112,17,17,83,defibrillator/defibrillator_01b.jpg,defibrillator,0.55,0.6619239747524261,-0.6619239747524261
100,112,18,18,82,artichoke/artichoke_01b.jpg,artichoke,0.658536585,0.8571054562926292,-0.8571054562926292
100,112,19,19,81,clover/clover_01b.jpg,clover,0.69047619,0.5101713240146637,-0.5101713240146637
100,112,20,20,80,dishrag/dishrag_01b.jpg,dishrag,0.697674419,0.3280320018529892,-0.3280320018529892
100,112,21,21,79,appetizer/appetizer_01b.jpg,appetizer,0.794871795,0.8534910827875137,-0.8534910827875137
100,112,22,22,78,coffee_table/coffee_table_01b.jpg,coffee_table,0.75,0.29086948931217194,-0.29086948931217194
100,112,23,23,77,caviar/caviar_01b.jpg,caviar,0.785714286,0.5923570245504379,-0.5923570245504379
100,112,24,24,76,antenna/antenna_01b.jpg,antenna,0.641025641,0.3672841936349869,-0.3672841936349869
100,112,25,25,75,barrel/barrel_01b.jpg,barrel,0.72972973,0.85761758685112,-0.85761758685112
100,112,26,26,74,cannonball/cannonball_01b.jpg,cannonball,0.725,0.5962900966405869,-0.5962900966405869
100,112,27,27,73,alligator/alligator_01b.jpg,alligator,0.785714286,0.5274358168244362,-0.5274358168244362
100,112,28,28,72,barcode/barcode_01b.jpg,barcode,0.775,0.5275046601891518,-0.5275046601891518
100,112,29,29,71,deer/deer_01b.jpg,deer,0.65,0.5517639368772507,-0.5517639368772507
100,112,30,30,70,abacus/abacus_01b.jpg,abacus,0.648648649,0.8062045723199844,-0.8062045723199844
100,112,31,31,69,cabbage/cabbage_01b.jpg,cabbage,0.682926829,0.9879462495446205,-0.9879462495446205
100,112,32,32,68,clasp/clasp_01b.jpg,clasp,0.707317073,1.0825242698192596,-1.0825242698192596
100,112,33,33,67,candy_cane/candy_cane_01b.jpg,candy_cane,0.76744186,0.6150706708431244,-0.6150706708431244
100,112,34,34,66,banner/banner_01b.jpg,banner,0.789473684,0.4727219045162201,-0.4727219045162201
100,112,35,35,65,baklava/baklava_01s.jpg,baklava,0.702702703,0.5434868782758713,-0.5434868782758713
100,112,36,36,64,celery/celery_01b.jpg,celery,0.731707317,0.559925451874733,-0.559925451874733
100,112,37,37,63,binoculars/binoculars_01s.jpg,binoculars,0.595238095,0.441909097135067,-0.441909097135067
100,112,38,38,62,cactus/cactus_01b.jpg,cactus,0.780487805,0.5700249075889587,-0.5700249075889587
100,112,39,39,61,buckle/buckle_01b.jpg,buckle,0.756097561,0.6617164015769958,-0.6617164015769958
100,112,40,40,60,brussels_sprouts/brussels_sprouts_01b.jpg,brussels_sprouts,0.7,0.9547547549009323,-0.9547547549009323
100,112,41,41,59,blazer/blazer_01b.jpg,blazer,0.731707317,0.32390686124563217,-0.32390686124563217
100,112,42,42,58,curry/curry_01b.jpg,curry,0.675,0.4460257738828659,-0.4460257738828659
100,112,43,43,57,confetti/confetti_01b.jpg,confetti,0.738095238,0.6307809948921204,-0.6307809948921204
100,112,44,44,56,barnacle/barnacle_01s.jpg,barnacle,0.75,0.5638657510280609,-0.5638657510280609
100,112,45,45,55,christmas_tree/christmas_tree_01b.jpg,christmas_tree,0.780487805,0.39642228186130524,-0.39642228186130524
100,112,46,46,54,airplane/airplane_01b.jpg,airplane,0.720930233,0.39807872474193573,-0.39807872474193573
100,112,47,47,53,cream/cream_01b.jpg,cream,0.769230769,0.38141926378011703,-0.38141926378011703
100,112,48,48,52,clipboard/clipboard_01b.jpg,clipboard,0.763157895,0.3386966586112976,-0.3386966586112976
100,112,49,49,51,crumb/crumb_01b.jpg,crumb,0.775,0.31183867156505585,-0.31183867156505585
100,112,50,50,50,breadbox/breadbox_01b.jpg,breadbox,0.75,0.4046994298696518,-0.4046994298696518
101,113,1,1,99,airplane/airplane_01b.jpg,airplane,0.720930233,0.3689665198326111,-0.3689665198326111
101,113,2,2,98,basketball_hoop/basketball_hoop_01b.jpg,basketball_hoop,0.725,0.6971518248319626,-0.6971518248319626
101,113,3,3,97,cardinal/cardinal_01b.jpg,cardinal,0.775,1.13288114964962,-1.13288114964962
101,113,4,4,96,dishwashing_liquid/dishwashing_liquid_01b.jpg,dishwashing_liquid,0.731707317,0.5046739280223846,-0.5046739280223846
101,113,5,5,95,blazer/blazer_01b.jpg,blazer,0.731707317,0.3787354528903961,-0.3787354528903961
101,113,6,6,94,caviar/caviar_01b.jpg,caviar,0.785714286,0.6677050739526749,-0.6677050739526749
101,113,7,7,93,dalmatian/dalmatian_01b.jpg,dalmatian,0.750609756,0.8901565074920654,-0.8901565074920654
101,113,8,8,92,brake/brake_01b.jpg,brake,0.463414634,0.31891218572854996,-0.31891218572854996
101,113,9,9,91,celery/celery_01b.jpg,celery,0.731707317,0.5401766002178192,-0.5401766002178192
101,113,10,10,90,cabinet/cabinet_01s.jpg,cabinet,0.6,0.3950422778725624,-0.3950422778725624
101,113,11,11,89,clover/clover_01b.jpg,clover,0.69047619,0.4566357135772705,-0.4566357135772705
101,113,12,12,88,cactus/cactus_01b.jpg,cactus,0.780487805,0.6367786526679993,-0.6367786526679993
101,113,13,13,87,casserole/casserole_01b.jpg,casserole,0.743589744,0.7992594838142395,-0.7992594838142395
101,113,14,14,86,clipboard/clipboard_01b.jpg,clipboard,0.763157895,0.44855163991451263,-0.44855163991451263
101,113,15,15,85,binoculars/binoculars_01s.jpg,binoculars,0.595238095,0.4159252941608429,-0.4159252941608429
101,113,16,16,84,buckle/buckle_01b.jpg,buckle,0.756097561,0.6992076486349106,-0.6992076486349106
101,113,17,17,83,banner/banner_01b.jpg,banner,0.789473684,0.4234842360019684,-0.4234842360019684
101,113,18,18,82,crutch/crutch_01b.jpg,crutch,0.756097561,0.6252479553222656,-0.6252479553222656
101,113,19,19,81,abacus/abacus_01b.jpg,abacus,0.648648649,0.7960481941699982,-0.7960481941699982
101,113,20,20,80,coffee_table/coffee_table_01b.jpg,coffee_table,0.75,0.2670418247580528,-0.2670418247580528
101,113,21,21,79,compass/compass_01b.jpg,compass,0.625,1.1065854281187057,-1.1065854281187057
101,113,22,22,78,curry/curry_01b.jpg,curry,0.675,0.5044041723012924,-0.5044041723012924
101,113,23,23,77,baklava/baklava_01s.jpg,baklava,0.702702703,0.5318686366081238,-0.5318686366081238
101,113,24,24,76,candy_cane/candy_cane_01b.jpg,candy_cane,0.76744186,0.5205913782119751,-0.5205913782119751
101,113,25,25,75,barrel/barrel_01b.jpg,barrel,0.72972973,0.856944739818573,-0.856944739818573
101,113,26,26,74,artichoke/artichoke_01b.jpg,artichoke,0.658536585,0.8142002299427986,-0.8142002299427986
101,113,27,27,73,cream_cheese/cream_cheese_01b.jpg,cream_cheese,0.744186047,0.35541871935129166,-0.35541871935129166
101,113,28,28,72,dishrag/dishrag_01b.jpg,dishrag,0.697674419,0.29438336938619614,-0.29438336938619614
101,113,29,29,71,antenna/antenna_01b.jpg,antenna,0.641025641,0.3920079246163368,-0.3920079246163368
101,113,30,30,70,cabbage/cabbage_01b.jpg,cabbage,0.682926829,0.8311902433633804,-0.8311902433633804
101,113,31,31,69,cord/cord_01b.jpg,cord,0.674418605,0.4708576053380966,-0.4708576053380966
101,113,32,32,68,cream/cream_01b.jpg,cream,0.769230769,0.3515316992998123,-0.3515316992998123
101,113,33,33,67,crumb/crumb_01b.jpg,crumb,0.775,0.25240451097488403,-0.25240451097488403
101,113,34,34,66,bamboo/bamboo_01b.jpg,bamboo,0.714285714,0.4430590122938156,-0.4430590122938156
101,113,35,35,65,breadbox/breadbox_01b.jpg,breadbox,0.75,0.36275964230298996,-0.36275964230298996
101,113,36,36,64,boat/boat_01b.jpg,boat,0.761904762,0.6234667748212814,-0.6234667748212814
101,113,37,37,63,deer/deer_01b.jpg,deer,0.65,0.4954509437084198,-0.4954509437084198
101,113,38,38,62,bottle/bottle_01b.jpg,bottle,0.717948718,0.41131076216697693,-0.41131076216697693
101,113,39,39,61,bulldozer/bulldozer_01b.jpg,bulldozer,0.619047619,0.5776433944702148,-0.5776433944702148
101,113,40,40,60,christmas_tree/christmas_tree_01b.jpg,christmas_tree,0.780487805,0.392569437623024,-0.392569437623024
101,113,41,41,59,confetti/confetti_01b.jpg,confetti,0.738095238,0.5127721726894379,-0.5127721726894379
101,113,42,42,58,brussels_sprouts/brussels_sprouts_01b.jpg,brussels_sprouts,0.7,0.854077935218811,-0.854077935218811
101,113,43,43,57,cannonball/cannonball_01b.jpg,cannonball,0.725,0.4909803569316864,-0.4909803569316864
101,113,44,44,56,closet/closet_01b.jpg,closet,0.756097561,0.30557550489902496,-0.30557550489902496
101,113,45,45,55,barnacle/barnacle_01s.jpg,barnacle,0.75,0.5121129304170609,-0.5121129304170609
101,113,46,46,54,cufflink/cufflink_01b.jpg,cufflink,0.789473684,0.37108609080314636,-0.37108609080314636
101,113,47,47,53,clasp/clasp_01b.jpg,clasp,0.707317073,0.9512300491333008,-0.9512300491333008
101,113,48,48,52,alligator/alligator_01b.jpg,alligator,0.785714286,0.5296235308051109,-0.5296235308051109
101,113,49,49,51,barcode/barcode_01b.jpg,barcode,0.775,0.5217083394527435,-0.5217083394527435
101,113,50,50,50,defibrillator/defibrillator_01b.jpg,defibrillator,0.55,0.6392707526683807,-0.6392707526683807
102,114,1,1,99,banner/banner_01b.jpg,banner,0.789473684,0.4976281374692917,-0.4976281374692917
102,114,2,2,98,brake/brake_01b.jpg,brake,0.463414634,0.42863626033067703,-0.42863626033067703
102,114,3,3,97,airplane/airplane_01b.jpg,airplane,0.720930233,0.44248340278863907,-0.44248340278863907
102,114,4,4,96,cream_cheese/cream_cheese_01b.jpg,cream_cheese,0.744186047,0.46536995470523834,-0.46536995470523834
102,114,5,5,95,clasp/clasp_01b.jpg,clasp,0.707317073,1.082255333662033,-1.082255333662033
102,114,6,6,94,boat/boat_01b.jpg,boat,0.761904762,0.6864223331212997,-0.6864223331212997
102,114,7,7,93,breadbox/breadbox_01b.jpg,breadbox,0.75,0.4053694009780884,-0.4053694009780884
102,114,8,8,92,deer/deer_01b.jpg,deer,0.65,0.5463336408138275,-0.5463336408138275
102,114,9,9,91,defibrillator/defibrillator_01b.jpg,defibrillator,0.55,0.6910165548324585,-0.6910165548324585
102,114,10,10,90,closet/closet_01b.jpg,closet,0.756097561,0.29676755517721176,-0.29676755517721176
102,114,11,11,89,coffee_table/coffee_table_01b.jpg,coffee_table,0.75,0.3053313195705414,-0.3053313195705414
102,114,12,12,88,compass/compass_01b.jpg,compass,0.625,1.0326728820800781,-1.0326728820800781
102,114,13,13,87,blazer/blazer_01b.jpg,blazer,0.731707317,0.33976224809885025,-0.33976224809885025
102,114,14,14,86,confetti/confetti_01b.jpg,confetti,0.738095238,0.5882675796747208,-0.5882675796747208
102,114,15,15,85,cord/cord_01b.jpg,cord,0.674418605,0.5650023072957993,-0.5650023072957993
102,114,16,16,84,cactus/cactus_01b.jpg,cactus,0.780487805,0.6420929878950119,-0.6420929878950119
102,114,17,17,83,abacus/abacus_01b.jpg,abacus,0.648648649,0.7786688655614853,-0.7786688655614853
102,114,18,18,82,barnacle/barnacle_01s.jpg,barnacle,0.75,0.5611415952444077,-0.5611415952444077
102,114,19,19,81,clover/clover_01b.jpg,clover,0.69047619,0.5034954249858856,-0.5034954249858856
102,114,20,20,80,cannonball/cannonball_01b.jpg,cannonball,0.725,0.537177637219429,-0.537177637219429
102,114,21,21,79,curry/curry_01b.jpg,curry,0.675,0.45780450105667114,-0.45780450105667114
102,114,22,22,78,crumb/crumb_01b.jpg,crumb,0.775,0.2886052876710892,-0.2886052876710892
102,114,23,23,77,baklava/baklava_01s.jpg,baklava,0.702702703,0.5102578699588776,-0.5102578699588776
102,114,24,24,76,bottle/bottle_01b.jpg,bottle,0.717948718,0.4345158487558365,-0.4345158487558365
102,114,25,25,75,barcode/barcode_01b.jpg,barcode,0.775,0.587020754814148,-0.587020754814148
102,114,26,26,74,cabbage/cabbage_01b.jpg,cabbage,0.682926829,0.7727366015315056,-0.7727366015315056
102,114,27,27,73,dishrag/dishrag_01b.jpg,dishrag,0.697674419,0.338159903883934,-0.338159903883934
102,114,28,28,72,celery/celery_01b.jpg,celery,0.731707317,0.5251850932836533,-0.5251850932836533
102,114,29,29,71,casserole/casserole_01b.jpg,casserole,0.743589744,0.7136358618736267,-0.7136358618736267
102,114,30,30,70,binoculars/binoculars_01s.jpg,binoculars,0.595238095,0.40148695558309555,-0.40148695558309555
102,114,31,31,69,dishwashing_liquid/dishwashing_liquid_01b.jpg,dishwashing_liquid,0.731707317,0.4394901543855667,-0.4394901543855667
102,114,32,32,68,caviar/caviar_01b.jpg,caviar,0.785714286,0.5508766174316406,-0.5508766174316406
102,114,33,33,67,alligator/alligator_01b.jpg,alligator,0.785714286,0.5285834670066833,-0.5285834670066833
102,114,34,34,66,barrel/barrel_01b.jpg,barrel,0.72972973,0.7523951828479767,-0.7523951828479767
102,114,35,35,65,buckle/buckle_01b.jpg,buckle,0.756097561,0.566990539431572,-0.566990539431572
102,114,36,36,64,bulldozer/bulldozer_01b.jpg,bulldozer,0.619047619,0.5949801653623581,-0.5949801653623581
102,114,37,37,63,bamboo/bamboo_01b.jpg,bamboo,0.714285714,0.48165570199489594,-0.48165570199489594
102,114,38,38,62,clipboard/clipboard_01b.jpg,clipboard,0.763157895,0.36284974217414856,-0.36284974217414856
102,114,39,39,61,christmas_tree/christmas_tree_01b.jpg,christmas_tree,0.780487805,0.3743133097887039,-0.3743133097887039
102,114,40,40,60,dalmatian/dalmatian_01b.jpg,dalmatian,0.750609756,0.6980101615190506,-0.6980101615190506
102,114,41,41,59,artichoke/artichoke_01b.jpg,artichoke,0.658536585,0.7166549190878868,-0.7166549190878868
102,114,42,42,58,cabinet/cabinet_01s.jpg,cabinet,0.6,0.369733564555645,-0.369733564555645
102,114,43,43,57,candy_cane/candy_cane_01b.jpg,candy_cane,0.76744186,0.6014508157968521,-0.6014508157968521
102,114,44,44,56,cream/cream_01b.jpg,cream,0.769230769,0.3801489323377609,-0.3801489323377609
102,114,45,45,55,anklet/anklet_01b.jpg,anklet,0.95,0.3648219183087349,-0.3648219183087349
102,114,46,46,54,cardinal/cardinal_01b.jpg,cardinal,0.775,0.5887168645858765,-0.5887168645858765
102,114,47,47,53,basketball_hoop/basketball_hoop_01b.jpg,basketball_hoop,0.725,0.6041021794080734,-0.6041021794080734
102,114,48,48,52,antenna/antenna_01b.jpg,antenna,0.641025641,0.41500990837812424,-0.41500990837812424
102,114,49,49,51,crutch/crutch_01b.jpg,crutch,0.756097561,0.5890473127365112,-0.5890473127365112
102,114,50,50,50,brussels_sprouts/brussels_sprouts_01b.jpg,brussels_sprouts,0.7,0.8573803305625916,-0.8573803305625916
103,115,1,1,99,cream_cheese/cream_cheese_01b.jpg,cream_cheese,0.744186047,0.44925357401371,-0.44925357401371
103,115,2,2,98,blower/blower_01b.jpg,blower,0.928571429,0.45218606293201447,-0.45218606293201447
103,115,3,3,97,dishrag/dishrag_01b.jpg,dishrag,0.697674419,0.4068532809615135,-0.4068532809615135
103,115,4,4,96,defibrillator/defibrillator_01b.jpg,defibrillator,0.55,0.6895128637552261,-0.6895128637552261
103,115,5,5,95,blazer/blazer_01b.jpg,blazer,0.731707317,0.3160394877195358,-0.3160394877195358
103,115,6,6,94,casserole/casserole_01b.jpg,casserole,0.743589744,0.7778474688529968,-0.7778474688529968
103,115,7,7,93,coffee_table/coffee_table_01b.jpg,coffee_table,0.75,0.3256547972559929,-0.3256547972559929
103,115,8,8,92,cord/cord_01b.jpg,cord,0.674418605,0.5339562892913818,-0.5339562892913818
103,115,9,9,91,clasp/clasp_01b.jpg,clasp,0.707317073,0.8702232241630554,-0.8702232241630554
103,115,10,10,90,bottle/bottle_01b.jpg,bottle,0.717948718,0.42196787893772125,-0.42196787893772125
103,115,11,11,89,dalmatian/dalmatian_01b.jpg,dalmatian,0.750609756,0.6036126837134361,-0.6036126837134361
103,115,12,12,88,candy_cane/candy_cane_01b.jpg,candy_cane,0.76744186,0.5274001508951187,-0.5274001508951187
103,115,13,13,87,deer/deer_01b.jpg,deer,0.65,0.5349607020616531,-0.5349607020616531
103,115,14,14,86,boat/boat_01b.jpg,boat,0.761904762,0.6430060267448425,-0.6430060267448425
103,115,15,15,85,curry/curry_01b.jpg,curry,0.675,0.8506259173154831,-0.8506259173154831
103,115,16,16,84,brake/brake_01b.jpg,brake,0.463414634,0.40353649109601974,-0.40353649109601974
103,115,17,17,83,clover/clover_01b.jpg,clover,0.69047619,0.5238727331161499,-0.5238727331161499
103,115,18,18,82,airplane/airplane_01b.jpg,airplane,0.720930233,0.44732581824064255,-0.44732581824064255
103,115,19,19,81,antenna/antenna_01b.jpg,antenna,0.641025641,0.38787083327770233,-0.38787083327770233
103,115,20,20,80,baklava/baklava_01s.jpg,baklava,0.702702703,0.6145050376653671,-0.6145050376653671
103,115,21,21,79,bulldozer/bulldozer_01b.jpg,bulldozer,0.619047619,0.6127588003873825,-0.6127588003873825
103,115,22,22,78,cannonball/cannonball_01b.jpg,cannonball,0.725,0.5531686842441559,-0.5531686842441559
103,115,23,23,77,clipboard/clipboard_01b.jpg,clipboard,0.763157895,0.391974613070488,-0.391974613070488
103,115,24,24,76,christmas_tree/christmas_tree_01b.jpg,christmas_tree,0.780487805,0.38240040093660355,-0.38240040093660355
103,115,25,25,75,breadbox/breadbox_01b.jpg,breadbox,0.75,0.4133347272872925,-0.4133347272872925
103,115,26,26,74,barrel/barrel_01b.jpg,barrel,0.72972973,0.6573359668254852,-0.6573359668254852
103,115,27,27,73,brussels_sprouts/brussels_sprouts_01b.jpg,brussels_sprouts,0.7,0.8729971796274185,-0.8729971796274185
103,115,28,28,72,compass/compass_01b.jpg,compass,0.625,0.8281718194484711,-0.8281718194484711
103,115,29,29,71,celery/celery_01b.jpg,celery,0.731707317,0.8499335497617722,-0.8499335497617722
103,115,30,30,70,dishwashing_liquid/dishwashing_liquid_01b.jpg,dishwashing_liquid,0.731707317,0.4058990105986595,-0.4058990105986595
103,115,31,31,69,confetti/confetti_01b.jpg,confetti,0.738095238,0.5532505810260773,-0.5532505810260773
103,115,32,32,68,barcode/barcode_01b.jpg,barcode,0.775,0.5285388454794884,-0.5285388454794884
103,115,33,33,67,binoculars/binoculars_01s.jpg,binoculars,0.595238095,0.4473869353532791,-0.4473869353532791
103,115,34,34,66,alligator/alligator_01b.jpg,alligator,0.785714286,0.5525992438197136,-0.5525992438197136
103,115,35,35,65,artichoke/artichoke_01b.jpg,artichoke,0.658536585,1.024140641093254,-1.024140641093254
103,115,36,36,64,crutch/crutch_01b.jpg,crutch,0.756097561,0.5205700248479843,-0.5205700248479843
103,115,37,37,63,crumb/crumb_01b.jpg,crumb,0.775,0.2918795123696327,-0.2918795123696327
103,115,38,38,62,cabinet/cabinet_01s.jpg,cabinet,0.6,0.39382384717464447,-0.39382384717464447
103,115,39,39,61,barnacle/barnacle_01s.jpg,barnacle,0.75,0.5703090578317642,-0.5703090578317642
103,115,40,40,60,cactus/cactus_01b.jpg,cactus,0.780487805,1.5090088844299316,-1.5090088844299316
103,115,41,41,59,cardinal/cardinal_01b.jpg,cardinal,0.775,0.5799107253551483,-0.5799107253551483
103,115,42,42,58,cream/cream_01b.jpg,cream,0.769230769,0.4115808755159378,-0.4115808755159378
103,115,43,43,57,anklet/anklet_01b.jpg,anklet,0.95,0.31746768206357956,-0.31746768206357956
103,115,44,44,56,closet/closet_01b.jpg,closet,0.756097561,0.3245411142706871,-0.3245411142706871
103,115,45,45,55,basketball_hoop/basketball_hoop_01b.jpg,basketball_hoop,0.725,0.5927804410457611,-0.5927804410457611
103,115,46,46,54,caviar/caviar_01b.jpg,caviar,0.785714286,0.6117241084575653,-0.6117241084575653
103,115,47,47,53,buckle/buckle_01b.jpg,buckle,0.756097561,0.5932444483041763,-0.5932444483041763
103,115,48,48,52,abacus/abacus_01b.jpg,abacus,0.648648649,0.7001071572303772,-0.7001071572303772
103,115,49,49,51,cabbage/cabbage_01b.jpg,cabbage,0.682926829,0.8186631202697754,-0.8186631202697754
103,115,50,50,50,bamboo/bamboo_01b.jpg,bamboo,0.714285714,0.4815620481967926,-0.4815620481967926
104,116,1,1,99,basketball_hoop/basketball_hoop_01b.jpg,basketball_hoop,0.725,0.6867626756429672,-0.6867626756429672
104,116,2,2,98,bamboo/bamboo_01b.jpg,bamboo,0.714285714,0.47451701760292053,-0.47451701760292053
104,116,3,3,97,clover/clover_01b.jpg,clover,0.69047619,0.47220510244369507,-0.47220510244369507
104,116,4,4,96,cactus/cactus_01b.jpg,cactus,0.780487805,0.5576346665620804,-0.5576346665620804
104,116,5,5,95,closet/closet_01b.jpg,closet,0.756097561,0.2975429370999336,-0.2975429370999336
104,116,6,6,94,binoculars/binoculars_01s.jpg,binoculars,0.595238095,0.5068057104945183,-0.5068057104945183
104,116,7,7,93,christmas_tree/christmas_tree_01b.jpg,christmas_tree,0.780487805,0.4125533252954483,-0.4125533252954483
104,116,8,8,92,barrel/barrel_01b.jpg,barrel,0.72972973,0.884185791015625,-0.884185791015625
104,116,9,9,91,antenna/antenna_01b.jpg,antenna,0.641025641,0.33310092985630035,-0.33310092985630035
104,116,10,10,90,cannonball/cannonball_01b.jpg,cannonball,0.725,0.5607707798480988,-0.5607707798480988
104,116,11,11,89,artichoke/artichoke_01b.jpg,artichoke,0.658536585,0.9475557953119278,-0.9475557953119278
104,116,12,12,88,cardinal/cardinal_01b.jpg,cardinal,0.775,0.7654107958078384,-0.7654107958078384
104,116,13,13,87,breadbox/breadbox_01b.jpg,breadbox,0.75,0.3683921992778778,-0.3683921992778778
104,116,14,14,86,celery/celery_01b.jpg,celery,0.731707317,0.4707026779651642,-0.4707026779651642
104,116,15,15,85,crumb/crumb_01b.jpg,crumb,0.775,0.3304295539855957,-0.3304295539855957
104,116,16,16,84,crutch/crutch_01b.jpg,crutch,0.756097561,0.5736620277166367,-0.5736620277166367
104,116,17,17,83,coffee_table/coffee_table_01b.jpg,coffee_table,0.75,0.2624766305088997,-0.2624766305088997
104,116,18,18,82,curry/curry_01b.jpg,curry,0.675,0.4738064110279083,-0.4738064110279083
104,116,19,19,81,cream_cheese/cream_cheese_01b.jpg,cream_cheese,0.744186047,0.40111201256513596,-0.40111201256513596
104,116,20,20,80,compass/compass_01b.jpg,compass,0.625,1.0271263867616653,-1.0271263867616653
104,116,21,21,79,dishrag/dishrag_01b.jpg,dishrag,0.697674419,0.3191857486963272,-0.3191857486963272
104,116,22,22,78,cabbage/cabbage_01b.jpg,cabbage,0.682926829,0.9572301805019379,-0.9572301805019379
104,116,23,23,77,cabinet/cabinet_01s.jpg,cabinet,0.6,0.35897747427225113,-0.35897747427225113
104,116,24,24,76,dalmatian/dalmatian_01b.jpg,dalmatian,0.750609756,0.8186134248971939,-0.8186134248971939
104,116,25,25,75,boat/boat_01b.jpg,boat,0.761904762,0.734484851360321,-0.734484851360321
104,116,26,26,74,defibrillator/defibrillator_01b.jpg,defibrillator,0.55,0.5978066921234131,-0.5978066921234131
104,116,27,27,73,blower/blower_01b.jpg,blower,0.928571429,0.42833544313907623,-0.42833544313907623
104,116,28,28,72,cord/cord_01b.jpg,cord,0.674418605,0.4937390387058258,-0.4937390387058258
104,116,29,29,71,baklava/baklava_01s.jpg,baklava,0.702702703,0.6463292837142944,-0.6463292837142944
104,116,30,30,70,blazer/blazer_01b.jpg,blazer,0.731707317,0.34872937947511673,-0.34872937947511673
104,116,31,31,69,candy_cane/candy_cane_01b.jpg,candy_cane,0.76744186,0.5312265008687973,-0.5312265008687973
104,116,32,32,68,airplane/airplane_01b.jpg,airplane,0.720930233,0.3465002328157425,-0.3465002328157425
104,116,33,33,67,anklet/anklet_01b.jpg,anklet,0.95,0.3107811361551285,-0.3107811361551285
104,116,34,34,66,casserole/casserole_01b.jpg,casserole,0.743589744,0.7496939152479172,-0.7496939152479172
104,116,35,35,65,bulldozer/bulldozer_01b.jpg,bulldozer,0.619047619,0.5226760506629944,-0.5226760506629944
104,116,36,36,64,confetti/confetti_01b.jpg,confetti,0.738095238,0.562062993645668,-0.562062993645668
104,116,37,37,63,dishwashing_liquid/dishwashing_liquid_01b.jpg,dishwashing_liquid,0.731707317,0.4666327238082886,-0.4666327238082886
104,116,38,38,62,clasp/clasp_01b.jpg,clasp,0.707317073,0.9732166826725006,-0.9732166826725006
104,116,39,39,61,brussels_sprouts/brussels_sprouts_01b.jpg,brussels_sprouts,0.7,0.908916100859642,-0.908916100859642
104,116,40,40,60,cream/cream_01b.jpg,cream,0.769230769,0.39693407714366913,-0.39693407714366913
104,116,41,41,59,barnacle/barnacle_01s.jpg,barnacle,0.75,0.5651140511035919,-0.5651140511035919
104,116,42,42,58,deer/deer_01b.jpg,deer,0.65,0.5262498110532761,-0.5262498110532761
104,116,43,43,57,abacus/abacus_01b.jpg,abacus,0.648648649,0.7686786204576492,-0.7686786204576492
104,116,44,44,56,barcode/barcode_01b.jpg,barcode,0.775,0.4980705976486206,-0.4980705976486206
104,116,45,45,55,brake/brake_01b.jpg,brake,0.463414634,0.33435720205307007,-0.33435720205307007
104,116,46,46,54,bottle/bottle_01b.jpg,bottle,0.717948718,0.39485808461904526,-0.39485808461904526
104,116,47,47,53,alligator/alligator_01b.jpg,alligator,0.785714286,0.5209799110889435,-0.5209799110889435
104,116,48,48,52,buckle/buckle_01b.jpg,buckle,0.756097561,0.5824211984872818,-0.5824211984872818
104,116,49,49,51,clipboard/clipboard_01b.jpg,clipboard,0.763157895,0.3434660956263542,-0.3434660956263542
104,116,50,50,50,bib/bib_01n.jpg,bib,0.925,0.49020302295684814,-0.49020302295684814
105,117,1,1,99,baklava/baklava_01s.jpg,baklava,0.702702703,0.4218789339065552,-0.4218789339065552
105,117,2,2,98,clipboard/clipboard_01b.jpg,clipboard,0.763157895,0.7264988794922829,-0.7264988794922829
105,117,3,3,97,blower/blower_01b.jpg,blower,0.928571429,0.3931487053632736,-0.3931487053632736
105,117,4,4,96,clasp/clasp_01b.jpg,clasp,0.707317073,1.0180124640464783,-1.0180124640464783
105,117,5,5,95,casserole/casserole_01b.jpg,casserole,0.743589744,0.6555143296718597,-0.6555143296718597
105,117,6,6,94,buckle/buckle_01b.jpg,buckle,0.756097561,0.6407953649759293,-0.6407953649759293
105,117,7,7,93,barcode/barcode_01b.jpg,barcode,0.775,0.4841799885034561,-0.4841799885034561
105,117,8,8,92,blazer/blazer_01b.jpg,blazer,0.731707317,0.35110896825790405,-0.35110896825790405
105,117,9,9,91,cactus/cactus_01b.jpg,cactus,0.780487805,0.5219298452138901,-0.5219298452138901
105,117,10,10,90,artichoke/artichoke_01b.jpg,artichoke,0.658536585,0.7979992628097534,-0.7979992628097534
105,117,11,11,89,defibrillator/defibrillator_01b.jpg,defibrillator,0.55,0.6036518812179565,-0.6036518812179565
105,117,12,12,88,bottle/bottle_01b.jpg,bottle,0.717948718,0.3826948255300522,-0.3826948255300522
105,117,13,13,87,crumb/crumb_01b.jpg,crumb,0.775,0.2728145271539688,-0.2728145271539688
105,117,14,14,86,cabinet/cabinet_01s.jpg,cabinet,0.6,0.3700922802090645,-0.3700922802090645
105,117,15,15,85,antenna/antenna_01b.jpg,antenna,0.641025641,0.31854572892189026,-0.31854572892189026
105,117,16,16,84,dishrag/dishrag_01b.jpg,dishrag,0.697674419,0.3446075841784477,-0.3446075841784477
105,117,17,17,83,anklet/anklet_01b.jpg,anklet,0.95,0.2972424253821373,-0.2972424253821373
105,117,18,18,82,breadbox/breadbox_01b.jpg,breadbox,0.75,0.3657587245106697,-0.3657587245106697
105,117,19,19,81,bamboo/bamboo_01b.jpg,bamboo,0.714285714,0.44888070225715637,-0.44888070225715637
105,117,20,20,80,cream/cream_01b.jpg,cream,0.769230769,0.3621370792388916,-0.3621370792388916
105,117,21,21,79,coffee_table/coffee_table_01b.jpg,coffee_table,0.75,0.288614459335804,-0.288614459335804
105,117,22,22,78,christmas_tree/christmas_tree_01b.jpg,christmas_tree,0.780487805,0.38097699731588364,-0.38097699731588364
105,117,23,23,77,boat/boat_01b.jpg,boat,0.761904762,0.6882006824016571,-0.6882006824016571
105,117,24,24,76,barnacle/barnacle_01s.jpg,barnacle,0.75,0.4885609447956085,-0.4885609447956085
105,117,25,25,75,brake/brake_01b.jpg,brake,0.463414634,0.3023805096745491,-0.3023805096745491
105,117,26,26,74,cardinal/cardinal_01b.jpg,cardinal,0.775,0.5097716748714447,-0.5097716748714447
105,117,27,27,73,candy_cane/candy_cane_01b.jpg,candy_cane,0.76744186,0.4947613477706909,-0.4947613477706909
105,117,28,28,72,airplane/airplane_01b.jpg,airplane,0.720930233,0.31178251653909683,-0.31178251653909683
105,117,29,29,71,cabbage/cabbage_01b.jpg,cabbage,0.682926829,0.6365555077791214,-0.6365555077791214
105,117,30,30,70,chihuahua/chihuahua_01b.jpg,chihuahua,0.923076923,1.2597087621688843,-1.2597087621688843
105,117,31,31,69,compass/compass_01b.jpg,compass,0.625,0.8469377607107162,-0.8469377607107162
105,117,32,32,68,bulldozer/bulldozer_01b.jpg,bulldozer,0.619047619,0.5415395498275757,-0.5415395498275757
105,117,33,33,67,confetti/confetti_01b.jpg,confetti,0.738095238,0.5359326303005219,-0.5359326303005219
105,117,34,34,66,barrel/barrel_01b.jpg,barrel,0.72972973,0.6671374440193176,-0.6671374440193176
105,117,35,35,65,deer/deer_01b.jpg,deer,0.65,0.47055552899837494,-0.47055552899837494
105,117,36,36,64,binoculars/binoculars_01s.jpg,binoculars,0.595238095,0.4522355794906616,-0.4522355794906616
105,117,37,37,63,cream_cheese/cream_cheese_01b.jpg,cream_cheese,0.744186047,0.3750002682209015,-0.3750002682209015
105,117,38,38,62,cannonball/cannonball_01b.jpg,cannonball,0.725,0.48656950891017914,-0.48656950891017914
105,117,39,39,61,basketball_hoop/basketball_hoop_01b.jpg,basketball_hoop,0.725,0.518284261226654,-0.518284261226654
105,117,40,40,60,crutch/crutch_01b.jpg,crutch,0.756097561,0.48880845308303833,-0.48880845308303833
105,117,41,41,59,dalmatian/dalmatian_01b.jpg,dalmatian,0.750609756,0.6510740965604782,-0.6510740965604782
105,117,42,42,58,abacus/abacus_01b.jpg,abacus,0.648648649,0.6220242530107498,-0.6220242530107498
105,117,43,43,57,dishwashing_liquid/dishwashing_liquid_01b.jpg,dishwashing_liquid,0.731707317,0.4290303587913513,-0.4290303587913513
105,117,44,44,56,closet/closet_01b.jpg,closet,0.756097561,0.30233044922351837,-0.30233044922351837
105,117,45,45,55,bib/bib_01n.jpg,bib,0.925,0.49363380670547485,-0.49363380670547485
105,117,46,46,54,celery/celery_01b.jpg,celery,0.731707317,0.4143041968345642,-0.4143041968345642
105,117,47,47,53,clover/clover_01b.jpg,clover,0.69047619,0.3936990648508072,-0.3936990648508072
105,117,48,48,52,cord/cord_01b.jpg,cord,0.674418605,0.42684996128082275,-0.42684996128082275
105,117,49,49,51,curry/curry_01b.jpg,curry,0.675,0.39307834208011627,-0.39307834208011627
105,117,50,50,50,brussels_sprouts/brussels_sprouts_01b.jpg,brussels_sprouts,0.7,0.8026268631219864,-0.8026268631219864
106,118,1,1,99,brussels_sprouts/brussels_sprouts_01b.jpg,brussels_sprouts,0.7,0.8294977247714996,-0.8294977247714996
106,118,2,2,98,barnacle/barnacle_01s.jpg,barnacle,0.75,0.567017063498497,-0.567017063498497
106,118,3,3,97,dishwashing_liquid/dishwashing_liquid_01b.jpg,dishwashing_liquid,0.731707317,0.47314609587192535,-0.47314609587192535
106,118,4,4,96,deer/deer_01b.jpg,deer,0.65,0.5094949901103973,-0.5094949901103973
106,118,5,5,95,compass/compass_01b.jpg,compass,0.625,1.2323097735643387,-1.2323097735643387
106,118,6,6,94,blazer/blazer_01b.jpg,blazer,0.731707317,0.38111577183008194,-0.38111577183008194
106,118,7,7,93,baklava/baklava_01s.jpg,baklava,0.702702703,0.49637313187122345,-0.49637313187122345
106,118,8,8,92,closet/closet_01b.jpg,closet,0.756097561,0.29202505946159363,-0.29202505946159363
106,118,9,9,91,airplane/airplane_01b.jpg,airplane,0.720930233,0.4127814546227455,-0.4127814546227455
106,118,10,10,90,boat/boat_01b.jpg,boat,0.761904762,0.7239448875188828,-0.7239448875188828
106,118,11,11,89,cannonball/cannonball_01b.jpg,cannonball,0.725,0.5699730962514877,-0.5699730962514877
106,118,12,12,88,casserole/casserole_01b.jpg,casserole,0.743589744,0.7295302152633667,-0.7295302152633667
106,118,13,13,87,confetti/confetti_01b.jpg,confetti,0.738095238,0.5817362070083618,-0.5817362070083618
106,118,14,14,86,cabinet/cabinet_01s.jpg,cabinet,0.6,0.3699799254536629,-0.3699799254536629
106,118,15,15,85,abacus/abacus_01b.jpg,abacus,0.648648649,0.6995323300361633,-0.6995323300361633
106,118,16,16,84,crumb/crumb_01b.jpg,crumb,0.775,0.30946826934814453,-0.30946826934814453
106,118,17,17,83,clover/clover_01b.jpg,clover,0.69047619,0.43724524974823,-0.43724524974823
106,118,18,18,82,dishrag/dishrag_01b.jpg,dishrag,0.697674419,0.345467247068882,-0.345467247068882
106,118,19,19,81,cord/cord_01b.jpg,cord,0.674418605,0.5382309406995773,-0.5382309406995773
106,118,20,20,80,bib/bib_01n.jpg,bib,0.925,0.5306781455874443,-0.5306781455874443
106,118,21,21,79,clasp/clasp_01b.jpg,clasp,0.707317073,0.9242388606071472,-0.9242388606071472
106,118,22,22,78,clipboard/clipboard_01b.jpg,clipboard,0.763157895,0.38899005949497223,-0.38899005949497223
106,118,23,23,77,blower/blower_01b.jpg,blower,0.928571429,0.3753432482481003,-0.3753432482481003
106,118,24,24,76,binoculars/binoculars_01s.jpg,binoculars,0.595238095,0.3964516669511795,-0.3964516669511795
106,118,25,25,75,buckle/buckle_01b.jpg,buckle,0.756097561,0.533286914229393,-0.533286914229393
106,118,26,26,74,cabbage/cabbage_01b.jpg,cabbage,0.682926829,0.8251350373029709,-0.8251350373029709
106,118,27,27,73,celery/celery_01b.jpg,celery,0.731707317,0.5144379064440727,-0.5144379064440727
106,118,28,28,72,bulldozer/bulldozer_01b.jpg,bulldozer,0.619047619,0.5479337126016617,-0.5479337126016617
106,118,29,29,71,cardinal/cardinal_01b.jpg,cardinal,0.775,0.6293883323669434,-0.6293883323669434
106,118,30,30,70,anklet/anklet_01b.jpg,anklet,0.95,0.361450657248497,-0.361450657248497
106,118,31,31,69,cream_cheese/cream_cheese_01b.jpg,cream_cheese,0.744186047,0.44142745435237885,-0.44142745435237885
106,118,32,32,68,brake/brake_01b.jpg,brake,0.463414634,0.3611912354826927,-0.3611912354826927
106,118,33,33,67,crutch/crutch_01b.jpg,crutch,0.756097561,0.4931121915578842,-0.4931121915578842
106,118,34,34,66,artichoke/artichoke_01b.jpg,artichoke,0.658536585,0.8470794409513474,-0.8470794409513474
106,118,35,35,65,dalmatian/dalmatian_01b.jpg,dalmatian,0.750609756,0.7224247008562088,-0.7224247008562088
106,118,36,36,64,candy_cane/candy_cane_01b.jpg,candy_cane,0.76744186,0.4983188658952713,-0.4983188658952713
106,118,37,37,63,coffee_table/coffee_table_01b.jpg,coffee_table,0.75,0.304921917617321,-0.304921917617321
106,118,38,38,62,breadbox/breadbox_01b.jpg,breadbox,0.75,0.3871423155069351,-0.3871423155069351
106,118,39,39,61,barcode/barcode_01b.jpg,barcode,0.775,0.4425249248743057,-0.4425249248743057
106,118,40,40,60,basketball_hoop/basketball_hoop_01b.jpg,basketball_hoop,0.725,0.48470257222652435,-0.48470257222652435
106,118,41,41,59,chihuahua/chihuahua_01b.jpg,chihuahua,0.923076923,1.3048773407936096,-1.3048773407936096
106,118,42,42,58,defibrillator/defibrillator_01b.jpg,defibrillator,0.55,0.5814811587333679,-0.5814811587333679
106,118,43,43,57,bamboo/bamboo_01b.jpg,bamboo,0.714285714,0.40980471670627594,-0.40980471670627594
106,118,44,44,56,barrel/barrel_01b.jpg,barrel,0.72972973,0.6976110935211182,-0.6976110935211182
106,118,45,45,55,cactus/cactus_01b.jpg,cactus,0.780487805,0.5433876812458038,-0.5433876812458038
106,118,46,46,54,antenna/antenna_01b.jpg,antenna,0.641025641,0.30686019361019135,-0.30686019361019135
106,118,47,47,53,bottle/bottle_01b.jpg,bottle,0.717948718,0.38002850115299225,-0.38002850115299225
106,118,48,48,52,curry/curry_01b.jpg,curry,0.675,0.3949015811085701,-0.3949015811085701
106,118,49,49,51,cream/cream_01b.jpg,cream,0.769230769,0.3485192507505417,-0.3485192507505417
106,118,50,50,50,costume/costume_01b.jpg,costume,0.902439024,0.38241279125213623,-0.38241279125213623
107,119,1,1,99,cream/cream_01b.jpg,cream,0.769230769,0.3557010367512703,-0.3557010367512703
107,119,2,2,98,binoculars/binoculars_01s.jpg,binoculars,0.595238095,0.5368231236934662,-0.5368231236934662
107,119,3,3,97,cabbage/cabbage_01b.jpg,cabbage,0.682926829,3.101484015583992,-3.101484015583992
107,119,4,4,96,crutch/crutch_01b.jpg,crutch,0.756097561,0.717615008354187,-0.717615008354187
107,119,5,5,95,barcode/barcode_01b.jpg,barcode,0.775,0.5151272714138031,-0.5151272714138031
107,119,6,6,94,deer/deer_01b.jpg,deer,0.65,0.5508443415164948,-0.5508443415164948
107,119,7,7,93,blazer/blazer_01b.jpg,blazer,0.731707317,0.3394642248749733,-0.3394642248749733
107,119,8,8,92,artichoke/artichoke_01b.jpg,artichoke,0.658536585,0.9106417447328568,-0.9106417447328568
107,119,9,9,91,cannonball/cannonball_01b.jpg,cannonball,0.725,0.5743441581726074,-0.5743441581726074
107,119,10,10,90,abacus/abacus_01b.jpg,abacus,0.648648649,0.746220126748085,-0.746220126748085
107,119,11,11,89,clipboard/clipboard_01b.jpg,clipboard,0.763157895,0.5015211179852486,-0.5015211179852486
107,119,12,12,88,cabinet/cabinet_01s.jpg,cabinet,0.6,0.34903634339571,-0.34903634339571
107,119,13,13,87,bottle/bottle_01b.jpg,bottle,0.717948718,0.4043264091014862,-0.4043264091014862
107,119,14,14,86,dishwashing_liquid/dishwashing_liquid_01b.jpg,dishwashing_liquid,0.731707317,0.40756355226039886,-0.40756355226039886
107,119,15,15,85,airplane/airplane_01b.jpg,airplane,0.720930233,0.30452384799718857,-0.30452384799718857
107,119,16,16,84,cream_cheese/cream_cheese_01b.jpg,cream_cheese,0.744186047,0.37476787716150284,-0.37476787716150284
107,119,17,17,83,candy_cane/candy_cane_01b.jpg,candy_cane,0.76744186,0.5408185571432114,-0.5408185571432114
107,119,18,18,82,anklet/anklet_01b.jpg,anklet,0.95,0.2782730236649513,-0.2782730236649513
107,119,19,19,81,breadbox/breadbox_01b.jpg,breadbox,0.75,0.34600284695625305,-0.34600284695625305
107,119,20,20,80,brake/brake_01b.jpg,brake,0.463414634,0.3226073384284973,-0.3226073384284973
107,119,21,21,79,dishrag/dishrag_01b.jpg,dishrag,0.697674419,0.33033502101898193,-0.33033502101898193
107,119,22,22,78,bulldozer/bulldozer_01b.jpg,bulldozer,0.619047619,0.548572227358818,-0.548572227358818
107,119,23,23,77,costume/costume_01b.jpg,costume,0.902439024,0.3617674335837364,-0.3617674335837364
107,119,24,24,76,cord/cord_01b.jpg,cord,0.674418605,0.4549114406108856,-0.4549114406108856
107,119,25,25,75,coffee_table/coffee_table_01b.jpg,coffee_table,0.75,0.27506574988365173,-0.27506574988365173
107,119,26,26,74,basketball_hoop/basketball_hoop_01b.jpg,basketball_hoop,0.725,0.4851909577846527,-0.4851909577846527
107,119,27,27,73,dalmatian/dalmatian_01b.jpg,dalmatian,0.750609756,0.6150824129581451,-0.6150824129581451
107,119,28,28,72,chihuahua/chihuahua_01b.jpg,chihuahua,0.923076923,1.2667691707611084,-1.2667691707611084
107,119,29,29,71,barrel/barrel_01b.jpg,barrel,0.72972973,0.6953503638505936,-0.6953503638505936
107,119,30,30,70,bagel/bagel_01s.jpg,bagel,0.902439024,0.5972914025187492,-0.5972914025187492
107,119,31,31,69,casserole/casserole_01b.jpg,casserole,0.743589744,0.6099558919668198,-0.6099558919668198
107,119,32,32,68,boat/boat_01b.jpg,boat,0.761904762,0.6635178923606873,-0.6635178923606873
107,119,33,33,67,celery/celery_01b.jpg,celery,0.731707317,0.5280648991465569,-0.5280648991465569
107,119,34,34,66,defibrillator/defibrillator_01b.jpg,defibrillator,0.55,0.48743170499801636,-0.48743170499801636
107,119,35,35,65,barnacle/barnacle_01s.jpg,barnacle,0.75,0.4922710210084915,-0.4922710210084915
107,119,36,36,64,clover/clover_01b.jpg,clover,0.69047619,0.3761376589536667,-0.3761376589536667
107,119,37,37,63,clasp/clasp_01b.jpg,clasp,0.707317073,0.7721324861049652,-0.7721324861049652
107,119,38,38,62,baklava/baklava_01s.jpg,baklava,0.702702703,0.4822816550731659,-0.4822816550731659
107,119,39,39,61,blower/blower_01b.jpg,blower,0.928571429,0.3630179166793823,-0.3630179166793823
107,119,40,40,60,brussels_sprouts/brussels_sprouts_01b.jpg,brussels_sprouts,0.7,1.477199673652649,-1.477199673652649
107,119,41,41,59,crumb/crumb_01b.jpg,crumb,0.775,0.23392268270254135,-0.23392268270254135
107,119,42,42,58,compass/compass_01b.jpg,compass,0.625,0.782658115029335,-0.782658115029335
107,119,43,43,57,antenna/antenna_01b.jpg,antenna,0.641025641,0.3179239332675934,-0.3179239332675934
107,119,44,44,56,confetti/confetti_01b.jpg,confetti,0.738095238,0.508532926440239,-0.508532926440239
107,119,45,45,55,closet/closet_01b.jpg,closet,0.756097561,0.29669080674648285,-0.29669080674648285
107,119,46,46,54,cardinal/cardinal_01b.jpg,cardinal,0.775,0.5428904443979263,-0.5428904443979263
107,119,47,47,53,buckle/buckle_01b.jpg,buckle,0.756097561,0.49754491448402405,-0.49754491448402405
107,119,48,48,52,bib/bib_01n.jpg,bib,0.925,0.4883296564221382,-0.4883296564221382
107,119,49,49,51,curry/curry_01b.jpg,curry,0.675,0.46083076298236847,-0.46083076298236847
107,119,50,50,50,bamboo/bamboo_01b.jpg,bamboo,0.714285714,0.4354858696460724,-0.4354858696460724
108,120,1,1,99,bulldozer/bulldozer_01b.jpg,bulldozer,0.619047619,0.5638787299394608,-0.5638787299394608
108,120,2,2,98,binoculars/binoculars_01s.jpg,binoculars,0.595238095,0.6205332055687904,-0.6205332055687904
108,120,3,3,97,defibrillator/defibrillator_01b.jpg,defibrillator,0.55,0.6000810116529465,-0.6000810116529465
108,120,4,4,96,clasp/clasp_01b.jpg,clasp,0.707317073,0.9240967333316803,-0.9240967333316803
108,120,5,5,95,bagel/bagel_01s.jpg,bagel,0.902439024,0.7024649381637573,-0.7024649381637573
108,120,6,6,94,abacus/abacus_01b.jpg,abacus,0.648648649,0.8055335879325867,-0.8055335879325867
108,120,7,7,93,blazer/blazer_01b.jpg,blazer,0.731707317,0.317780502140522,-0.317780502140522
108,120,8,8,92,breadbox/breadbox_01b.jpg,breadbox,0.75,0.36627989262342453,-0.36627989262342453
108,120,9,9,91,closet/closet_01b.jpg,closet,0.756097561,0.29845913499593735,-0.29845913499593735
108,120,10,10,90,bib/bib_01n.jpg,bib,0.925,0.4387250021100044,-0.4387250021100044
108,120,11,11,89,casserole/casserole_01b.jpg,casserole,0.743589744,0.7335303276777267,-0.7335303276777267
108,120,12,12,88,curry/curry_01b.jpg,curry,0.675,0.5076620280742645,-0.5076620280742645
108,120,13,13,87,basketball_hoop/basketball_hoop_01b.jpg,basketball_hoop,0.725,0.5336903929710388,-0.5336903929710388
108,120,14,14,86,anklet/anklet_01b.jpg,anklet,0.95,0.29650624841451645,-0.29650624841451645
108,120,15,15,85,blower/blower_01b.jpg,blower,0.928571429,0.41071978211402893,-0.41071978211402893
108,120,16,16,84,candy_cane/candy_cane_01b.jpg,candy_cane,0.76744186,0.5510779768228531,-0.5510779768228531
108,120,17,17,83,bamboo/bamboo_01b.jpg,bamboo,0.714285714,0.47032858431339264,-0.47032858431339264
108,120,18,18,82,cannonball/cannonball_01b.jpg,cannonball,0.725,0.5390435010194778,-0.5390435010194778
108,120,19,19,81,brake/brake_01b.jpg,brake,0.463414634,0.342997282743454,-0.342997282743454
108,120,20,20,80,dalmatian/dalmatian_01b.jpg,dalmatian,0.750609756,0.6146374642848969,-0.6146374642848969
108,120,21,21,79,dishwashing_liquid/dishwashing_liquid_01b.jpg,dishwashing_liquid,0.731707317,0.40344757586717606,-0.40344757586717606
108,120,22,22,78,chihuahua/chihuahua_01b.jpg,chihuahua,0.923076923,1.279811143875122,-1.279811143875122
108,120,23,23,77,cabinet/cabinet_01s.jpg,cabinet,0.6,0.34977199137210846,-0.34977199137210846
108,120,24,24,76,crutch/crutch_01b.jpg,crutch,0.756097561,0.5215907692909241,-0.5215907692909241
108,120,25,25,75,celery/celery_01b.jpg,celery,0.731707317,0.5315181463956833,-0.5315181463956833
108,120,26,26,74,clipboard/clipboard_01b.jpg,clipboard,0.763157895,0.3568861335515976,-0.3568861335515976
108,120,27,27,73,confetti/confetti_01b.jpg,confetti,0.738095238,0.5535649955272675,-0.5535649955272675
108,120,28,28,72,buckle/buckle_01b.jpg,buckle,0.756097561,0.5189535766839981,-0.5189535766839981
108,120,29,29,71,bazooka/bazooka_01b.jpg,bazooka,0.9,0.33090197294950485,-0.33090197294950485
108,120,30,30,70,barnacle/barnacle_01s.jpg,barnacle,0.75,0.5235462635755539,-0.5235462635755539
108,120,31,31,69,artichoke/artichoke_01b.jpg,artichoke,0.658536585,0.6624148488044739,-0.6624148488044739
108,120,32,32,68,deer/deer_01b.jpg,deer,0.65,0.5219527333974838,-0.5219527333974838
108,120,33,33,67,bottle/bottle_01b.jpg,bottle,0.717948718,0.40241689234972,-0.40241689234972
108,120,34,34,66,costume/costume_01b.jpg,costume,0.902439024,0.3532955273985863,-0.3532955273985863
108,120,35,35,65,antenna/antenna_01b.jpg,antenna,0.641025641,0.3250694125890732,-0.3250694125890732
108,120,36,36,64,cord/cord_01b.jpg,cord,0.674418605,0.4478314518928528,-0.4478314518928528
108,120,37,37,63,barrel/barrel_01b.jpg,barrel,0.72972973,0.6544568091630936,-0.6544568091630936
108,120,38,38,62,barcode/barcode_01b.jpg,barcode,0.775,0.5139644145965576,-0.5139644145965576
108,120,39,39,61,baklava/baklava_01s.jpg,baklava,0.702702703,0.459072083234787,-0.459072083234787
108,120,40,40,60,dishrag/dishrag_01b.jpg,dishrag,0.697674419,0.32568206638097763,-0.32568206638097763
108,120,41,41,59,clover/clover_01b.jpg,clover,0.69047619,0.4377000629901886,-0.4377000629901886
108,120,42,42,58,airplane/airplane_01b.jpg,airplane,0.720930233,0.31413140892982483,-0.31413140892982483
108,120,43,43,57,compass/compass_01b.jpg,compass,0.625,0.8517085313796997,-0.8517085313796997
108,120,44,44,56,cream_cheese/cream_cheese_01b.jpg,cream_cheese,0.744186047,0.42167263478040695,-0.42167263478040695
108,120,45,45,55,cardinal/cardinal_01b.jpg,cardinal,0.775,0.4973776787519455,-0.4973776787519455
108,120,46,46,54,boat/boat_01b.jpg,boat,0.761904762,0.6575297266244888,-0.6575297266244888
108,120,47,47,53,cream/cream_01b.jpg,cream,0.769230769,0.3422767072916031,-0.3422767072916031
108,120,48,48,52,cabbage/cabbage_01b.jpg,cabbage,0.682926829,0.7181373834609985,-0.7181373834609985
108,120,49,49,51,brussels_sprouts/brussels_sprouts_01b.jpg,brussels_sprouts,0.7,0.7202051728963852,-0.7202051728963852
108,120,50,50,50,coffee_table/coffee_table_01b.jpg,coffee_table,0.75,0.2861792966723442,-0.2861792966723442
109,121,1,1,99,cannonball/cannonball_01b.jpg,cannonball,0.725,0.5400336384773254,-0.5400336384773254
109,121,2,2,98,baklava/baklava_01s.jpg,baklava,0.702702703,0.5318690538406372,-0.5318690538406372
109,121,3,3,97,barrel/barrel_01b.jpg,barrel,0.72972973,0.680036187171936,-0.680036187171936
109,121,4,4,96,artichoke/artichoke_01b.jpg,artichoke,0.658536585,0.7957981526851654,-0.7957981526851654
109,121,5,5,95,clasp/clasp_01b.jpg,clasp,0.707317073,0.8972707390785217,-0.8972707390785217
109,121,6,6,94,buckle/buckle_01b.jpg,buckle,0.756097561,0.5631638169288635,-0.5631638169288635
109,121,7,7,93,bottle/bottle_01b.jpg,bottle,0.717948718,0.40938886255025864,-0.40938886255025864
109,121,8,8,92,cabbage/cabbage_01b.jpg,cabbage,0.682926829,0.9830397367477417,-0.9830397367477417
109,121,9,9,91,dishwashing_liquid/dishwashing_liquid_01b.jpg,dishwashing_liquid,0.731707317,0.4070627838373184,-0.4070627838373184
109,121,10,10,90,brake/brake_01b.jpg,brake,0.463414634,0.3146706596016884,-0.3146706596016884
109,121,11,11,89,antenna/antenna_01b.jpg,antenna,0.641025641,0.32283712178468704,-0.32283712178468704
109,121,12,12,88,beetle/beetle_01b.jpg,beetle,0.897435897,0.4946814030408859,-0.4946814030408859
109,121,13,13,87,costume/costume_01b.jpg,costume,0.902439024,0.40044981241226196,-0.40044981241226196
109,121,14,14,86,chihuahua/chihuahua_01b.jpg,chihuahua,0.923076923,1.2717152833938599,-1.2717152833938599
109,121,15,15,85,binoculars/binoculars_01s.jpg,binoculars,0.595238095,0.3951624557375908,-0.3951624557375908
109,121,16,16,84,brussels_sprouts/brussels_sprouts_01b.jpg,brussels_sprouts,0.7,0.5992250889539719,-0.5992250889539719
109,121,17,17,83,airplane/airplane_01b.jpg,airplane,0.720930233,0.3019867315888405,-0.3019867315888405
109,121,18,18,82,cream_cheese/cream_cheese_01b.jpg,cream_cheese,0.744186047,0.36320026963949203,-0.36320026963949203
109,121,19,19,81,coffee_table/coffee_table_01b.jpg,coffee_table,0.75,0.304409958422184,-0.304409958422184
109,121,20,20,80,crutch/crutch_01b.jpg,crutch,0.756097561,0.592202216386795,-0.592202216386795
109,121,21,21,79,blower/blower_01b.jpg,blower,0.928571429,0.40773501992225647,-0.40773501992225647
109,121,22,22,78,anklet/anklet_01b.jpg,anklet,0.95,0.2875860705971718,-0.2875860705971718
109,121,23,23,77,clipboard/clipboard_01b.jpg,clipboard,0.763157895,0.3878983184695244,-0.3878983184695244
109,121,24,24,76,bulldozer/bulldozer_01b.jpg,bulldozer,0.619047619,0.5481139570474625,-0.5481139570474625
109,121,25,25,75,abacus/abacus_01b.jpg,abacus,0.648648649,0.5433099269866943,-0.5433099269866943
109,121,26,26,74,bazooka/bazooka_01b.jpg,bazooka,0.9,0.3325786367058754,-0.3325786367058754
109,121,27,27,73,dishrag/dishrag_01b.jpg,dishrag,0.697674419,0.33525022864341736,-0.33525022864341736
109,121,28,28,72,cord/cord_01b.jpg,cord,0.674418605,0.4055101200938225,-0.4055101200938225
109,121,29,29,71,blazer/blazer_01b.jpg,blazer,0.731707317,0.298669695854187,-0.298669695854187
109,121,30,30,70,casserole/casserole_01b.jpg,casserole,0.743589744,0.5401125699281693,-0.5401125699281693
109,121,31,31,69,breadbox/breadbox_01b.jpg,breadbox,0.75,0.37640801072120667,-0.37640801072120667
109,121,32,32,68,closet/closet_01b.jpg,closet,0.756097561,0.3353729844093323,-0.3353729844093323
109,121,33,33,67,barnacle/barnacle_01s.jpg,barnacle,0.75,0.5451739132404327,-0.5451739132404327
109,121,34,34,66,defibrillator/defibrillator_01b.jpg,defibrillator,0.55,0.5528525710105896,-0.5528525710105896
109,121,35,35,65,deer/deer_01b.jpg,deer,0.65,0.45240920782089233,-0.45240920782089233
109,121,36,36,64,bib/bib_01n.jpg,bib,0.925,0.5156874507665634,-0.5156874507665634
109,121,37,37,63,cabinet/cabinet_01s.jpg,cabinet,0.6,0.387006014585495,-0.387006014585495
109,121,38,38,62,confetti/confetti_01b.jpg,confetti,0.738095238,0.4652155190706253,-0.4652155190706253
109,121,39,39,61,barcode/barcode_01b.jpg,barcode,0.775,0.4757422208786011,-0.4757422208786011
109,121,40,40,60,bamboo/bamboo_01b.jpg,bamboo,0.714285714,0.45086570084095,-0.45086570084095
109,121,41,41,59,basketball_hoop/basketball_hoop_01b.jpg,basketball_hoop,0.725,0.4839213937520981,-0.4839213937520981
109,121,42,42,58,bagel/bagel_01s.jpg,bagel,0.902439024,0.5517669767141342,-0.5517669767141342
109,121,43,43,57,dalmatian/dalmatian_01b.jpg,dalmatian,0.750609756,0.6003027856349945,-0.6003027856349945
109,121,44,44,56,candy_cane/candy_cane_01b.jpg,candy_cane,0.76744186,0.41990044713020325,-0.41990044713020325
109,121,45,45,55,curry/curry_01b.jpg,curry,0.675,0.44539058208465576,-0.44539058208465576
109,121,46,46,54,cream/cream_01b.jpg,cream,0.769230769,0.3325028270483017,-0.3325028270483017
109,121,47,47,53,celery/celery_01b.jpg,celery,0.731707317,0.4759056717157364,-0.4759056717157364
109,121,48,48,52,boat/boat_01b.jpg,boat,0.761904762,0.6318826824426651,-0.6318826824426651
109,121,49,49,51,clover/clover_01b.jpg,clover,0.69047619,0.40346578508615494,-0.40346578508615494
109,121,50,50,50,compass/compass_01b.jpg,compass,0.625,0.79366335272789,-0.79366335272789
110,122,1,1,99,clasp/clasp_01b.jpg,clasp,0.707317073,1.0326973795890808,-1.0326973795890808
110,122,2,2,98,costume/costume_01b.jpg,costume,0.902439024,0.41114887595176697,-0.41114887595176697
110,122,3,3,97,defibrillator/defibrillator_01b.jpg,defibrillator,0.55,0.5831626802682877,-0.5831626802682877
110,122,4,4,96,board/board_01b.jpg,board,0.894736842,0.5432427823543549,-0.5432427823543549
110,122,5,5,95,beetle/beetle_01b.jpg,beetle,0.897435897,0.9253673404455185,-0.9253673404455185
110,122,6,6,94,abacus/abacus_01b.jpg,abacus,0.648648649,0.9058080017566681,-0.9058080017566681
110,122,7,7,93,cream/cream_01b.jpg,cream,0.769230769,0.3375271335244179,-0.3375271335244179
110,122,8,8,92,cannonball/cannonball_01b.jpg,cannonball,0.725,0.6083289235830307,-0.6083289235830307
110,122,9,9,91,blower/blower_01b.jpg,blower,0.928571429,0.4387200325727463,-0.4387200325727463
110,122,10,10,90,candy_cane/candy_cane_01b.jpg,candy_cane,0.76744186,0.49613526463508606,-0.49613526463508606
110,122,11,11,89,compass/compass_01b.jpg,compass,0.625,0.9023973941802979,-0.9023973941802979
110,122,12,12,88,barnacle/barnacle_01s.jpg,barnacle,0.75,0.5091343969106674,-0.5091343969106674
110,122,13,13,87,brake/brake_01b.jpg,brake,0.463414634,0.3536904603242874,-0.3536904603242874
110,122,14,14,86,bamboo/bamboo_01b.jpg,bamboo,0.714285714,0.5086560696363449,-0.5086560696363449
110,122,15,15,85,breadbox/breadbox_01b.jpg,breadbox,0.75,0.3669445961713791,-0.3669445961713791
110,122,16,16,84,curry/curry_01b.jpg,curry,0.675,0.4532802402973175,-0.4532802402973175
110,122,17,17,83,anklet/anklet_01b.jpg,anklet,0.95,0.28886663913726807,-0.28886663913726807
110,122,18,18,82,confetti/confetti_01b.jpg,confetti,0.738095238,0.5494417548179626,-0.5494417548179626
110,122,19,19,81,bagel/bagel_01s.jpg,bagel,0.902439024,0.4942988008260727,-0.4942988008260727
110,122,20,20,80,dishwashing_liquid/dishwashing_liquid_01b.jpg,dishwashing_liquid,0.731707317,0.3751182407140732,-0.3751182407140732
110,122,21,21,79,bib/bib_01n.jpg,bib,0.925,0.47912247478961945,-0.47912247478961945
110,122,22,22,78,bazooka/bazooka_01b.jpg,bazooka,0.9,0.31364186853170395,-0.31364186853170395
110,122,23,23,77,airplane/airplane_01b.jpg,airplane,0.720930233,0.30581964552402496,-0.30581964552402496
110,122,24,24,76,baklava/baklava_01s.jpg,baklava,0.702702703,0.45457319915294647,-0.45457319915294647
110,122,25,25,75,cabinet/cabinet_01s.jpg,cabinet,0.6,0.36663179099559784,-0.36663179099559784
110,122,26,26,74,cabbage/cabbage_01b.jpg,cabbage,0.682926829,0.8143839985132217,-0.8143839985132217
110,122,27,27,73,binoculars/binoculars_01s.jpg,binoculars,0.595238095,0.4015473201870918,-0.4015473201870918
110,122,28,28,72,crutch/crutch_01b.jpg,crutch,0.756097561,0.47353918850421906,-0.47353918850421906
110,122,29,29,71,buckle/buckle_01b.jpg,buckle,0.756097561,0.5026672631502151,-0.5026672631502151
110,122,30,30,70,dalmatian/dalmatian_01b.jpg,dalmatian,0.750609756,0.5820532441139221,-0.5820532441139221
110,122,31,31,69,deer/deer_01b.jpg,deer,0.65,0.5270134210586548,-0.5270134210586548
110,122,32,32,68,basketball_hoop/basketball_hoop_01b.jpg,basketball_hoop,0.725,0.5176025331020355,-0.5176025331020355
110,122,33,33,67,artichoke/artichoke_01b.jpg,artichoke,0.658536585,0.639811098575592,-0.639811098575592
110,122,34,34,66,blazer/blazer_01b.jpg,blazer,0.731707317,0.2985313609242439,-0.2985313609242439
110,122,35,35,65,celery/celery_01b.jpg,celery,0.731707317,0.47238998115062714,-0.47238998115062714
110,122,36,36,64,closet/closet_01b.jpg,closet,0.756097561,0.3001428321003914,-0.3001428321003914
110,122,37,37,63,brussels_sprouts/brussels_sprouts_01b.jpg,brussels_sprouts,0.7,0.7652383744716644,-0.7652383744716644
110,122,38,38,62,casserole/casserole_01b.jpg,casserole,0.743589744,0.5451878756284714,-0.5451878756284714
110,122,39,39,61,chihuahua/chihuahua_01b.jpg,chihuahua,0.923076923,1.2659466862678528,-1.2659466862678528
110,122,40,40,60,antenna/antenna_01b.jpg,antenna,0.641025641,0.33967822790145874,-0.33967822790145874
110,122,41,41,59,cord/cord_01b.jpg,cord,0.674418605,0.4027681052684784,-0.4027681052684784
110,122,42,42,58,boat/boat_01b.jpg,boat,0.761904762,0.657292515039444,-0.657292515039444
110,122,43,43,57,cream_cheese/cream_cheese_01b.jpg,cream_cheese,0.744186047,0.37455084174871445,-0.37455084174871445
110,122,44,44,56,dishrag/dishrag_01b.jpg,dishrag,0.697674419,0.3289332687854767,-0.3289332687854767
110,122,45,45,55,barrel/barrel_01b.jpg,barrel,0.72972973,0.6514973193407059,-0.6514973193407059
110,122,46,46,54,bulldozer/bulldozer_01b.jpg,bulldozer,0.619047619,0.5434075593948364,-0.5434075593948364
110,122,47,47,53,bottle/bottle_01b.jpg,bottle,0.717948718,0.42782077193260193,-0.42782077193260193
110,122,48,48,52,clipboard/clipboard_01b.jpg,clipboard,0.763157895,0.4131593555212021,-0.4131593555212021
110,122,49,49,51,clover/clover_01b.jpg,clover,0.69047619,0.42930135130882263,-0.42930135130882263
110,122,50,50,50,coffee_table/coffee_table_01b.jpg,coffee_table,0.75,0.2816716730594635,-0.2816716730594635
111,123,1,1,99,bib/bib_01n.jpg,bib,0.925,0.5542154461145401,-0.5542154461145401
111,123,2,2,98,bamboo/bamboo_01b.jpg,bamboo,0.714285714,0.4874308705329895,-0.4874308705329895
111,123,3,3,97,celery/celery_01b.jpg,celery,0.731707317,1.0036823898553848,-1.0036823898553848
111,123,4,4,96,chalk/chalk_01b.jpg,chalk,0.88372093,0.5042477548122406,-0.5042477548122406
111,123,5,5,95,costume/costume_01b.jpg,costume,0.902439024,0.39852583408355713,-0.39852583408355713
111,123,6,6,94,cream_cheese/cream_cheese_01b.jpg,cream_cheese,0.744186047,0.41874729841947556,-0.41874729841947556
111,123,7,7,93,curry/curry_01b.jpg,curry,0.675,0.7597227990627289,-0.7597227990627289
111,123,8,8,92,dalmatian/dalmatian_01b.jpg,dalmatian,0.750609756,0.8451194167137146,-0.8451194167137146
111,123,9,9,91,airplane/airplane_01b.jpg,airplane,0.720930233,0.3667456805706024,-0.3667456805706024
111,123,10,10,90,abacus/abacus_01b.jpg,abacus,0.648648649,0.6796570122241974,-0.6796570122241974
111,123,11,11,89,artichoke/artichoke_01b.jpg,artichoke,0.658536585,0.7152604833245277,-0.7152604833245277
111,123,12,12,88,bagel/bagel_01s.jpg,bagel,0.902439024,0.7033471763134003,-0.7033471763134003
111,123,13,13,87,coffee_table/coffee_table_01b.jpg,coffee_table,0.75,0.29249629378318787,-0.29249629378318787
111,123,14,14,86,cannonball/cannonball_01b.jpg,cannonball,0.725,0.5296659916639328,-0.5296659916639328
111,123,15,15,85,confetti/confetti_01b.jpg,confetti,0.738095238,0.47142399847507477,-0.47142399847507477
111,123,16,16,84,baklava/baklava_01s.jpg,baklava,0.702702703,0.48101621866226196,-0.48101621866226196
111,123,17,17,83,bulldozer/bulldozer_01b.jpg,bulldozer,0.619047619,0.6690697968006134,-0.6690697968006134
111,123,18,18,82,barrel/barrel_01b.jpg,barrel,0.72972973,0.7315039187669754,-0.7315039187669754
111,123,19,19,81,defibrillator/defibrillator_01b.jpg,defibrillator,0.55,0.6502865850925446,-0.6502865850925446
111,123,20,20,80,boat/boat_01b.jpg,boat,0.761904762,0.7054580003023148,-0.7054580003023148
111,123,21,21,79,dishrag/dishrag_01b.jpg,dishrag,0.697674419,0.34455695003271103,-0.34455695003271103
111,123,22,22,78,breadbox/breadbox_01b.jpg,breadbox,0.75,0.37661008536815643,-0.37661008536815643
111,123,23,23,77,barnacle/barnacle_01s.jpg,barnacle,0.75,0.47153592109680176,-0.47153592109680176
111,123,24,24,76,chihuahua/chihuahua_01b.jpg,chihuahua,0.923076923,1.339766502380371,-1.339766502380371
111,123,25,25,75,cabbage/cabbage_01b.jpg,cabbage,0.682926829,0.7715381756424904,-0.7715381756424904
111,123,26,26,74,bottle/bottle_01b.jpg,bottle,0.717948718,0.4443007856607437,-0.4443007856607437
111,123,27,27,73,bazooka/bazooka_01b.jpg,bazooka,0.9,0.35649553686380386,-0.35649553686380386
111,123,28,28,72,beetle/beetle_01b.jpg,beetle,0.897435897,0.49630874395370483,-0.49630874395370483
111,123,29,29,71,clover/clover_01b.jpg,clover,0.69047619,0.4298841655254364,-0.4298841655254364
111,123,30,30,70,casserole/casserole_01b.jpg,casserole,0.743589744,0.6684760600328445,-0.6684760600328445
111,123,31,31,69,brake/brake_01b.jpg,brake,0.463414634,0.40899576991796494,-0.40899576991796494
111,123,32,32,68,crutch/crutch_01b.jpg,crutch,0.756097561,0.6757688820362091,-0.6757688820362091
111,123,33,33,67,brussels_sprouts/brussels_sprouts_01b.jpg,brussels_sprouts,0.7,1.22475928068161,-1.22475928068161
111,123,34,34,66,board/board_01b.jpg,board,0.894736842,0.47350575029850006,-0.47350575029850006
111,123,35,35,65,clipboard/clipboard_01b.jpg,clipboard,0.763157895,0.3495201990008354,-0.3495201990008354
111,123,36,36,64,deer/deer_01b.jpg,deer,0.65,0.5148348808288574,-0.5148348808288574
111,123,37,37,63,cord/cord_01b.jpg,cord,0.674418605,0.4993813633918762,-0.4993813633918762
111,123,38,38,62,anklet/anklet_01b.jpg,anklet,0.95,0.34243687987327576,-0.34243687987327576
111,123,39,39,61,candy_cane/candy_cane_01b.jpg,candy_cane,0.76744186,0.5875719487667084,-0.5875719487667084
111,123,40,40,60,basketball_hoop/basketball_hoop_01b.jpg,basketball_hoop,0.725,0.633686438202858,-0.633686438202858
111,123,41,41,59,closet/closet_01b.jpg,closet,0.756097561,0.28081459552049637,-0.28081459552049637
111,123,42,42,58,buckle/buckle_01b.jpg,buckle,0.756097561,0.5947612076997757,-0.5947612076997757
111,123,43,43,57,blazer/blazer_01b.jpg,blazer,0.731707317,0.30355004966259,-0.30355004966259
111,123,44,44,56,binoculars/binoculars_01s.jpg,binoculars,0.595238095,0.3875996544957161,-0.3875996544957161
111,123,45,45,55,antenna/antenna_01b.jpg,antenna,0.641025641,0.38463862240314484,-0.38463862240314484
111,123,46,46,54,blower/blower_01b.jpg,blower,0.928571429,0.48656395077705383,-0.48656395077705383
111,123,47,47,53,dishwashing_liquid/dishwashing_liquid_01b.jpg,dishwashing_liquid,0.731707317,0.4238678216934204,-0.4238678216934204
111,123,48,48,52,compass/compass_01b.jpg,compass,0.625,0.8830233812332153,-0.8830233812332153
111,123,49,49,51,clasp/clasp_01b.jpg,clasp,0.707317073,0.9497673809528351,-0.9497673809528351
111,123,50,50,50,cabinet/cabinet_01s.jpg,cabinet,0.6,0.33730847388505936,-0.33730847388505936
112,124,1,1,99,clover/clover_01b.jpg,clover,0.69047619,0.46341557800769806,-0.46341557800769806
112,124,2,2,98,board/board_01b.jpg,board,0.894736842,0.5605441182851791,-0.5605441182851791
112,124,3,3,97,baklava/baklava_01s.jpg,baklava,0.702702703,0.4889039397239685,-0.4889039397239685
112,124,4,4,96,brussels_sprouts/brussels_sprouts_01b.jpg,brussels_sprouts,0.7,1.0001363456249237,-1.0001363456249237
112,124,5,5,95,blazer/blazer_01b.jpg,blazer,0.731707317,0.3489716574549675,-0.3489716574549675
112,124,6,6,94,bib/bib_01n.jpg,bib,0.925,0.5009276047348976,-0.5009276047348976
112,124,7,7,93,boat/boat_01b.jpg,boat,0.761904762,0.6820530146360397,-0.6820530146360397
112,124,8,8,92,dishrag/dishrag_01b.jpg,dishrag,0.697674419,0.40066027641296387,-0.40066027641296387
112,124,9,9,91,cannonball/cannonball_01b.jpg,cannonball,0.725,0.5965853482484818,-0.5965853482484818
112,124,10,10,90,breadbox/breadbox_01b.jpg,breadbox,0.75,0.3984677121043205,-0.3984677121043205
112,124,11,11,89,crutch/crutch_01b.jpg,crutch,0.756097561,0.6124610304832458,-0.6124610304832458
112,124,12,12,88,bamboo/bamboo_01b.jpg,bamboo,0.714285714,0.4867464303970337,-0.4867464303970337
112,124,13,13,87,deer/deer_01b.jpg,deer,0.65,0.6743394583463669,-0.6743394583463669
112,124,14,14,86,basketball_hoop/basketball_hoop_01b.jpg,basketball_hoop,0.725,0.6036625504493713,-0.6036625504493713
112,124,15,15,85,dalmatian/dalmatian_01b.jpg,dalmatian,0.750609756,0.7934339195489883,-0.7934339195489883
112,124,16,16,84,casserole/casserole_01b.jpg,casserole,0.743589744,0.66131292283535,-0.66131292283535
112,124,17,17,83,compass/compass_01b.jpg,compass,0.625,0.9203585833311081,-0.9203585833311081
112,124,18,18,82,beetle/beetle_01b.jpg,beetle,0.897435897,0.6460742503404617,-0.6460742503404617
112,124,19,19,81,artichoke/artichoke_01b.jpg,artichoke,0.658536585,0.9591779485344887,-0.9591779485344887
112,124,20,20,80,bazooka/bazooka_01b.jpg,bazooka,0.9,0.3445951044559479,-0.3445951044559479
112,124,21,21,79,chihuahua/chihuahua_01b.jpg,chihuahua,0.923076923,1.4906194508075714,-1.4906194508075714
112,124,22,22,78,chalk/chalk_01b.jpg,chalk,0.88372093,0.4401620030403137,-0.4401620030403137
112,124,23,23,77,clipboard/clipboard_01b.jpg,clipboard,0.763157895,0.3712712228298187,-0.3712712228298187
112,124,24,24,76,coffee_table/coffee_table_01b.jpg,coffee_table,0.75,0.2684851586818695,-0.2684851586818695
112,124,25,25,75,bulldozer/bulldozer_01b.jpg,bulldozer,0.619047619,0.5826561599969864,-0.5826561599969864
112,124,26,26,74,cream_cheese/cream_cheese_01b.jpg,cream_cheese,0.744186047,0.43847736716270447,-0.43847736716270447
112,124,27,27,73,calf2/calf2_01b.jpg,calf2,0.880952381,0.26443082094192505,-0.26443082094192505
112,124,28,28,72,cabbage/cabbage_01b.jpg,cabbage,0.682926829,0.7928259968757629,-0.7928259968757629
112,124,29,29,71,costume/costume_01b.jpg,costume,0.902439024,0.36501776427030563,-0.36501776427030563
112,124,30,30,70,antenna/antenna_01b.jpg,antenna,0.641025641,0.33896777033805847,-0.33896777033805847
112,124,31,31,69,abacus/abacus_01b.jpg,abacus,0.648648649,0.7404293417930603,-0.7404293417930603
112,124,32,32,68,blower/blower_01b.jpg,blower,0.928571429,0.4512063041329384,-0.4512063041329384
112,124,33,33,67,confetti/confetti_01b.jpg,confetti,0.738095238,0.5717853158712387,-0.5717853158712387
112,124,34,34,66,barnacle/barnacle_01s.jpg,barnacle,0.75,0.5521290600299835,-0.5521290600299835
112,124,35,35,65,buckle/buckle_01b.jpg,buckle,0.756097561,0.5271306186914444,-0.5271306186914444
112,124,36,36,64,defibrillator/defibrillator_01b.jpg,defibrillator,0.55,0.5490140169858932,-0.5490140169858932
112,124,37,37,63,bagel/bagel_01s.jpg,bagel,0.902439024,0.6833279505372047,-0.6833279505372047
112,124,38,38,62,bottle/bottle_01b.jpg,bottle,0.717948718,0.43260058760643005,-0.43260058760643005
112,124,39,39,61,celery/celery_01b.jpg,celery,0.731707317,0.6066262125968933,-0.6066262125968933
112,124,40,40,60,cord/cord_01b.jpg,cord,0.674418605,0.4838363230228424,-0.4838363230228424
112,124,41,41,59,airplane/airplane_01b.jpg,airplane,0.720930233,0.37101171165704727,-0.37101171165704727
112,124,42,42,58,binoculars/binoculars_01s.jpg,binoculars,0.595238095,0.3719749003648758,-0.3719749003648758
112,124,43,43,57,barrel/barrel_01b.jpg,barrel,0.72972973,0.6300229132175446,-0.6300229132175446
112,124,44,44,56,anklet/anklet_01b.jpg,anklet,0.95,0.31487613171339035,-0.31487613171339035
112,124,45,45,55,dishwashing_liquid/dishwashing_liquid_01b.jpg,dishwashing_liquid,0.731707317,0.4574560075998306,-0.4574560075998306
112,124,46,46,54,cabinet/cabinet_01s.jpg,cabinet,0.6,0.3572715222835541,-0.3572715222835541
112,124,47,47,53,curry/curry_01b.jpg,curry,0.675,0.5657839402556419,-0.5657839402556419
112,124,48,48,52,brake/brake_01b.jpg,brake,0.463414634,0.3744867146015167,-0.3744867146015167
112,124,49,49,51,closet/closet_01b.jpg,closet,0.756097561,0.30292417109012604,-0.30292417109012604
112,124,50,50,50,clasp/clasp_01b.jpg,clasp,0.707317073,0.914055347442627,-0.914055347442627
113,125,1,1,99,bagel/bagel_01s.jpg,bagel,0.902439024,0.840826652944088,-0.840826652944088
113,125,2,2,98,dalmatian/dalmatian_01b.jpg,dalmatian,0.750609756,1.248651385307312,-1.248651385307312
113,125,3,3,97,binoculars/binoculars_01s.jpg,binoculars,0.595238095,0.6154337376356125,-0.6154337376356125
113,125,4,4,96,barrel/barrel_01b.jpg,barrel,0.72972973,0.7974579334259033,-0.7974579334259033
113,125,5,5,95,celery/celery_01b.jpg,celery,0.731707317,0.5769326537847519,-0.5769326537847519
113,125,6,6,94,cord/cord_01b.jpg,cord,0.674418605,0.5085883438587189,-0.5085883438587189
113,125,7,7,93,cabinet/cabinet_01s.jpg,cabinet,0.6,0.3988824188709259,-0.3988824188709259
113,125,8,8,92,bamboo/bamboo_01b.jpg,bamboo,0.714285714,0.4716123044490814,-0.4716123044490814
113,125,9,9,91,abacus/abacus_01b.jpg,abacus,0.648648649,0.6466650366783142,-0.6466650366783142
113,125,10,10,90,cabbage/cabbage_01b.jpg,cabbage,0.682926829,1.0193845108151436,-1.0193845108151436
113,125,11,11,89,blower/blower_01b.jpg,blower,0.928571429,0.4937668517231941,-0.4937668517231941
113,125,12,12,88,closet/closet_01b.jpg,closet,0.756097561,0.32204727828502655,-0.32204727828502655
113,125,13,13,87,buckle/buckle_01b.jpg,buckle,0.756097561,0.7138204425573349,-0.7138204425573349
113,125,14,14,86,basketball_hoop/basketball_hoop_01b.jpg,basketball_hoop,0.725,0.6293230503797531,-0.6293230503797531
113,125,15,15,85,blazer/blazer_01b.jpg,blazer,0.731707317,0.3791083097457886,-0.3791083097457886
113,125,16,16,84,breadbox/breadbox_01b.jpg,breadbox,0.75,0.3487066328525543,-0.3487066328525543
113,125,17,17,83,confetti/confetti_01b.jpg,confetti,0.738095238,0.4782670885324478,-0.4782670885324478
113,125,18,18,82,board/board_01b.jpg,board,0.894736842,0.5336026698350906,-0.5336026698350906
113,125,19,19,81,clover/clover_01b.jpg,clover,0.69047619,0.43456290662288666,-0.43456290662288666
113,125,20,20,80,clasp/clasp_01b.jpg,clasp,0.707317073,1.0323984324932098,-1.0323984324932098
113,125,21,21,79,airplane/airplane_01b.jpg,airplane,0.720930233,0.3141035735607147,-0.3141035735607147
113,125,22,22,78,chalk/chalk_01b.jpg,chalk,0.88372093,0.4977845102548599,-0.4977845102548599
113,125,23,23,77,bazooka/bazooka_01b.jpg,bazooka,0.9,0.3665734529495239,-0.3665734529495239
113,125,24,24,76,deer/deer_01b.jpg,deer,0.65,0.5135744512081146,-0.5135744512081146
113,125,25,25,75,defibrillator/defibrillator_01b.jpg,defibrillator,0.55,0.6734845042228699,-0.6734845042228699
113,125,26,26,74,boat/boat_01b.jpg,boat,0.761904762,0.7239081710577011,-0.7239081710577011
113,125,27,27,73,casserole/casserole_01b.jpg,casserole,0.743589744,0.7897813320159912,-0.7897813320159912
113,125,28,28,72,cream_cheese/cream_cheese_01b.jpg,cream_cheese,0.744186047,0.37614043056964874,-0.37614043056964874
113,125,29,29,71,anklet/anklet_01b.jpg,anklet,0.95,0.32709836959838867,-0.32709836959838867
113,125,30,30,70,compass/compass_01b.jpg,compass,0.625,1.0586781203746796,-1.0586781203746796
113,125,31,31,69,costume/costume_01b.jpg,costume,0.902439024,0.3989409878849983,-0.3989409878849983
113,125,32,32,68,baklava/baklava_01s.jpg,baklava,0.702702703,0.5143410116434097,-0.5143410116434097
113,125,33,33,67,antenna/antenna_01b.jpg,antenna,0.641025641,0.3695244565606117,-0.3695244565606117
113,125,34,34,66,dishwashing_liquid/dishwashing_liquid_01b.jpg,dishwashing_liquid,0.731707317,0.4521859437227249,-0.4521859437227249
113,125,35,35,65,coffee_table/coffee_table_01b.jpg,coffee_table,0.75,0.2917580232024193,-0.2917580232024193
113,125,36,36,64,barnacle/barnacle_01s.jpg,barnacle,0.75,0.4832460731267929,-0.4832460731267929
113,125,37,37,63,beetle/beetle_01b.jpg,beetle,0.897435897,0.5414280593395233,-0.5414280593395233
113,125,38,38,62,bulldozer/bulldozer_01b.jpg,bulldozer,0.619047619,0.6169745028018951,-0.6169745028018951
113,125,39,39,61,brake/brake_01b.jpg,brake,0.463414634,0.33163658529520035,-0.33163658529520035
113,125,40,40,60,calf2/calf2_01b.jpg,calf2,0.880952381,0.284115768969059,-0.284115768969059
113,125,41,41,59,chihuahua/chihuahua_01b.jpg,chihuahua,0.923076923,1.3396965861320496,-1.3396965861320496
113,125,42,42,58,bib/bib_01n.jpg,bib,0.925,0.5285155773162842,-0.5285155773162842
113,125,43,43,57,artichoke/artichoke_01b.jpg,artichoke,0.658536585,0.6696805134415627,-0.6696805134415627
113,125,44,44,56,cannonball/cannonball_01b.jpg,cannonball,0.725,0.5141425579786301,-0.5141425579786301
113,125,45,45,55,curry/curry_01b.jpg,curry,0.675,0.4695536345243454,-0.4695536345243454
113,125,46,46,54,crutch/crutch_01b.jpg,crutch,0.756097561,0.5650913864374161,-0.5650913864374161
113,125,47,47,53,bottle/bottle_01b.jpg,bottle,0.717948718,0.4222971946001053,-0.4222971946001053
113,125,48,48,52,cape/cape_01b.jpg,cape,0.87804878,0.4069942831993103,-0.4069942831993103
113,125,49,49,51,dishrag/dishrag_01b.jpg,dishrag,0.697674419,0.3148221895098686,-0.3148221895098686
113,125,50,50,50,brussels_sprouts/brussels_sprouts_01b.jpg,brussels_sprouts,0.7,1.1299822330474854,-1.1299822330474854
114,126,1,1,99,basketball_hoop/basketball_hoop_01b.jpg,basketball_hoop,0.725,0.6189137399196625,-0.6189137399196625
114,126,2,2,98,chalk/chalk_01b.jpg,chalk,0.88372093,0.4319855123758316,-0.4319855123758316
114,126,3,3,97,bottle/bottle_01b.jpg,bottle,0.717948718,0.4378877133131027,-0.4378877133131027
114,126,4,4,96,confetti/confetti_01b.jpg,confetti,0.738095238,0.5124790668487549,-0.5124790668487549
114,126,5,5,95,bulldozer/bulldozer_01b.jpg,bulldozer,0.619047619,0.6684313863515854,-0.6684313863515854
114,126,6,6,94,chihuahua/chihuahua_01b.jpg,chihuahua,0.923076923,1.6082428097724915,-1.6082428097724915
114,126,7,7,93,clasp/clasp_01b.jpg,clasp,0.707317073,0.8803794384002686,-0.8803794384002686
114,126,8,8,92,buckle/buckle_01b.jpg,buckle,0.756097561,0.579603523015976,-0.579603523015976
114,126,9,9,91,beetle/beetle_01b.jpg,beetle,0.897435897,0.6400329917669296,-0.6400329917669296
114,126,10,10,90,casserole/casserole_01b.jpg,casserole,0.743589744,0.5520537346601486,-0.5520537346601486
114,126,11,11,89,airplane/airplane_01b.jpg,airplane,0.720930233,0.2901546210050583,-0.2901546210050583
114,126,12,12,88,celery/celery_01b.jpg,celery,0.731707317,0.6009360253810883,-0.6009360253810883
114,126,13,13,87,blower/blower_01b.jpg,blower,0.928571429,0.3963490426540375,-0.3963490426540375
114,126,14,14,86,calf2/calf2_01b.jpg,calf2,0.880952381,0.29417450726032257,-0.29417450726032257
114,126,15,15,85,coffee_table/coffee_table_01b.jpg,coffee_table,0.75,0.27882083505392075,-0.27882083505392075
114,126,16,16,84,antenna/antenna_01b.jpg,antenna,0.641025641,0.3137866333127022,-0.3137866333127022
114,126,17,17,83,abacus/abacus_01b.jpg,abacus,0.648648649,0.5612384229898453,-0.5612384229898453
114,126,18,18,82,closet/closet_01b.jpg,closet,0.756097561,0.30034762620925903,-0.30034762620925903
114,126,19,19,81,dalmatian/dalmatian_01b.jpg,dalmatian,0.750609756,0.7224202156066895,-0.7224202156066895
114,126,20,20,80,binoculars/binoculars_01s.jpg,binoculars,0.595238095,0.4144725352525711,-0.4144725352525711
114,126,21,21,79,brake/brake_01b.jpg,brake,0.463414634,0.3106875792145729,-0.3106875792145729
114,126,22,22,78,baklava/baklava_01s.jpg,baklava,0.702702703,0.4339859038591385,-0.4339859038591385
114,126,23,23,77,barrel/barrel_01b.jpg,barrel,0.72972973,0.6640344560146332,-0.6640344560146332
114,126,24,24,76,costume/costume_01b.jpg,costume,0.902439024,0.38998904824256897,-0.38998904824256897
114,126,25,25,75,amber/amber_01b.jpg,amber,0.87804878,0.3183501213788986,-0.3183501213788986
114,126,26,26,74,dishwashing_liquid/dishwashing_liquid_01b.jpg,dishwashing_liquid,0.731707317,0.4272053763270378,-0.4272053763270378
114,126,27,27,73,clover/clover_01b.jpg,clover,0.69047619,0.4325310289859772,-0.4325310289859772
114,126,28,28,72,defibrillator/defibrillator_01b.jpg,defibrillator,0.55,0.5261143893003464,-0.5261143893003464
114,126,29,29,71,bib/bib_01n.jpg,bib,0.925,0.4694470539689064,-0.4694470539689064
114,126,30,30,70,bagel/bagel_01s.jpg,bagel,0.902439024,0.5830648690462112,-0.5830648690462112
114,126,31,31,69,blazer/blazer_01b.jpg,blazer,0.731707317,0.32035993039608,-0.32035993039608
114,126,32,32,68,cabbage/cabbage_01b.jpg,cabbage,0.682926829,0.7652563825249672,-0.7652563825249672
114,126,33,33,67,cannonball/cannonball_01b.jpg,cannonball,0.725,0.5232011079788208,-0.5232011079788208
114,126,34,34,66,artichoke/artichoke_01b.jpg,artichoke,0.658536585,0.8559814989566803,-0.8559814989566803
114,126,35,35,65,bamboo/bamboo_01b.jpg,bamboo,0.714285714,0.44151805341243744,-0.44151805341243744
114,126,36,36,64,compass/compass_01b.jpg,compass,0.625,0.8668923676013947,-0.8668923676013947
114,126,37,37,63,breadbox/breadbox_01b.jpg,breadbox,0.75,0.35000909864902496,-0.35000909864902496
114,126,38,38,62,deer/deer_01b.jpg,deer,0.65,0.5205282270908356,-0.5205282270908356
114,126,39,39,61,cord/cord_01b.jpg,cord,0.674418605,0.4164678379893303,-0.4164678379893303
114,126,40,40,60,dishrag/dishrag_01b.jpg,dishrag,0.697674419,0.32060401886701584,-0.32060401886701584
114,126,41,41,59,bazooka/bazooka_01b.jpg,bazooka,0.9,0.2947146147489548,-0.2947146147489548
114,126,42,42,58,barnacle/barnacle_01s.jpg,barnacle,0.75,0.521082729101181,-0.521082729101181
114,126,43,43,57,curry/curry_01b.jpg,curry,0.675,0.5473111420869827,-0.5473111420869827
114,126,44,44,56,board/board_01b.jpg,board,0.894736842,0.48979219794273376,-0.48979219794273376
114,126,45,45,55,brussels_sprouts/brussels_sprouts_01b.jpg,brussels_sprouts,0.7,0.9752122610807419,-0.9752122610807419
114,126,46,46,54,cream_cheese/cream_cheese_01b.jpg,cream_cheese,0.744186047,0.39929912984371185,-0.39929912984371185
114,126,47,47,53,cape/cape_01b.jpg,cape,0.87804878,0.354570597410202,-0.354570597410202
114,126,48,48,52,anklet/anklet_01b.jpg,anklet,0.95,0.28041765838861465,-0.28041765838861465
114,126,49,49,51,cabinet/cabinet_01s.jpg,cabinet,0.6,0.35619135200977325,-0.35619135200977325
114,126,50,50,50,crutch/crutch_01b.jpg,crutch,0.756097561,0.4872090518474579,-0.4872090518474579
115,127,1,1,99,clover/clover_01b.jpg,clover,0.69047619,0.4709818512201309,-0.4709818512201309
115,127,2,2,98,casserole/casserole_01b.jpg,casserole,0.743589744,0.746470034122467,-0.746470034122467
115,127,3,3,97,coffee_table/coffee_table_01b.jpg,coffee_table,0.75,0.30449000746011734,-0.30449000746011734
115,127,4,4,96,cannonball/cannonball_01b.jpg,cannonball,0.725,0.5947447419166565,-0.5947447419166565
115,127,5,5,95,chalk/chalk_01b.jpg,chalk,0.88372093,0.4351719319820404,-0.4351719319820404
115,127,6,6,94,costume/costume_01b.jpg,costume,0.902439024,0.3983933702111244,-0.3983933702111244
115,127,7,7,93,cord/cord_01b.jpg,cord,0.674418605,0.5771633982658386,-0.5771633982658386
115,127,8,8,92,buckle/buckle_01b.jpg,buckle,0.756097561,0.6706653535366058,-0.6706653535366058
115,127,9,9,91,confetti/confetti_01b.jpg,confetti,0.738095238,0.4822632372379303,-0.4822632372379303
115,127,10,10,90,deer/deer_01b.jpg,deer,0.65,0.5204551964998245,-0.5204551964998245
115,127,11,11,89,basketball_hoop/basketball_hoop_01b.jpg,basketball_hoop,0.725,0.7055806070566177,-0.7055806070566177
115,127,12,12,88,blower/blower_01b.jpg,blower,0.928571429,0.5180081874132156,-0.5180081874132156
115,127,13,13,87,bazooka/bazooka_01b.jpg,bazooka,0.9,0.41315464675426483,-0.41315464675426483
115,127,14,14,86,beetle/beetle_01b.jpg,beetle,0.897435897,0.5903714001178741,-0.5903714001178741
115,127,15,15,85,bulldozer/bulldozer_01b.jpg,bulldozer,0.619047619,0.688004270195961,-0.688004270195961
115,127,16,16,84,baklava/baklava_01s.jpg,baklava,0.702702703,0.4338371306657791,-0.4338371306657791
115,127,17,17,83,barnacle/barnacle_01s.jpg,barnacle,0.75,0.49555937945842743,-0.49555937945842743
115,127,18,18,82,artichoke/artichoke_01b.jpg,artichoke,0.658536585,1.2044796124100685,-1.2044796124100685
115,127,19,19,81,board/board_01b.jpg,board,0.894736842,0.5473179221153259,-0.5473179221153259
115,127,20,20,80,breadbox/breadbox_01b.jpg,breadbox,0.75,0.36702217161655426,-0.36702217161655426
115,127,21,21,79,bib/bib_01n.jpg,bib,0.925,0.5038681179285049,-0.5038681179285049
115,127,22,22,78,compass/compass_01b.jpg,compass,0.625,1.049034833908081,-1.049034833908081
115,127,23,23,77,brussels_sprouts/brussels_sprouts_01b.jpg,brussels_sprouts,0.7,0.8206909000873566,-0.8206909000873566
115,127,24,24,76,brake/brake_01b.jpg,brake,0.463414634,0.3827770873904228,-0.3827770873904228
115,127,25,25,75,cream_cheese/cream_cheese_01b.jpg,cream_cheese,0.744186047,0.4144795909523964,-0.4144795909523964
115,127,26,26,74,curry/curry_01b.jpg,curry,0.675,0.4598228335380554,-0.4598228335380554
115,127,27,27,73,dalmatian/dalmatian_01b.jpg,dalmatian,0.750609756,0.8400834202766418,-0.8400834202766418
115,127,28,28,72,barrel/barrel_01b.jpg,barrel,0.72972973,0.7741504311561584,-0.7741504311561584
115,127,29,29,71,anklet/anklet_01b.jpg,anklet,0.95,0.38506457954645157,-0.38506457954645157
115,127,30,30,70,celery/celery_01b.jpg,celery,0.731707317,0.554029643535614,-0.554029643535614
115,127,31,31,69,closet/closet_01b.jpg,closet,0.756097561,0.2786025032401085,-0.2786025032401085
115,127,32,32,68,chihuahua/chihuahua_01b.jpg,chihuahua,0.923076923,1.6133646368980408,-1.6133646368980408
115,127,33,33,67,abacus/abacus_01b.jpg,abacus,0.648648649,0.8386835008859634,-0.8386835008859634
115,127,34,34,66,bamboo/bamboo_01b.jpg,bamboo,0.714285714,0.4540101885795593,-0.4540101885795593
115,127,35,35,65,airplane/airplane_01b.jpg,airplane,0.720930233,0.38253630697727203,-0.38253630697727203
115,127,36,36,64,cabinet/cabinet_01s.jpg,cabinet,0.6,0.3533991351723671,-0.3533991351723671
115,127,37,37,63,blazer/blazer_01b.jpg,blazer,0.731707317,0.35609038174152374,-0.35609038174152374
115,127,38,38,62,cape/cape_01b.jpg,cape,0.87804878,0.4086633399128914,-0.4086633399128914
115,127,39,39,61,bottle/bottle_01b.jpg,bottle,0.717948718,0.44337092339992523,-0.44337092339992523
115,127,40,40,60,dishrag/dishrag_01b.jpg,dishrag,0.697674419,0.32124698907136917,-0.32124698907136917
115,127,41,41,59,dishwashing_liquid/dishwashing_liquid_01b.jpg,dishwashing_liquid,0.731707317,0.45236895978450775,-0.45236895978450775
115,127,42,42,58,cabbage/cabbage_01b.jpg,cabbage,0.682926829,0.749168686568737,-0.749168686568737
115,127,43,43,57,clasp/clasp_01b.jpg,clasp,0.707317073,1.1775278747081757,-1.1775278747081757
115,127,44,44,56,bagel/bagel_01s.jpg,bagel,0.902439024,0.694877915084362,-0.694877915084362
115,127,45,45,55,defibrillator/defibrillator_01b.jpg,defibrillator,0.55,0.741463229060173,-0.741463229060173
115,127,46,46,54,antenna/antenna_01b.jpg,antenna,0.641025641,0.4159309193491936,-0.4159309193491936
115,127,47,47,53,chocolate/chocolate_01b.jpg,chocolate,0.875,0.32826413959264755,-0.32826413959264755
115,127,48,48,52,amber/amber_01b.jpg,amber,0.87804878,0.38558343797922134,-0.38558343797922134
115,127,49,49,51,calf2/calf2_01b.jpg,calf2,0.880952381,0.2708682045340538,-0.2708682045340538
115,127,50,50,50,binoculars/binoculars_01s.jpg,binoculars,0.595238095,0.41986557096242905,-0.41986557096242905
116,128,1,1,99,clover/clover_01b.jpg,clover,0.69047619,0.5170665234327316,-0.5170665234327316
116,128,2,2,98,chihuahua/chihuahua_01b.jpg,chihuahua,0.923076923,2.1833946108818054,-2.1833946108818054
116,128,3,3,97,dalmatian/dalmatian_01b.jpg,dalmatian,0.750609756,2.419835165143013,-2.419835165143013
116,128,4,4,96,bagel/bagel_01s.jpg,bagel,0.902439024,0.770907811820507,-0.770907811820507
116,128,5,5,95,costume/costume_01b.jpg,costume,0.902439024,0.44150297343730927,-0.44150297343730927
116,128,6,6,94,bib/bib_01n.jpg,bib,0.925,0.4444233253598213,-0.4444233253598213
116,128,7,7,93,clasp/clasp_01b.jpg,clasp,0.707317073,1.0811477601528168,-1.0811477601528168
116,128,8,8,92,binoculars/binoculars_01s.jpg,binoculars,0.595238095,0.5599789991974831,-0.5599789991974831
116,128,9,9,91,brake/brake_01b.jpg,brake,0.463414634,0.46532372385263443,-0.46532372385263443
116,128,10,10,90,beetle/beetle_01b.jpg,beetle,0.897435897,0.6664235591888428,-0.6664235591888428
116,128,11,11,89,casserole/casserole_01b.jpg,casserole,0.743589744,0.851697564125061,-0.851697564125061
116,128,12,12,88,confetti/confetti_01b.jpg,confetti,0.738095238,0.5715518146753311,-0.5715518146753311
116,128,13,13,87,calf2/calf2_01b.jpg,calf2,0.880952381,0.2997893840074539,-0.2997893840074539
116,128,14,14,86,basketball_hoop/basketball_hoop_01b.jpg,basketball_hoop,0.725,0.6177673935890198,-0.6177673935890198
116,128,15,15,85,antenna/antenna_01b.jpg,antenna,0.641025641,0.4333205595612526,-0.4333205595612526
116,128,16,16,84,blower/blower_01b.jpg,blower,0.928571429,0.5249252915382385,-0.5249252915382385
116,128,17,17,83,breadbox/breadbox_01b.jpg,breadbox,0.75,0.4119585379958153,-0.4119585379958153
116,128,18,18,82,amber/amber_01b.jpg,amber,0.87804878,0.4103011265397072,-0.4103011265397072
116,128,19,19,81,cord/cord_01b.jpg,cord,0.674418605,0.5765006393194199,-0.5765006393194199
116,128,20,20,80,anklet/anklet_01b.jpg,anklet,0.95,0.386966735124588,-0.386966735124588
116,128,21,21,79,cream_cheese/cream_cheese_01b.jpg,cream_cheese,0.744186047,0.4456159844994545,-0.4456159844994545
116,128,22,22,78,cape/cape_01b.jpg,cape,0.87804878,0.3979272171854973,-0.3979272171854973
116,128,23,23,77,cabbage/cabbage_01b.jpg,cabbage,0.682926829,0.893287181854248,-0.893287181854248
116,128,24,24,76,compass/compass_01b.jpg,compass,0.625,0.9055701643228531,-0.9055701643228531
116,128,25,25,75,dishrag/dishrag_01b.jpg,dishrag,0.697674419,0.3676082566380501,-0.3676082566380501
116,128,26,26,74,board/board_01b.jpg,board,0.894736842,0.5689798295497894,-0.5689798295497894
116,128,27,27,73,cannonball/cannonball_01b.jpg,cannonball,0.725,0.5998500287532806,-0.5998500287532806
116,128,28,28,72,dishwashing_liquid/dishwashing_liquid_01b.jpg,dishwashing_liquid,0.731707317,0.463663712143898,-0.463663712143898
116,128,29,29,71,cabinet/cabinet_01s.jpg,cabinet,0.6,0.3544471338391304,-0.3544471338391304
116,128,30,30,70,curry/curry_01b.jpg,curry,0.675,0.5549004226922989,-0.5549004226922989
116,128,31,31,69,blazer/blazer_01b.jpg,blazer,0.731707317,0.331858292222023,-0.331858292222023
116,128,32,32,68,bamboo/bamboo_01b.jpg,bamboo,0.714285714,0.542778491973877,-0.542778491973877
116,128,33,33,67,bazooka/bazooka_01b.jpg,bazooka,0.9,0.37851111590862274,-0.37851111590862274
116,128,34,34,66,abacus/abacus_01b.jpg,abacus,0.648648649,0.6582575887441635,-0.6582575887441635
116,128,35,35,65,bulldozer/bulldozer_01b.jpg,bulldozer,0.619047619,0.6599463522434235,-0.6599463522434235
116,128,36,36,64,bottle/bottle_01b.jpg,bottle,0.717948718,0.499773770570755,-0.499773770570755
116,128,37,37,63,beard/beard_01b.jpg,beard,0.875,0.43452825397253036,-0.43452825397253036
116,128,38,38,62,chocolate/chocolate_01b.jpg,chocolate,0.875,0.33638063818216324,-0.33638063818216324
116,128,39,39,61,baklava/baklava_01s.jpg,baklava,0.702702703,0.5812706500291824,-0.5812706500291824
116,128,40,40,60,buckle/buckle_01b.jpg,buckle,0.756097561,0.5106634348630905,-0.5106634348630905
116,128,41,41,59,chalk/chalk_01b.jpg,chalk,0.88372093,0.4609478563070297,-0.4609478563070297
116,128,42,42,58,airplane/airplane_01b.jpg,airplane,0.720930233,0.4084830582141876,-0.4084830582141876
116,128,43,43,57,artichoke/artichoke_01b.jpg,artichoke,0.658536585,0.6821967214345932,-0.6821967214345932
116,128,44,44,56,defibrillator/defibrillator_01b.jpg,defibrillator,0.55,0.5949839800596237,-0.5949839800596237
116,128,45,45,55,barnacle/barnacle_01s.jpg,barnacle,0.75,0.6088401675224304,-0.6088401675224304
116,128,46,46,54,deer/deer_01b.jpg,deer,0.65,0.5895786434412003,-0.5895786434412003
116,128,47,47,53,barrel/barrel_01b.jpg,barrel,0.72972973,0.8258880376815796,-0.8258880376815796
116,128,48,48,52,coffee_table/coffee_table_01b.jpg,coffee_table,0.75,0.31889844685792923,-0.31889844685792923
116,128,49,49,51,celery/celery_01b.jpg,celery,0.731707317,0.5943016111850739,-0.5943016111850739
116,128,50,50,50,brussels_sprouts/brussels_sprouts_01b.jpg,brussels_sprouts,0.7,1.0264292657375336,-1.0264292657375336
117,129,1,1,99,airplane/airplane_01b.jpg,airplane,0.720930233,0.3356126993894577,-0.3356126993894577
117,129,2,2,98,costume/costume_01b.jpg,costume,0.902439024,0.37860405445098877,-0.37860405445098877
117,129,3,3,97,antenna/antenna_01b.jpg,antenna,0.641025641,0.314285084605217,-0.314285084605217
117,129,4,4,96,board/board_01b.jpg,board,0.894736842,0.5756744295358658,-0.5756744295358658
117,129,5,5,95,cord/cord_01b.jpg,cord,0.674418605,0.46922269463539124,-0.46922269463539124
117,129,6,6,94,baklava/baklava_01s.jpg,baklava,0.702702703,0.5500749498605728,-0.5500749498605728
117,129,7,7,93,contact_lens/contact_lens_01s.jpg,contact_lens,0.872435897,0.2865574210882187,-0.2865574210882187
117,129,8,8,92,cannonball/cannonball_01b.jpg,cannonball,0.725,0.5239861756563187,-0.5239861756563187
117,129,9,9,91,cape/cape_01b.jpg,cape,0.87804878,0.3464265912771225,-0.3464265912771225
117,129,10,10,90,curry/curry_01b.jpg,curry,0.675,0.4753062576055527,-0.4753062576055527
117,129,11,11,89,anklet/anklet_01b.jpg,anklet,0.95,0.279385082423687,-0.279385082423687
117,129,12,12,88,coffee_table/coffee_table_01b.jpg,coffee_table,0.75,0.2705560252070427,-0.2705560252070427
117,129,13,13,87,brake/brake_01b.jpg,brake,0.463414634,0.29507866501808167,-0.29507866501808167
117,129,14,14,86,cabbage/cabbage_01b.jpg,cabbage,0.682926829,0.7005211412906647,-0.7005211412906647
117,129,15,15,85,brussels_sprouts/brussels_sprouts_01b.jpg,brussels_sprouts,0.7,0.5989801734685898,-0.5989801734685898
117,129,16,16,84,bottle/bottle_01b.jpg,bottle,0.717948718,0.390521340072155,-0.390521340072155
117,129,17,17,83,breadbox/breadbox_01b.jpg,breadbox,0.75,0.35925503820180893,-0.35925503820180893
117,129,18,18,82,compass/compass_01b.jpg,compass,0.625,0.96858811378479,-0.96858811378479
117,129,19,19,81,bamboo/bamboo_01b.jpg,bamboo,0.714285714,0.4391316622495651,-0.4391316622495651
117,129,20,20,80,calf2/calf2_01b.jpg,calf2,0.880952381,0.2766733914613724,-0.2766733914613724
117,129,21,21,79,defibrillator/defibrillator_01b.jpg,defibrillator,0.55,0.5452722311019897,-0.5452722311019897
117,129,22,22,78,clover/clover_01b.jpg,clover,0.69047619,0.43268267810344696,-0.43268267810344696
117,129,23,23,77,confetti/confetti_01b.jpg,confetti,0.738095238,0.5199658274650574,-0.5199658274650574
117,129,24,24,76,dishwashing_liquid/dishwashing_liquid_01b.jpg,dishwashing_liquid,0.731707317,0.4245014041662216,-0.4245014041662216
117,129,25,25,75,barrel/barrel_01b.jpg,barrel,0.72972973,0.6421740502119064,-0.6421740502119064
117,129,26,26,74,casserole/casserole_01b.jpg,casserole,0.743589744,0.5855889469385147,-0.5855889469385147
117,129,27,27,73,blazer/blazer_01b.jpg,blazer,0.731707317,0.3267844468355179,-0.3267844468355179
117,129,28,28,72,chihuahua/chihuahua_01b.jpg,chihuahua,0.923076923,1.5023991167545319,-1.5023991167545319
117,129,29,29,71,blower/blower_01b.jpg,blower,0.928571429,0.40882648527622223,-0.40882648527622223
117,129,30,30,70,cabinet/cabinet_01s.jpg,cabinet,0.6,0.3456011191010475,-0.3456011191010475
117,129,31,31,69,bulldozer/bulldozer_01b.jpg,bulldozer,0.619047619,0.569443091750145,-0.569443091750145
117,129,32,32,68,cream_cheese/cream_cheese_01b.jpg,cream_cheese,0.744186047,0.3889971375465393,-0.3889971375465393
117,129,33,33,67,barnacle/barnacle_01s.jpg,barnacle,0.75,0.5041633546352386,-0.5041633546352386
117,129,34,34,66,chocolate/chocolate_01b.jpg,chocolate,0.875,0.3113408833742142,-0.3113408833742142
117,129,35,35,65,bazooka/bazooka_01b.jpg,bazooka,0.9,0.3153754249215126,-0.3153754249215126
117,129,36,36,64,bib/bib_01n.jpg,bib,0.925,0.4670371189713478,-0.4670371189713478
117,129,37,37,63,deer/deer_01b.jpg,deer,0.65,0.4279202073812485,-0.4279202073812485
117,129,38,38,62,artichoke/artichoke_01b.jpg,artichoke,0.658536585,0.7615625560283661,-0.7615625560283661
117,129,39,39,61,beard/beard_01b.jpg,beard,0.875,0.4118949919939041,-0.4118949919939041
117,129,40,40,60,abacus/abacus_01b.jpg,abacus,0.648648649,0.6398753523826599,-0.6398753523826599
117,129,41,41,59,beetle/beetle_01b.jpg,beetle,0.897435897,0.4428390860557556,-0.4428390860557556
117,129,42,42,58,basketball_hoop/basketball_hoop_01b.jpg,basketball_hoop,0.725,0.4879203587770462,-0.4879203587770462
117,129,43,43,57,dishrag/dishrag_01b.jpg,dishrag,0.697674419,0.31292907148599625,-0.31292907148599625
117,129,44,44,56,chalk/chalk_01b.jpg,chalk,0.88372093,0.40076566487550735,-0.40076566487550735
117,129,45,45,55,celery/celery_01b.jpg,celery,0.731707317,0.45576760172843933,-0.45576760172843933
117,129,46,46,54,bagel/bagel_01s.jpg,bagel,0.902439024,0.5000182911753654,-0.5000182911753654
117,129,47,47,53,binoculars/binoculars_01s.jpg,binoculars,0.595238095,0.36234623193740845,-0.36234623193740845
117,129,48,48,52,clasp/clasp_01b.jpg,clasp,0.707317073,0.8293300569057465,-0.8293300569057465
117,129,49,49,51,dalmatian/dalmatian_01b.jpg,dalmatian,0.750609756,0.7532162964344025,-0.7532162964344025
117,129,50,50,50,amber/amber_01b.jpg,amber,0.87804878,0.3289453536272049,-0.3289453536272049
118,130,1,1,99,abacus/abacus_01b.jpg,abacus,0.648648649,2.360445499420166,-2.360445499420166
118,130,2,2,98,chocolate/chocolate_01b.jpg,chocolate,0.875,0.30544688552618027,-0.30544688552618027
118,130,3,3,97,compass/compass_01b.jpg,compass,0.625,1.5970383286476135,-1.5970383286476135
118,130,4,4,96,cabinet/cabinet_01s.jpg,cabinet,0.6,0.37963154911994934,-0.37963154911994934
118,130,5,5,95,celery/celery_01b.jpg,celery,0.731707317,0.6145898550748825,-0.6145898550748825
118,130,6,6,94,coffee_table/coffee_table_01b.jpg,coffee_table,0.75,0.2712211459875107,-0.2712211459875107
118,130,7,7,93,contact_lens/contact_lens_01s.jpg,contact_lens,0.872435897,0.3489954471588135,-0.3489954471588135
118,130,8,8,92,bamboo/bamboo_01b.jpg,bamboo,0.714285714,0.44136493653059006,-0.44136493653059006
118,130,9,9,91,baklava/baklava_01s.jpg,baklava,0.702702703,0.5447046160697937,-0.5447046160697937
118,130,10,10,90,costume/costume_01b.jpg,costume,0.902439024,0.3589090034365654,-0.3589090034365654
118,130,11,11,89,artichoke/artichoke_01b.jpg,artichoke,0.658536585,0.7973752394318581,-0.7973752394318581
118,130,12,12,88,bib/bib_01n.jpg,bib,0.925,0.47167783975601196,-0.47167783975601196
118,130,13,13,87,blower/blower_01b.jpg,blower,0.928571429,0.36169590801000595,-0.36169590801000595
118,130,14,14,86,deer/deer_01b.jpg,deer,0.65,0.5125840753316879,-0.5125840753316879
118,130,15,15,85,calf2/calf2_01b.jpg,calf2,0.880952381,0.29854661226272583,-0.29854661226272583
118,130,16,16,84,dishwashing_liquid/dishwashing_liquid_01b.jpg,dishwashing_liquid,0.731707317,0.4775633364915848,-0.4775633364915848
118,130,17,17,83,breadbox/breadbox_01b.jpg,breadbox,0.75,0.371025986969471,-0.371025986969471
118,130,18,18,82,binoculars/binoculars_01s.jpg,binoculars,0.595238095,0.4361983686685562,-0.4361983686685562
118,130,19,19,81,bottle/bottle_01b.jpg,bottle,0.717948718,0.4167384058237076,-0.4167384058237076
118,130,20,20,80,cabbage/cabbage_01b.jpg,cabbage,0.682926829,0.7754141613841057,-0.7754141613841057
118,130,21,21,79,barrel/barrel_01b.jpg,barrel,0.72972973,0.6550080627202988,-0.6550080627202988
118,130,22,22,78,cord/cord_01b.jpg,cord,0.674418605,0.5171290338039398,-0.5171290338039398
118,130,23,23,77,barnacle/barnacle_01s.jpg,barnacle,0.75,0.5667553097009659,-0.5667553097009659
118,130,24,24,76,chalk/chalk_01b.jpg,chalk,0.88372093,0.44093507528305054,-0.44093507528305054
118,130,25,25,75,airplane/airplane_01b.jpg,airplane,0.720930233,0.398628368973732,-0.398628368973732
118,130,26,26,74,bazooka/bazooka_01b.jpg,bazooka,0.9,0.35522785037755966,-0.35522785037755966
118,130,27,27,73,bulldozer/bulldozer_01b.jpg,bulldozer,0.619047619,0.572328120470047,-0.572328120470047
118,130,28,28,72,curry/curry_01b.jpg,curry,0.675,0.5137935131788254,-0.5137935131788254
118,130,29,29,71,blazer/blazer_01b.jpg,blazer,0.731707317,0.3585263788700104,-0.3585263788700104
118,130,30,30,70,brake/brake_01b.jpg,brake,0.463414634,0.356562040746212,-0.356562040746212
118,130,31,31,69,beard/beard_01b.jpg,beard,0.875,0.39639759808778763,-0.39639759808778763
118,130,32,32,68,chihuahua/chihuahua_01b.jpg,chihuahua,0.923076923,1.4106642007827759,-1.4106642007827759
118,130,33,33,67,bagel/bagel_01s.jpg,bagel,0.902439024,0.6688422486186028,-0.6688422486186028
118,130,34,34,66,clover/clover_01b.jpg,clover,0.69047619,0.42376093566417694,-0.42376093566417694
118,130,35,35,65,antenna/antenna_01b.jpg,antenna,0.641025641,0.32061341404914856,-0.32061341404914856
118,130,36,36,64,anklet/anklet_01b.jpg,anklet,0.95,0.3339228257536888,-0.3339228257536888
118,130,37,37,63,cape/cape_01b.jpg,cape,0.87804878,0.3446778953075409,-0.3446778953075409
118,130,38,38,62,dishrag/dishrag_01b.jpg,dishrag,0.697674419,0.2982725724577904,-0.2982725724577904
118,130,39,39,61,basketball_hoop/basketball_hoop_01b.jpg,basketball_hoop,0.725,0.5255777984857559,-0.5255777984857559
118,130,40,40,60,amber/amber_01b.jpg,amber,0.87804878,0.3345606029033661,-0.3345606029033661
118,130,41,41,59,brussels_sprouts/brussels_sprouts_01b.jpg,brussels_sprouts,0.7,0.8223864287137985,-0.8223864287137985
118,130,42,42,58,cannonball/cannonball_01b.jpg,cannonball,0.725,0.43375830352306366,-0.43375830352306366
118,130,43,43,57,defibrillator/defibrillator_01b.jpg,defibrillator,0.55,0.572756290435791,-0.572756290435791
118,130,44,44,56,cream_cheese/cream_cheese_01b.jpg,cream_cheese,0.744186047,0.3960317075252533,-0.3960317075252533
118,130,45,45,55,board/board_01b.jpg,board,0.894736842,0.4442656636238098,-0.4442656636238098
118,130,46,46,54,casserole/casserole_01b.jpg,casserole,0.743589744,0.6277501881122589,-0.6277501881122589
118,130,47,47,53,beetle/beetle_01b.jpg,beetle,0.897435897,0.5273175239562988,-0.5273175239562988
118,130,48,48,52,clasp/clasp_01b.jpg,clasp,0.707317073,0.9363006055355072,-0.9363006055355072
118,130,49,49,51,confetti/confetti_01b.jpg,confetti,0.738095238,0.5395511537790298,-0.5395511537790298
118,130,50,50,50,bonnet/bonnet_01s.jpg,bonnet,0.871794872,0.34532564878463745,-0.34532564878463745
119,131,1,1,99,board/board_01b.jpg,board,0.894736842,0.6361625641584396,-0.6361625641584396
119,131,2,2,98,dishwashing_liquid/dishwashing_liquid_01b.jpg,dishwashing_liquid,0.731707317,0.47635845839977264,-0.47635845839977264
119,131,3,3,97,beetle/beetle_01b.jpg,beetle,0.897435897,1.217951811850071,-1.217951811850071
119,131,4,4,96,cabinet/cabinet_01s.jpg,cabinet,0.6,0.4203527718782425,-0.4203527718782425
119,131,5,5,95,baklava/baklava_01s.jpg,baklava,0.702702703,0.5035394579172134,-0.5035394579172134
119,131,6,6,94,bulldozer/bulldozer_01b.jpg,bulldozer,0.619047619,0.6496210694313049,-0.6496210694313049
119,131,7,7,93,chalk/chalk_01b.jpg,chalk,0.88372093,0.442834734916687,-0.442834734916687
119,131,8,8,92,artichoke/artichoke_01b.jpg,artichoke,0.658536585,0.9635998085141182,-0.9635998085141182
119,131,9,9,91,confetti/confetti_01b.jpg,confetti,0.738095238,0.523551270365715,-0.523551270365715
119,131,10,10,90,curry/curry_01b.jpg,curry,0.675,0.49160274863243103,-0.49160274863243103
119,131,11,11,89,bib/bib_01n.jpg,bib,0.925,0.5306920185685158,-0.5306920185685158
119,131,12,12,88,barnacle/barnacle_01s.jpg,barnacle,0.75,0.5332030355930328,-0.5332030355930328
119,131,13,13,87,bottle/bottle_01b.jpg,bottle,0.717948718,0.4180293083190918,-0.4180293083190918
119,131,14,14,86,cream_cheese/cream_cheese_01b.jpg,cream_cheese,0.744186047,0.43778982013463974,-0.43778982013463974
119,131,15,15,85,calf2/calf2_01b.jpg,calf2,0.880952381,0.2923440858721733,-0.2923440858721733
119,131,16,16,84,basketball_hoop/basketball_hoop_01b.jpg,basketball_hoop,0.725,0.5386656522750854,-0.5386656522750854
119,131,17,17,83,deer/deer_01b.jpg,deer,0.65,0.5780235677957535,-0.5780235677957535
119,131,18,18,82,brussels_sprouts/brussels_sprouts_01b.jpg,brussels_sprouts,0.7,0.8476780951023102,-0.8476780951023102
119,131,19,19,81,brake/brake_01b.jpg,brake,0.463414634,0.3453257083892822,-0.3453257083892822
119,131,20,20,80,binoculars/binoculars_01s.jpg,binoculars,0.595238095,0.3795032426714897,-0.3795032426714897
119,131,21,21,79,clover/clover_01b.jpg,clover,0.69047619,0.5048132389783859,-0.5048132389783859
119,131,22,22,78,anklet/anklet_01b.jpg,anklet,0.95,0.32025422900915146,-0.32025422900915146
119,131,23,23,77,amber/amber_01b.jpg,amber,0.87804878,0.40705230832099915,-0.40705230832099915
119,131,24,24,76,costume/costume_01b.jpg,costume,0.902439024,0.39635123312473297,-0.39635123312473297
119,131,25,25,75,bagel/bagel_01s.jpg,bagel,0.902439024,0.5938526391983032,-0.5938526391983032
119,131,26,26,74,contact_lens/contact_lens_01s.jpg,contact_lens,0.872435897,0.28714001923799515,-0.28714001923799515
119,131,27,27,73,bonnet/bonnet_01s.jpg,bonnet,0.871794872,0.32167304307222366,-0.32167304307222366
119,131,28,28,72,chihuahua/chihuahua_01b.jpg,chihuahua,0.923076923,1.2869375944137573,-1.2869375944137573
119,131,29,29,71,blower/blower_01b.jpg,blower,0.928571429,0.42593005299568176,-0.42593005299568176
119,131,30,30,70,bazooka/bazooka_01b.jpg,bazooka,0.9,0.323732390999794,-0.323732390999794
119,131,31,31,69,clasp/clasp_01b.jpg,clasp,0.707317073,1.0544804632663727,-1.0544804632663727
119,131,32,32,68,beard/beard_01b.jpg,beard,0.875,0.44493575394153595,-0.44493575394153595
119,131,33,33,67,cabbage/cabbage_01b.jpg,cabbage,0.682926829,0.9349816516041756,-0.9349816516041756
119,131,34,34,66,breadbox/breadbox_01b.jpg,breadbox,0.75,0.3814663589000702,-0.3814663589000702
119,131,35,35,65,casserole/casserole_01b.jpg,casserole,0.743589744,0.5202209651470184,-0.5202209651470184
119,131,36,36,64,dishrag/dishrag_01b.jpg,dishrag,0.697674419,0.3364737555384636,-0.3364737555384636
119,131,37,37,63,cord/cord_01b.jpg,cord,0.674418605,0.42769337445497513,-0.42769337445497513
119,131,38,38,62,antenna/antenna_01b.jpg,antenna,0.641025641,0.32213762402534485,-0.32213762402534485
119,131,39,39,61,cape/cape_01b.jpg,cape,0.87804878,0.32116442173719406,-0.32116442173719406
119,131,40,40,60,chocolate/chocolate_01b.jpg,chocolate,0.875,0.311997652053833,-0.311997652053833
119,131,41,41,59,cannonball/cannonball_01b.jpg,cannonball,0.725,0.48568664491176605,-0.48568664491176605
119,131,42,42,58,abacus/abacus_01b.jpg,abacus,0.648648649,0.5611636340618134,-0.5611636340618134
119,131,43,43,57,blazer/blazer_01b.jpg,blazer,0.731707317,0.30183015763759613,-0.30183015763759613
119,131,44,44,56,defibrillator/defibrillator_01b.jpg,defibrillator,0.55,0.5168279409408569,-0.5168279409408569
119,131,45,45,55,bamboo/bamboo_01b.jpg,bamboo,0.714285714,0.5042136013507843,-0.5042136013507843
119,131,46,46,54,celery/celery_01b.jpg,celery,0.731707317,0.5735910087823868,-0.5735910087823868
119,131,47,47,53,compass/compass_01b.jpg,compass,0.625,0.8098903894424438,-0.8098903894424438
119,131,48,48,52,bison/bison_01b.jpg,bison,0.868421053,0.39651917666196823,-0.39651917666196823
119,131,49,49,51,barrel/barrel_01b.jpg,barrel,0.72972973,0.6760039925575256,-0.6760039925575256
119,131,50,50,50,airplane/airplane_01b.jpg,airplane,0.720930233,0.38688943535089493,-0.38688943535089493
120,132,1,1,99,beetle/beetle_01b.jpg,beetle,0.897435897,1.2662412002682686,-1.2662412002682686
120,132,2,2,98,chihuahua/chihuahua_01b.jpg,chihuahua,0.923076923,2.014548033475876,-2.014548033475876
120,132,3,3,97,brake/brake_01b.jpg,brake,0.463414634,0.3330378383398056,-0.3330378383398056
120,132,4,4,96,bulldozer/bulldozer_01b.jpg,bulldozer,0.619047619,0.6277652233839035,-0.6277652233839035
120,132,5,5,95,clover/clover_01b.jpg,clover,0.69047619,0.4917701780796051,-0.4917701780796051
120,132,6,6,94,basketball_hoop/basketball_hoop_01b.jpg,basketball_hoop,0.725,0.6108533591032028,-0.6108533591032028
120,132,7,7,93,airplane/airplane_01b.jpg,airplane,0.720930233,0.3518138416111469,-0.3518138416111469
120,132,8,8,92,bison/bison_01b.jpg,bison,0.868421053,0.621897391974926,-0.621897391974926
120,132,9,9,91,compass/compass_01b.jpg,compass,0.625,0.9749484360218048,-0.9749484360218048
120,132,10,10,90,barrel/barrel_01b.jpg,barrel,0.72972973,0.8329389691352844,-0.8329389691352844
120,132,11,11,89,blower/blower_01b.jpg,blower,0.928571429,0.41841158270835876,-0.41841158270835876
120,132,12,12,88,amber/amber_01b.jpg,amber,0.87804878,0.34336870163679123,-0.34336870163679123
120,132,13,13,87,dishrag/dishrag_01b.jpg,dishrag,0.697674419,0.330167718231678,-0.330167718231678
120,132,14,14,86,deer/deer_01b.jpg,deer,0.65,0.4828000068664551,-0.4828000068664551
120,132,15,15,85,blazer/blazer_01b.jpg,blazer,0.731707317,0.3630041405558586,-0.3630041405558586
120,132,16,16,84,cannonball/cannonball_01b.jpg,cannonball,0.725,0.5190727561712265,-0.5190727561712265
120,132,17,17,83,chalk/chalk_01b.jpg,chalk,0.88372093,0.4409109503030777,-0.4409109503030777
120,132,18,18,82,bagel/bagel_01s.jpg,bagel,0.902439024,0.6849224790930748,-0.6849224790930748
120,132,19,19,81,antenna/antenna_01b.jpg,antenna,0.641025641,0.31112147867679596,-0.31112147867679596
120,132,20,20,80,board/board_01b.jpg,board,0.894736842,0.5421611070632935,-0.5421611070632935
120,132,21,21,79,bamboo/bamboo_01b.jpg,bamboo,0.714285714,0.43809516727924347,-0.43809516727924347
120,132,22,22,78,chocolate/chocolate_01b.jpg,chocolate,0.875,0.30624639242887497,-0.30624639242887497
120,132,23,23,77,curry/curry_01b.jpg,curry,0.675,0.5769829303026199,-0.5769829303026199
120,132,24,24,76,barnacle/barnacle_01s.jpg,barnacle,0.75,0.5397267192602158,-0.5397267192602158
120,132,25,25,75,beard/beard_01b.jpg,beard,0.875,0.41363104432821274,-0.41363104432821274
120,132,26,26,74,clasp/clasp_01b.jpg,clasp,0.707317073,1.0024431347846985,-1.0024431347846985
120,132,27,27,73,bonnet/bonnet_01s.jpg,bonnet,0.871794872,0.35877782106399536,-0.35877782106399536
120,132,28,28,72,bazooka/bazooka_01b.jpg,bazooka,0.9,0.3765484169125557,-0.3765484169125557
120,132,29,29,71,confetti/confetti_01b.jpg,confetti,0.738095238,0.5059756338596344,-0.5059756338596344
120,132,30,30,70,cream_cheese/cream_cheese_01b.jpg,cream_cheese,0.744186047,0.40570255368947983,-0.40570255368947983
120,132,31,31,69,bib/bib_01n.jpg,bib,0.925,0.5114990696310997,-0.5114990696310997
120,132,32,32,68,battery/battery_01b.jpg,battery,0.860465116,0.3121078237891197,-0.3121078237891197
120,132,33,33,67,calf2/calf2_01b.jpg,calf2,0.880952381,0.2908378913998604,-0.2908378913998604
120,132,34,34,66,celery/celery_01b.jpg,celery,0.731707317,0.6928499639034271,-0.6928499639034271
120,132,35,35,65,costume/costume_01b.jpg,costume,0.902439024,0.3861317113041878,-0.3861317113041878
120,132,36,36,64,cape/cape_01b.jpg,cape,0.87804878,0.3378254622220993,-0.3378254622220993
120,132,37,37,63,cabbage/cabbage_01b.jpg,cabbage,0.682926829,0.6582840159535408,-0.6582840159535408
120,132,38,38,62,baklava/baklava_01s.jpg,baklava,0.702702703,0.5694873481988907,-0.5694873481988907
120,132,39,39,61,casserole/casserole_01b.jpg,casserole,0.743589744,0.6950625777244568,-0.6950625777244568
120,132,40,40,60,brussels_sprouts/brussels_sprouts_01b.jpg,brussels_sprouts,0.7,0.9277077317237854,-0.9277077317237854
120,132,41,41,59,defibrillator/defibrillator_01b.jpg,defibrillator,0.55,0.6132601052522659,-0.6132601052522659
120,132,42,42,58,contact_lens/contact_lens_01s.jpg,contact_lens,0.872435897,0.310835637152195,-0.310835637152195
120,132,43,43,57,abacus/abacus_01b.jpg,abacus,0.648648649,0.742587149143219,-0.742587149143219
120,132,44,44,56,bottle/bottle_01b.jpg,bottle,0.717948718,0.4202505350112915,-0.4202505350112915
120,132,45,45,55,binoculars/binoculars_01s.jpg,binoculars,0.595238095,0.3936655595898628,-0.3936655595898628
120,132,46,46,54,cord/cord_01b.jpg,cord,0.674418605,0.44975288212299347,-0.44975288212299347
120,132,47,47,53,cabinet/cabinet_01s.jpg,cabinet,0.6,0.3595045581459999,-0.3595045581459999
120,132,48,48,52,anklet/anklet_01b.jpg,anklet,0.95,0.3018687888979912,-0.3018687888979912
120,132,49,49,51,artichoke/artichoke_01b.jpg,artichoke,0.658536585,0.9244421571493149,-0.9244421571493149
120,132,50,50,50,dishwashing_liquid/dishwashing_liquid_01b.jpg,dishwashing_liquid,0.731707317,0.43565845489501953,-0.43565845489501953
121,133,1,1,99,bagel/bagel_01s.jpg,bagel,0.902439024,0.7851536422967911,-0.7851536422967911
121,133,2,2,98,dishwashing_liquid/dishwashing_liquid_01b.jpg,dishwashing_liquid,0.731707317,0.4137939065694809,-0.4137939065694809
121,133,3,3,97,celery/celery_01b.jpg,celery,0.731707317,0.5717235058546066,-0.5717235058546066
121,133,4,4,96,cabbage/cabbage_01b.jpg,cabbage,0.682926829,1.6879986450076103,-1.6879986450076103
121,133,5,5,95,bottle/bottle_01b.jpg,bottle,0.717948718,0.4313061386346817,-0.4313061386346817
121,133,6,6,94,cape/cape_01b.jpg,cape,0.87804878,0.33922436833381653,-0.33922436833381653
121,133,7,7,93,curry/curry_01b.jpg,curry,0.675,0.4698166400194168,-0.4698166400194168
121,133,8,8,92,antenna/antenna_01b.jpg,antenna,0.641025641,0.35525039583444595,-0.35525039583444595
121,133,9,9,91,deer/deer_01b.jpg,deer,0.65,0.5481093525886536,-0.5481093525886536
121,133,10,10,90,brussels_sprouts/brussels_sprouts_01b.jpg,brussels_sprouts,0.7,0.7722502052783966,-0.7722502052783966
121,133,11,11,89,dishrag/dishrag_01b.jpg,dishrag,0.697674419,0.34997648745775223,-0.34997648745775223
121,133,12,12,88,abacus/abacus_01b.jpg,abacus,0.648648649,0.6985014081001282,-0.6985014081001282
121,133,13,13,87,clasp/clasp_01b.jpg,clasp,0.707317073,1.0786289274692535,-1.0786289274692535
121,133,14,14,86,blower/blower_01b.jpg,blower,0.928571429,0.44699200987815857,-0.44699200987815857
121,133,15,15,85,defibrillator/defibrillator_01b.jpg,defibrillator,0.55,0.5630111396312714,-0.5630111396312714
121,133,16,16,84,barrel/barrel_01b.jpg,barrel,0.72972973,0.7482380419969559,-0.7482380419969559
121,133,17,17,83,cabinet/cabinet_01s.jpg,cabinet,0.6,0.3385761231184006,-0.3385761231184006
121,133,18,18,82,casserole/casserole_01b.jpg,casserole,0.743589744,0.6199882477521896,-0.6199882477521896
121,133,19,19,81,bib/bib_01n.jpg,bib,0.925,0.4459761008620262,-0.4459761008620262
121,133,20,20,80,cream_cheese/cream_cheese_01b.jpg,cream_cheese,0.744186047,0.36598267406225204,-0.36598267406225204
121,133,21,21,79,chalk/chalk_01b.jpg,chalk,0.88372093,0.4118049591779709,-0.4118049591779709
121,133,22,22,78,amber/amber_01b.jpg,amber,0.87804878,0.3584911525249481,-0.3584911525249481
121,133,23,23,77,chihuahua/chihuahua_01b.jpg,chihuahua,0.923076923,1.4399710297584534,-1.4399710297584534
121,133,24,24,76,anklet/anklet_01b.jpg,anklet,0.95,0.3101758137345314,-0.3101758137345314
121,133,25,25,75,chocolate/chocolate_01b.jpg,chocolate,0.875,0.30396104604005814,-0.30396104604005814
121,133,26,26,74,bazooka/bazooka_01b.jpg,bazooka,0.9,0.34875695407390594,-0.34875695407390594
121,133,27,27,73,beard/beard_01b.jpg,beard,0.875,0.42326000332832336,-0.42326000332832336
121,133,28,28,72,bulldozer/bulldozer_01b.jpg,bulldozer,0.619047619,0.5153297036886215,-0.5153297036886215
121,133,29,29,71,bonnet/bonnet_01s.jpg,bonnet,0.871794872,0.29728683829307556,-0.29728683829307556
121,133,30,30,70,artichoke/artichoke_01b.jpg,artichoke,0.658536585,0.6915208473801613,-0.6915208473801613
121,133,31,31,69,board/board_01b.jpg,board,0.894736842,0.49869513511657715,-0.49869513511657715
121,133,32,32,68,cord/cord_01b.jpg,cord,0.674418605,0.45319409668445587,-0.45319409668445587
121,133,33,33,67,confetti/confetti_01b.jpg,confetti,0.738095238,0.46716389060020447,-0.46716389060020447
121,133,34,34,66,bison/bison_01b.jpg,bison,0.868421053,0.41334640979766846,-0.41334640979766846
121,133,35,35,65,blazer/blazer_01b.jpg,blazer,0.731707317,0.30465229600667953,-0.30465229600667953
121,133,36,36,64,brake/brake_01b.jpg,brake,0.463414634,0.3495543673634529,-0.3495543673634529
121,133,37,37,63,clover/clover_01b.jpg,clover,0.69047619,0.4278593808412552,-0.4278593808412552
121,133,38,38,62,beetle/beetle_01b.jpg,beetle,0.897435897,0.494686022400856,-0.494686022400856
121,133,39,39,61,baklava/baklava_01s.jpg,baklava,0.702702703,0.4021081179380417,-0.4021081179380417
121,133,40,40,60,bamboo/bamboo_01b.jpg,bamboo,0.714285714,0.45585599541664124,-0.45585599541664124
121,133,41,41,59,compass/compass_01b.jpg,compass,0.625,0.8032656610012054,-0.8032656610012054
121,133,42,42,58,binoculars/binoculars_01s.jpg,binoculars,0.595238095,0.36056189239025116,-0.36056189239025116
121,133,43,43,57,costume/costume_01b.jpg,costume,0.902439024,0.3979552835226059,-0.3979552835226059
121,133,44,44,56,contact_lens/contact_lens_01s.jpg,contact_lens,0.872435897,0.27350033819675446,-0.27350033819675446
121,133,45,45,55,basketball_hoop/basketball_hoop_01b.jpg,basketball_hoop,0.725,0.5066543221473694,-0.5066543221473694
121,133,46,46,54,calf2/calf2_01b.jpg,calf2,0.880952381,0.28408973664045334,-0.28408973664045334
121,133,47,47,53,airplane/airplane_01b.jpg,airplane,0.720930233,0.3047981783747673,-0.3047981783747673
121,133,48,48,52,cobra/cobra_01b.jpg,cobra,0.853658537,1.543862372636795,-1.543862372636795
121,133,49,49,51,cannonball/cannonball_01b.jpg,cannonball,0.725,0.48071742057800293,-0.48071742057800293
121,133,50,50,50,battery/battery_01b.jpg,battery,0.860465116,0.3078025132417679,-0.3078025132417679
122,134,1,1,99,compass/compass_01b.jpg,compass,0.625,1.7198552936315536,-1.7198552936315536
122,134,2,2,98,bison/bison_01b.jpg,bison,0.868421053,1.0193749070167542,-1.0193749070167542
122,134,3,3,97,cabinet/cabinet_01s.jpg,cabinet,0.6,0.37546684592962265,-0.37546684592962265
122,134,4,4,96,brake/brake_01b.jpg,brake,0.463414634,0.2979426831007004,-0.2979426831007004
122,134,5,5,95,cord/cord_01b.jpg,cord,0.674418605,0.4926252216100693,-0.4926252216100693
122,134,6,6,94,amber/amber_01b.jpg,amber,0.87804878,0.3359436020255089,-0.3359436020255089
122,134,7,7,93,calf2/calf2_01b.jpg,calf2,0.880952381,0.268575519323349,-0.268575519323349
122,134,8,8,92,basketball_hoop/basketball_hoop_01b.jpg,basketball_hoop,0.725,0.5370058864355087,-0.5370058864355087
122,134,9,9,91,bulldozer/bulldozer_01b.jpg,bulldozer,0.619047619,0.6347988843917847,-0.6347988843917847
122,134,10,10,90,confetti/confetti_01b.jpg,confetti,0.738095238,0.4945945143699646,-0.4945945143699646
122,134,11,11,89,chocolate/chocolate_01b.jpg,chocolate,0.875,0.29854656755924225,-0.29854656755924225
122,134,12,12,88,casserole/casserole_01b.jpg,casserole,0.743589744,0.5880383551120758,-0.5880383551120758
122,134,13,13,87,costume/costume_01b.jpg,costume,0.902439024,0.3873600959777832,-0.3873600959777832
122,134,14,14,86,clover/clover_01b.jpg,clover,0.69047619,0.4264411926269531,-0.4264411926269531
122,134,15,15,85,cannonball/cannonball_01b.jpg,cannonball,0.725,0.5639872252941132,-0.5639872252941132
122,134,16,16,84,clasp/clasp_01b.jpg,clasp,0.707317073,0.869301438331604,-0.869301438331604
122,134,17,17,83,bottle/bottle_01b.jpg,bottle,0.717948718,0.4075320139527321,-0.4075320139527321
122,134,18,18,82,curry/curry_01b.jpg,curry,0.675,0.49157483875751495,-0.49157483875751495
122,134,19,19,81,bib/bib_01n.jpg,bib,0.925,0.4707036465406418,-0.4707036465406418
122,134,20,20,80,dishwashing_liquid/dishwashing_liquid_01b.jpg,dishwashing_liquid,0.731707317,0.4367295056581497,-0.4367295056581497
122,134,21,21,79,airplane/airplane_01b.jpg,airplane,0.720930233,0.2935163415968418,-0.2935163415968418
122,134,22,22,78,bamboo/bamboo_01b.jpg,bamboo,0.714285714,0.4084939509630203,-0.4084939509630203
122,134,23,23,77,binoculars/binoculars_01s.jpg,binoculars,0.595238095,0.4060305505990982,-0.4060305505990982
122,134,24,24,76,anklet/anklet_01b.jpg,anklet,0.95,0.2926190197467804,-0.2926190197467804
122,134,25,25,75,bazooka/bazooka_01b.jpg,bazooka,0.9,0.3311597928404808,-0.3311597928404808
122,134,26,26,74,blower/blower_01b.jpg,blower,0.928571429,0.4078283905982971,-0.4078283905982971
122,134,27,27,73,cape/cape_01b.jpg,cape,0.87804878,0.36314190924167633,-0.36314190924167633
122,134,28,28,72,celery/celery_01b.jpg,celery,0.731707317,0.523842379450798,-0.523842379450798
122,134,29,29,71,baklava/baklava_01s.jpg,baklava,0.702702703,0.4625948369503021,-0.4625948369503021
122,134,30,30,70,barrel/barrel_01b.jpg,barrel,0.72972973,0.7088276594877243,-0.7088276594877243
122,134,31,31,69,artichoke/artichoke_01b.jpg,artichoke,0.658536585,0.7133154347538948,-0.7133154347538948
122,134,32,32,68,antenna/antenna_01b.jpg,antenna,0.641025641,0.3047114163637161,-0.3047114163637161
122,134,33,33,67,beetle/beetle_01b.jpg,beetle,0.897435897,0.433145172894001,-0.433145172894001
122,134,34,34,66,ankle/ankle_01b.jpg,ankle,0.850609756,0.2550455182790756,-0.2550455182790756
122,134,35,35,65,contact_lens/contact_lens_01s.jpg,contact_lens,0.872435897,0.28644707053899765,-0.28644707053899765
122,134,36,36,64,brussels_sprouts/brussels_sprouts_01b.jpg,brussels_sprouts,0.7,0.6887234002351761,-0.6887234002351761
122,134,37,37,63,bagel/bagel_01s.jpg,bagel,0.902439024,0.5807671248912811,-0.5807671248912811
122,134,38,38,62,dishrag/dishrag_01b.jpg,dishrag,0.697674419,0.29702718555927277,-0.29702718555927277
122,134,39,39,61,blazer/blazer_01b.jpg,blazer,0.731707317,0.33137989044189453,-0.33137989044189453
122,134,40,40,60,abacus/abacus_01b.jpg,abacus,0.648648649,0.6360233724117279,-0.6360233724117279
122,134,41,41,59,battery/battery_01b.jpg,battery,0.860465116,0.29495492577552795,-0.29495492577552795
122,134,42,42,58,board/board_01b.jpg,board,0.894736842,0.47534772753715515,-0.47534772753715515
122,134,43,43,57,defibrillator/defibrillator_01b.jpg,defibrillator,0.55,0.5312924087047577,-0.5312924087047577
122,134,44,44,56,deer/deer_01b.jpg,deer,0.65,0.4656437486410141,-0.4656437486410141
122,134,45,45,55,chalk/chalk_01b.jpg,chalk,0.88372093,0.37524380534887314,-0.37524380534887314
122,134,46,46,54,beard/beard_01b.jpg,beard,0.875,0.43266934156417847,-0.43266934156417847
122,134,47,47,53,chihuahua/chihuahua_01b.jpg,chihuahua,0.923076923,1.3617157936096191,-1.3617157936096191
122,134,48,48,52,cabbage/cabbage_01b.jpg,cabbage,0.682926829,0.814903549849987,-0.814903549849987
122,134,49,49,51,bonnet/bonnet_01s.jpg,bonnet,0.871794872,0.2900370657444,-0.2900370657444
122,134,50,50,50,cobra/cobra_01b.jpg,cobra,0.853658537,1.86456897854805,-1.86456897854805
123,135,1,1,99,bulldozer/bulldozer_01b.jpg,bulldozer,0.619047619,0.5942303538322449,-0.5942303538322449
123,135,2,2,98,airplane/airplane_01b.jpg,airplane,0.720930233,0.3117637373507023,-0.3117637373507023
123,135,3,3,97,bagel/bagel_01s.jpg,bagel,0.902439024,0.790069691836834,-0.790069691836834
123,135,4,4,96,brussels_sprouts/brussels_sprouts_01b.jpg,brussels_sprouts,0.7,1.0865915268659592,-1.0865915268659592
123,135,5,5,95,bison/bison_01b.jpg,bison,0.868421053,0.6334800720214844,-0.6334800720214844
123,135,6,6,94,dishrag/dishrag_01b.jpg,dishrag,0.697674419,0.3432906046509743,-0.3432906046509743
123,135,7,7,93,chihuahua/chihuahua_01b.jpg,chihuahua,0.923076923,1.5843733251094818,-1.5843733251094818
123,135,8,8,92,ankle/ankle_01b.jpg,ankle,0.850609756,0.2729124687612057,-0.2729124687612057
123,135,9,9,91,cabinet/cabinet_01s.jpg,cabinet,0.6,0.32326697558164597,-0.32326697558164597
123,135,10,10,90,bonnet/bonnet_01s.jpg,bonnet,0.871794872,0.3029344752430916,-0.3029344752430916
123,135,11,11,89,clover/clover_01b.jpg,clover,0.69047619,0.443386971950531,-0.443386971950531
123,135,12,12,88,cord/cord_01b.jpg,cord,0.674418605,0.5410930663347244,-0.5410930663347244
123,135,13,13,87,compass/compass_01b.jpg,compass,0.625,1.0727905482053757,-1.0727905482053757
123,135,14,14,86,cabbage/cabbage_01b.jpg,cabbage,0.682926829,0.9008096754550934,-0.9008096754550934
123,135,15,15,85,curry/curry_01b.jpg,curry,0.675,0.44990842044353485,-0.44990842044353485
123,135,16,16,84,bazooka/bazooka_01b.jpg,bazooka,0.9,0.39655303210020065,-0.39655303210020065
123,135,17,17,83,basketball_hoop/basketball_hoop_01b.jpg,basketball_hoop,0.725,0.5471608936786652,-0.5471608936786652
123,135,18,18,82,binoculars/binoculars_01s.jpg,binoculars,0.595238095,0.40408582240343094,-0.40408582240343094
123,135,19,19,81,contact_lens/contact_lens_01s.jpg,contact_lens,0.872435897,0.3290557563304901,-0.3290557563304901
123,135,20,20,80,blazer/blazer_01b.jpg,blazer,0.731707317,0.36650142818689346,-0.36650142818689346
123,135,21,21,79,cape/cape_01b.jpg,cape,0.87804878,0.37734050303697586,-0.37734050303697586
123,135,22,22,78,chocolate/chocolate_01b.jpg,chocolate,0.875,0.3166610077023506,-0.3166610077023506
123,135,23,23,77,antenna/antenna_01b.jpg,antenna,0.641025641,0.3437028005719185,-0.3437028005719185
123,135,24,24,76,defibrillator/defibrillator_01b.jpg,defibrillator,0.55,0.5732523947954178,-0.5732523947954178
123,135,25,25,75,celery/celery_01b.jpg,celery,0.731707317,0.5536176413297653,-0.5536176413297653
123,135,26,26,74,bib/bib_01n.jpg,bib,0.925,0.47842640429735184,-0.47842640429735184
123,135,27,27,73,cobra/cobra_01b.jpg,cobra,0.853658537,0.8707784712314606,-0.8707784712314606
123,135,28,28,72,confetti/confetti_01b.jpg,confetti,0.738095238,0.4984850585460663,-0.4984850585460663
123,135,29,29,71,dishwashing_liquid/dishwashing_liquid_01b.jpg,dishwashing_liquid,0.731707317,0.4329371601343155,-0.4329371601343155
123,135,30,30,70,calf2/calf2_01b.jpg,calf2,0.880952381,0.29248297214508057,-0.29248297214508057
123,135,31,31,69,deer/deer_01b.jpg,deer,0.65,0.47116610407829285,-0.47116610407829285
123,135,32,32,68,bottle/bottle_01b.jpg,bottle,0.717948718,0.4135476052761078,-0.4135476052761078
123,135,33,33,67,cannonball/cannonball_01b.jpg,cannonball,0.725,0.4885370805859566,-0.4885370805859566
123,135,34,34,66,beard/beard_01b.jpg,beard,0.875,0.42313966900110245,-0.42313966900110245
123,135,35,35,65,baklava/baklava_01s.jpg,baklava,0.702702703,0.46744129061698914,-0.46744129061698914
123,135,36,36,64,blower/blower_01b.jpg,blower,0.928571429,0.42876385152339935,-0.42876385152339935
123,135,37,37,63,artichoke/artichoke_01b.jpg,artichoke,0.658536585,0.6745527163147926,-0.6745527163147926
123,135,38,38,62,costume/costume_01b.jpg,costume,0.902439024,0.39541349560022354,-0.39541349560022354
123,135,39,39,61,brake/brake_01b.jpg,brake,0.463414634,0.28743910789489746,-0.28743910789489746
123,135,40,40,60,anklet/anklet_01b.jpg,anklet,0.95,0.3219938576221466,-0.3219938576221466
123,135,41,41,59,camel/camel_01b.jpg,camel,0.85,0.4420464336872101,-0.4420464336872101
123,135,42,42,58,abacus/abacus_01b.jpg,abacus,0.648648649,0.5859361588954926,-0.5859361588954926
123,135,43,43,57,bamboo/bamboo_01b.jpg,bamboo,0.714285714,0.4022516459226608,-0.4022516459226608
123,135,44,44,56,battery/battery_01b.jpg,battery,0.860465116,0.32275281101465225,-0.32275281101465225
123,135,45,45,55,clasp/clasp_01b.jpg,clasp,0.707317073,0.9188331067562103,-0.9188331067562103
123,135,46,46,54,amber/amber_01b.jpg,amber,0.87804878,0.32982105761766434,-0.32982105761766434
123,135,47,47,53,board/board_01b.jpg,board,0.894736842,0.4723798334598541,-0.4723798334598541
123,135,48,48,52,chalk/chalk_01b.jpg,chalk,0.88372093,0.4226585775613785,-0.4226585775613785
123,135,49,49,51,barrel/barrel_01b.jpg,barrel,0.72972973,0.6202444136142731,-0.6202444136142731
123,135,50,50,50,beetle/beetle_01b.jpg,beetle,0.897435897,0.4196619838476181,-0.4196619838476181
124,136,1,1,99,abacus/abacus_01b.jpg,abacus,0.648648649,2.3030893951654434,-2.3030893951654434
124,136,2,2,98,dishrag/dishrag_01b.jpg,dishrag,0.697674419,0.38005805760622025,-0.38005805760622025
124,136,3,3,97,camel/camel_01b.jpg,camel,0.85,0.6113163828849792,-0.6113163828849792
124,136,4,4,96,airplane/airplane_01b.jpg,airplane,0.720930233,0.30480341613292694,-0.30480341613292694
124,136,5,5,95,barrel/barrel_01b.jpg,barrel,0.72972973,0.7033706158399582,-0.7033706158399582
124,136,6,6,94,ankle/ankle_01b.jpg,ankle,0.850609756,0.2934720069169998,-0.2934720069169998
124,136,7,7,93,bamboo/bamboo_01b.jpg,bamboo,0.714285714,0.4881235584616661,-0.4881235584616661
124,136,8,8,92,basketball_hoop/basketball_hoop_01b.jpg,basketball_hoop,0.725,0.5169447809457779,-0.5169447809457779
124,136,9,9,91,curry/curry_01b.jpg,curry,0.675,0.6047800481319427,-0.6047800481319427
124,136,10,10,90,cobra/cobra_01b.jpg,cobra,0.853658537,0.6920540779829025,-0.6920540779829025
124,136,11,11,89,bottle/bottle_01b.jpg,bottle,0.717948718,0.4323917180299759,-0.4323917180299759
124,136,12,12,88,antenna/antenna_01b.jpg,antenna,0.641025641,0.33079584687948227,-0.33079584687948227
124,136,13,13,87,clover/clover_01b.jpg,clover,0.69047619,0.4380009025335312,-0.4380009025335312
124,136,14,14,86,bulldozer/bulldozer_01b.jpg,bulldozer,0.619047619,0.578004814684391,-0.578004814684391
124,136,15,15,85,beard/beard_01b.jpg,beard,0.875,0.4703405722975731,-0.4703405722975731
124,136,16,16,84,artichoke/artichoke_01b.jpg,artichoke,0.658536585,0.867855042219162,-0.867855042219162
124,136,17,17,83,baklava/baklava_01s.jpg,baklava,0.702702703,0.4723243713378906,-0.4723243713378906
124,136,18,18,82,amber/amber_01b.jpg,amber,0.87804878,0.35081256181001663,-0.35081256181001663
124,136,19,19,81,compass/compass_01b.jpg,compass,0.625,0.7386935949325562,-0.7386935949325562
124,136,20,20,80,defibrillator/defibrillator_01b.jpg,defibrillator,0.55,0.5283600836992264,-0.5283600836992264
124,136,21,21,79,celery/celery_01b.jpg,celery,0.731707317,0.7759708017110825,-0.7759708017110825
124,136,22,22,78,bison/bison_01b.jpg,bison,0.868421053,0.4605591893196106,-0.4605591893196106
124,136,23,23,77,board/board_01b.jpg,board,0.894736842,0.5256611853837967,-0.5256611853837967
124,136,24,24,76,beetle/beetle_01b.jpg,beetle,0.897435897,0.4890315383672714,-0.4890315383672714
124,136,25,25,75,cape/cape_01b.jpg,cape,0.87804878,0.3295637518167496,-0.3295637518167496
124,136,26,26,74,brake/brake_01b.jpg,brake,0.463414634,0.32079241424798965,-0.32079241424798965
124,136,27,27,73,blazer/blazer_01b.jpg,blazer,0.731707317,0.32915792614221573,-0.32915792614221573
124,136,28,28,72,calf2/calf2_01b.jpg,calf2,0.880952381,0.30448371917009354,-0.30448371917009354
124,136,29,29,71,dishwashing_liquid/dishwashing_liquid_01b.jpg,dishwashing_liquid,0.731707317,0.4023745730519295,-0.4023745730519295
124,136,30,30,70,brussels_sprouts/brussels_sprouts_01b.jpg,brussels_sprouts,0.7,0.8367288559675217,-0.8367288559675217
124,136,31,31,69,bib/bib_01n.jpg,bib,0.925,0.5016708076000214,-0.5016708076000214
124,136,32,32,68,cannonball/cannonball_01b.jpg,cannonball,0.725,0.5076287984848022,-0.5076287984848022
124,136,33,33,67,clasp/clasp_01b.jpg,clasp,0.707317073,0.9379632472991943,-0.9379632472991943
124,136,34,34,66,contact_lens/contact_lens_01s.jpg,contact_lens,0.872435897,0.28703439980745316,-0.28703439980745316
124,136,35,35,65,bazooka/bazooka_01b.jpg,bazooka,0.9,0.34801360219717026,-0.34801360219717026
124,136,36,36,64,anklet/anklet_01b.jpg,anklet,0.95,0.3007737249135971,-0.3007737249135971
124,136,37,37,63,chihuahua/chihuahua_01b.jpg,chihuahua,0.923076923,1.2815841734409332,-1.2815841734409332
124,136,38,38,62,chalk/chalk_01b.jpg,chalk,0.88372093,0.43027444183826447,-0.43027444183826447
124,136,39,39,61,binoculars/binoculars_01s.jpg,binoculars,0.595238095,0.4031134694814682,-0.4031134694814682
124,136,40,40,60,bagel/bagel_01s.jpg,bagel,0.902439024,0.6390833705663681,-0.6390833705663681
124,136,41,41,59,cord/cord_01b.jpg,cord,0.674418605,0.4184264689683914,-0.4184264689683914
124,136,42,42,58,deer/deer_01b.jpg,deer,0.65,0.5052751898765564,-0.5052751898765564
124,136,43,43,57,costume/costume_01b.jpg,costume,0.902439024,0.4265636205673218,-0.4265636205673218
124,136,44,44,56,cabbage/cabbage_01b.jpg,cabbage,0.682926829,0.6336285769939423,-0.6336285769939423
124,136,45,45,55,battery/battery_01b.jpg,battery,0.860465116,0.3117583990097046,-0.3117583990097046
124,136,46,46,54,blower/blower_01b.jpg,blower,0.928571429,0.4323785752058029,-0.4323785752058029
124,136,47,47,53,cabinet/cabinet_01s.jpg,cabinet,0.6,0.3576247990131378,-0.3576247990131378
124,136,48,48,52,bonnet/bonnet_01s.jpg,bonnet,0.871794872,0.3320426568388939,-0.3320426568388939
124,136,49,49,51,banana/banana_01b.jpg,banana,0.85,0.3647587299346924,-0.3647587299346924
124,136,50,50,50,chocolate/chocolate_01b.jpg,chocolate,0.875,0.33980970084667206,-0.33980970084667206
125,137,1,1,99,artichoke/artichoke_01b.jpg,artichoke,0.658536585,2.063579887151718,-2.063579887151718
125,137,2,2,98,clasp/clasp_01b.jpg,clasp,0.707317073,1.0626119673252106,-1.0626119673252106
125,137,3,3,97,camel/camel_01b.jpg,camel,0.85,0.5358785688877106,-0.5358785688877106
125,137,4,4,96,cape/cape_01b.jpg,cape,0.87804878,0.34586822986602783,-0.34586822986602783
125,137,5,5,95,antenna/antenna_01b.jpg,antenna,0.641025641,0.37981943041086197,-0.37981943041086197
125,137,6,6,94,binoculars/binoculars_01s.jpg,binoculars,0.595238095,0.5578030869364738,-0.5578030869364738
125,137,7,7,93,bib/bib_01n.jpg,bib,0.925,0.4379017800092697,-0.4379017800092697
125,137,8,8,92,baklava/baklava_01s.jpg,baklava,0.702702703,0.5675740838050842,-0.5675740838050842
125,137,9,9,91,cabinet/cabinet_01s.jpg,cabinet,0.6,0.3465391546487808,-0.3465391546487808
125,137,10,10,90,clover/clover_01b.jpg,clover,0.69047619,0.4592907577753067,-0.4592907577753067
125,137,11,11,89,contact_lens/contact_lens_01s.jpg,contact_lens,0.872435897,0.30682559311389923,-0.30682559311389923
125,137,12,12,88,bagel/bagel_01s.jpg,bagel,0.902439024,0.5500761494040489,-0.5500761494040489
125,137,13,13,87,chocolate/chocolate_01b.jpg,chocolate,0.875,0.3144226744771004,-0.3144226744771004
125,137,14,14,86,defibrillator/defibrillator_01b.jpg,defibrillator,0.55,0.5590177029371262,-0.5590177029371262
125,137,15,15,85,barrel/barrel_01b.jpg,barrel,0.72972973,0.6867147237062454,-0.6867147237062454
125,137,16,16,84,beard/beard_01b.jpg,beard,0.875,0.42300569266080856,-0.42300569266080856
125,137,17,17,83,ankle/ankle_01b.jpg,ankle,0.850609756,0.27003462612628937,-0.27003462612628937
125,137,18,18,82,bamboo/bamboo_01b.jpg,bamboo,0.714285714,0.47216491401195526,-0.47216491401195526
125,137,19,19,81,cord/cord_01b.jpg,cord,0.674418605,0.5183724164962769,-0.5183724164962769
125,137,20,20,80,costume/costume_01b.jpg,costume,0.902439024,0.4040411710739136,-0.4040411710739136
125,137,21,21,79,amber/amber_01b.jpg,amber,0.87804878,0.371219702064991,-0.371219702064991
125,137,22,22,78,abacus/abacus_01b.jpg,abacus,0.648648649,0.724346786737442,-0.724346786737442
125,137,23,23,77,blazer/blazer_01b.jpg,blazer,0.731707317,0.30434101074934006,-0.30434101074934006
125,137,24,24,76,compass/compass_01b.jpg,compass,0.625,0.8800662308931351,-0.8800662308931351
125,137,25,25,75,blower/blower_01b.jpg,blower,0.928571429,0.4442942813038826,-0.4442942813038826
125,137,26,26,74,brussels_sprouts/brussels_sprouts_01b.jpg,brussels_sprouts,0.7,0.7705490440130234,-0.7705490440130234
125,137,27,27,73,anklet/anklet_01b.jpg,anklet,0.95,0.3011207655072212,-0.3011207655072212
125,137,28,28,72,beetle/beetle_01b.jpg,beetle,0.897435897,0.4764080345630646,-0.4764080345630646
125,137,29,29,71,calf2/calf2_01b.jpg,calf2,0.880952381,0.25345076620578766,-0.25345076620578766
125,137,30,30,70,bazooka/bazooka_01b.jpg,bazooka,0.9,0.3272666037082672,-0.3272666037082672
125,137,31,31,69,bottle/bottle_01b.jpg,bottle,0.717948718,0.4327407628297806,-0.4327407628297806
125,137,32,32,68,board/board_01b.jpg,board,0.894736842,0.46583618223667145,-0.46583618223667145
125,137,33,33,67,basketball_hoop/basketball_hoop_01b.jpg,basketball_hoop,0.725,0.5259472727775574,-0.5259472727775574
125,137,34,34,66,banana/banana_01b.jpg,banana,0.85,0.4121520668268204,-0.4121520668268204
125,137,35,35,65,deer/deer_01b.jpg,deer,0.65,0.5564929991960526,-0.5564929991960526
125,137,36,36,64,cobra/cobra_01b.jpg,cobra,0.853658537,0.7456506937742233,-0.7456506937742233
125,137,37,37,63,bonnet/bonnet_01s.jpg,bonnet,0.871794872,0.31924935430288315,-0.31924935430288315
125,137,38,38,62,chalk/chalk_01b.jpg,chalk,0.88372093,0.41524819284677505,-0.41524819284677505
125,137,39,39,61,chihuahua/chihuahua_01b.jpg,chihuahua,0.923076923,1.3506228625774384,-1.3506228625774384
125,137,40,40,60,bison/bison_01b.jpg,bison,0.868421053,0.4380762055516243,-0.4380762055516243
125,137,41,41,59,celery/celery_01b.jpg,celery,0.731707317,0.4996253103017807,-0.4996253103017807
125,137,42,42,58,brake/brake_01b.jpg,brake,0.463414634,0.37269049137830734,-0.37269049137830734
125,137,43,43,57,cannonball/cannonball_01b.jpg,cannonball,0.725,0.5233643651008606,-0.5233643651008606
125,137,44,44,56,battery/battery_01b.jpg,battery,0.860465116,0.31719113886356354,-0.31719113886356354
125,137,45,45,55,dishrag/dishrag_01b.jpg,dishrag,0.697674419,0.32082776725292206,-0.32082776725292206
125,137,46,46,54,cabbage/cabbage_01b.jpg,cabbage,0.682926829,0.583357073366642,-0.583357073366642
125,137,47,47,53,airplane/airplane_01b.jpg,airplane,0.720930233,0.33410584554076195,-0.33410584554076195
125,137,48,48,52,cornmeal/cornmeal_01b.jpg,cornmeal,0.846153846,1.0308662056922913,-1.0308662056922913
125,137,49,49,51,curry/curry_01b.jpg,curry,0.675,0.47134803235530853,-0.47134803235530853
125,137,50,50,50,bulldozer/bulldozer_01b.jpg,bulldozer,0.619047619,0.511203333735466,-0.511203333735466
126,138,1,1,99,binoculars/binoculars_01s.jpg,binoculars,0.595238095,0.47696391493082047,-0.47696391493082047
126,138,2,2,98,board/board_01b.jpg,board,0.894736842,0.5781262964010239,-0.5781262964010239
126,138,3,3,97,cabinet/cabinet_01s.jpg,cabinet,0.6,0.33564235270023346,-0.33564235270023346
126,138,4,4,96,cannonball/cannonball_01b.jpg,cannonball,0.725,0.5907797068357468,-0.5907797068357468
126,138,5,5,95,beetle/beetle_01b.jpg,beetle,0.897435897,0.8841092735528946,-0.8841092735528946
126,138,6,6,94,bison/bison_01b.jpg,bison,0.868421053,0.8095911219716072,-0.8095911219716072
126,138,7,7,93,baklava/baklava_01s.jpg,baklava,0.702702703,0.6027324795722961,-0.6027324795722961
126,138,8,8,92,dishrag/dishrag_01b.jpg,dishrag,0.697674419,0.3671867623925209,-0.3671867623925209
126,138,9,9,91,cornmeal/cornmeal_01b.jpg,cornmeal,0.846153846,0.5731684118509293,-0.5731684118509293
126,138,10,10,90,bamboo/bamboo_01b.jpg,bamboo,0.714285714,0.45294010639190674,-0.45294010639190674
126,138,11,11,89,antenna/antenna_01b.jpg,antenna,0.641025641,0.3186304196715355,-0.3186304196715355
126,138,12,12,88,beaker/beaker_01b.jpg,beaker,0.846153846,0.4537333846092224,-0.4537333846092224
126,138,13,13,87,cobra/cobra_01b.jpg,cobra,0.853658537,0.7234421223402023,-0.7234421223402023
126,138,14,14,86,costume/costume_01b.jpg,costume,0.902439024,0.3978353589773178,-0.3978353589773178
126,138,15,15,85,banana/banana_01b.jpg,banana,0.85,0.41399744153022766,-0.41399744153022766
126,138,16,16,84,anklet/anklet_01b.jpg,anklet,0.95,0.3388984873890877,-0.3388984873890877
126,138,17,17,83,calf2/calf2_01b.jpg,calf2,0.880952381,0.30977846682071686,-0.30977846682071686
126,138,18,18,82,blower/blower_01b.jpg,blower,0.928571429,0.4243122637271881,-0.4243122637271881
126,138,19,19,81,beard/beard_01b.jpg,beard,0.875,0.43380899727344513,-0.43380899727344513
126,138,20,20,80,bazooka/bazooka_01b.jpg,bazooka,0.9,0.34761442244052887,-0.34761442244052887
126,138,21,21,79,cape/cape_01b.jpg,cape,0.87804878,0.3928101509809494,-0.3928101509809494
126,138,22,22,78,defibrillator/defibrillator_01b.jpg,defibrillator,0.55,0.5414105355739594,-0.5414105355739594
126,138,23,23,77,ankle/ankle_01b.jpg,ankle,0.850609756,0.27344631403684616,-0.27344631403684616
126,138,24,24,76,chalk/chalk_01b.jpg,chalk,0.88372093,0.3967229798436165,-0.3967229798436165
126,138,25,25,75,airplane/airplane_01b.jpg,airplane,0.720930233,0.275886956602335,-0.275886956602335
126,138,26,26,74,barrel/barrel_01b.jpg,barrel,0.72972973,0.6113721430301666,-0.6113721430301666
126,138,27,27,73,brake/brake_01b.jpg,brake,0.463414634,0.31137997657060623,-0.31137997657060623
126,138,28,28,72,amber/amber_01b.jpg,amber,0.87804878,0.33902863413095474,-0.33902863413095474
126,138,29,29,71,bulldozer/bulldozer_01b.jpg,bulldozer,0.619047619,0.5438045263290405,-0.5438045263290405
126,138,30,30,70,abacus/abacus_01b.jpg,abacus,0.648648649,0.5573786199092865,-0.5573786199092865
126,138,31,31,69,chocolate/chocolate_01b.jpg,chocolate,0.875,0.3157767653465271,-0.3157767653465271
126,138,32,32,68,deer/deer_01b.jpg,deer,0.65,0.48027123510837555,-0.48027123510837555
126,138,33,33,67,contact_lens/contact_lens_01s.jpg,contact_lens,0.872435897,0.2927836403250694,-0.2927836403250694
126,138,34,34,66,battery/battery_01b.jpg,battery,0.860465116,0.31238625943660736,-0.31238625943660736
126,138,35,35,65,compass/compass_01b.jpg,compass,0.625,0.8497179001569748,-0.8497179001569748
126,138,36,36,64,chihuahua/chihuahua_01b.jpg,chihuahua,0.923076923,1.3699120879173279,-1.3699120879173279
126,138,37,37,63,basketball_hoop/basketball_hoop_01b.jpg,basketball_hoop,0.725,0.4773765206336975,-0.4773765206336975
126,138,38,38,62,cord/cord_01b.jpg,cord,0.674418605,0.44846948981285095,-0.44846948981285095
126,138,39,39,61,bib/bib_01n.jpg,bib,0.925,0.5062775686383247,-0.5062775686383247
126,138,40,40,60,artichoke/artichoke_01b.jpg,artichoke,0.658536585,0.7217777520418167,-0.7217777520418167
126,138,41,41,59,curry/curry_01b.jpg,curry,0.675,0.4061773866415024,-0.4061773866415024
126,138,42,42,58,brussels_sprouts/brussels_sprouts_01b.jpg,brussels_sprouts,0.7,1.0466751754283905,-1.0466751754283905
126,138,43,43,57,clasp/clasp_01b.jpg,clasp,0.707317073,1.041094809770584,-1.041094809770584
126,138,44,44,56,bonnet/bonnet_01s.jpg,bonnet,0.871794872,0.3035886883735657,-0.3035886883735657
126,138,45,45,55,clover/clover_01b.jpg,clover,0.69047619,0.4088306128978729,-0.4088306128978729
126,138,46,46,54,bottle/bottle_01b.jpg,bottle,0.717948718,0.43155229091644287,-0.43155229091644287
126,138,47,47,53,bagel/bagel_01s.jpg,bagel,0.902439024,0.49003711342811584,-0.49003711342811584
126,138,48,48,52,camel/camel_01b.jpg,camel,0.85,0.44679851830005646,-0.44679851830005646
126,138,49,49,51,blazer/blazer_01b.jpg,blazer,0.731707317,0.3248041570186615,-0.3248041570186615
126,138,50,50,50,cabbage/cabbage_01b.jpg,cabbage,0.682926829,2.6841383576393127,-2.6841383576393127
127,139,1,1,99,antenna/antenna_01b.jpg,antenna,0.641025641,0.3425489738583565,-0.3425489738583565
127,139,2,2,98,abacus/abacus_01b.jpg,abacus,0.648648649,1.8103019893169403,-1.8103019893169403
127,139,3,3,97,amber/amber_01b.jpg,amber,0.87804878,0.39884351938962936,-0.39884351938962936
127,139,4,4,96,beaker/beaker_01b.jpg,beaker,0.846153846,0.7038815170526505,-0.7038815170526505
127,139,5,5,95,brussels_sprouts/brussels_sprouts_01b.jpg,brussels_sprouts,0.7,0.9452129453420639,-0.9452129453420639
127,139,6,6,94,barrel/barrel_01b.jpg,barrel,0.72972973,0.8009278029203415,-0.8009278029203415
127,139,7,7,93,cornmeal/cornmeal_01b.jpg,cornmeal,0.846153846,0.7859086394309998,-0.7859086394309998
127,139,8,8,92,defibrillator/defibrillator_01b.jpg,defibrillator,0.55,0.6706740707159042,-0.6706740707159042
127,139,9,9,91,clover/clover_01b.jpg,clover,0.69047619,0.48504985868930817,-0.48504985868930817
127,139,10,10,90,chocolate/chocolate_01b.jpg,chocolate,0.875,0.2978024110198021,-0.2978024110198021
127,139,11,11,89,bib/bib_01n.jpg,bib,0.925,0.5604901015758514,-0.5604901015758514
127,139,12,12,88,bamboo/bamboo_01b.jpg,bamboo,0.714285714,0.43439511954784393,-0.43439511954784393
127,139,13,13,87,chalk/chalk_01b.jpg,chalk,0.88372093,0.4518362283706665,-0.4518362283706665
127,139,14,14,86,cabbage/cabbage_01b.jpg,cabbage,0.682926829,0.8324931040406227,-0.8324931040406227
127,139,15,15,85,bulldozer/bulldozer_01b.jpg,bulldozer,0.619047619,0.6366970092058182,-0.6366970092058182
127,139,16,16,84,chihuahua/chihuahua_01b.jpg,chihuahua,0.923076923,1.4406437277793884,-1.4406437277793884
127,139,17,17,83,airplane/airplane_01b.jpg,airplane,0.720930233,0.42058778554201126,-0.42058778554201126
127,139,18,18,82,camel/camel_01b.jpg,camel,0.85,0.5019836127758026,-0.5019836127758026
127,139,19,19,81,banana/banana_01b.jpg,banana,0.85,0.5253553837537766,-0.5253553837537766
127,139,20,20,80,bison/bison_01b.jpg,bison,0.868421053,0.4306928664445877,-0.4306928664445877
127,139,21,21,79,clothespin/clothespin_01b.jpg,clothespin,0.840909091,0.5044932514429092,-0.5044932514429092
127,139,22,22,78,cabinet/cabinet_01s.jpg,cabinet,0.6,0.34535665065050125,-0.34535665065050125
127,139,23,23,77,binoculars/binoculars_01s.jpg,binoculars,0.595238095,0.39046288281679153,-0.39046288281679153
127,139,24,24,76,curry/curry_01b.jpg,curry,0.675,0.4642341732978821,-0.4642341732978821
127,139,25,25,75,blower/blower_01b.jpg,blower,0.928571429,0.40397894382476807,-0.40397894382476807
127,139,26,26,74,cobra/cobra_01b.jpg,cobra,0.853658537,1.028227537870407,-1.028227537870407
127,139,27,27,73,compass/compass_01b.jpg,compass,0.625,0.9154176861047745,-0.9154176861047745
127,139,28,28,72,ankle/ankle_01b.jpg,ankle,0.850609756,0.28825200349092484,-0.28825200349092484
127,139,29,29,71,board/board_01b.jpg,board,0.894736842,0.4783678501844406,-0.4783678501844406
127,139,30,30,70,baklava/baklava_01s.jpg,baklava,0.702702703,0.6154371201992035,-0.6154371201992035
127,139,31,31,69,cord/cord_01b.jpg,cord,0.674418605,0.5552396774291992,-0.5552396774291992
127,139,32,32,68,deer/deer_01b.jpg,deer,0.65,0.4558597505092621,-0.4558597505092621
127,139,33,33,67,battery/battery_01b.jpg,battery,0.860465116,0.3405553922057152,-0.3405553922057152
127,139,34,34,66,bazooka/bazooka_01b.jpg,bazooka,0.9,0.3673441708087921,-0.3673441708087921
127,139,35,35,65,dishrag/dishrag_01b.jpg,dishrag,0.697674419,0.32176001369953156,-0.32176001369953156
127,139,36,36,64,costume/costume_01b.jpg,costume,0.902439024,0.3706914186477661,-0.3706914186477661
127,139,37,37,63,artichoke/artichoke_01b.jpg,artichoke,0.658536585,0.8106827288866043,-0.8106827288866043
127,139,38,38,62,cannonball/cannonball_01b.jpg,cannonball,0.725,0.442026823759079,-0.442026823759079
127,139,39,39,61,clasp/clasp_01b.jpg,clasp,0.707317073,0.9265622198581696,-0.9265622198581696
127,139,40,40,60,basketball_hoop/basketball_hoop_01b.jpg,basketball_hoop,0.725,0.5883551239967346,-0.5883551239967346
127,139,41,41,59,bonnet/bonnet_01s.jpg,bonnet,0.871794872,0.32449840754270554,-0.32449840754270554
127,139,42,42,58,anklet/anklet_01b.jpg,anklet,0.95,0.32627299427986145,-0.32627299427986145
127,139,43,43,57,beard/beard_01b.jpg,beard,0.875,0.3906175494194031,-0.3906175494194031
127,139,44,44,56,bottle/bottle_01b.jpg,bottle,0.717948718,0.38202861696481705,-0.38202861696481705
127,139,45,45,55,beetle/beetle_01b.jpg,beetle,0.897435897,0.5065480023622513,-0.5065480023622513
127,139,46,46,54,cape/cape_01b.jpg,cape,0.87804878,0.39032482355833054,-0.39032482355833054
127,139,47,47,53,contact_lens/contact_lens_01s.jpg,contact_lens,0.872435897,0.34441399574279785,-0.34441399574279785
127,139,48,48,52,calf2/calf2_01b.jpg,calf2,0.880952381,0.2754936218261719,-0.2754936218261719
127,139,49,49,51,bagel/bagel_01s.jpg,bagel,0.902439024,0.6982853561639786,-0.6982853561639786
127,139,50,50,50,brake/brake_01b.jpg,brake,0.463414634,0.3481164649128914,-0.3481164649128914
128,140,1,1,99,board/board_01b.jpg,board,0.894736842,0.6289797276258469,-0.6289797276258469
128,140,2,2,98,coconut/coconut_01b.jpg,coconut,0.833333333,0.3982967361807823,-0.3982967361807823
128,140,3,3,97,amber/amber_01b.jpg,amber,0.87804878,0.38283370435237885,-0.38283370435237885
128,140,4,4,96,basketball_hoop/basketball_hoop_01b.jpg,basketball_hoop,0.725,0.5467627793550491,-0.5467627793550491
128,140,5,5,95,baklava/baklava_01s.jpg,baklava,0.702702703,0.5043046921491623,-0.5043046921491623
128,140,6,6,94,chocolate/chocolate_01b.jpg,chocolate,0.875,0.351868212223053,-0.351868212223053
128,140,7,7,93,binoculars/binoculars_01s.jpg,binoculars,0.595238095,0.5101956129074097,-0.5101956129074097
128,140,8,8,92,beard/beard_01b.jpg,beard,0.875,0.46455343067646027,-0.46455343067646027
128,140,9,9,91,abacus/abacus_01b.jpg,abacus,0.648648649,0.697059690952301,-0.697059690952301
128,140,10,10,90,deer/deer_01b.jpg,deer,0.65,0.5449622422456741,-0.5449622422456741
128,140,11,11,89,airplane/airplane_01b.jpg,airplane,0.720930233,0.2989629730582237,-0.2989629730582237
128,140,12,12,88,camel/camel_01b.jpg,camel,0.85,0.5369856804609299,-0.5369856804609299
128,140,13,13,87,bagel/bagel_01s.jpg,bagel,0.902439024,0.5814784541726112,-0.5814784541726112
128,140,14,14,86,cobra/cobra_01b.jpg,cobra,0.853658537,0.7363886386156082,-0.7363886386156082
128,140,15,15,85,cord/cord_01b.jpg,cord,0.674418605,0.4677356481552124,-0.4677356481552124
128,140,16,16,84,compass/compass_01b.jpg,compass,0.625,0.8021864145994186,-0.8021864145994186
128,140,17,17,83,bamboo/bamboo_01b.jpg,bamboo,0.714285714,0.5001873970031738,-0.5001873970031738
128,140,18,18,82,bulldozer/bulldozer_01b.jpg,bulldozer,0.619047619,0.5946678966283798,-0.5946678966283798
128,140,19,19,81,beaker/beaker_01b.jpg,beaker,0.846153846,0.4133734703063965,-0.4133734703063965
128,140,20,20,80,ankle/ankle_01b.jpg,ankle,0.850609756,0.2901458069682121,-0.2901458069682121
128,140,21,21,79,banana/banana_01b.jpg,banana,0.85,0.4234706684947014,-0.4234706684947014
128,140,22,22,78,brussels_sprouts/brussels_sprouts_01b.jpg,brussels_sprouts,0.7,0.7227833569049835,-0.7227833569049835
128,140,23,23,77,blower/blower_01b.jpg,blower,0.928571429,0.4260804057121277,-0.4260804057121277
128,140,24,24,76,chalk/chalk_01b.jpg,chalk,0.88372093,0.4238319545984268,-0.4238319545984268
128,140,25,25,75,clover/clover_01b.jpg,clover,0.69047619,0.44336971640586853,-0.44336971640586853
128,140,26,26,74,battery/battery_01b.jpg,battery,0.860465116,0.31766869127750397,-0.31766869127750397
128,140,27,27,73,chihuahua/chihuahua_01b.jpg,chihuahua,0.923076923,1.220227837562561,-1.220227837562561
128,140,28,28,72,costume/costume_01b.jpg,costume,0.902439024,0.4164651334285736,-0.4164651334285736
128,140,29,29,71,artichoke/artichoke_01b.jpg,artichoke,0.658536585,0.5740930885076523,-0.5740930885076523
128,140,30,30,70,bonnet/bonnet_01s.jpg,bonnet,0.871794872,0.33870477229356766,-0.33870477229356766
128,140,31,31,69,cannonball/cannonball_01b.jpg,cannonball,0.725,0.49964864552021027,-0.49964864552021027
128,140,32,32,68,cornmeal/cornmeal_01b.jpg,cornmeal,0.846153846,0.526186391711235,-0.526186391711235
128,140,33,33,67,calf2/calf2_01b.jpg,calf2,0.880952381,0.30257242918014526,-0.30257242918014526
128,140,34,34,66,beetle/beetle_01b.jpg,beetle,0.897435897,0.4721311256289482,-0.4721311256289482
128,140,35,35,65,curry/curry_01b.jpg,curry,0.675,0.4233328402042389,-0.4233328402042389
128,140,36,36,64,bazooka/bazooka_01b.jpg,bazooka,0.9,0.32311998307704926,-0.32311998307704926
128,140,37,37,63,bottle/bottle_01b.jpg,bottle,0.717948718,0.4204009473323822,-0.4204009473323822
128,140,38,38,62,cape/cape_01b.jpg,cape,0.87804878,0.3331562653183937,-0.3331562653183937
128,140,39,39,61,clothespin/clothespin_01b.jpg,clothespin,0.840909091,0.4349903464317322,-0.4349903464317322
128,140,40,40,60,cabbage/cabbage_01b.jpg,cabbage,0.682926829,0.8200764060020447,-0.8200764060020447
128,140,41,41,59,bison/bison_01b.jpg,bison,0.868421053,0.43461306393146515,-0.43461306393146515
128,140,42,42,58,brake/brake_01b.jpg,brake,0.463414634,0.31764087080955505,-0.31764087080955505
128,140,43,43,57,dishrag/dishrag_01b.jpg,dishrag,0.697674419,0.34351901710033417,-0.34351901710033417
128,140,44,44,56,cabinet/cabinet_01s.jpg,cabinet,0.6,0.35339462757110596,-0.35339462757110596
128,140,45,45,55,contact_lens/contact_lens_01s.jpg,contact_lens,0.872435897,0.2804088518023491,-0.2804088518023491
128,140,46,46,54,bib/bib_01n.jpg,bib,0.925,0.4623776450753212,-0.4623776450753212
128,140,47,47,53,clasp/clasp_01b.jpg,clasp,0.707317073,0.908280998468399,-0.908280998468399
128,140,48,48,52,defibrillator/defibrillator_01b.jpg,defibrillator,0.55,0.5297563374042511,-0.5297563374042511
128,140,49,49,51,antenna/antenna_01b.jpg,antenna,0.641025641,0.3287277966737747,-0.3287277966737747
128,140,50,50,50,anklet/anklet_01b.jpg,anklet,0.95,0.3049744665622711,-0.3049744665622711
129,141,1,1,99,blower/blower_01b.jpg,blower,0.928571429,0.42446449398994446,-0.42446449398994446
129,141,2,2,98,clover/clover_01b.jpg,clover,0.69047619,0.451599583029747,-0.451599583029747
129,141,3,3,97,artichoke/artichoke_01b.jpg,artichoke,0.658536585,1.7193463742733002,-1.7193463742733002
129,141,4,4,96,banana/banana_01b.jpg,banana,0.85,0.6037252768874168,-0.6037252768874168
129,141,5,5,95,dishrag/dishrag_01b.jpg,dishrag,0.697674419,0.3522603437304497,-0.3522603437304497
129,141,6,6,94,cord/cord_01b.jpg,cord,0.674418605,0.5332634747028351,-0.5332634747028351
129,141,7,7,93,bulldozer/bulldozer_01b.jpg,bulldozer,0.619047619,0.5639880001544952,-0.5639880001544952
129,141,8,8,92,beaker/beaker_01b.jpg,beaker,0.846153846,0.5146000534296036,-0.5146000534296036
129,141,9,9,91,cabbage/cabbage_01b.jpg,cabbage,0.682926829,1.0818826407194138,-1.0818826407194138
129,141,10,10,90,calf2/calf2_01b.jpg,calf2,0.880952381,0.29552289098501205,-0.29552289098501205
129,141,11,11,89,contact_lens/contact_lens_01s.jpg,contact_lens,0.872435897,0.29651129245758057,-0.29651129245758057
129,141,12,12,88,cabinet/cabinet_01s.jpg,cabinet,0.6,0.38469742983579636,-0.38469742983579636
129,141,13,13,87,baklava/baklava_01s.jpg,baklava,0.702702703,0.5785578191280365,-0.5785578191280365
129,141,14,14,86,binoculars/binoculars_01s.jpg,binoculars,0.595238095,0.470223605632782,-0.470223605632782
129,141,15,15,85,antenna/antenna_01b.jpg,antenna,0.641025641,0.34510867297649384,-0.34510867297649384
129,141,16,16,84,clothespin/clothespin_01b.jpg,clothespin,0.840909091,0.4268099069595337,-0.4268099069595337
129,141,17,17,83,bib/bib_01n.jpg,bib,0.925,0.4967617094516754,-0.4967617094516754
129,141,18,18,82,cape/cape_01b.jpg,cape,0.87804878,0.3904005065560341,-0.3904005065560341
129,141,19,19,81,airplane/airplane_01b.jpg,airplane,0.720930233,0.29341496527194977,-0.29341496527194977
129,141,20,20,80,anklet/anklet_01b.jpg,anklet,0.95,0.3123985379934311,-0.3123985379934311
129,141,21,21,79,bagel/bagel_01s.jpg,bagel,0.902439024,0.647139698266983,-0.647139698266983
129,141,22,22,78,deer/deer_01b.jpg,deer,0.65,0.49247509986162186,-0.49247509986162186
129,141,23,23,77,chalk/chalk_01b.jpg,chalk,0.88372093,0.42289118468761444,-0.42289118468761444
129,141,24,24,76,bazooka/bazooka_01b.jpg,bazooka,0.9,0.33468295633792877,-0.33468295633792877
129,141,25,25,75,bottle/bottle_01b.jpg,bottle,0.717948718,0.43087977170944214,-0.43087977170944214
129,141,26,26,74,abacus/abacus_01b.jpg,abacus,0.648648649,0.6389191597700119,-0.6389191597700119
129,141,27,27,73,bamboo/bamboo_01b.jpg,bamboo,0.714285714,0.4355306923389435,-0.4355306923389435
129,141,28,28,72,camel/camel_01b.jpg,camel,0.85,0.466790035367012,-0.466790035367012
129,141,29,29,71,battery/battery_01b.jpg,battery,0.860465116,0.33324557542800903,-0.33324557542800903
129,141,30,30,70,coconut/coconut_01b.jpg,coconut,0.833333333,0.3712439015507698,-0.3712439015507698
129,141,31,31,69,compass/compass_01b.jpg,compass,0.625,0.8782016336917877,-0.8782016336917877
129,141,32,32,68,costume/costume_01b.jpg,costume,0.902439024,0.40535131841897964,-0.40535131841897964
129,141,33,33,67,chihuahua/chihuahua_01b.jpg,chihuahua,0.923076923,1.404393881559372,-1.404393881559372
129,141,34,34,66,bolo_tie/bolo_tie_01b.jpg,bolo_tie,0.833333333,0.39835771173238754,-0.39835771173238754
129,141,35,35,65,bison/bison_01b.jpg,bison,0.868421053,0.44140690565109253,-0.44140690565109253
129,141,36,36,64,board/board_01b.jpg,board,0.894736842,0.4835192859172821,-0.4835192859172821
129,141,37,37,63,brussels_sprouts/brussels_sprouts_01b.jpg,brussels_sprouts,0.7,0.9460710883140564,-0.9460710883140564
129,141,38,38,62,cornmeal/cornmeal_01b.jpg,cornmeal,0.846153846,0.6567369848489761,-0.6567369848489761
129,141,39,39,61,basketball_hoop/basketball_hoop_01b.jpg,basketball_hoop,0.725,0.45895734429359436,-0.45895734429359436
129,141,40,40,60,beetle/beetle_01b.jpg,beetle,0.897435897,0.505323700606823,-0.505323700606823
129,141,41,41,59,beard/beard_01b.jpg,beard,0.875,0.4285566657781601,-0.4285566657781601
129,141,42,42,58,clasp/clasp_01b.jpg,clasp,0.707317073,0.955572783946991,-0.955572783946991
129,141,43,43,57,brake/brake_01b.jpg,brake,0.463414634,0.28073960542678833,-0.28073960542678833
129,141,44,44,56,ankle/ankle_01b.jpg,ankle,0.850609756,0.2650529444217682,-0.2650529444217682
129,141,45,45,55,chocolate/chocolate_01b.jpg,chocolate,0.875,0.3208305835723877,-0.3208305835723877
129,141,46,46,54,curry/curry_01b.jpg,curry,0.675,0.4294155538082123,-0.4294155538082123
129,141,47,47,53,cobra/cobra_01b.jpg,cobra,0.853658537,1.5577738881111145,-1.5577738881111145
129,141,48,48,52,amber/amber_01b.jpg,amber,0.87804878,0.345086507499218,-0.345086507499218
129,141,49,49,51,defibrillator/defibrillator_01b.jpg,defibrillator,0.55,0.5433019250631332,-0.5433019250631332
129,141,50,50,50,bonnet/bonnet_01s.jpg,bonnet,0.871794872,0.31109941750764847,-0.31109941750764847
130,142,1,1,99,bottle/bottle_01b.jpg,bottle,0.717948718,0.5242139399051666,-0.5242139399051666
130,142,2,2,98,abacus/abacus_01b.jpg,abacus,0.648648649,1.5845776945352554,-1.5845776945352554
130,142,3,3,97,contact_lens/contact_lens_01s.jpg,contact_lens,0.872435897,0.3542817756533623,-0.3542817756533623
130,142,4,4,96,clasp/clasp_01b.jpg,clasp,0.707317073,1.0520546436309814,-1.0520546436309814
130,142,5,5,95,artichoke/artichoke_01b.jpg,artichoke,0.658536585,0.8030548468232155,-0.8030548468232155
130,142,6,6,94,coconut/coconut_01b.jpg,coconut,0.833333333,0.4476798251271248,-0.4476798251271248
130,142,7,7,93,beaker/beaker_01b.jpg,beaker,0.846153846,0.7451162338256836,-0.7451162338256836
130,142,8,8,92,chocolate/chocolate_01b.jpg,chocolate,0.875,0.2979489117860794,-0.2979489117860794
130,142,9,9,91,defibrillator/defibrillator_01b.jpg,defibrillator,0.55,0.5842533558607101,-0.5842533558607101
130,142,10,10,90,anklet/anklet_01b.jpg,anklet,0.95,0.35291850566864014,-0.35291850566864014
130,142,11,11,89,compass/compass_01b.jpg,compass,0.625,0.9866186380386353,-0.9866186380386353
130,142,12,12,88,curry/curry_01b.jpg,curry,0.675,0.4447248727083206,-0.4447248727083206
130,142,13,13,87,cockatoo/cockatoo_01b.jpg,cockatoo,0.829268293,0.8202399276196957,-0.8202399276196957
130,142,14,14,86,cornmeal/cornmeal_01b.jpg,cornmeal,0.846153846,0.7095614522695541,-0.7095614522695541
130,142,15,15,85,camel/camel_01b.jpg,camel,0.85,0.5577066242694855,-0.5577066242694855
130,142,16,16,84,cabbage/cabbage_01b.jpg,cabbage,0.682926829,0.7377539873123169,-0.7377539873123169
130,142,17,17,83,dishrag/dishrag_01b.jpg,dishrag,0.697674419,0.3355777859687805,-0.3355777859687805
130,142,18,18,82,brake/brake_01b.jpg,brake,0.463414634,0.3938366696238518,-0.3938366696238518
130,142,19,19,81,bulldozer/bulldozer_01b.jpg,bulldozer,0.619047619,0.6187447160482407,-0.6187447160482407
130,142,20,20,80,deer/deer_01b.jpg,deer,0.65,0.5278449356555939,-0.5278449356555939
130,142,21,21,79,bison/bison_01b.jpg,bison,0.868421053,0.4378304183483124,-0.4378304183483124
130,142,22,22,78,airplane/airplane_01b.jpg,airplane,0.720930233,0.3579906225204468,-0.3579906225204468
130,142,23,23,77,bib/bib_01n.jpg,bib,0.925,0.48732952028512955,-0.48732952028512955
130,142,24,24,76,clothespin/clothespin_01b.jpg,clothespin,0.840909091,0.43092530220746994,-0.43092530220746994
130,142,25,25,75,bonnet/bonnet_01s.jpg,bonnet,0.871794872,0.31104791164398193,-0.31104791164398193
130,142,26,26,74,banana/banana_01b.jpg,banana,0.85,0.4491831585764885,-0.4491831585764885
130,142,27,27,73,calf2/calf2_01b.jpg,calf2,0.880952381,0.2586977481842041,-0.2586977481842041
130,142,28,28,72,beard/beard_01b.jpg,beard,0.875,0.42460978776216507,-0.42460978776216507
130,142,29,29,71,chihuahua/chihuahua_01b.jpg,chihuahua,0.923076923,1.3523769080638885,-1.3523769080638885
130,142,30,30,70,cabinet/cabinet_01s.jpg,cabinet,0.6,0.3289899006485939,-0.3289899006485939
130,142,31,31,69,ankle/ankle_01b.jpg,ankle,0.850609756,0.26807672530412674,-0.26807672530412674
130,142,32,32,68,brussels_sprouts/brussels_sprouts_01b.jpg,brussels_sprouts,0.7,0.7249657809734344,-0.7249657809734344
130,142,33,33,67,cobra/cobra_01b.jpg,cobra,0.853658537,1.3103481829166412,-1.3103481829166412
130,142,34,34,66,cape/cape_01b.jpg,cape,0.87804878,0.3355621472001076,-0.3355621472001076
130,142,35,35,65,clover/clover_01b.jpg,clover,0.69047619,0.46290449798107147,-0.46290449798107147
130,142,36,36,64,blower/blower_01b.jpg,blower,0.928571429,0.44625093042850494,-0.44625093042850494
130,142,37,37,63,beetle/beetle_01b.jpg,beetle,0.897435897,0.4673149585723877,-0.4673149585723877
130,142,38,38,62,antenna/antenna_01b.jpg,antenna,0.641025641,0.37714023143053055,-0.37714023143053055
130,142,39,39,61,binoculars/binoculars_01s.jpg,binoculars,0.595238095,0.3710097223520279,-0.3710097223520279
130,142,40,40,60,baklava/baklava_01s.jpg,baklava,0.702702703,0.45339442789554596,-0.45339442789554596
130,142,41,41,59,board/board_01b.jpg,board,0.894736842,0.47137781977653503,-0.47137781977653503
130,142,42,42,58,bolo_tie/bolo_tie_01b.jpg,bolo_tie,0.833333333,0.39936818927526474,-0.39936818927526474
130,142,43,43,57,bamboo/bamboo_01b.jpg,bamboo,0.714285714,0.43993010371923447,-0.43993010371923447
130,142,44,44,56,costume/costume_01b.jpg,costume,0.902439024,0.3882267102599144,-0.3882267102599144
130,142,45,45,55,cord/cord_01b.jpg,cord,0.674418605,0.5365395694971085,-0.5365395694971085
130,142,46,46,54,battery/battery_01b.jpg,battery,0.860465116,0.32568076252937317,-0.32568076252937317
130,142,47,47,53,chalk/chalk_01b.jpg,chalk,0.88372093,0.40883298218250275,-0.40883298218250275
130,142,48,48,52,bazooka/bazooka_01b.jpg,bazooka,0.9,0.3594891428947449,-0.3594891428947449
130,142,49,49,51,bagel/bagel_01s.jpg,bagel,0.902439024,0.6422080472111702,-0.6422080472111702
130,142,50,50,50,amber/amber_01b.jpg,amber,0.87804878,0.395501971244812,-0.395501971244812
131,143,1,1,99,bolo_tie/bolo_tie_01b.jpg,bolo_tie,0.833333333,0.7255064845085144,-0.7255064845085144
131,143,2,2,98,beard/beard_01b.jpg,beard,0.875,0.4045732393860817,-0.4045732393860817
131,143,3,3,97,cockatoo/cockatoo_01b.jpg,cockatoo,0.829268293,1.0068890526890755,-1.0068890526890755
131,143,4,4,96,ankle/ankle_01b.jpg,ankle,0.850609756,0.26909339427948,-0.26909339427948
131,143,5,5,95,bulldozer/bulldozer_01b.jpg,bulldozer,0.619047619,0.5858951359987259,-0.5858951359987259
131,143,6,6,94,bib/bib_01n.jpg,bib,0.925,0.4820864796638489,-0.4820864796638489
131,143,7,7,93,bagel/bagel_01s.jpg,bagel,0.902439024,0.5647587031126022,-0.5647587031126022
131,143,8,8,92,cabbage/cabbage_01b.jpg,cabbage,0.682926829,0.9030879735946655,-0.9030879735946655
131,143,9,9,91,brake/brake_01b.jpg,brake,0.463414634,0.30970345437526703,-0.30970345437526703
131,143,10,10,90,coconut/coconut_01b.jpg,coconut,0.833333333,0.3610928803682327,-0.3610928803682327
131,143,11,11,89,bottle/bottle_01b.jpg,bottle,0.717948718,0.38155535608530045,-0.38155535608530045
131,143,12,12,88,camel/camel_01b.jpg,camel,0.85,0.48788683116436005,-0.48788683116436005
131,143,13,13,87,bonnet/bonnet_01s.jpg,bonnet,0.871794872,0.3132903277873993,-0.3132903277873993
131,143,14,14,86,baklava/baklava_01s.jpg,baklava,0.702702703,0.4931700527667999,-0.4931700527667999
131,143,15,15,85,cape/cape_01b.jpg,cape,0.87804878,0.32527005672454834,-0.32527005672454834
131,143,16,16,84,contact_lens/contact_lens_01s.jpg,contact_lens,0.872435897,0.3115001693367958,-0.3115001693367958
131,143,17,17,83,cord/cord_01b.jpg,cord,0.674418605,0.4627714455127716,-0.4627714455127716
131,143,18,18,82,abacus/abacus_01b.jpg,abacus,0.648648649,0.6770483553409576,-0.6770483553409576
131,143,19,19,81,blower/blower_01b.jpg,blower,0.928571429,0.3738391399383545,-0.3738391399383545
131,143,20,20,80,bison/bison_01b.jpg,bison,0.868421053,0.4226829707622528,-0.4226829707622528
131,143,21,21,79,clover/clover_01b.jpg,clover,0.69047619,0.3883110582828522,-0.3883110582828522
131,143,22,22,78,amber/amber_01b.jpg,amber,0.87804878,0.30116962641477585,-0.30116962641477585
131,143,23,23,77,chihuahua/chihuahua_01b.jpg,chihuahua,0.923076923,1.227492332458496,-1.227492332458496
131,143,24,24,76,anklet/anklet_01b.jpg,anklet,0.95,0.30008386075496674,-0.30008386075496674
131,143,25,25,75,beetle/beetle_01b.jpg,beetle,0.897435897,0.4593888223171234,-0.4593888223171234
131,143,26,26,74,beaker/beaker_01b.jpg,beaker,0.846153846,0.3947821632027626,-0.3947821632027626
131,143,27,27,73,costume/costume_01b.jpg,costume,0.902439024,0.3803252652287483,-0.3803252652287483
131,143,28,28,72,cobra/cobra_01b.jpg,cobra,0.853658537,1.0960806012153625,-1.0960806012153625
131,143,29,29,71,cabinet/cabinet_01s.jpg,cabinet,0.6,0.31804408878088,-0.31804408878088
131,143,30,30,70,calf2/calf2_01b.jpg,calf2,0.880952381,0.278909869492054,-0.278909869492054
131,143,31,31,69,carousel/carousel_01b.jpg,carousel,0.829268293,0.3881361857056618,-0.3881361857056618
131,143,32,32,68,clothespin/clothespin_01b.jpg,clothespin,0.840909091,0.44500021636486053,-0.44500021636486053
131,143,33,33,67,board/board_01b.jpg,board,0.894736842,0.4690038561820984,-0.4690038561820984
131,143,34,34,66,clasp/clasp_01b.jpg,clasp,0.707317073,0.7935477942228317,-0.7935477942228317
131,143,35,35,65,antenna/antenna_01b.jpg,antenna,0.641025641,0.2866423577070236,-0.2866423577070236
131,143,36,36,64,banana/banana_01b.jpg,banana,0.85,0.4301667734980583,-0.4301667734980583
131,143,37,37,63,bamboo/bamboo_01b.jpg,bamboo,0.714285714,0.40740180760622025,-0.40740180760622025
131,143,38,38,62,bazooka/bazooka_01b.jpg,bazooka,0.9,0.329329751431942,-0.329329751431942
131,143,39,39,61,chalk/chalk_01b.jpg,chalk,0.88372093,0.39105815440416336,-0.39105815440416336
131,143,40,40,60,chocolate/chocolate_01b.jpg,chocolate,0.875,0.2853240445256233,-0.2853240445256233
131,143,41,41,59,deer/deer_01b.jpg,deer,0.65,0.4545767158269882,-0.4545767158269882
131,143,42,42,58,battery/battery_01b.jpg,battery,0.860465116,0.2899205684661865,-0.2899205684661865
131,143,43,43,57,cornmeal/cornmeal_01b.jpg,cornmeal,0.846153846,0.556933581829071,-0.556933581829071
131,143,44,44,56,compass/compass_01b.jpg,compass,0.625,0.8835934549570084,-0.8835934549570084
131,143,45,45,55,brussels_sprouts/brussels_sprouts_01b.jpg,brussels_sprouts,0.7,0.7789567708969116,-0.7789567708969116
131,143,46,46,54,artichoke/artichoke_01b.jpg,artichoke,0.658536585,0.7419848889112473,-0.7419848889112473
131,143,47,47,53,dishrag/dishrag_01b.jpg,dishrag,0.697674419,0.30850212275981903,-0.30850212275981903
131,143,48,48,52,defibrillator/defibrillator_01b.jpg,defibrillator,0.55,0.5073737949132919,-0.5073737949132919
131,143,49,49,51,binoculars/binoculars_01s.jpg,binoculars,0.595238095,0.35942063480615616,-0.35942063480615616
131,143,50,50,50,curry/curry_01b.jpg,curry,0.675,0.3772879093885422,-0.3772879093885422
132,144,1,1,99,costume/costume_01b.jpg,costume,0.902439024,0.4322011172771454,-0.4322011172771454
132,144,2,2,98,bazooka/bazooka_01b.jpg,bazooka,0.9,0.44030363112688065,-0.44030363112688065
132,144,3,3,97,bulldozer/bulldozer_01b.jpg,bulldozer,0.619047619,0.6487573534250259,-0.6487573534250259
132,144,4,4,96,brake/brake_01b.jpg,brake,0.463414634,0.2979433089494705,-0.2979433089494705
132,144,5,5,95,beard/beard_01b.jpg,beard,0.875,0.44083061814308167,-0.44083061814308167
132,144,6,6,94,cape/cape_01b.jpg,cape,0.87804878,0.3671155124902725,-0.3671155124902725
132,144,7,7,93,clothespin/clothespin_01b.jpg,clothespin,0.840909091,0.41712217777967453,-0.41712217777967453
132,144,8,8,92,bamboo/bamboo_01b.jpg,bamboo,0.714285714,0.4589608833193779,-0.4589608833193779
132,144,9,9,91,carousel/carousel_01b.jpg,carousel,0.829268293,0.4542347341775894,-0.4542347341775894
132,144,10,10,90,cabinet/cabinet_01s.jpg,cabinet,0.6,0.35079938918352127,-0.35079938918352127
132,144,11,11,89,artichoke/artichoke_01b.jpg,artichoke,0.658536585,0.7080975919961929,-0.7080975919961929
132,144,12,12,88,clasp/clasp_01b.jpg,clasp,0.707317073,0.9497314244508743,-0.9497314244508743
132,144,13,13,87,almond/almond_01b.jpg,almond,0.829268293,0.4706598371267319,-0.4706598371267319
132,144,14,14,86,bolo_tie/bolo_tie_01b.jpg,bolo_tie,0.833333333,0.444303035736084,-0.444303035736084
132,144,15,15,85,cockatoo/cockatoo_01b.jpg,cockatoo,0.829268293,0.6361797824501991,-0.6361797824501991
132,144,16,16,84,clover/clover_01b.jpg,clover,0.69047619,0.42512403428554535,-0.42512403428554535
132,144,17,17,83,bagel/bagel_01s.jpg,bagel,0.902439024,0.5565655380487442,-0.5565655380487442
132,144,18,18,82,antenna/antenna_01b.jpg,antenna,0.641025641,0.32745690643787384,-0.32745690643787384
132,144,19,19,81,curry/curry_01b.jpg,curry,0.675,0.44779206812381744,-0.44779206812381744
132,144,20,20,80,banana/banana_01b.jpg,banana,0.85,0.4220060110092163,-0.4220060110092163
132,144,21,21,79,bonnet/bonnet_01s.jpg,bonnet,0.871794872,0.3287249282002449,-0.3287249282002449
132,144,22,22,78,cabbage/cabbage_01b.jpg,cabbage,0.682926829,0.7790970504283905,-0.7790970504283905
132,144,23,23,77,defibrillator/defibrillator_01b.jpg,defibrillator,0.55,0.5698378682136536,-0.5698378682136536
132,144,24,24,76,contact_lens/contact_lens_01s.jpg,contact_lens,0.872435897,0.2861316055059433,-0.2861316055059433
132,144,25,25,75,coconut/coconut_01b.jpg,coconut,0.833333333,0.39071211963891983,-0.39071211963891983
132,144,26,26,74,cobra/cobra_01b.jpg,cobra,0.853658537,1.6293916404247284,-1.6293916404247284
132,144,27,27,73,chocolate/chocolate_01b.jpg,chocolate,0.875,0.3344269245862961,-0.3344269245862961
132,144,28,28,72,baklava/baklava_01s.jpg,baklava,0.702702703,0.4897628575563431,-0.4897628575563431
132,144,29,29,71,anklet/anklet_01b.jpg,anklet,0.95,0.2963521406054497,-0.2963521406054497
132,144,30,30,70,chalk/chalk_01b.jpg,chalk,0.88372093,0.42202118784189224,-0.42202118784189224
132,144,31,31,69,bison/bison_01b.jpg,bison,0.868421053,0.46403031051158905,-0.46403031051158905
132,144,32,32,68,abacus/abacus_01b.jpg,abacus,0.648648649,0.6410304754972458,-0.6410304754972458
132,144,33,33,67,calf2/calf2_01b.jpg,calf2,0.880952381,0.30378416180610657,-0.30378416180610657
132,144,34,34,66,blower/blower_01b.jpg,blower,0.928571429,0.4403601288795471,-0.4403601288795471
132,144,35,35,65,board/board_01b.jpg,board,0.894736842,0.5137802362442017,-0.5137802362442017
132,144,36,36,64,dishrag/dishrag_01b.jpg,dishrag,0.697674419,0.339890792965889,-0.339890792965889
132,144,37,37,63,deer/deer_01b.jpg,deer,0.65,0.46936939656734467,-0.46936939656734467
132,144,38,38,62,bib/bib_01n.jpg,bib,0.925,0.49566738307476044,-0.49566738307476044
132,144,39,39,61,brussels_sprouts/brussels_sprouts_01b.jpg,brussels_sprouts,0.7,0.8287625312805176,-0.8287625312805176
132,144,40,40,60,amber/amber_01b.jpg,amber,0.87804878,0.34914150834083557,-0.34914150834083557
132,144,41,41,59,battery/battery_01b.jpg,battery,0.860465116,0.32243912667036057,-0.32243912667036057
132,144,42,42,58,cornmeal/cornmeal_01b.jpg,cornmeal,0.846153846,0.8822421878576279,-0.8822421878576279
132,144,43,43,57,beetle/beetle_01b.jpg,beetle,0.897435897,0.4325287863612175,-0.4325287863612175
132,144,44,44,56,chihuahua/chihuahua_01b.jpg,chihuahua,0.923076923,1.2538444995880127,-1.2538444995880127
132,144,45,45,55,beaker/beaker_01b.jpg,beaker,0.846153846,0.45585431158542633,-0.45585431158542633
132,144,46,46,54,cord/cord_01b.jpg,cord,0.674418605,0.4480559825897217,-0.4480559825897217
132,144,47,47,53,compass/compass_01b.jpg,compass,0.625,0.985620528459549,-0.985620528459549
132,144,48,48,52,ankle/ankle_01b.jpg,ankle,0.850609756,0.2967015653848648,-0.2967015653848648
132,144,49,49,51,binoculars/binoculars_01s.jpg,binoculars,0.595238095,0.37930116057395935,-0.37930116057395935
132,144,50,50,50,camel/camel_01b.jpg,camel,0.85,0.4999478757381439,-0.4999478757381439
133,145,1,1,99,beaker/beaker_01b.jpg,beaker,0.846153846,1.1485256105661392,-1.1485256105661392
133,145,2,2,98,dishrag/dishrag_01b.jpg,dishrag,0.697674419,0.36842571198940277,-0.36842571198940277
133,145,3,3,97,cape/cape_01b.jpg,cape,0.87804878,0.40019502490758896,-0.40019502490758896
133,145,4,4,96,binoculars/binoculars_01s.jpg,binoculars,0.595238095,0.5260897129774094,-0.5260897129774094
133,145,5,5,95,bib/bib_01n.jpg,bib,0.925,0.5168219208717346,-0.5168219208717346
133,145,6,6,94,bolo_tie/bolo_tie_01b.jpg,bolo_tie,0.833333333,0.5545957833528519,-0.5545957833528519
133,145,7,7,93,amber/amber_01b.jpg,amber,0.87804878,0.3741611987352371,-0.3741611987352371
133,145,8,8,92,bulldozer/bulldozer_01b.jpg,bulldozer,0.619047619,0.6570507287979126,-0.6570507287979126
133,145,9,9,91,cornmeal/cornmeal_01b.jpg,cornmeal,0.846153846,0.6358569711446762,-0.6358569711446762
133,145,10,10,90,clover/clover_01b.jpg,clover,0.69047619,0.44957540929317474,-0.44957540929317474
133,145,11,11,89,ankle/ankle_01b.jpg,ankle,0.850609756,0.27187740057706833,-0.27187740057706833
133,145,12,12,88,artichoke/artichoke_01b.jpg,artichoke,0.658536585,0.8317483812570572,-0.8317483812570572
133,145,13,13,87,contact_lens/contact_lens_01s.jpg,contact_lens,0.872435897,0.31895188987255096,-0.31895188987255096
133,145,14,14,86,calf2/calf2_01b.jpg,calf2,0.880952381,0.3100804388523102,-0.3100804388523102
133,145,15,15,85,cockatoo/cockatoo_01b.jpg,cockatoo,0.829268293,0.8394235149025917,-0.8394235149025917
133,145,16,16,84,antenna/antenna_01b.jpg,antenna,0.641025641,0.35063161700963974,-0.35063161700963974
133,145,17,17,83,cookie/cookie_01b.jpg,cookie,0.825,0.49413497745990753,-0.49413497745990753
133,145,18,18,82,clothespin/clothespin_01b.jpg,clothespin,0.840909091,0.42395055294036865,-0.42395055294036865
133,145,19,19,81,chalk/chalk_01b.jpg,chalk,0.88372093,0.40975645184516907,-0.40975645184516907
133,145,20,20,80,brussels_sprouts/brussels_sprouts_01b.jpg,brussels_sprouts,0.7,0.7788592278957367,-0.7788592278957367
133,145,21,21,79,beard/beard_01b.jpg,beard,0.875,0.4160129278898239,-0.4160129278898239
133,145,22,22,78,chihuahua/chihuahua_01b.jpg,chihuahua,0.923076923,1.2897444069385529,-1.2897444069385529
133,145,23,23,77,cord/cord_01b.jpg,cord,0.674418605,0.5021605044603348,-0.5021605044603348
133,145,24,24,76,coconut/coconut_01b.jpg,coconut,0.833333333,0.45098258554935455,-0.45098258554935455
133,145,25,25,75,compass/compass_01b.jpg,compass,0.625,0.8995380252599716,-0.8995380252599716
133,145,26,26,74,cabbage/cabbage_01b.jpg,cabbage,0.682926829,0.7269785776734352,-0.7269785776734352
133,145,27,27,73,anklet/anklet_01b.jpg,anklet,0.95,0.33273518085479736,-0.33273518085479736
133,145,28,28,72,battery/battery_01b.jpg,battery,0.860465116,0.3409058079123497,-0.3409058079123497
133,145,29,29,71,deer/deer_01b.jpg,deer,0.65,0.5130204409360886,-0.5130204409360886
133,145,30,30,70,almond/almond_01b.jpg,almond,0.829268293,0.46139077842235565,-0.46139077842235565
133,145,31,31,69,bagel/bagel_01s.jpg,bagel,0.902439024,0.7107310518622398,-0.7107310518622398
133,145,32,32,68,costume/costume_01b.jpg,costume,0.902439024,0.43695221841335297,-0.43695221841335297
133,145,33,33,67,bazooka/bazooka_01b.jpg,bazooka,0.9,0.3601984307169914,-0.3601984307169914
133,145,34,34,66,cabinet/cabinet_01s.jpg,cabinet,0.6,0.3359207585453987,-0.3359207585453987
133,145,35,35,65,curry/curry_01b.jpg,curry,0.675,0.4125429093837738,-0.4125429093837738
133,145,36,36,64,baklava/baklava_01s.jpg,baklava,0.702702703,0.5042927116155624,-0.5042927116155624
133,145,37,37,63,abacus/abacus_01b.jpg,abacus,0.648648649,0.6884649991989136,-0.6884649991989136
133,145,38,38,62,clasp/clasp_01b.jpg,clasp,0.707317073,1.0659374445676804,-1.0659374445676804
133,145,39,39,61,bison/bison_01b.jpg,bison,0.868421053,0.44926296919584274,-0.44926296919584274
133,145,40,40,60,chocolate/chocolate_01b.jpg,chocolate,0.875,0.3194845840334892,-0.3194845840334892
133,145,41,41,59,cobra/cobra_01b.jpg,cobra,0.853658537,0.9156443774700165,-0.9156443774700165
133,145,42,42,58,board/board_01b.jpg,board,0.894736842,0.5264214128255844,-0.5264214128255844
133,145,43,43,57,carousel/carousel_01b.jpg,carousel,0.829268293,0.4462260454893112,-0.4462260454893112
133,145,44,44,56,beetle/beetle_01b.jpg,beetle,0.897435897,0.433743417263031,-0.433743417263031
133,145,45,45,55,defibrillator/defibrillator_01b.jpg,defibrillator,0.55,0.57806795835495,-0.57806795835495
133,145,46,46,54,camel/camel_01b.jpg,camel,0.85,0.45827220380306244,-0.45827220380306244
133,145,47,47,53,brake/brake_01b.jpg,brake,0.463414634,0.35696493834257126,-0.35696493834257126
133,145,48,48,52,bonnet/bonnet_01s.jpg,bonnet,0.871794872,0.3162446543574333,-0.3162446543574333
133,145,49,49,51,banana/banana_01b.jpg,banana,0.85,0.42425037175416946,-0.42425037175416946
133,145,50,50,50,blower/blower_01b.jpg,blower,0.928571429,0.48772014677524567,-0.48772014677524567
134,146,1,1,99,beaker/beaker_01b.jpg,beaker,0.846153846,1.1540923863649368,-1.1540923863649368
134,146,2,2,98,carousel/carousel_01b.jpg,carousel,0.829268293,0.4291715621948242,-0.4291715621948242
134,146,3,3,97,cabinet/cabinet_01s.jpg,cabinet,0.6,0.333514079451561,-0.333514079451561
134,146,4,4,96,beard/beard_01b.jpg,beard,0.875,0.43464361131191254,-0.43464361131191254
134,146,5,5,95,coconut/coconut_01b.jpg,coconut,0.833333333,0.415280357003212,-0.415280357003212
134,146,6,6,94,bonnet/bonnet_01s.jpg,bonnet,0.871794872,0.34806443005800247,-0.34806443005800247
134,146,7,7,93,blower/blower_01b.jpg,blower,0.928571429,0.41020922362804413,-0.41020922362804413
134,146,8,8,92,cobra/cobra_01b.jpg,cobra,0.853658537,0.7795107215642929,-0.7795107215642929
134,146,9,9,91,battery/battery_01b.jpg,battery,0.860465116,0.3564278557896614,-0.3564278557896614
134,146,10,10,90,cape/cape_01b.jpg,cape,0.87804878,0.38861778378486633,-0.38861778378486633
134,146,11,11,89,curry/curry_01b.jpg,curry,0.675,0.39444370567798615,-0.39444370567798615
134,146,12,12,88,brussels_sprouts/brussels_sprouts_01b.jpg,brussels_sprouts,0.7,0.7367789000272751,-0.7367789000272751
134,146,13,13,87,cello/cello_01s.jpg,cello,0.825,0.7280560433864594,-0.7280560433864594
134,146,14,14,86,board/board_01b.jpg,board,0.894736842,0.48654110729694366,-0.48654110729694366
134,146,15,15,85,bagel/bagel_01s.jpg,bagel,0.902439024,0.5987669602036476,-0.5987669602036476
134,146,16,16,84,baklava/baklava_01s.jpg,baklava,0.702702703,0.5134766846895218,-0.5134766846895218
134,146,17,17,83,clothespin/clothespin_01b.jpg,clothespin,0.840909091,0.4955521523952484,-0.4955521523952484
134,146,18,18,82,abacus/abacus_01b.jpg,abacus,0.648648649,0.7977025657892227,-0.7977025657892227
134,146,19,19,81,bison/bison_01b.jpg,bison,0.868421053,0.4493781179189682,-0.4493781179189682
134,146,20,20,80,chalk/chalk_01b.jpg,chalk,0.88372093,0.3911242261528969,-0.3911242261528969
134,146,21,21,79,antenna/antenna_01b.jpg,antenna,0.641025641,0.3327782452106476,-0.3327782452106476
134,146,22,22,78,bazooka/bazooka_01b.jpg,bazooka,0.9,0.377392441034317,-0.377392441034317
134,146,23,23,77,amber/amber_01b.jpg,amber,0.87804878,0.3228466957807541,-0.3228466957807541
134,146,24,24,76,costume/costume_01b.jpg,costume,0.902439024,0.398306205868721,-0.398306205868721
134,146,25,25,75,cabbage/cabbage_01b.jpg,cabbage,0.682926829,1.443962201476097,-1.443962201476097
134,146,26,26,74,ankle/ankle_01b.jpg,ankle,0.850609756,0.27059032768011093,-0.27059032768011093
134,146,27,27,73,dishrag/dishrag_01b.jpg,dishrag,0.697674419,0.3346470668911934,-0.3346470668911934
134,146,28,28,72,brake/brake_01b.jpg,brake,0.463414634,0.3247343748807907,-0.3247343748807907
134,146,29,29,71,defibrillator/defibrillator_01b.jpg,defibrillator,0.55,0.5735345482826233,-0.5735345482826233
134,146,30,30,70,camel/camel_01b.jpg,camel,0.85,0.4251357913017273,-0.4251357913017273
134,146,31,31,69,bib/bib_01n.jpg,bib,0.925,0.5090796425938606,-0.5090796425938606
134,146,32,32,68,chihuahua/chihuahua_01b.jpg,chihuahua,0.923076923,1.319212019443512,-1.319212019443512
134,146,33,33,67,beetle/beetle_01b.jpg,beetle,0.897435897,0.5006603375077248,-0.5006603375077248
134,146,34,34,66,artichoke/artichoke_01b.jpg,artichoke,0.658536585,0.8423467352986336,-0.8423467352986336
134,146,35,35,65,banana/banana_01b.jpg,banana,0.85,0.5011661648750305,-0.5011661648750305
134,146,36,36,64,contact_lens/contact_lens_01s.jpg,contact_lens,0.872435897,0.34901712089776993,-0.34901712089776993
134,146,37,37,63,almond/almond_01b.jpg,almond,0.829268293,0.4700583964586258,-0.4700583964586258
134,146,38,38,62,cornmeal/cornmeal_01b.jpg,cornmeal,0.846153846,0.577740266919136,-0.577740266919136
134,146,39,39,61,clover/clover_01b.jpg,clover,0.69047619,0.43669357895851135,-0.43669357895851135
134,146,40,40,60,binoculars/binoculars_01s.jpg,binoculars,0.595238095,0.3673641309142113,-0.3673641309142113
134,146,41,41,59,bolo_tie/bolo_tie_01b.jpg,bolo_tie,0.833333333,0.40512752532958984,-0.40512752532958984
134,146,42,42,58,compass/compass_01b.jpg,compass,0.625,0.9475930631160736,-0.9475930631160736
134,146,43,43,57,cookie/cookie_01b.jpg,cookie,0.825,0.42791639268398285,-0.42791639268398285
134,146,44,44,56,chocolate/chocolate_01b.jpg,chocolate,0.875,0.302091121673584,-0.302091121673584
134,146,45,45,55,cord/cord_01b.jpg,cord,0.674418605,0.45736515522003174,-0.45736515522003174
134,146,46,46,54,bulldozer/bulldozer_01b.jpg,bulldozer,0.619047619,0.4599246233701706,-0.4599246233701706
134,146,47,47,53,cockatoo/cockatoo_01b.jpg,cockatoo,0.829268293,0.6693472042679787,-0.6693472042679787
134,146,48,48,52,calf2/calf2_01b.jpg,calf2,0.880952381,0.29859672486782074,-0.29859672486782074
134,146,49,49,51,anklet/anklet_01b.jpg,anklet,0.95,0.30981477349996567,-0.30981477349996567
134,146,50,50,50,deer/deer_01b.jpg,deer,0.65,0.4671012759208679,-0.4671012759208679
135,147,1,1,99,cello/cello_01s.jpg,cello,0.825,1.401354432106018,-1.401354432106018
135,147,2,2,98,compass/compass_01b.jpg,compass,0.625,1.5204852521419525,-1.5204852521419525
135,147,3,3,97,battery/battery_01b.jpg,battery,0.860465116,0.3665192946791649,-0.3665192946791649
135,147,4,4,96,deer/deer_01b.jpg,deer,0.65,0.5376310497522354,-0.5376310497522354
135,147,5,5,95,chocolate/chocolate_01b.jpg,chocolate,0.875,0.29522543400526047,-0.29522543400526047
135,147,6,6,94,clover/clover_01b.jpg,clover,0.69047619,0.47834545373916626,-0.47834545373916626
135,147,7,7,93,cobra/cobra_01b.jpg,cobra,0.853658537,0.7102789282798767,-0.7102789282798767
135,147,8,8,92,cabinet/cabinet_01s.jpg,cabinet,0.6,0.3151366338133812,-0.3151366338133812
135,147,9,9,91,blower/blower_01b.jpg,blower,0.928571429,0.4297471195459366,-0.4297471195459366
135,147,10,10,90,brussels_sprouts/brussels_sprouts_01b.jpg,brussels_sprouts,0.7,0.7169453501701355,-0.7169453501701355
135,147,11,11,89,beetle/beetle_01b.jpg,beetle,0.897435897,0.5246302634477615,-0.5246302634477615
135,147,12,12,88,bazooka/bazooka_01b.jpg,bazooka,0.9,0.4145869240164757,-0.4145869240164757
135,147,13,13,87,banana/banana_01b.jpg,banana,0.85,0.43781936913728714,-0.43781936913728714
135,147,14,14,86,brake/brake_01b.jpg,brake,0.463414634,0.41068746894598007,-0.41068746894598007
135,147,15,15,85,cabbage/cabbage_01b.jpg,cabbage,0.682926829,0.7148027122020721,-0.7148027122020721
135,147,16,16,84,clothespin/clothespin_01b.jpg,clothespin,0.840909091,0.47573719918727875,-0.47573719918727875
135,147,17,17,83,chihuahua/chihuahua_01b.jpg,chihuahua,0.923076923,1.2665995955467224,-1.2665995955467224
135,147,18,18,82,bib/bib_01n.jpg,bib,0.925,0.4555443525314331,-0.4555443525314331
135,147,19,19,81,binoculars/binoculars_01s.jpg,binoculars,0.595238095,0.40272003412246704,-0.40272003412246704
135,147,20,20,80,blinder/blinder_01b.jpg,blinder,0.825,0.3690391704440117,-0.3690391704440117
135,147,21,21,79,contact_lens/contact_lens_01s.jpg,contact_lens,0.872435897,0.33973707258701324,-0.33973707258701324
135,147,22,22,78,dishrag/dishrag_01b.jpg,dishrag,0.697674419,0.337323896586895,-0.337323896586895
135,147,23,23,77,cockatoo/cockatoo_01b.jpg,cockatoo,0.829268293,0.7902970388531685,-0.7902970388531685
135,147,24,24,76,defibrillator/defibrillator_01b.jpg,defibrillator,0.55,0.5757682770490646,-0.5757682770490646
135,147,25,25,75,bonnet/bonnet_01s.jpg,bonnet,0.871794872,0.34018809348344803,-0.34018809348344803
135,147,26,26,74,abacus/abacus_01b.jpg,abacus,0.648648649,0.6442981958389282,-0.6442981958389282
135,147,27,27,73,amber/amber_01b.jpg,amber,0.87804878,0.3685559630393982,-0.3685559630393982
135,147,28,28,72,cookie/cookie_01b.jpg,cookie,0.825,0.4748098701238632,-0.4748098701238632
135,147,29,29,71,carousel/carousel_01b.jpg,carousel,0.829268293,0.4374748319387436,-0.4374748319387436
135,147,30,30,70,coconut/coconut_01b.jpg,coconut,0.833333333,0.45419909060001373,-0.45419909060001373
135,147,31,31,69,cord/cord_01b.jpg,cord,0.674418605,0.5609238296747208,-0.5609238296747208
135,147,32,32,68,bison/bison_01b.jpg,bison,0.868421053,0.4377242177724838,-0.4377242177724838
135,147,33,33,67,beard/beard_01b.jpg,beard,0.875,0.421448178589344,-0.421448178589344
135,147,34,34,66,bagel/bagel_01s.jpg,bagel,0.902439024,0.5684707909822464,-0.5684707909822464
135,147,35,35,65,bulldozer/bulldozer_01b.jpg,bulldozer,0.619047619,0.52048359811306,-0.52048359811306
135,147,36,36,64,bolo_tie/bolo_tie_01b.jpg,bolo_tie,0.833333333,0.4227142930030823,-0.4227142930030823
135,147,37,37,63,anklet/anklet_01b.jpg,anklet,0.95,0.34759166836738586,-0.34759166836738586
135,147,38,38,62,antenna/antenna_01b.jpg,antenna,0.641025641,0.35473955422639847,-0.35473955422639847
135,147,39,39,61,ankle/ankle_01b.jpg,ankle,0.850609756,0.26220637559890747,-0.26220637559890747
135,147,40,40,60,cornmeal/cornmeal_01b.jpg,cornmeal,0.846153846,0.6450107991695404,-0.6450107991695404
135,147,41,41,59,almond/almond_01b.jpg,almond,0.829268293,0.42149779200553894,-0.42149779200553894
135,147,42,42,58,chalk/chalk_01b.jpg,chalk,0.88372093,0.39358939230442047,-0.39358939230442047
135,147,43,43,57,curry/curry_01b.jpg,curry,0.675,0.40962205827236176,-0.40962205827236176
135,147,44,44,56,costume/costume_01b.jpg,costume,0.902439024,0.3992980718612671,-0.3992980718612671
135,147,45,45,55,calf2/calf2_01b.jpg,calf2,0.880952381,0.25142986327409744,-0.25142986327409744
135,147,46,46,54,camel/camel_01b.jpg,camel,0.85,0.43702372908592224,-0.43702372908592224
135,147,47,47,53,beaker/beaker_01b.jpg,beaker,0.846153846,0.4891534447669983,-0.4891534447669983
135,147,48,48,52,artichoke/artichoke_01b.jpg,artichoke,0.658536585,0.6693372875452042,-0.6693372875452042
135,147,49,49,51,board/board_01b.jpg,board,0.894736842,0.46926137804985046,-0.46926137804985046
135,147,50,50,50,cape/cape_01b.jpg,cape,0.87804878,0.3296142593026161,-0.3296142593026161
136,148,1,1,99,clover/clover_01b.jpg,clover,0.69047619,0.43506547808647156,-0.43506547808647156
136,148,2,2,98,defibrillator/defibrillator_01b.jpg,defibrillator,0.55,0.598951444029808,-0.598951444029808
136,148,3,3,97,cockatoo/cockatoo_01b.jpg,cockatoo,0.829268293,1.0093628764152527,-1.0093628764152527
136,148,4,4,96,board/board_01b.jpg,board,0.894736842,0.5688511580228806,-0.5688511580228806
136,148,5,5,95,clothespin/clothespin_01b.jpg,clothespin,0.840909091,0.534861758351326,-0.534861758351326
136,148,6,6,94,cape/cape_01b.jpg,cape,0.87804878,0.36112771183252335,-0.36112771183252335
136,148,7,7,93,beard/beard_01b.jpg,beard,0.875,0.4051584228873253,-0.4051584228873253
136,148,8,8,92,bison/bison_01b.jpg,bison,0.868421053,0.642180547118187,-0.642180547118187
136,148,9,9,91,badger/badger_01b.jpg,badger,0.825,0.6293154209852219,-0.6293154209852219
136,148,10,10,90,abacus/abacus_01b.jpg,abacus,0.648648649,0.7625893652439117,-0.7625893652439117
136,148,11,11,89,camel/camel_01b.jpg,camel,0.85,0.5642312914133072,-0.5642312914133072
136,148,12,12,88,curry/curry_01b.jpg,curry,0.675,0.388746976852417,-0.388746976852417
136,148,13,13,87,bib/bib_01n.jpg,bib,0.925,0.4473372548818588,-0.4473372548818588
136,148,14,14,86,cabinet/cabinet_01s.jpg,cabinet,0.6,0.34745611995458603,-0.34745611995458603
136,148,15,15,85,amber/amber_01b.jpg,amber,0.87804878,0.31910665333271027,-0.31910665333271027
136,148,16,16,84,chihuahua/chihuahua_01b.jpg,chihuahua,0.923076923,1.3877208828926086,-1.3877208828926086
136,148,17,17,83,chocolate/chocolate_01b.jpg,chocolate,0.875,0.2836657837033272,-0.2836657837033272
136,148,18,18,82,compass/compass_01b.jpg,compass,0.625,0.7842195183038712,-0.7842195183038712
136,148,19,19,81,cobra/cobra_01b.jpg,cobra,0.853658537,0.7441810965538025,-0.7441810965538025
136,148,20,20,80,beetle/beetle_01b.jpg,beetle,0.897435897,0.4939672574400902,-0.4939672574400902
136,148,21,21,79,banana/banana_01b.jpg,banana,0.85,0.40946583449840546,-0.40946583449840546
136,148,22,22,78,coconut/coconut_01b.jpg,coconut,0.833333333,0.4086971953511238,-0.4086971953511238
136,148,23,23,77,deer/deer_01b.jpg,deer,0.65,0.4991801828145981,-0.4991801828145981
136,148,24,24,76,ankle/ankle_01b.jpg,ankle,0.850609756,0.2815679758787155,-0.2815679758787155
136,148,25,25,75,artichoke/artichoke_01b.jpg,artichoke,0.658536585,0.9129753410816193,-0.9129753410816193
136,148,26,26,74,costume/costume_01b.jpg,costume,0.902439024,0.38319041579961777,-0.38319041579961777
136,148,27,27,73,blower/blower_01b.jpg,blower,0.928571429,0.3799207732081413,-0.3799207732081413
136,148,28,28,72,cord/cord_01b.jpg,cord,0.674418605,0.5041811615228653,-0.5041811615228653
136,148,29,29,71,calf2/calf2_01b.jpg,calf2,0.880952381,0.2826191112399101,-0.2826191112399101
136,148,30,30,70,brake/brake_01b.jpg,brake,0.463414634,0.338361032307148,-0.338361032307148
136,148,31,31,69,almond/almond_01b.jpg,almond,0.829268293,0.4252708703279495,-0.4252708703279495
136,148,32,32,68,bonnet/bonnet_01s.jpg,bonnet,0.871794872,0.3468238264322281,-0.3468238264322281
136,148,33,33,67,carousel/carousel_01b.jpg,carousel,0.829268293,0.39968274533748627,-0.39968274533748627
136,148,34,34,66,cornmeal/cornmeal_01b.jpg,cornmeal,0.846153846,0.6314055174589157,-0.6314055174589157
136,148,35,35,65,dishrag/dishrag_01b.jpg,dishrag,0.697674419,0.32325514405965805,-0.32325514405965805
136,148,36,36,64,contact_lens/contact_lens_01s.jpg,contact_lens,0.872435897,0.3184565305709839,-0.3184565305709839
136,148,37,37,63,blinder/blinder_01b.jpg,blinder,0.825,0.36751120537519455,-0.36751120537519455
136,148,38,38,62,bulldozer/bulldozer_01b.jpg,bulldozer,0.619047619,0.48740195482969284,-0.48740195482969284
136,148,39,39,61,battery/battery_01b.jpg,battery,0.860465116,0.3157823234796524,-0.3157823234796524
136,148,40,40,60,cabbage/cabbage_01b.jpg,cabbage,0.682926829,0.7514975145459175,-0.7514975145459175
136,148,41,41,59,antenna/antenna_01b.jpg,antenna,0.641025641,0.32720835506916046,-0.32720835506916046
136,148,42,42,58,cello/cello_01s.jpg,cello,0.825,1.0173423141241074,-1.0173423141241074
136,148,43,43,57,cookie/cookie_01b.jpg,cookie,0.825,0.4159274324774742,-0.4159274324774742
136,148,44,44,56,bolo_tie/bolo_tie_01b.jpg,bolo_tie,0.833333333,0.39347995817661285,-0.39347995817661285
136,148,45,45,55,anklet/anklet_01b.jpg,anklet,0.95,0.30562281608581543,-0.30562281608581543
136,148,46,46,54,bazooka/bazooka_01b.jpg,bazooka,0.9,0.3357568457722664,-0.3357568457722664
136,148,47,47,53,binoculars/binoculars_01s.jpg,binoculars,0.595238095,0.34838978201150894,-0.34838978201150894
136,148,48,48,52,chalk/chalk_01b.jpg,chalk,0.88372093,0.4070267304778099,-0.4070267304778099
136,148,49,49,51,bagel/bagel_01s.jpg,bagel,0.902439024,0.514519490301609,-0.514519490301609
136,148,50,50,50,beaker/beaker_01b.jpg,beaker,0.846153846,0.48186108469963074,-0.48186108469963074
137,149,1,1,99,cornmeal/cornmeal_01b.jpg,cornmeal,0.846153846,1.0463984310626984,-1.0463984310626984
137,149,2,2,98,bolo_tie/bolo_tie_01b.jpg,bolo_tie,0.833333333,0.7391076236963272,-0.7391076236963272
137,149,3,3,97,beard/beard_01b.jpg,beard,0.875,0.41643448173999786,-0.41643448173999786
137,149,4,4,96,contact_lens/contact_lens_01s.jpg,contact_lens,0.872435897,0.29288629442453384,-0.29288629442453384
137,149,5,5,95,cello/cello_01s.jpg,cello,0.825,1.0319369435310364,-1.0319369435310364
137,149,6,6,94,cookie/cookie_01b.jpg,cookie,0.825,0.4912145137786865,-0.4912145137786865
137,149,7,7,93,board/board_01b.jpg,board,0.894736842,0.5130804181098938,-0.5130804181098938
137,149,8,8,92,camel/camel_01b.jpg,camel,0.85,0.5717860609292984,-0.5717860609292984
137,149,9,9,91,cape/cape_01b.jpg,cape,0.87804878,0.3103371039032936,-0.3103371039032936
137,149,10,10,90,carousel/carousel_01b.jpg,carousel,0.829268293,0.42213015258312225,-0.42213015258312225
137,149,11,11,89,chalk/chalk_01b.jpg,chalk,0.88372093,0.45183616876602173,-0.45183616876602173
137,149,12,12,88,abacus/abacus_01b.jpg,abacus,0.648648649,0.6076678484678268,-0.6076678484678268
137,149,13,13,87,chihuahua/chihuahua_01b.jpg,chihuahua,0.923076923,1.4080580174922943,-1.4080580174922943
137,149,14,14,86,banana/banana_01b.jpg,banana,0.85,0.40506478399038315,-0.40506478399038315
137,149,15,15,85,brake/brake_01b.jpg,brake,0.463414634,0.2821102663874626,-0.2821102663874626
137,149,16,16,84,artichoke/artichoke_01b.jpg,artichoke,0.658536585,0.8628218248486519,-0.8628218248486519
137,149,17,17,83,bib/bib_01n.jpg,bib,0.925,0.482894629240036,-0.482894629240036
137,149,18,18,82,anklet/anklet_01b.jpg,anklet,0.95,0.2975369095802307,-0.2975369095802307
137,149,19,19,81,coconut/coconut_01b.jpg,coconut,0.833333333,0.36793071031570435,-0.36793071031570435
137,149,20,20,80,cockatoo/cockatoo_01b.jpg,cockatoo,0.829268293,0.7509817108511925,-0.7509817108511925
137,149,21,21,79,clover/clover_01b.jpg,clover,0.69047619,0.4177512526512146,-0.4177512526512146
137,149,22,22,78,bison/bison_01b.jpg,bison,0.868421053,0.4991757869720459,-0.4991757869720459
137,149,23,23,77,coffee/coffee_01b.jpg,coffee,0.820512821,0.8535374253988266,-0.8535374253988266
137,149,24,24,76,badger/badger_01b.jpg,badger,0.825,0.5125650316476822,-0.5125650316476822
137,149,25,25,75,cord/cord_01b.jpg,cord,0.674418605,0.4722542464733124,-0.4722542464733124
137,149,26,26,74,ankle/ankle_01b.jpg,ankle,0.850609756,0.2732969671487808,-0.2732969671487808
137,149,27,27,73,beetle/beetle_01b.jpg,beetle,0.897435897,0.4481918066740036,-0.4481918066740036
137,149,28,28,72,compass/compass_01b.jpg,compass,0.625,0.8091001510620117,-0.8091001510620117
137,149,29,29,71,cobra/cobra_01b.jpg,cobra,0.853658537,1.1677639484405518,-1.1677639484405518
137,149,30,30,70,bonnet/bonnet_01s.jpg,bonnet,0.871794872,0.2826564088463783,-0.2826564088463783
137,149,31,31,69,calf2/calf2_01b.jpg,calf2,0.880952381,0.2699595019221306,-0.2699595019221306
137,149,32,32,68,bagel/bagel_01s.jpg,bagel,0.902439024,0.686832956969738,-0.686832956969738
137,149,33,33,67,battery/battery_01b.jpg,battery,0.860465116,0.30852391570806503,-0.30852391570806503
137,149,34,34,66,cabbage/cabbage_01b.jpg,cabbage,0.682926829,0.669917643070221,-0.669917643070221
137,149,35,35,65,blower/blower_01b.jpg,blower,0.928571429,0.39777035266160965,-0.39777035266160965
137,149,36,36,64,almond/almond_01b.jpg,almond,0.829268293,0.4241826683282852,-0.4241826683282852
137,149,37,37,63,amber/amber_01b.jpg,amber,0.87804878,0.3354257568717003,-0.3354257568717003
137,149,38,38,62,bazooka/bazooka_01b.jpg,bazooka,0.9,0.35175085067749023,-0.35175085067749023
137,149,39,39,61,beaker/beaker_01b.jpg,beaker,0.846153846,0.43075650930404663,-0.43075650930404663
137,149,40,40,60,binoculars/binoculars_01s.jpg,binoculars,0.595238095,0.3484882041811943,-0.3484882041811943
137,149,41,41,59,chocolate/chocolate_01b.jpg,chocolate,0.875,0.30310218781232834,-0.30310218781232834
137,149,42,42,58,curry/curry_01b.jpg,curry,0.675,0.40511177480220795,-0.40511177480220795
137,149,43,43,57,defibrillator/defibrillator_01b.jpg,defibrillator,0.55,0.5005503594875336,-0.5005503594875336
137,149,44,44,56,cabinet/cabinet_01s.jpg,cabinet,0.6,0.3158496171236038,-0.3158496171236038
137,149,45,45,55,costume/costume_01b.jpg,costume,0.902439024,0.3807309567928314,-0.3807309567928314
137,149,46,46,54,deer/deer_01b.jpg,deer,0.65,0.4590120241045952,-0.4590120241045952
137,149,47,47,53,clothespin/clothespin_01b.jpg,clothespin,0.840909091,0.36542118340730667,-0.36542118340730667
137,149,48,48,52,blinder/blinder_01b.jpg,blinder,0.825,0.3711683750152588,-0.3711683750152588
137,149,49,49,51,antenna/antenna_01b.jpg,antenna,0.641025641,0.3079722449183464,-0.3079722449183464
137,149,50,50,50,bulldozer/bulldozer_01b.jpg,bulldozer,0.619047619,0.43248315900564194,-0.43248315900564194
138,150,1,1,99,costume/costume_01b.jpg,costume,0.902439024,0.4089377298951149,-0.4089377298951149
138,150,2,2,98,anklet/anklet_01b.jpg,anklet,0.95,0.3046315833926201,-0.3046315833926201
138,150,3,3,97,chalk/chalk_01b.jpg,chalk,0.88372093,0.4354090094566345,-0.4354090094566345
138,150,4,4,96,bolo_tie/bolo_tie_01b.jpg,bolo_tie,0.833333333,0.647384524345398,-0.647384524345398
138,150,5,5,95,beard/beard_01b.jpg,beard,0.875,0.4270424321293831,-0.4270424321293831
138,150,6,6,94,bib/bib_01n.jpg,bib,0.925,0.48755791038274765,-0.48755791038274765
138,150,7,7,93,beetle/beetle_01b.jpg,beetle,0.897435897,0.6374410688877106,-0.6374410688877106
138,150,8,8,92,chocolate/chocolate_01b.jpg,chocolate,0.875,0.328929103910923,-0.328929103910923
138,150,9,9,91,ankle/ankle_01b.jpg,ankle,0.850609756,0.28500523418188095,-0.28500523418188095
138,150,10,10,90,abacus/abacus_01b.jpg,abacus,0.648648649,0.7074967622756958,-0.7074967622756958
138,150,11,11,89,coconut/coconut_01b.jpg,coconut,0.833333333,0.36374830454587936,-0.36374830454587936
138,150,12,12,88,cashew/cashew_01b.jpg,cashew,0.818181818,0.5001598447561264,-0.5001598447561264
138,150,13,13,87,blinder/blinder_01b.jpg,blinder,0.825,0.34882789850234985,-0.34882789850234985
138,150,14,14,86,banana/banana_01b.jpg,banana,0.85,0.43872832506895065,-0.43872832506895065
138,150,15,15,85,cello/cello_01s.jpg,cello,0.825,0.5523582696914673,-0.5523582696914673
138,150,16,16,84,chihuahua/chihuahua_01b.jpg,chihuahua,0.923076923,1.462902992963791,-1.462902992963791
138,150,17,17,83,board/board_01b.jpg,board,0.894736842,0.5200920850038528,-0.5200920850038528
138,150,18,18,82,bison/bison_01b.jpg,bison,0.868421053,0.5423491820693016,-0.5423491820693016
138,150,19,19,81,antenna/antenna_01b.jpg,antenna,0.641025641,0.31092558801174164,-0.31092558801174164
138,150,20,20,80,amber/amber_01b.jpg,amber,0.87804878,0.33297933638095856,-0.33297933638095856
138,150,21,21,79,clothespin/clothespin_01b.jpg,clothespin,0.840909091,0.3796595484018326,-0.3796595484018326
138,150,22,22,78,contact_lens/contact_lens_01s.jpg,contact_lens,0.872435897,0.2832660898566246,-0.2832660898566246
138,150,23,23,77,defibrillator/defibrillator_01b.jpg,defibrillator,0.55,0.5564138144254684,-0.5564138144254684
138,150,24,24,76,brake/brake_01b.jpg,brake,0.463414634,0.2756520286202431,-0.2756520286202431
138,150,25,25,75,bulldozer/bulldozer_01b.jpg,bulldozer,0.619047619,0.5128436088562012,-0.5128436088562012
138,150,26,26,74,bagel/bagel_01s.jpg,bagel,0.902439024,0.5221003293991089,-0.5221003293991089
138,150,27,27,73,badger/badger_01b.jpg,badger,0.825,0.6141006499528885,-0.6141006499528885
138,150,28,28,72,bazooka/bazooka_01b.jpg,bazooka,0.9,0.3525245264172554,-0.3525245264172554
138,150,29,29,71,cape/cape_01b.jpg,cape,0.87804878,0.3372797816991806,-0.3372797816991806
138,150,30,30,70,binoculars/binoculars_01s.jpg,binoculars,0.595238095,0.411003902554512,-0.411003902554512
138,150,31,31,69,curry/curry_01b.jpg,curry,0.675,0.4412647858262062,-0.4412647858262062
138,150,32,32,68,battery/battery_01b.jpg,battery,0.860465116,0.32665979117155075,-0.32665979117155075
138,150,33,33,67,bonnet/bonnet_01s.jpg,bonnet,0.871794872,0.31971944123506546,-0.31971944123506546
138,150,34,34,66,deer/deer_01b.jpg,deer,0.65,0.4663635566830635,-0.4663635566830635
138,150,35,35,65,cabinet/cabinet_01s.jpg,cabinet,0.6,0.3435719236731529,-0.3435719236731529
138,150,36,36,64,blower/blower_01b.jpg,blower,0.928571429,0.4190688580274582,-0.4190688580274582
138,150,37,37,63,camel/camel_01b.jpg,camel,0.85,0.4595150947570801,-0.4595150947570801
138,150,38,38,62,calf2/calf2_01b.jpg,calf2,0.880952381,0.27673981338739395,-0.27673981338739395
138,150,39,39,61,cockatoo/cockatoo_01b.jpg,cockatoo,0.829268293,0.5176747441291809,-0.5176747441291809
138,150,40,40,60,cookie/cookie_01b.jpg,cookie,0.825,0.4701910763978958,-0.4701910763978958
138,150,41,41,59,compass/compass_01b.jpg,compass,0.625,0.895589217543602,-0.895589217543602
138,150,42,42,58,cornmeal/cornmeal_01b.jpg,cornmeal,0.846153846,1.2274658679962158,-1.2274658679962158
138,150,43,43,57,cord/cord_01b.jpg,cord,0.674418605,0.444980725646019,-0.444980725646019
138,150,44,44,56,artichoke/artichoke_01b.jpg,artichoke,0.658536585,0.5894955843687057,-0.5894955843687057
138,150,45,45,55,cobra/cobra_01b.jpg,cobra,0.853658537,1.5109224617481232,-1.5109224617481232
138,150,46,46,54,almond/almond_01b.jpg,almond,0.829268293,0.43179522454738617,-0.43179522454738617
138,150,47,47,53,coffee/coffee_01b.jpg,coffee,0.820512821,1.1058119535446167,-1.1058119535446167
138,150,48,48,52,cabbage/cabbage_01b.jpg,cabbage,0.682926829,0.7336883768439293,-0.7336883768439293
138,150,49,49,51,beaker/beaker_01b.jpg,beaker,0.846153846,0.4561828374862671,-0.4561828374862671
138,150,50,50,50,carousel/carousel_01b.jpg,carousel,0.829268293,0.4000948965549469,-0.4000948965549469
139,151,1,1,99,camel/camel_01b.jpg,camel,0.85,0.6307551860809326,-0.6307551860809326
139,151,2,2,98,cockatoo/cockatoo_01b.jpg,cockatoo,0.829268293,1.3303654119372368,-1.3303654119372368
139,151,3,3,97,banana/banana_01b.jpg,banana,0.85,0.7635188326239586,-0.7635188326239586
139,151,4,4,96,clothespin/clothespin_01b.jpg,clothespin,0.840909091,0.4833381250500679,-0.4833381250500679
139,151,5,5,95,brake/brake_01b.jpg,brake,0.463414634,0.3101751580834389,-0.3101751580834389
139,151,6,6,94,contact_lens/contact_lens_01s.jpg,contact_lens,0.872435897,0.30432821810245514,-0.30432821810245514
139,151,7,7,93,badger/badger_01b.jpg,badger,0.825,0.6337057948112488,-0.6337057948112488
139,151,8,8,92,chihuahua/chihuahua_01b.jpg,chihuahua,0.923076923,1.5245722532272339,-1.5245722532272339
139,151,9,9,91,deer/deer_01b.jpg,deer,0.65,0.5828231796622276,-0.5828231796622276
139,151,10,10,90,binoculars/binoculars_01s.jpg,binoculars,0.595238095,0.47328486293554306,-0.47328486293554306
139,151,11,11,89,almond/almond_01b.jpg,almond,0.829268293,0.4328571856021881,-0.4328571856021881
139,151,12,12,88,beard/beard_01b.jpg,beard,0.875,0.42553771287202835,-0.42553771287202835
139,151,13,13,87,apron/apron_01b.jpg,apron,0.811522048,0.36778929084539413,-0.36778929084539413
139,151,14,14,86,bonnet/bonnet_01s.jpg,bonnet,0.871794872,0.31785423308610916,-0.31785423308610916
139,151,15,15,85,cobra/cobra_01b.jpg,cobra,0.853658537,1.2241438925266266,-1.2241438925266266
139,151,16,16,84,coffee/coffee_01b.jpg,coffee,0.820512821,0.6094435602426529,-0.6094435602426529
139,151,17,17,83,blinder/blinder_01b.jpg,blinder,0.825,0.3557768389582634,-0.3557768389582634
139,151,18,18,82,carousel/carousel_01b.jpg,carousel,0.829268293,0.41764970123767853,-0.41764970123767853
139,151,19,19,81,defibrillator/defibrillator_01b.jpg,defibrillator,0.55,0.5235837548971176,-0.5235837548971176
139,151,20,20,80,bib/bib_01n.jpg,bib,0.925,0.5249929800629616,-0.5249929800629616
139,151,21,21,79,cord/cord_01b.jpg,cord,0.674418605,0.4519715756177902,-0.4519715756177902
139,151,22,22,78,bagel/bagel_01s.jpg,bagel,0.902439024,0.5303680673241615,-0.5303680673241615
139,151,23,23,77,beetle/beetle_01b.jpg,beetle,0.897435897,0.4567593187093735,-0.4567593187093735
139,151,24,24,76,compass/compass_01b.jpg,compass,0.625,0.8326143771409988,-0.8326143771409988
139,151,25,25,75,artichoke/artichoke_01b.jpg,artichoke,0.658536585,0.7038622573018074,-0.7038622573018074
139,151,26,26,74,blower/blower_01b.jpg,blower,0.928571429,0.3614189922809601,-0.3614189922809601
139,151,27,27,73,amber/amber_01b.jpg,amber,0.87804878,0.30064526200294495,-0.30064526200294495
139,151,28,28,72,cabinet/cabinet_01s.jpg,cabinet,0.6,0.3056454136967659,-0.3056454136967659
139,151,29,29,71,cello/cello_01s.jpg,cello,0.825,0.5128125101327896,-0.5128125101327896
139,151,30,30,70,cape/cape_01b.jpg,cape,0.87804878,0.320766806602478,-0.320766806602478
139,151,31,31,69,bison/bison_01b.jpg,bison,0.868421053,0.45259855687618256,-0.45259855687618256
139,151,32,32,68,curry/curry_01b.jpg,curry,0.675,0.3799324631690979,-0.3799324631690979
139,151,33,33,67,bazooka/bazooka_01b.jpg,bazooka,0.9,0.319815918803215,-0.319815918803215
139,151,34,34,66,beaker/beaker_01b.jpg,beaker,0.846153846,0.4054148271679878,-0.4054148271679878
139,151,35,35,65,antenna/antenna_01b.jpg,antenna,0.641025641,0.3134521022439003,-0.3134521022439003
139,151,36,36,64,calf2/calf2_01b.jpg,calf2,0.880952381,0.27318644523620605,-0.27318644523620605
139,151,37,37,63,bulldozer/bulldozer_01b.jpg,bulldozer,0.619047619,0.449573278427124,-0.449573278427124
139,151,38,38,62,board/board_01b.jpg,board,0.894736842,0.47158314287662506,-0.47158314287662506
139,151,39,39,61,battery/battery_01b.jpg,battery,0.860465116,0.2889585644006729,-0.2889585644006729
139,151,40,40,60,ankle/ankle_01b.jpg,ankle,0.850609756,0.26883653551340103,-0.26883653551340103
139,151,41,41,59,abacus/abacus_01b.jpg,abacus,0.648648649,0.6474379450082779,-0.6474379450082779
139,151,42,42,58,chocolate/chocolate_01b.jpg,chocolate,0.875,0.2794254943728447,-0.2794254943728447
139,151,43,43,57,coconut/coconut_01b.jpg,coconut,0.833333333,0.3964542895555496,-0.3964542895555496
139,151,44,44,56,cookie/cookie_01b.jpg,cookie,0.825,0.4478727877140045,-0.4478727877140045
139,151,45,45,55,bolo_tie/bolo_tie_01b.jpg,bolo_tie,0.833333333,0.3990844637155533,-0.3990844637155533
139,151,46,46,54,cashew/cashew_01b.jpg,cashew,0.818181818,0.500306025147438,-0.500306025147438
139,151,47,47,53,chalk/chalk_01b.jpg,chalk,0.88372093,0.40414324402809143,-0.40414324402809143
139,151,48,48,52,anklet/anklet_01b.jpg,anklet,0.95,0.28991689532995224,-0.28991689532995224
139,151,49,49,51,cornmeal/cornmeal_01b.jpg,cornmeal,0.846153846,0.6911698877811432,-0.6911698877811432
139,151,50,50,50,costume/costume_01b.jpg,costume,0.902439024,0.38328153640031815,-0.38328153640031815
140,152,1,1,99,costume/costume_01b.jpg,costume,0.902439024,0.4200921952724457,-0.4200921952724457
140,152,2,2,98,chocolate/chocolate_01b.jpg,chocolate,0.875,0.3060688301920891,-0.3060688301920891
140,152,3,3,97,bazooka/bazooka_01b.jpg,bazooka,0.9,0.3971788361668587,-0.3971788361668587
140,152,4,4,96,beetle/beetle_01b.jpg,beetle,0.897435897,1.0199998393654823,-1.0199998393654823
140,152,5,5,95,coconut/coconut_01b.jpg,coconut,0.833333333,0.38403529673814774,-0.38403529673814774
140,152,6,6,94,brake/brake_01b.jpg,brake,0.463414634,0.30992767959833145,-0.30992767959833145
140,152,7,7,93,cabinet/cabinet_01s.jpg,cabinet,0.6,0.35281144827604294,-0.35281144827604294
140,152,8,8,92,cookie/cookie_01b.jpg,cookie,0.825,0.5719911456108093,-0.5719911456108093
140,152,9,9,91,binoculars/binoculars_01s.jpg,binoculars,0.595238095,0.4844065085053444,-0.4844065085053444
140,152,10,10,90,carousel/carousel_01b.jpg,carousel,0.829268293,0.41329045593738556,-0.41329045593738556
140,152,11,11,89,beard/beard_01b.jpg,beard,0.875,0.43109435588121414,-0.43109435588121414
140,152,12,12,88,bagel/bagel_01s.jpg,bagel,0.902439024,0.6526860222220421,-0.6526860222220421
140,152,13,13,87,contact_lens/contact_lens_01s.jpg,contact_lens,0.872435897,0.3004813939332962,-0.3004813939332962
140,152,14,14,86,bison/bison_01b.jpg,bison,0.868421053,0.5435673519968987,-0.5435673519968987
140,152,15,15,85,camel/camel_01b.jpg,camel,0.85,0.5248676538467407,-0.5248676538467407
140,152,16,16,84,cornmeal/cornmeal_01b.jpg,cornmeal,0.846153846,0.6480796635150909,-0.6480796635150909
140,152,17,17,83,cashew/cashew_01b.jpg,cashew,0.818181818,0.5528278052806854,-0.5528278052806854
140,152,18,18,82,blinder/blinder_01b.jpg,blinder,0.825,0.3768390342593193,-0.3768390342593193
140,152,19,19,81,antenna/antenna_01b.jpg,antenna,0.641025641,0.34341996163129807,-0.34341996163129807
140,152,20,20,80,deer/deer_01b.jpg,deer,0.65,0.563462570309639,-0.563462570309639
140,152,21,21,79,amber/amber_01b.jpg,amber,0.87804878,0.3429817631840706,-0.3429817631840706
140,152,22,22,78,coffee/coffee_01b.jpg,coffee,0.820512821,0.9507537260651588,-0.9507537260651588
140,152,23,23,77,cord/cord_01b.jpg,cord,0.674418605,0.4981672465801239,-0.4981672465801239
140,152,24,24,76,anklet/anklet_01b.jpg,anklet,0.95,0.3157225102186203,-0.3157225102186203
140,152,25,25,75,cobra/cobra_01b.jpg,cobra,0.853658537,1.5262622833251953,-1.5262622833251953
140,152,26,26,74,banana/banana_01b.jpg,banana,0.85,0.4632420390844345,-0.4632420390844345
140,152,27,27,73,cape/cape_01b.jpg,cape,0.87804878,0.3554995507001877,-0.3554995507001877
140,152,28,28,72,almond/almond_01b.jpg,almond,0.829268293,0.4822126030921936,-0.4822126030921936
140,152,29,29,71,cello/cello_01s.jpg,cello,0.825,1.2104601860046387,-1.2104601860046387
140,152,30,30,70,cockatoo/cockatoo_01b.jpg,cockatoo,0.829268293,0.5508316606283188,-0.5508316606283188
140,152,31,31,69,chihuahua/chihuahua_01b.jpg,chihuahua,0.923076923,1.3281355798244476,-1.3281355798244476
140,152,32,32,68,bulldozer/bulldozer_01b.jpg,bulldozer,0.619047619,0.5060106068849564,-0.5060106068849564
140,152,33,33,67,bonnet/bonnet_01s.jpg,bonnet,0.871794872,0.3040108308196068,-0.3040108308196068
140,152,34,34,66,badger/badger_01b.jpg,badger,0.825,0.6250451654195786,-0.6250451654195786
140,152,35,35,65,ankle/ankle_01b.jpg,ankle,0.850609756,0.2780115306377411,-0.2780115306377411
140,152,36,36,64,cellphone/cellphone_01b.jpg,cellphone,0.80952381,0.44006823003292084,-0.44006823003292084
140,152,37,37,63,battery/battery_01b.jpg,battery,0.860465116,0.3021566867828369,-0.3021566867828369
140,152,38,38,62,bolo_tie/bolo_tie_01b.jpg,bolo_tie,0.833333333,0.367753267288208,-0.367753267288208
140,152,39,39,61,board/board_01b.jpg,board,0.894736842,0.47384318709373474,-0.47384318709373474
140,152,40,40,60,bib/bib_01n.jpg,bib,0.925,0.5211861059069633,-0.5211861059069633
140,152,41,41,59,abacus/abacus_01b.jpg,abacus,0.648648649,0.6308852583169937,-0.6308852583169937
140,152,42,42,58,defibrillator/defibrillator_01b.jpg,defibrillator,0.55,0.5207297056913376,-0.5207297056913376
140,152,43,43,57,calf2/calf2_01b.jpg,calf2,0.880952381,0.2753974124789238,-0.2753974124789238
140,152,44,44,56,compass/compass_01b.jpg,compass,0.625,0.7979309409856796,-0.7979309409856796
140,152,45,45,55,apron/apron_01b.jpg,apron,0.811522048,0.3206775262951851,-0.3206775262951851
140,152,46,46,54,clothespin/clothespin_01b.jpg,clothespin,0.840909091,0.4097556248307228,-0.4097556248307228
140,152,47,47,53,artichoke/artichoke_01b.jpg,artichoke,0.658536585,0.5784882754087448,-0.5784882754087448
140,152,48,48,52,chalk/chalk_01b.jpg,chalk,0.88372093,0.4168948456645012,-0.4168948456645012
140,152,49,49,51,beaker/beaker_01b.jpg,beaker,0.846153846,0.485079362988472,-0.485079362988472
140,152,50,50,50,blower/blower_01b.jpg,blower,0.928571429,0.40896257758140564,-0.40896257758140564
141,153,1,1,99,coconut/coconut_01b.jpg,coconut,0.833333333,0.44039609283208847,-0.44039609283208847
141,153,2,2,98,christmas_card/christmas_card_01b.jpg,christmas_card,0.804878049,0.3522581234574318,-0.3522581234574318
141,153,3,3,97,blower/blower_01b.jpg,blower,0.928571429,0.4558239281177521,-0.4558239281177521
141,153,4,4,96,chihuahua/chihuahua_01b.jpg,chihuahua,0.923076923,1.8739274144172668,-1.8739274144172668
141,153,5,5,95,cabinet/cabinet_01s.jpg,cabinet,0.6,0.31582939624786377,-0.31582939624786377
141,153,6,6,94,bagel/bagel_01s.jpg,bagel,0.902439024,0.664551742374897,-0.664551742374897
141,153,7,7,93,ankle/ankle_01b.jpg,ankle,0.850609756,0.28527282923460007,-0.28527282923460007
141,153,8,8,92,anklet/anklet_01b.jpg,anklet,0.95,0.3246811255812645,-0.3246811255812645
141,153,9,9,91,abacus/abacus_01b.jpg,abacus,0.648648649,0.8117122948169708,-0.8117122948169708
141,153,10,10,90,bolo_tie/bolo_tie_01b.jpg,bolo_tie,0.833333333,0.4582652598619461,-0.4582652598619461
141,153,11,11,89,apron/apron_01b.jpg,apron,0.811522048,0.3659759610891342,-0.3659759610891342
141,153,12,12,88,cello/cello_01s.jpg,cello,0.825,0.6965394467115402,-0.6965394467115402
141,153,13,13,87,beaker/beaker_01b.jpg,beaker,0.846153846,0.4629349336028099,-0.4629349336028099
141,153,14,14,86,clothespin/clothespin_01b.jpg,clothespin,0.840909091,0.3855969086289406,-0.3855969086289406
141,153,15,15,85,brake/brake_01b.jpg,brake,0.463414634,0.2888893708586693,-0.2888893708586693
141,153,16,16,84,compass/compass_01b.jpg,compass,0.625,0.9626228213310242,-0.9626228213310242
141,153,17,17,83,chalk/chalk_01b.jpg,chalk,0.88372093,0.42497044801712036,-0.42497044801712036
141,153,18,18,82,cobra/cobra_01b.jpg,cobra,0.853658537,0.8998146504163742,-0.8998146504163742
141,153,19,19,81,camel/camel_01b.jpg,camel,0.85,0.5020472705364227,-0.5020472705364227
141,153,20,20,80,defibrillator/defibrillator_01b.jpg,defibrillator,0.55,0.5248972326517105,-0.5248972326517105
141,153,21,21,79,artichoke/artichoke_01b.jpg,artichoke,0.658536585,0.7417570650577545,-0.7417570650577545
141,153,22,22,78,cellphone/cellphone_01b.jpg,cellphone,0.80952381,0.39630167931318283,-0.39630167931318283
141,153,23,23,77,antenna/antenna_01b.jpg,antenna,0.641025641,0.33111976832151413,-0.33111976832151413
141,153,24,24,76,deer/deer_01b.jpg,deer,0.65,0.5184546113014221,-0.5184546113014221
141,153,25,25,75,contact_lens/contact_lens_01s.jpg,contact_lens,0.872435897,0.3140847086906433,-0.3140847086906433
141,153,26,26,74,bib/bib_01n.jpg,bib,0.925,0.48914842307567596,-0.48914842307567596
141,153,27,27,73,cookie/cookie_01b.jpg,cookie,0.825,0.45385436713695526,-0.45385436713695526
141,153,28,28,72,almond/almond_01b.jpg,almond,0.829268293,0.45241424441337585,-0.45241424441337585
141,153,29,29,71,cockatoo/cockatoo_01b.jpg,cockatoo,0.829268293,0.7892934158444405,-0.7892934158444405
141,153,30,30,70,board/board_01b.jpg,board,0.894736842,0.4664035886526108,-0.4664035886526108
141,153,31,31,69,bonnet/bonnet_01s.jpg,bonnet,0.871794872,0.3322112709283829,-0.3322112709283829
141,153,32,32,68,coffee/coffee_01b.jpg,coffee,0.820512821,0.9820725619792938,-0.9820725619792938
141,153,33,33,67,bazooka/bazooka_01b.jpg,bazooka,0.9,0.33532776683568954,-0.33532776683568954
141,153,34,34,66,cashew/cashew_01b.jpg,cashew,0.818181818,0.5402122437953949,-0.5402122437953949
141,153,35,35,65,calf2/calf2_01b.jpg,calf2,0.880952381,0.27895689755678177,-0.27895689755678177
141,153,36,36,64,beetle/beetle_01b.jpg,beetle,0.897435897,0.43348871171474457,-0.43348871171474457
141,153,37,37,63,bison/bison_01b.jpg,bison,0.868421053,0.4293322414159775,-0.4293322414159775
141,153,38,38,62,badger/badger_01b.jpg,badger,0.825,0.6511411964893341,-0.6511411964893341
141,153,39,39,61,banana/banana_01b.jpg,banana,0.85,0.49624722450971603,-0.49624722450971603
141,153,40,40,60,carousel/carousel_01b.jpg,carousel,0.829268293,0.4195154905319214,-0.4195154905319214
141,153,41,41,59,beard/beard_01b.jpg,beard,0.875,0.415566623210907,-0.415566623210907
141,153,42,42,58,cape/cape_01b.jpg,cape,0.87804878,0.3511972650885582,-0.3511972650885582
141,153,43,43,57,chocolate/chocolate_01b.jpg,chocolate,0.875,0.2994972765445709,-0.2994972765445709
141,153,44,44,56,amber/amber_01b.jpg,amber,0.87804878,0.33264078199863434,-0.33264078199863434
141,153,45,45,55,cornmeal/cornmeal_01b.jpg,cornmeal,0.846153846,0.5854794085025787,-0.5854794085025787
141,153,46,46,54,costume/costume_01b.jpg,costume,0.902439024,0.3951791152358055,-0.3951791152358055
141,153,47,47,53,blinder/blinder_01b.jpg,blinder,0.825,0.3784553036093712,-0.3784553036093712
141,153,48,48,52,binoculars/binoculars_01s.jpg,binoculars,0.595238095,0.36455322802066803,-0.36455322802066803
141,153,49,49,51,bulldozer/bulldozer_01b.jpg,bulldozer,0.619047619,0.44767074286937714,-0.44767074286937714
141,153,50,50,50,battery/battery_01b.jpg,battery,0.860465116,0.32731686532497406,-0.32731686532497406
142,154,1,1,99,apron/apron_01b.jpg,apron,0.811522048,0.35580018907785416,-0.35580018907785416
142,154,2,2,98,christmas_card/christmas_card_01b.jpg,christmas_card,0.804878049,0.3410375043749809,-0.3410375043749809
142,154,3,3,97,chihuahua/chihuahua_01b.jpg,chihuahua,0.923076923,2.144708216190338,-2.144708216190338
142,154,4,4,96,abacus/abacus_01b.jpg,abacus,0.648648649,0.9501088708639145,-0.9501088708639145
142,154,5,5,95,carousel/carousel_01b.jpg,carousel,0.829268293,0.44019633531570435,-0.44019633531570435
142,154,6,6,94,antenna/antenna_01b.jpg,antenna,0.641025641,0.3598911762237549,-0.3598911762237549
142,154,7,7,93,bolo_tie/bolo_tie_01b.jpg,bolo_tie,0.833333333,0.4495835155248642,-0.4495835155248642
142,154,8,8,92,cookie/cookie_01b.jpg,cookie,0.825,0.5514667928218842,-0.5514667928218842
142,154,9,9,91,board/board_01b.jpg,board,0.894736842,0.5218503177165985,-0.5218503177165985
142,154,10,10,90,bazooka/bazooka_01b.jpg,bazooka,0.9,0.350338950753212,-0.350338950753212
142,154,11,11,89,calf2/calf2_01b.jpg,calf2,0.880952381,0.2958134710788727,-0.2958134710788727
142,154,12,12,88,ankle/ankle_01b.jpg,ankle,0.850609756,0.3072807341814041,-0.3072807341814041
142,154,13,13,87,bulldozer/bulldozer_01b.jpg,bulldozer,0.619047619,0.5327771902084351,-0.5327771902084351
142,154,14,14,86,bagel/bagel_01s.jpg,bagel,0.902439024,0.519981250166893,-0.519981250166893
142,154,15,15,85,cobra/cobra_01b.jpg,cobra,0.853658537,0.8965967297554016,-0.8965967297554016
142,154,16,16,84,coconut/coconut_01b.jpg,coconut,0.833333333,0.3692617788910866,-0.3692617788910866
142,154,17,17,83,beard/beard_01b.jpg,beard,0.875,0.4395011365413666,-0.4395011365413666
142,154,18,18,82,badger/badger_01b.jpg,badger,0.825,0.5381469428539276,-0.5381469428539276
142,154,19,19,81,cello/cello_01s.jpg,cello,0.825,0.6725274324417114,-0.6725274324417114
142,154,20,20,80,contact_lens/contact_lens_01s.jpg,contact_lens,0.872435897,0.2749675363302231,-0.2749675363302231
142,154,21,21,79,chalk/chalk_01b.jpg,chalk,0.88372093,0.42992909252643585,-0.42992909252643585
142,154,22,22,78,cockatoo/cockatoo_01b.jpg,cockatoo,0.829268293,0.5378146171569824,-0.5378146171569824
142,154,23,23,77,cellphone/cellphone_01b.jpg,cellphone,0.80952381,0.438430018723011,-0.438430018723011
142,154,24,24,76,defibrillator/defibrillator_01b.jpg,defibrillator,0.55,0.5305950939655304,-0.5305950939655304
142,154,25,25,75,compass/compass_01b.jpg,compass,0.625,0.9104566723108292,-0.9104566723108292
142,154,26,26,74,brace/brace_01b.jpg,brace,0.804878049,0.3612561970949173,-0.3612561970949173
142,154,27,27,73,deer/deer_01b.jpg,deer,0.65,0.4933852553367615,-0.4933852553367615
142,154,28,28,72,binoculars/binoculars_01s.jpg,binoculars,0.595238095,0.37770000100135803,-0.37770000100135803
142,154,29,29,71,almond/almond_01b.jpg,almond,0.829268293,0.4557633250951767,-0.4557633250951767
142,154,30,30,70,bib/bib_01n.jpg,bib,0.925,0.5278310328722,-0.5278310328722
142,154,31,31,69,coffee/coffee_01b.jpg,coffee,0.820512821,0.7373399436473846,-0.7373399436473846
142,154,32,32,68,chocolate/chocolate_01b.jpg,chocolate,0.875,0.32755783945322037,-0.32755783945322037
142,154,33,33,67,cornmeal/cornmeal_01b.jpg,cornmeal,0.846153846,0.607521191239357,-0.607521191239357
142,154,34,34,66,blower/blower_01b.jpg,blower,0.928571429,0.4195353835821152,-0.4195353835821152
142,154,35,35,65,cape/cape_01b.jpg,cape,0.87804878,0.31073804944753647,-0.31073804944753647
142,154,36,36,64,bonnet/bonnet_01s.jpg,bonnet,0.871794872,0.31533458083868027,-0.31533458083868027
142,154,37,37,63,beetle/beetle_01b.jpg,beetle,0.897435897,0.4559917151927948,-0.4559917151927948
142,154,38,38,62,cabinet/cabinet_01s.jpg,cabinet,0.6,0.3523298650979996,-0.3523298650979996
142,154,39,39,61,amber/amber_01b.jpg,amber,0.87804878,0.3255632370710373,-0.3255632370710373
142,154,40,40,60,banana/banana_01b.jpg,banana,0.85,0.39446475356817245,-0.39446475356817245
142,154,41,41,59,beaker/beaker_01b.jpg,beaker,0.846153846,0.4307630956172943,-0.4307630956172943
142,154,42,42,58,blinder/blinder_01b.jpg,blinder,0.825,0.3599869906902313,-0.3599869906902313
142,154,43,43,57,costume/costume_01b.jpg,costume,0.902439024,0.4149931073188782,-0.4149931073188782
142,154,44,44,56,brake/brake_01b.jpg,brake,0.463414634,0.3192978501319885,-0.3192978501319885
142,154,45,45,55,bison/bison_01b.jpg,bison,0.868421053,0.42778972536325455,-0.42778972536325455
142,154,46,46,54,camel/camel_01b.jpg,camel,0.85,0.45345988869667053,-0.45345988869667053
142,154,47,47,53,anklet/anklet_01b.jpg,anklet,0.95,0.28071296215057373,-0.28071296215057373
142,154,48,48,52,battery/battery_01b.jpg,battery,0.860465116,0.30632323026657104,-0.30632323026657104
142,154,49,49,51,clothespin/clothespin_01b.jpg,clothespin,0.840909091,0.3989628329873085,-0.3989628329873085
142,154,50,50,50,cashew/cashew_01b.jpg,cashew,0.818181818,0.4354839324951172,-0.4354839324951172
143,155,1,1,99,ankle/ankle_01b.jpg,ankle,0.850609756,0.3054335415363312,-0.3054335415363312
143,155,2,2,98,cashew/cashew_01b.jpg,cashew,0.818181818,0.4855582118034363,-0.4855582118034363
143,155,3,3,97,battery/battery_01b.jpg,battery,0.860465116,0.34693507850170135,-0.34693507850170135
143,155,4,4,96,cockatoo/cockatoo_01b.jpg,cockatoo,0.829268293,0.6987789273262024,-0.6987789273262024
143,155,5,5,95,coffee/coffee_01b.jpg,coffee,0.820512821,0.7733127772808075,-0.7733127772808075
143,155,6,6,94,brake/brake_01b.jpg,brake,0.463414634,0.31440240889787674,-0.31440240889787674
143,155,7,7,93,bulldozer/bulldozer_01b.jpg,bulldozer,0.619047619,0.6086529493331909,-0.6086529493331909
143,155,8,8,92,beetle/beetle_01b.jpg,beetle,0.897435897,0.5804461613297462,-0.5804461613297462
143,155,9,9,91,board/board_01b.jpg,board,0.894736842,0.534729465842247,-0.534729465842247
143,155,10,10,90,cape/cape_01b.jpg,cape,0.87804878,0.3346266597509384,-0.3346266597509384
143,155,11,11,89,calf2/calf2_01b.jpg,calf2,0.880952381,0.2951049953699112,-0.2951049953699112
143,155,12,12,88,banana/banana_01b.jpg,banana,0.85,0.4569738581776619,-0.4569738581776619
143,155,13,13,87,bolo_tie/bolo_tie_01b.jpg,bolo_tie,0.833333333,0.4665256589651108,-0.4665256589651108
143,155,14,14,86,brace/brace_01b.jpg,brace,0.804878049,0.41443251818418503,-0.41443251818418503
143,155,15,15,85,bassinet/bassinet_01b.jpg,bassinet,0.804878049,0.8179808780550957,-0.8179808780550957
143,155,16,16,84,coconut/coconut_01b.jpg,coconut,0.833333333,0.3734642490744591,-0.3734642490744591
143,155,17,17,83,antenna/antenna_01b.jpg,antenna,0.641025641,0.3087697997689247,-0.3087697997689247
143,155,18,18,82,badger/badger_01b.jpg,badger,0.825,0.5573924481868744,-0.5573924481868744
143,155,19,19,81,beaker/beaker_01b.jpg,beaker,0.846153846,0.4327987730503082,-0.4327987730503082
143,155,20,20,80,christmas_card/christmas_card_01b.jpg,christmas_card,0.804878049,0.3195444121956825,-0.3195444121956825
143,155,21,21,79,cobra/cobra_01b.jpg,cobra,0.853658537,1.417339026927948,-1.417339026927948
143,155,22,22,78,chihuahua/chihuahua_01b.jpg,chihuahua,0.923076923,1.2954686880111694,-1.2954686880111694
143,155,23,23,77,almond/almond_01b.jpg,almond,0.829268293,0.4362632483243942,-0.4362632483243942
143,155,24,24,76,beard/beard_01b.jpg,beard,0.875,0.4534202069044113,-0.4534202069044113
143,155,25,25,75,blinder/blinder_01b.jpg,blinder,0.825,0.3686918094754219,-0.3686918094754219
143,155,26,26,74,binoculars/binoculars_01s.jpg,binoculars,0.595238095,0.3890675902366638,-0.3890675902366638
143,155,27,27,73,clothespin/clothespin_01b.jpg,clothespin,0.840909091,0.42169077694416046,-0.42169077694416046
143,155,28,28,72,chalk/chalk_01b.jpg,chalk,0.88372093,0.43047333508729935,-0.43047333508729935
143,155,29,29,71,carousel/carousel_01b.jpg,carousel,0.829268293,0.4129687547683716,-0.4129687547683716
143,155,30,30,70,camel/camel_01b.jpg,camel,0.85,0.4192240238189697,-0.4192240238189697
143,155,31,31,69,abacus/abacus_01b.jpg,abacus,0.648648649,0.6612494438886642,-0.6612494438886642
143,155,32,32,68,blower/blower_01b.jpg,blower,0.928571429,0.4080915302038193,-0.4080915302038193
143,155,33,33,67,cellphone/cellphone_01b.jpg,cellphone,0.80952381,0.458554744720459,-0.458554744720459
143,155,34,34,66,compass/compass_01b.jpg,compass,0.625,0.8951301574707031,-0.8951301574707031
143,155,35,35,65,bonnet/bonnet_01s.jpg,bonnet,0.871794872,0.34736496210098267,-0.34736496210098267
143,155,36,36,64,defibrillator/defibrillator_01b.jpg,defibrillator,0.55,0.5825882703065872,-0.5825882703065872
143,155,37,37,63,chocolate/chocolate_01b.jpg,chocolate,0.875,0.32666168361902237,-0.32666168361902237
143,155,38,38,62,cabinet/cabinet_01s.jpg,cabinet,0.6,0.3430309295654297,-0.3430309295654297
143,155,39,39,61,apron/apron_01b.jpg,apron,0.811522048,0.324574276804924,-0.324574276804924
143,155,40,40,60,cello/cello_01s.jpg,cello,0.825,0.4752197861671448,-0.4752197861671448
143,155,41,41,59,anklet/anklet_01b.jpg,anklet,0.95,0.3207792341709137,-0.3207792341709137
143,155,42,42,58,bagel/bagel_01s.jpg,bagel,0.902439024,0.534667618572712,-0.534667618572712
143,155,43,43,57,costume/costume_01b.jpg,costume,0.902439024,0.4057376831769943,-0.4057376831769943
143,155,44,44,56,bib/bib_01n.jpg,bib,0.925,0.5122528076171875,-0.5122528076171875
143,155,45,45,55,cornmeal/cornmeal_01b.jpg,cornmeal,0.846153846,0.5773956626653671,-0.5773956626653671
143,155,46,46,54,bazooka/bazooka_01b.jpg,bazooka,0.9,0.3322329819202423,-0.3322329819202423
143,155,47,47,53,cookie/cookie_01b.jpg,cookie,0.825,0.4128683879971504,-0.4128683879971504
143,155,48,48,52,contact_lens/contact_lens_01s.jpg,contact_lens,0.872435897,0.3007989004254341,-0.3007989004254341
143,155,49,49,51,bison/bison_01b.jpg,bison,0.868421053,0.38771389424800873,-0.38771389424800873
143,155,50,50,50,amber/amber_01b.jpg,amber,0.87804878,0.3013778552412987,-0.3013778552412987
144,156,1,1,99,chalk/chalk_01b.jpg,chalk,0.88372093,0.4333905130624771,-0.4333905130624771
144,156,2,2,98,antenna/antenna_01b.jpg,antenna,0.641025641,0.43287258595228195,-0.43287258595228195
144,156,3,3,97,beetle/beetle_01b.jpg,beetle,0.897435897,1.1423355340957642,-1.1423355340957642
144,156,4,4,96,blower/blower_01b.jpg,blower,0.928571429,0.5209791287779808,-0.5209791287779808
144,156,5,5,95,cashew/cashew_01b.jpg,cashew,0.818181818,0.4830114543437958,-0.4830114543437958
144,156,6,6,94,almond/almond_01b.jpg,almond,0.829268293,0.49711520969867706,-0.49711520969867706
144,156,7,7,93,armor/armor_01b.jpg,armor,0.804878049,0.7133553922176361,-0.7133553922176361
144,156,8,8,92,bonnet/bonnet_01s.jpg,bonnet,0.871794872,0.37956376373767853,-0.37956376373767853
144,156,9,9,91,anklet/anklet_01b.jpg,anklet,0.95,0.43560922145843506,-0.43560922145843506
144,156,10,10,90,carousel/carousel_01b.jpg,carousel,0.829268293,0.4467259347438812,-0.4467259347438812
144,156,11,11,89,coconut/coconut_01b.jpg,coconut,0.833333333,0.4354792833328247,-0.4354792833328247
144,156,12,12,88,beaker/beaker_01b.jpg,beaker,0.846153846,0.5084377378225327,-0.5084377378225327
144,156,13,13,87,blinder/blinder_01b.jpg,blinder,0.825,0.47854290157556534,-0.47854290157556534
144,156,14,14,86,binoculars/binoculars_01s.jpg,binoculars,0.595238095,0.543892577290535,-0.543892577290535
144,156,15,15,85,chihuahua/chihuahua_01b.jpg,chihuahua,0.923076923,1.333488643169403,-1.333488643169403
144,156,16,16,84,bazooka/bazooka_01b.jpg,bazooka,0.9,0.39382780343294144,-0.39382780343294144
144,156,17,17,83,bulldozer/bulldozer_01b.jpg,bulldozer,0.619047619,0.6362451612949371,-0.6362451612949371
144,156,18,18,82,ankle/ankle_01b.jpg,ankle,0.850609756,0.33272090554237366,-0.33272090554237366
144,156,19,19,81,costume/costume_01b.jpg,costume,0.902439024,0.4178001433610916,-0.4178001433610916
144,156,20,20,80,contact_lens/contact_lens_01s.jpg,contact_lens,0.872435897,0.333056315779686,-0.333056315779686
144,156,21,21,79,cabinet/cabinet_01s.jpg,cabinet,0.6,0.3744339048862457,-0.3744339048862457
144,156,22,22,78,cellphone/cellphone_01b.jpg,cellphone,0.80952381,0.4599493220448494,-0.4599493220448494
144,156,23,23,77,amber/amber_01b.jpg,amber,0.87804878,0.33079759776592255,-0.33079759776592255
144,156,24,24,76,cookie/cookie_01b.jpg,cookie,0.825,0.5346161276102066,-0.5346161276102066
144,156,25,25,75,bison/bison_01b.jpg,bison,0.868421053,0.4160604476928711,-0.4160604476928711
144,156,26,26,74,cape/cape_01b.jpg,cape,0.87804878,0.4682111442089081,-0.4682111442089081
144,156,27,27,73,banana/banana_01b.jpg,banana,0.85,0.443515345454216,-0.443515345454216
144,156,28,28,72,apron/apron_01b.jpg,apron,0.811522048,0.3814191669225693,-0.3814191669225693
144,156,29,29,71,cello/cello_01s.jpg,cello,0.825,0.47807322442531586,-0.47807322442531586
144,156,30,30,70,defibrillator/defibrillator_01b.jpg,defibrillator,0.55,0.6972027868032455,-0.6972027868032455
144,156,31,31,69,cobra/cobra_01b.jpg,cobra,0.853658537,0.9289377629756927,-0.9289377629756927
144,156,32,32,68,calf2/calf2_01b.jpg,calf2,0.880952381,0.3088807761669159,-0.3088807761669159
144,156,33,33,67,brake/brake_01b.jpg,brake,0.463414634,0.49225253611803055,-0.49225253611803055
144,156,34,34,66,board/board_01b.jpg,board,0.894736842,0.5171453654766083,-0.5171453654766083
144,156,35,35,65,chocolate/chocolate_01b.jpg,chocolate,0.875,0.4137924164533615,-0.4137924164533615
144,156,36,36,64,compass/compass_01b.jpg,compass,0.625,0.7781161665916443,-0.7781161665916443
144,156,37,37,63,bagel/bagel_01s.jpg,bagel,0.902439024,0.7636282071471214,-0.7636282071471214
144,156,38,38,62,cockatoo/cockatoo_01b.jpg,cockatoo,0.829268293,0.8958798497915268,-0.8958798497915268
144,156,39,39,61,clothespin/clothespin_01b.jpg,clothespin,0.840909091,0.5361483097076416,-0.5361483097076416
144,156,40,40,60,camel/camel_01b.jpg,camel,0.85,0.4655129685997963,-0.4655129685997963
144,156,41,41,59,beard/beard_01b.jpg,beard,0.875,0.45554715394973755,-0.45554715394973755
144,156,42,42,58,bassinet/bassinet_01b.jpg,bassinet,0.804878049,0.9238722994923592,-0.9238722994923592
144,156,43,43,57,christmas_card/christmas_card_01b.jpg,christmas_card,0.804878049,0.33581695705652237,-0.33581695705652237
144,156,44,44,56,coffee/coffee_01b.jpg,coffee,0.820512821,0.6117594540119171,-0.6117594540119171
144,156,45,45,55,brace/brace_01b.jpg,brace,0.804878049,0.4253677651286125,-0.4253677651286125
144,156,46,46,54,bolo_tie/bolo_tie_01b.jpg,bolo_tie,0.833333333,0.4781770259141922,-0.4781770259141922
144,156,47,47,53,badger/badger_01b.jpg,badger,0.825,0.5453485995531082,-0.5453485995531082
144,156,48,48,52,bib/bib_01n.jpg,bib,0.925,0.5140855982899666,-0.5140855982899666
144,156,49,49,51,cornmeal/cornmeal_01b.jpg,cornmeal,0.846153846,0.6467814147472382,-0.6467814147472382
144,156,50,50,50,battery/battery_01b.jpg,battery,0.860465116,0.3523230031132698,-0.3523230031132698
145,157,1,1,99,bonnet/bonnet_01s.jpg,bonnet,0.871794872,0.30840905010700226,-0.30840905010700226
145,157,2,2,98,clothespin/clothespin_01b.jpg,clothespin,0.840909091,0.5016134306788445,-0.5016134306788445
145,157,3,3,97,binoculars/binoculars_01s.jpg,binoculars,0.595238095,0.5180222019553185,-0.5180222019553185
145,157,4,4,96,chocolate/chocolate_01b.jpg,chocolate,0.875,0.3251738175749779,-0.3251738175749779
145,157,5,5,95,beard/beard_01b.jpg,beard,0.875,0.39054106920957565,-0.39054106920957565
145,157,6,6,94,anklet/anklet_01b.jpg,anklet,0.95,0.3824111372232437,-0.3824111372232437
145,157,7,7,93,blower/blower_01b.jpg,blower,0.928571429,0.43410420417785645,-0.43410420417785645
145,157,8,8,92,coconut/coconut_01b.jpg,coconut,0.833333333,0.41892843693494797,-0.41892843693494797
145,157,9,9,91,banana/banana_01b.jpg,banana,0.85,0.49967217445373535,-0.49967217445373535
145,157,10,10,90,camel/camel_01b.jpg,camel,0.85,0.562866635620594,-0.562866635620594
145,157,11,11,89,cobra/cobra_01b.jpg,cobra,0.853658537,0.8675542175769806,-0.8675542175769806
145,157,12,12,88,contact_lens/contact_lens_01s.jpg,contact_lens,0.872435897,0.314288929104805,-0.314288929104805
145,157,13,13,87,bulldozer/bulldozer_01b.jpg,bulldozer,0.619047619,0.596445232629776,-0.596445232629776
145,157,14,14,86,almond/almond_01b.jpg,almond,0.829268293,0.49651648104190826,-0.49651648104190826
145,157,15,15,85,ankle/ankle_01b.jpg,ankle,0.850609756,0.27823106944561005,-0.27823106944561005
145,157,16,16,84,blinder/blinder_01b.jpg,blinder,0.825,0.3756301999092102,-0.3756301999092102
145,157,17,17,83,amber/amber_01b.jpg,amber,0.87804878,0.37169820070266724,-0.37169820070266724
145,157,18,18,82,cookie/cookie_01b.jpg,cookie,0.825,0.49206309020519257,-0.49206309020519257
145,157,19,19,81,chihuahua/chihuahua_01b.jpg,chihuahua,0.923076923,1.37752166390419,-1.37752166390419
145,157,20,20,80,bison/bison_01b.jpg,bison,0.868421053,0.4823501408100128,-0.4823501408100128
145,157,21,21,79,chalk/chalk_01b.jpg,chalk,0.88372093,0.40451084822416306,-0.40451084822416306
145,157,22,22,78,brake/brake_01b.jpg,brake,0.463414634,0.37159964442253113,-0.37159964442253113
145,157,23,23,77,cape/cape_01b.jpg,cape,0.87804878,0.3472397178411484,-0.3472397178411484
145,157,24,24,76,badger/badger_01b.jpg,badger,0.825,0.6525117605924606,-0.6525117605924606
145,157,25,25,75,cashew/cashew_01b.jpg,cashew,0.818181818,0.5639172494411469,-0.5639172494411469
145,157,26,26,74,cabinet/cabinet_01s.jpg,cabinet,0.6,0.31032484769821167,-0.31032484769821167
145,157,27,27,73,cello/cello_01s.jpg,cello,0.825,0.5959358364343643,-0.5959358364343643
145,157,28,28,72,cockatoo/cockatoo_01b.jpg,cockatoo,0.829268293,0.6433040425181389,-0.6433040425181389
145,157,29,29,71,beetle/beetle_01b.jpg,beetle,0.897435897,0.5127192288637161,-0.5127192288637161
145,157,30,30,70,brace/brace_01b.jpg,brace,0.804878049,0.37371566891670227,-0.37371566891670227
145,157,31,31,69,apron/apron_01b.jpg,apron,0.811522048,0.3181532323360443,-0.3181532323360443
145,157,32,32,68,cornmeal/cornmeal_01b.jpg,cornmeal,0.846153846,0.7442406862974167,-0.7442406862974167
145,157,33,33,67,beaker/beaker_01b.jpg,beaker,0.846153846,0.4957779794931412,-0.4957779794931412
145,157,34,34,66,armor/armor_01b.jpg,armor,0.804878049,0.4923529177904129,-0.4923529177904129
145,157,35,35,65,bagel/bagel_01s.jpg,bagel,0.902439024,0.6786702424287796,-0.6786702424287796
145,157,36,36,64,curtain/curtain_01b.jpg,curtain,0.8,0.5728854164481163,-0.5728854164481163
145,157,37,37,63,board/board_01b.jpg,board,0.894736842,0.4831985533237457,-0.4831985533237457
145,157,38,38,62,cellphone/cellphone_01b.jpg,cellphone,0.80952381,0.42628201842308044,-0.42628201842308044
145,157,39,39,61,compass/compass_01b.jpg,compass,0.625,0.9293594360351562,-0.9293594360351562
145,157,40,40,60,bassinet/bassinet_01b.jpg,bassinet,0.804878049,0.9747267588973045,-0.9747267588973045
145,157,41,41,59,carousel/carousel_01b.jpg,carousel,0.829268293,0.441055491566658,-0.441055491566658
145,157,42,42,58,bib/bib_01n.jpg,bib,0.925,0.4789591133594513,-0.4789591133594513
145,157,43,43,57,bazooka/bazooka_01b.jpg,bazooka,0.9,0.36794252693653107,-0.36794252693653107
145,157,44,44,56,bolo_tie/bolo_tie_01b.jpg,bolo_tie,0.833333333,0.39362485706806183,-0.39362485706806183
145,157,45,45,55,costume/costume_01b.jpg,costume,0.902439024,0.3909251466393471,-0.3909251466393471
145,157,46,46,54,defibrillator/defibrillator_01b.jpg,defibrillator,0.55,0.6334668397903442,-0.6334668397903442
145,157,47,47,53,christmas_card/christmas_card_01b.jpg,christmas_card,0.804878049,0.3048187792301178,-0.3048187792301178
145,157,48,48,52,coffee/coffee_01b.jpg,coffee,0.820512821,1.0905004739761353,-1.0905004739761353
145,157,49,49,51,battery/battery_01b.jpg,battery,0.860465116,0.3448723778128624,-0.3448723778128624
145,157,50,50,50,calf2/calf2_01b.jpg,calf2,0.880952381,0.2738150805234909,-0.2738150805234909
146,158,1,1,99,bagel/bagel_01s.jpg,bagel,0.902439024,0.7515107840299606,-0.7515107840299606
146,158,2,2,98,bison/bison_01b.jpg,bison,0.868421053,0.7521969974040985,-0.7521969974040985
146,158,3,3,97,contact_lens/contact_lens_01s.jpg,contact_lens,0.872435897,0.31054623425006866,-0.31054623425006866
146,158,4,4,96,cobra/cobra_01b.jpg,cobra,0.853658537,0.8036694079637527,-0.8036694079637527
146,158,5,5,95,cape/cape_01b.jpg,cape,0.87804878,0.3656943142414093,-0.3656943142414093
146,158,6,6,94,blower/blower_01b.jpg,blower,0.928571429,0.4253549128770828,-0.4253549128770828
146,158,7,7,93,battery/battery_01b.jpg,battery,0.860465116,0.33488094061613083,-0.33488094061613083
146,158,8,8,92,brace/brace_01b.jpg,brace,0.804878049,0.4204009622335434,-0.4204009622335434
146,158,9,9,91,board/board_01b.jpg,board,0.894736842,0.5255415290594101,-0.5255415290594101
146,158,10,10,90,cashew/cashew_01b.jpg,cashew,0.818181818,0.47303518652915955,-0.47303518652915955
146,158,11,11,89,beaker/beaker_01b.jpg,beaker,0.846153846,0.46875935792922974,-0.46875935792922974
146,158,12,12,88,anklet/anklet_01b.jpg,anklet,0.95,0.3320849537849426,-0.3320849537849426
146,158,13,13,87,cellphone/cellphone_01b.jpg,cellphone,0.80952381,0.40969961881637573,-0.40969961881637573
146,158,14,14,86,blinder/blinder_01b.jpg,blinder,0.825,0.4067130759358406,-0.4067130759358406
146,158,15,15,85,clothespin/clothespin_01b.jpg,clothespin,0.840909091,0.39098719507455826,-0.39098719507455826
146,158,16,16,84,christmas_card/christmas_card_01b.jpg,christmas_card,0.804878049,0.3013883903622627,-0.3013883903622627
146,158,17,17,83,apron/apron_01b.jpg,apron,0.811522048,0.3601822033524513,-0.3601822033524513
146,158,18,18,82,calf2/calf2_01b.jpg,calf2,0.880952381,0.27767927944660187,-0.27767927944660187
146,158,19,19,81,amber/amber_01b.jpg,amber,0.87804878,0.33965008705854416,-0.33965008705854416
146,158,20,20,80,badger/badger_01b.jpg,badger,0.825,0.5981985926628113,-0.5981985926628113
146,158,21,21,79,coconut/coconut_01b.jpg,coconut,0.833333333,0.36413177847862244,-0.36413177847862244
146,158,22,22,78,camel/camel_01b.jpg,camel,0.85,0.4841693490743637,-0.4841693490743637
146,158,23,23,77,bib/bib_01n.jpg,bib,0.925,0.5343752652406693,-0.5343752652406693
146,158,24,24,76,defibrillator/defibrillator_01b.jpg,defibrillator,0.55,0.5232143253087997,-0.5232143253087997
146,158,25,25,75,bassinet/bassinet_01b.jpg,bassinet,0.804878049,0.9447653740644455,-0.9447653740644455
146,158,26,26,74,cello/cello_01s.jpg,cello,0.825,0.5476537644863129,-0.5476537644863129
146,158,27,27,73,costume/costume_01b.jpg,costume,0.902439024,0.41048264503479004,-0.41048264503479004
146,158,28,28,72,bolo_tie/bolo_tie_01b.jpg,bolo_tie,0.833333333,0.4124318063259125,-0.4124318063259125
146,158,29,29,71,carousel/carousel_01b.jpg,carousel,0.829268293,0.40352514386177063,-0.40352514386177063
146,158,30,30,70,almond/almond_01b.jpg,almond,0.829268293,0.4426681697368622,-0.4426681697368622
146,158,31,31,69,banana/banana_01b.jpg,banana,0.85,0.3733535706996918,-0.3733535706996918
146,158,32,32,68,chicken1/chicken1_01b.jpg,chicken1,0.8,0.3085472509264946,-0.3085472509264946
146,158,33,33,67,bonnet/bonnet_01s.jpg,bonnet,0.871794872,0.306346133351326,-0.306346133351326
146,158,34,34,66,chihuahua/chihuahua_01b.jpg,chihuahua,0.923076923,1.3325262367725372,-1.3325262367725372
146,158,35,35,65,cookie/cookie_01b.jpg,cookie,0.825,0.4869789332151413,-0.4869789332151413
146,158,36,36,64,beard/beard_01b.jpg,beard,0.875,0.447164848446846,-0.447164848446846
146,158,37,37,63,brake/brake_01b.jpg,brake,0.463414634,0.3144516944885254,-0.3144516944885254
146,158,38,38,62,armor/armor_01b.jpg,armor,0.804878049,0.5358449816703796,-0.5358449816703796
146,158,39,39,61,bulldozer/bulldozer_01b.jpg,bulldozer,0.619047619,0.4472373127937317,-0.4472373127937317
146,158,40,40,60,binoculars/binoculars_01s.jpg,binoculars,0.595238095,0.36927858740091324,-0.36927858740091324
146,158,41,41,59,beetle/beetle_01b.jpg,beetle,0.897435897,0.42712561786174774,-0.42712561786174774
146,158,42,42,58,ankle/ankle_01b.jpg,ankle,0.850609756,0.3066355213522911,-0.3066355213522911
146,158,43,43,57,chalk/chalk_01b.jpg,chalk,0.88372093,0.41729186475276947,-0.41729186475276947
146,158,44,44,56,cockatoo/cockatoo_01b.jpg,cockatoo,0.829268293,0.8523605540394783,-0.8523605540394783
146,158,45,45,55,chocolate/chocolate_01b.jpg,chocolate,0.875,0.3139606863260269,-0.3139606863260269
146,158,46,46,54,cornmeal/cornmeal_01b.jpg,cornmeal,0.846153846,0.5794137418270111,-0.5794137418270111
146,158,47,47,53,cabinet/cabinet_01s.jpg,cabinet,0.6,0.3174564391374588,-0.3174564391374588
146,158,48,48,52,curtain/curtain_01b.jpg,curtain,0.8,0.43429306149482727,-0.43429306149482727
146,158,49,49,51,coffee/coffee_01b.jpg,coffee,0.820512821,1.0680406093597412,-1.0680406093597412
146,158,50,50,50,bazooka/bazooka_01b.jpg,bazooka,0.9,0.32991430908441544,-0.32991430908441544
147,159,1,1,99,bolo_tie/bolo_tie_01b.jpg,bolo_tie,0.833333333,0.7331219464540482,-0.7331219464540482
147,159,2,2,98,anklet/anklet_01b.jpg,anklet,0.95,0.30059775710105896,-0.30059775710105896
147,159,3,3,97,contact_lens/contact_lens_01s.jpg,contact_lens,0.872435897,0.3067385107278824,-0.3067385107278824
147,159,4,4,96,blinder/blinder_01b.jpg,blinder,0.825,0.36386920511722565,-0.36386920511722565
147,159,5,5,95,chocolate/chocolate_01b.jpg,chocolate,0.875,0.31169816851615906,-0.31169816851615906
147,159,6,6,94,breathalyzer/breathalyzer_01b.jpg,breathalyzer,0.8,0.3371610641479492,-0.3371610641479492
147,159,7,7,93,coconut/coconut_01b.jpg,coconut,0.833333333,0.39652151614427567,-0.39652151614427567
147,159,8,8,92,brace/brace_01b.jpg,brace,0.804878049,0.3848530873656273,-0.3848530873656273
147,159,9,9,91,ankle/ankle_01b.jpg,ankle,0.850609756,0.28173957765102386,-0.28173957765102386
147,159,10,10,90,almond/almond_01b.jpg,almond,0.829268293,0.439730167388916,-0.439730167388916
147,159,11,11,89,cabinet/cabinet_01s.jpg,cabinet,0.6,0.32490119338035583,-0.32490119338035583
147,159,12,12,88,cellphone/cellphone_01b.jpg,cellphone,0.80952381,0.39626210927963257,-0.39626210927963257
147,159,13,13,87,chihuahua/chihuahua_01b.jpg,chihuahua,0.923076923,1.3394641876220703,-1.3394641876220703
147,159,14,14,86,bison/bison_01b.jpg,bison,0.868421053,0.5963776111602783,-0.5963776111602783
147,159,15,15,85,cashew/cashew_01b.jpg,cashew,0.818181818,0.48694317042827606,-0.48694317042827606
147,159,16,16,84,banana/banana_01b.jpg,banana,0.85,0.4470473751425743,-0.4470473751425743
147,159,17,17,83,chicken1/chicken1_01b.jpg,chicken1,0.8,0.3210478648543358,-0.3210478648543358
147,159,18,18,82,amber/amber_01b.jpg,amber,0.87804878,0.34214217960834503,-0.34214217960834503
147,159,19,19,81,chalk/chalk_01b.jpg,chalk,0.88372093,0.3937487229704857,-0.3937487229704857
147,159,20,20,80,beard/beard_01b.jpg,beard,0.875,0.4110691696405411,-0.4110691696405411
147,159,21,21,79,costume/costume_01b.jpg,costume,0.902439024,0.40610652416944504,-0.40610652416944504
147,159,22,22,78,board/board_01b.jpg,board,0.894736842,0.4962355047464371,-0.4962355047464371
147,159,23,23,77,curtain/curtain_01b.jpg,curtain,0.8,0.3966587334871292,-0.3966587334871292
147,159,24,24,76,beetle/beetle_01b.jpg,beetle,0.897435897,0.42141442745923996,-0.42141442745923996
147,159,25,25,75,carousel/carousel_01b.jpg,carousel,0.829268293,0.43418464064598083,-0.43418464064598083
147,159,26,26,74,brake/brake_01b.jpg,brake,0.463414634,0.35580167919397354,-0.35580167919397354
147,159,27,27,73,armor/armor_01b.jpg,armor,0.804878049,0.559599831700325,-0.559599831700325
147,159,28,28,72,bagel/bagel_01s.jpg,bagel,0.902439024,0.5162742957472801,-0.5162742957472801
147,159,29,29,71,bassinet/bassinet_01b.jpg,bassinet,0.804878049,0.8532813042402267,-0.8532813042402267
147,159,30,30,70,cockatoo/cockatoo_01b.jpg,cockatoo,0.829268293,0.5408273637294769,-0.5408273637294769
147,159,31,31,69,blower/blower_01b.jpg,blower,0.928571429,0.45047517865896225,-0.45047517865896225
147,159,32,32,68,cookie/cookie_01b.jpg,cookie,0.825,0.45186837017536163,-0.45186837017536163
147,159,33,33,67,cornmeal/cornmeal_01b.jpg,cornmeal,0.846153846,0.8966199904680252,-0.8966199904680252
147,159,34,34,66,cobra/cobra_01b.jpg,cobra,0.853658537,1.4349157214164734,-1.4349157214164734
147,159,35,35,65,coffee/coffee_01b.jpg,coffee,0.820512821,1.248661369085312,-1.248661369085312
147,159,36,36,64,cape/cape_01b.jpg,cape,0.87804878,0.31064072251319885,-0.31064072251319885
147,159,37,37,63,cello/cello_01s.jpg,cello,0.825,0.5135445296764374,-0.5135445296764374
147,159,38,38,62,binoculars/binoculars_01s.jpg,binoculars,0.595238095,0.38050974905490875,-0.38050974905490875
147,159,39,39,61,clothespin/clothespin_01b.jpg,clothespin,0.840909091,0.3514861911535263,-0.3514861911535263
147,159,40,40,60,battery/battery_01b.jpg,battery,0.860465116,0.31471262872219086,-0.31471262872219086
147,159,41,41,59,defibrillator/defibrillator_01b.jpg,defibrillator,0.55,0.5455825179815292,-0.5455825179815292
147,159,42,42,58,bib/bib_01n.jpg,bib,0.925,0.5375231429934502,-0.5375231429934502
147,159,43,43,57,calf2/calf2_01b.jpg,calf2,0.880952381,0.2596025690436363,-0.2596025690436363
147,159,44,44,56,apron/apron_01b.jpg,apron,0.811522048,0.31252289563417435,-0.31252289563417435
147,159,45,45,55,bonnet/bonnet_01s.jpg,bonnet,0.871794872,0.2991580665111542,-0.2991580665111542
147,159,46,46,54,badger/badger_01b.jpg,badger,0.825,0.497461661696434,-0.497461661696434
147,159,47,47,53,camel/camel_01b.jpg,camel,0.85,0.4415923058986664,-0.4415923058986664
147,159,48,48,52,bazooka/bazooka_01b.jpg,bazooka,0.9,0.3404487296938896,-0.3404487296938896
147,159,49,49,51,christmas_card/christmas_card_01b.jpg,christmas_card,0.804878049,0.3077201545238495,-0.3077201545238495
147,159,50,50,50,beaker/beaker_01b.jpg,beaker,0.846153846,0.47293195128440857,-0.47293195128440857
148,160,1,1,99,bagel/bagel_01s.jpg,bagel,0.902439024,0.7630551606416702,-0.7630551606416702
148,160,2,2,98,cape/cape_01b.jpg,cape,0.87804878,0.3681415319442749,-0.3681415319442749
148,160,3,3,97,christmas_card/christmas_card_01b.jpg,christmas_card,0.804878049,0.3302963003516197,-0.3302963003516197
148,160,4,4,96,bassinet/bassinet_01b.jpg,bassinet,0.804878049,0.8448457419872284,-0.8448457419872284
148,160,5,5,95,beard/beard_01b.jpg,beard,0.875,0.41745930165052414,-0.41745930165052414
148,160,6,6,94,apron/apron_01b.jpg,apron,0.811522048,0.35065631568431854,-0.35065631568431854
148,160,7,7,93,cookie/cookie_01b.jpg,cookie,0.825,0.5269670933485031,-0.5269670933485031
148,160,8,8,92,cornmeal/cornmeal_01b.jpg,cornmeal,0.846153846,0.6744226068258286,-0.6744226068258286
148,160,9,9,91,almond/almond_01b.jpg,almond,0.829268293,0.42421755194664,-0.42421755194664
148,160,10,10,90,breathalyzer/breathalyzer_01b.jpg,breathalyzer,0.8,0.3447600230574608,-0.3447600230574608
148,160,11,11,89,chalk/chalk_01b.jpg,chalk,0.88372093,0.41418904811143875,-0.41418904811143875
148,160,12,12,88,carousel/carousel_01b.jpg,carousel,0.829268293,0.43893469125032425,-0.43893469125032425
148,160,13,13,87,camel/camel_01b.jpg,camel,0.85,0.4937075302004814,-0.4937075302004814
148,160,14,14,86,badger/badger_01b.jpg,badger,0.825,0.5718929022550583,-0.5718929022550583
148,160,15,15,85,blower/blower_01b.jpg,blower,0.928571429,0.37366534769535065,-0.37366534769535065
148,160,16,16,84,binoculars/binoculars_01s.jpg,binoculars,0.595238095,0.4019671231508255,-0.4019671231508255
148,160,17,17,83,chihuahua/chihuahua_01b.jpg,chihuahua,0.923076923,1.3606865108013153,-1.3606865108013153
148,160,18,18,82,chicken1/chicken1_01b.jpg,chicken1,0.8,0.36453310400247574,-0.36453310400247574
148,160,19,19,81,bazooka/bazooka_01b.jpg,bazooka,0.9,0.3743583932518959,-0.3743583932518959
148,160,20,20,80,chocolate/chocolate_01b.jpg,chocolate,0.875,0.3074425011873245,-0.3074425011873245
148,160,21,21,79,curtain/curtain_01b.jpg,curtain,0.8,0.402305968105793,-0.402305968105793
148,160,22,22,78,beetle/beetle_01b.jpg,beetle,0.897435897,0.5011281818151474,-0.5011281818151474
148,160,23,23,77,coconut/coconut_01b.jpg,coconut,0.833333333,0.38770945370197296,-0.38770945370197296
148,160,24,24,76,clothespin/clothespin_01b.jpg,clothespin,0.840909091,0.48083920031785965,-0.48083920031785965
148,160,25,25,75,brace/brace_01b.jpg,brace,0.804878049,0.3882395699620247,-0.3882395699620247
148,160,26,26,74,board/board_01b.jpg,board,0.894736842,0.4773215651512146,-0.4773215651512146
148,160,27,27,73,costume/costume_01b.jpg,costume,0.902439024,0.3941328302025795,-0.3941328302025795
148,160,28,28,72,blinder/blinder_01b.jpg,blinder,0.825,0.3919011950492859,-0.3919011950492859
148,160,29,29,71,ankle/ankle_01b.jpg,ankle,0.850609756,0.30377306789159775,-0.30377306789159775
148,160,30,30,70,calf2/calf2_01b.jpg,calf2,0.880952381,0.2769208997488022,-0.2769208997488022
148,160,31,31,69,defibrillator/defibrillator_01b.jpg,defibrillator,0.55,0.5624279677867889,-0.5624279677867889
148,160,32,32,68,coffee/coffee_01b.jpg,coffee,0.820512821,1.0119657963514328,-1.0119657963514328
148,160,33,33,67,blowtorch/blowtorch_01b.jpg,blowtorch,0.8,0.3448920100927353,-0.3448920100927353
148,160,34,34,66,bib/bib_01n.jpg,bib,0.925,0.5015317872166634,-0.5015317872166634
148,160,35,35,65,anklet/anklet_01b.jpg,anklet,0.95,0.3198251649737358,-0.3198251649737358
148,160,36,36,64,cello/cello_01s.jpg,cello,0.825,0.5031116902828217,-0.5031116902828217
148,160,37,37,63,brake/brake_01b.jpg,brake,0.463414634,0.33858805149793625,-0.33858805149793625
148,160,38,38,62,cobra/cobra_01b.jpg,cobra,0.853658537,1.6453529000282288,-1.6453529000282288
148,160,39,39,61,banana/banana_01b.jpg,banana,0.85,0.42591795325279236,-0.42591795325279236
148,160,40,40,60,cashew/cashew_01b.jpg,cashew,0.818181818,0.4312359541654587,-0.4312359541654587
148,160,41,41,59,contact_lens/contact_lens_01s.jpg,contact_lens,0.872435897,0.29863376915454865,-0.29863376915454865
148,160,42,42,58,battery/battery_01b.jpg,battery,0.860465116,0.2996632158756256,-0.2996632158756256
148,160,43,43,57,bonnet/bonnet_01s.jpg,bonnet,0.871794872,0.33551598340272903,-0.33551598340272903
148,160,44,44,56,bolo_tie/bolo_tie_01b.jpg,bolo_tie,0.833333333,0.391260989010334,-0.391260989010334
148,160,45,45,55,amber/amber_01b.jpg,amber,0.87804878,0.2994377017021179,-0.2994377017021179
148,160,46,46,54,cellphone/cellphone_01b.jpg,cellphone,0.80952381,0.4283227100968361,-0.4283227100968361
148,160,47,47,53,beaker/beaker_01b.jpg,beaker,0.846153846,0.4452182650566101,-0.4452182650566101
148,160,48,48,52,cockatoo/cockatoo_01b.jpg,cockatoo,0.829268293,1.0720372274518013,-1.0720372274518013
148,160,49,49,51,bison/bison_01b.jpg,bison,0.868421053,0.44391217827796936,-0.44391217827796936
148,160,50,50,50,armor/armor_01b.jpg,armor,0.804878049,0.5010848194360733,-0.5010848194360733
149,161,1,1,99,chihuahua/chihuahua_01b.jpg,chihuahua,0.923076923,2.071358174085617,-2.071358174085617
149,161,2,2,98,defibrillator/defibrillator_01b.jpg,defibrillator,0.55,0.5689081698656082,-0.5689081698656082
149,161,3,3,97,chicken1/chicken1_01b.jpg,chicken1,0.8,0.40759649872779846,-0.40759649872779846
149,161,4,4,96,bolo_tie/bolo_tie_01b.jpg,bolo_tie,0.833333333,0.6983074694871902,-0.6983074694871902
149,161,5,5,95,brace/brace_01b.jpg,brace,0.804878049,0.46843935549259186,-0.46843935549259186
149,161,6,6,94,almond/almond_01b.jpg,almond,0.829268293,0.4381004869937897,-0.4381004869937897
149,161,7,7,93,anklet/anklet_01b.jpg,anklet,0.95,0.3147764056921005,-0.3147764056921005
149,161,8,8,92,contact_lens/contact_lens_01s.jpg,contact_lens,0.872435897,0.32054177671670914,-0.32054177671670914
149,161,9,9,91,camel/camel_01b.jpg,camel,0.85,0.578912615776062,-0.578912615776062
149,161,10,10,90,chocolate/chocolate_01b.jpg,chocolate,0.875,0.2976214289665222,-0.2976214289665222
149,161,11,11,89,cookie/cookie_01b.jpg,cookie,0.825,0.5122537463903427,-0.5122537463903427
149,161,12,12,88,coconut/coconut_01b.jpg,coconut,0.833333333,0.38060665130615234,-0.38060665130615234
149,161,13,13,87,calf2/calf2_01b.jpg,calf2,0.880952381,0.282680481672287,-0.282680481672287
149,161,14,14,86,armor/armor_01b.jpg,armor,0.804878049,0.645550400018692,-0.645550400018692
149,161,15,15,85,board/board_01b.jpg,board,0.894736842,0.5007010400295258,-0.5007010400295258
149,161,16,16,84,blower/blower_01b.jpg,blower,0.928571429,0.3842164874076843,-0.3842164874076843
149,161,17,17,83,bazooka/bazooka_01b.jpg,bazooka,0.9,0.367842860519886,-0.367842860519886
149,161,18,18,82,cello/cello_01s.jpg,cello,0.825,0.5509928613901138,-0.5509928613901138
149,161,19,19,81,costume/costume_01b.jpg,costume,0.902439024,0.4184589833021164,-0.4184589833021164
149,161,20,20,80,cellphone/cellphone_01b.jpg,cellphone,0.80952381,0.4520617574453354,-0.4520617574453354
149,161,21,21,79,curtain/curtain_01b.jpg,curtain,0.8,0.38972991704940796,-0.38972991704940796
149,161,22,22,78,badger/badger_01b.jpg,badger,0.825,0.5553337633609772,-0.5553337633609772
149,161,23,23,77,apron/apron_01b.jpg,apron,0.811522048,0.3502514287829399,-0.3502514287829399
149,161,24,24,76,cockatoo/cockatoo_01b.jpg,cockatoo,0.829268293,0.45320476591587067,-0.45320476591587067
149,161,25,25,75,carousel/carousel_01b.jpg,carousel,0.829268293,0.424914613366127,-0.424914613366127
149,161,26,26,74,banana/banana_01b.jpg,banana,0.85,0.39594080299139023,-0.39594080299139023
149,161,27,27,73,blinder/blinder_01b.jpg,blinder,0.825,0.3955114632844925,-0.3955114632844925
149,161,28,28,72,bassinet/bassinet_01b.jpg,bassinet,0.804878049,0.949613593518734,-0.949613593518734
149,161,29,29,71,clothespin/clothespin_01b.jpg,clothespin,0.840909091,0.44417328387498856,-0.44417328387498856
149,161,30,30,70,beaker/beaker_01b.jpg,beaker,0.846153846,0.4376392364501953,-0.4376392364501953
149,161,31,31,69,cornmeal/cornmeal_01b.jpg,cornmeal,0.846153846,0.5716065019369125,-0.5716065019369125
149,161,32,32,68,bison/bison_01b.jpg,bison,0.868421053,0.4303264915943146,-0.4303264915943146
149,161,33,33,67,brake/brake_01b.jpg,brake,0.463414634,0.31647785007953644,-0.31647785007953644
149,161,34,34,66,bib/bib_01n.jpg,bib,0.925,0.5391253307461739,-0.5391253307461739
149,161,35,35,65,breathalyzer/breathalyzer_01b.jpg,breathalyzer,0.8,0.30722568929195404,-0.30722568929195404
149,161,36,36,64,bagel/bagel_01s.jpg,bagel,0.902439024,0.43793874979019165,-0.43793874979019165
149,161,37,37,63,cape/cape_01b.jpg,cape,0.87804878,0.32851462066173553,-0.32851462066173553
149,161,38,38,62,ankle/ankle_01b.jpg,ankle,0.850609756,0.2853674590587616,-0.2853674590587616
149,161,39,39,61,blowtorch/blowtorch_01b.jpg,blowtorch,0.8,0.33131328225135803,-0.33131328225135803
149,161,40,40,60,battery/battery_01b.jpg,battery,0.860465116,0.28396254777908325,-0.28396254777908325
149,161,41,41,59,beetle/beetle_01b.jpg,beetle,0.897435897,0.4379737377166748,-0.4379737377166748
149,161,42,42,58,dandelion/dandelion_01s.jpg,dandelion,0.794871795,0.5752253830432892,-0.5752253830432892
149,161,43,43,57,cobra/cobra_01b.jpg,cobra,0.853658537,1.5552411675453186,-1.5552411675453186
149,161,44,44,56,amber/amber_01b.jpg,amber,0.87804878,0.31367604434490204,-0.31367604434490204
149,161,45,45,55,chalk/chalk_01b.jpg,chalk,0.88372093,0.42355216294527054,-0.42355216294527054
149,161,46,46,54,coffee/coffee_01b.jpg,coffee,0.820512821,0.552376002073288,-0.552376002073288
149,161,47,47,53,christmas_card/christmas_card_01b.jpg,christmas_card,0.804878049,0.31433895230293274,-0.31433895230293274
149,161,48,48,52,beard/beard_01b.jpg,beard,0.875,0.42294999957084656,-0.42294999957084656
149,161,49,49,51,cashew/cashew_01b.jpg,cashew,0.818181818,0.4474695771932602,-0.4474695771932602
149,161,50,50,50,bonnet/bonnet_01s.jpg,bonnet,0.871794872,0.32243337482213974,-0.32243337482213974
150,162,1,1,99,cello/cello_01s.jpg,cello,0.825,1.3086707890033722,-1.3086707890033722
150,162,2,2,98,badger/badger_01b.jpg,badger,0.825,1.407759815454483,-1.407759815454483
150,162,3,3,97,blower/blower_01b.jpg,blower,0.928571429,0.43142158538103104,-0.43142158538103104
150,162,4,4,96,banana/banana_01b.jpg,banana,0.85,0.67367934435606,-0.67367934435606
150,162,5,5,95,cobra/cobra_01b.jpg,cobra,0.853658537,0.6550415009260178,-0.6550415009260178
150,162,6,6,94,cockatoo/cockatoo_01b.jpg,cockatoo,0.829268293,0.6419425308704376,-0.6419425308704376
150,162,7,7,93,bolo_tie/bolo_tie_01b.jpg,bolo_tie,0.833333333,0.48485158383846283,-0.48485158383846283
150,162,8,8,92,christmas_card/christmas_card_01b.jpg,christmas_card,0.804878049,0.3288109675049782,-0.3288109675049782
150,162,9,9,91,chocolate/chocolate_01b.jpg,chocolate,0.875,0.31491826474666595,-0.31491826474666595
150,162,10,10,90,anklet/anklet_01b.jpg,anklet,0.95,0.2866312563419342,-0.2866312563419342
150,162,11,11,89,coconut/coconut_01b.jpg,coconut,0.833333333,0.38734376430511475,-0.38734376430511475
150,162,12,12,88,beaker/beaker_01b.jpg,beaker,0.846153846,0.47529102861881256,-0.47529102861881256
150,162,13,13,87,beard/beard_01b.jpg,beard,0.875,0.44044874608516693,-0.44044874608516693
150,162,14,14,86,board/board_01b.jpg,board,0.894736842,0.503305196762085,-0.503305196762085
150,162,15,15,85,brace/brace_01b.jpg,brace,0.804878049,0.41784318536520004,-0.41784318536520004
150,162,16,16,84,almond/almond_01b.jpg,almond,0.829268293,0.4461957514286041,-0.4461957514286041
150,162,17,17,83,blinder/blinder_01b.jpg,blinder,0.825,0.4055608958005905,-0.4055608958005905
150,162,18,18,82,chicken1/chicken1_01b.jpg,chicken1,0.8,0.34250660240650177,-0.34250660240650177
150,162,19,19,81,curtain/curtain_01b.jpg,curtain,0.8,0.4448613226413727,-0.4448613226413727
150,162,20,20,80,beetle/beetle_01b.jpg,beetle,0.897435897,0.4537070691585541,-0.4537070691585541
150,162,21,21,79,amber/amber_01b.jpg,amber,0.87804878,0.33258143812417984,-0.33258143812417984
150,162,22,22,78,coffee/coffee_01b.jpg,coffee,0.820512821,0.923260897397995,-0.923260897397995
150,162,23,23,77,chihuahua/chihuahua_01b.jpg,chihuahua,0.923076923,1.303355723619461,-1.303355723619461
150,162,24,24,76,costume/costume_01b.jpg,costume,0.902439024,0.44695986807346344,-0.44695986807346344
150,162,25,25,75,dandelion/dandelion_01s.jpg,dandelion,0.794871795,0.546442985534668,-0.546442985534668
150,162,26,26,74,bassinet/bassinet_01b.jpg,bassinet,0.804878049,0.8886316046118736,-0.8886316046118736
150,162,27,27,73,clothespin/clothespin_01b.jpg,clothespin,0.840909091,0.43802961707115173,-0.43802961707115173
150,162,28,28,72,contact_lens/contact_lens_01s.jpg,contact_lens,0.872435897,0.29042041301727295,-0.29042041301727295
150,162,29,29,71,bonnet/bonnet_01s.jpg,bonnet,0.871794872,0.32748521119356155,-0.32748521119356155
150,162,30,30,70,brake/brake_01b.jpg,brake,0.463414634,0.3334430009126663,-0.3334430009126663
150,162,31,31,69,bib/bib_01n.jpg,bib,0.925,0.5138697475194931,-0.5138697475194931
150,162,32,32,68,cape/cape_01b.jpg,cape,0.87804878,0.3100259527564049,-0.3100259527564049
150,162,33,33,67,breathalyzer/breathalyzer_01b.jpg,breathalyzer,0.8,0.3154795542359352,-0.3154795542359352
150,162,34,34,66,carousel/carousel_01b.jpg,carousel,0.829268293,0.42225174605846405,-0.42225174605846405
150,162,35,35,65,bazooka/bazooka_01b.jpg,bazooka,0.9,0.33898889273405075,-0.33898889273405075
150,162,36,36,64,armor/armor_01b.jpg,armor,0.804878049,0.4735621362924576,-0.4735621362924576
150,162,37,37,63,cellphone/cellphone_01b.jpg,cellphone,0.80952381,0.4178972393274307,-0.4178972393274307
150,162,38,38,62,bow1/bow1_01b.jpg,bow1,0.794871795,0.462765708565712,-0.462765708565712
150,162,39,39,61,ankle/ankle_01b.jpg,ankle,0.850609756,0.28501614928245544,-0.28501614928245544
150,162,40,40,60,camel/camel_01b.jpg,camel,0.85,0.4627498835325241,-0.4627498835325241
150,162,41,41,59,cookie/cookie_01b.jpg,cookie,0.825,0.460130974650383,-0.460130974650383
150,162,42,42,58,calf2/calf2_01b.jpg,calf2,0.880952381,0.26472992449998856,-0.26472992449998856
150,162,43,43,57,battery/battery_01b.jpg,battery,0.860465116,0.30179327726364136,-0.30179327726364136
150,162,44,44,56,cornmeal/cornmeal_01b.jpg,cornmeal,0.846153846,1.0342081487178802,-1.0342081487178802
150,162,45,45,55,apron/apron_01b.jpg,apron,0.811522048,0.32870835810899734,-0.32870835810899734
150,162,46,46,54,bison/bison_01b.jpg,bison,0.868421053,0.4412693828344345,-0.4412693828344345
150,162,47,47,53,cashew/cashew_01b.jpg,cashew,0.818181818,0.4602855294942856,-0.4602855294942856
150,162,48,48,52,chalk/chalk_01b.jpg,chalk,0.88372093,0.40503451228141785,-0.40503451228141785
150,162,49,49,51,bagel/bagel_01s.jpg,bagel,0.902439024,0.5092921182513237,-0.5092921182513237
150,162,50,50,50,blowtorch/blowtorch_01b.jpg,blowtorch,0.8,0.31314782053232193,-0.31314782053232193
151,163,1,1,99,bagel/bagel_01s.jpg,bagel,0.902439024,0.8332136049866676,-0.8332136049866676
151,163,2,2,98,badger/badger_01b.jpg,badger,0.825,1.4509603828191757,-1.4509603828191757
151,163,3,3,97,cornmeal/cornmeal_01b.jpg,cornmeal,0.846153846,0.8962844908237457,-0.8962844908237457
151,163,4,4,96,appetizer/appetizer_01b.jpg,appetizer,0.794871795,0.8680022358894348,-0.8680022358894348
151,163,5,5,95,curtain/curtain_01b.jpg,curtain,0.8,0.5251192674040794,-0.5251192674040794
151,163,6,6,94,chalk/chalk_01b.jpg,chalk,0.88372093,0.4388412833213806,-0.4388412833213806
151,163,7,7,93,cape/cape_01b.jpg,cape,0.87804878,0.3871065229177475,-0.3871065229177475
151,163,8,8,92,bazooka/bazooka_01b.jpg,bazooka,0.9,0.3865286260843277,-0.3865286260843277
151,163,9,9,91,bonnet/bonnet_01s.jpg,bonnet,0.871794872,0.32603928446769714,-0.32603928446769714
151,163,10,10,90,armor/armor_01b.jpg,armor,0.804878049,0.6138497740030289,-0.6138497740030289
151,163,11,11,89,apron/apron_01b.jpg,apron,0.811522048,0.3479647859930992,-0.3479647859930992
151,163,12,12,88,christmas_card/christmas_card_01b.jpg,christmas_card,0.804878049,0.3053246960043907,-0.3053246960043907
151,163,13,13,87,camel/camel_01b.jpg,camel,0.85,0.5338992699980736,-0.5338992699980736
151,163,14,14,86,bow1/bow1_01b.jpg,bow1,0.794871795,0.5222666412591934,-0.5222666412591934
151,163,15,15,85,carousel/carousel_01b.jpg,carousel,0.829268293,0.43767237663269043,-0.43767237663269043
151,163,16,16,84,anklet/anklet_01b.jpg,anklet,0.95,0.32681190222501755,-0.32681190222501755
151,163,17,17,83,chocolate/chocolate_01b.jpg,chocolate,0.875,0.2799379676580429,-0.2799379676580429
151,163,18,18,82,chicken1/chicken1_01b.jpg,chicken1,0.8,0.3808467239141464,-0.3808467239141464
151,163,19,19,81,clothespin/clothespin_01b.jpg,clothespin,0.840909091,0.4097263216972351,-0.4097263216972351
151,163,20,20,80,bison/bison_01b.jpg,bison,0.868421053,0.45420850068330765,-0.45420850068330765
151,163,21,21,79,blinder/blinder_01b.jpg,blinder,0.825,0.38745831698179245,-0.38745831698179245
151,163,22,22,78,almond/almond_01b.jpg,almond,0.829268293,0.4655666649341583,-0.4655666649341583
151,163,23,23,77,banana/banana_01b.jpg,banana,0.85,0.4711933806538582,-0.4711933806538582
151,163,24,24,76,cello/cello_01s.jpg,cello,0.825,0.6549314260482788,-0.6549314260482788
151,163,25,25,75,coffee/coffee_01b.jpg,coffee,0.820512821,1.0135584473609924,-1.0135584473609924
151,163,26,26,74,dandelion/dandelion_01s.jpg,dandelion,0.794871795,0.5775256007909775,-0.5775256007909775
151,163,27,27,73,board/board_01b.jpg,board,0.894736842,0.4607618898153305,-0.4607618898153305
151,163,28,28,72,beaker/beaker_01b.jpg,beaker,0.846153846,0.4424958974123001,-0.4424958974123001
151,163,29,29,71,blower/blower_01b.jpg,blower,0.928571429,0.4288768470287323,-0.4288768470287323
151,163,30,30,70,bib/bib_01n.jpg,bib,0.925,0.5192035138607025,-0.5192035138607025
151,163,31,31,69,cobra/cobra_01b.jpg,cobra,0.853658537,1.1534813940525055,-1.1534813940525055
151,163,32,32,68,beard/beard_01b.jpg,beard,0.875,0.40865930169820786,-0.40865930169820786
151,163,33,33,67,chihuahua/chihuahua_01b.jpg,chihuahua,0.923076923,1.3943910896778107,-1.3943910896778107
151,163,34,34,66,cockatoo/cockatoo_01b.jpg,cockatoo,0.829268293,0.7953459620475769,-0.7953459620475769
151,163,35,35,65,breathalyzer/breathalyzer_01b.jpg,breathalyzer,0.8,0.337300606071949,-0.337300606071949
151,163,36,36,64,blowtorch/blowtorch_01b.jpg,blowtorch,0.8,0.32267777621746063,-0.32267777621746063
151,163,37,37,63,costume/costume_01b.jpg,costume,0.902439024,0.3962098956108093,-0.3962098956108093
151,163,38,38,62,brace/brace_01b.jpg,brace,0.804878049,0.37962817400693893,-0.37962817400693893
151,163,39,39,61,bassinet/bassinet_01b.jpg,bassinet,0.804878049,0.9008783027529716,-0.9008783027529716
151,163,40,40,60,coconut/coconut_01b.jpg,coconut,0.833333333,0.4152757078409195,-0.4152757078409195
151,163,41,41,59,beetle/beetle_01b.jpg,beetle,0.897435897,0.4809097647666931,-0.4809097647666931
151,163,42,42,58,bolo_tie/bolo_tie_01b.jpg,bolo_tie,0.833333333,0.3998739644885063,-0.3998739644885063
151,163,43,43,57,cashew/cashew_01b.jpg,cashew,0.818181818,0.47420136630535126,-0.47420136630535126
151,163,44,44,56,cookie/cookie_01b.jpg,cookie,0.825,0.4766370505094528,-0.4766370505094528
151,163,45,45,55,battery/battery_01b.jpg,battery,0.860465116,0.30407868325710297,-0.30407868325710297
151,163,46,46,54,cellphone/cellphone_01b.jpg,cellphone,0.80952381,0.40865402668714523,-0.40865402668714523
151,163,47,47,53,amber/amber_01b.jpg,amber,0.87804878,0.3571772202849388,-0.3571772202849388
151,163,48,48,52,ankle/ankle_01b.jpg,ankle,0.850609756,0.2928873971104622,-0.2928873971104622
151,163,49,49,51,calf2/calf2_01b.jpg,calf2,0.880952381,0.2668389230966568,-0.2668389230966568
151,163,50,50,50,contact_lens/contact_lens_01s.jpg,contact_lens,0.872435897,0.295001357793808,-0.295001357793808
152,164,1,1,99,bolo_tie/bolo_tie_01b.jpg,bolo_tie,0.833333333,0.7301287800073624,-0.7301287800073624
152,164,2,2,98,coffee/coffee_01b.jpg,coffee,0.820512821,0.6076429188251495,-0.6076429188251495
152,164,3,3,97,armor/armor_01b.jpg,armor,0.804878049,0.6359659284353256,-0.6359659284353256
152,164,4,4,96,ankle/ankle_01b.jpg,ankle,0.850609756,0.28722143173217773,-0.28722143173217773
152,164,5,5,95,cape/cape_01b.jpg,cape,0.87804878,0.3378954604268074,-0.3378954604268074
152,164,6,6,94,calf2/calf2_01b.jpg,calf2,0.880952381,0.2563099339604378,-0.2563099339604378
152,164,7,7,93,cashew/cashew_01b.jpg,cashew,0.818181818,0.5211384743452072,-0.5211384743452072
152,164,8,8,92,carousel/carousel_01b.jpg,carousel,0.829268293,0.43191494047641754,-0.43191494047641754
152,164,9,9,91,blowtorch/blowtorch_01b.jpg,blowtorch,0.8,0.3974790796637535,-0.3974790796637535
152,164,10,10,90,costume/costume_01b.jpg,costume,0.902439024,0.3761151134967804,-0.3761151134967804
152,164,11,11,89,chocolate/chocolate_01b.jpg,chocolate,0.875,0.2959308922290802,-0.2959308922290802
152,164,12,12,88,beard/beard_01b.jpg,beard,0.875,0.4233739748597145,-0.4233739748597145
152,164,13,13,87,cello/cello_01s.jpg,cello,0.825,0.5098566561937332,-0.5098566561937332
152,164,14,14,86,battery/battery_01b.jpg,battery,0.860465116,0.31295493990182877,-0.31295493990182877
152,164,15,15,85,apron/apron_01b.jpg,apron,0.811522048,0.32354549318552017,-0.32354549318552017
152,164,16,16,84,blower/blower_01b.jpg,blower,0.928571429,0.4216123893857002,-0.4216123893857002
152,164,17,17,83,beetle/beetle_01b.jpg,beetle,0.897435897,0.48423223942518234,-0.48423223942518234
152,164,18,18,82,brace/brace_01b.jpg,brace,0.804878049,0.35890282690525055,-0.35890282690525055
152,164,19,19,81,bison/bison_01b.jpg,bison,0.868421053,0.4197783097624779,-0.4197783097624779
152,164,20,20,80,contact_lens/contact_lens_01s.jpg,contact_lens,0.872435897,0.29538295418024063,-0.29538295418024063
152,164,21,21,79,appetizer/appetizer_01b.jpg,appetizer,0.794871795,0.695424884557724,-0.695424884557724
152,164,22,22,78,christmas_card/christmas_card_01b.jpg,christmas_card,0.804878049,0.28527048975229263,-0.28527048975229263
152,164,23,23,77,board/board_01b.jpg,board,0.894736842,0.44358061254024506,-0.44358061254024506
152,164,24,24,76,bagel/bagel_01s.jpg,bagel,0.902439024,0.5227523669600487,-0.5227523669600487
152,164,25,25,75,bazooka/bazooka_01b.jpg,bazooka,0.9,0.32459456473588943,-0.32459456473588943
152,164,26,26,74,dandelion/dandelion_01s.jpg,dandelion,0.794871795,0.5107126533985138,-0.5107126533985138
152,164,27,27,73,blinder/blinder_01b.jpg,blinder,0.825,0.35230159014463425,-0.35230159014463425
152,164,28,28,72,cornmeal/cornmeal_01b.jpg,cornmeal,0.846153846,0.5897788256406784,-0.5897788256406784
152,164,29,29,71,cockatoo/cockatoo_01b.jpg,cockatoo,0.829268293,0.6709874719381332,-0.6709874719381332
152,164,30,30,70,bow1/bow1_01b.jpg,bow1,0.794871795,0.46041321754455566,-0.46041321754455566
152,164,31,31,69,bonnet/bonnet_01s.jpg,bonnet,0.871794872,0.30670205503702164,-0.30670205503702164
152,164,32,32,68,banana/banana_01b.jpg,banana,0.85,0.398295097053051,-0.398295097053051
152,164,33,33,67,chalk/chalk_01b.jpg,chalk,0.88372093,0.368757963180542,-0.368757963180542
152,164,34,34,66,almond/almond_01b.jpg,almond,0.829268293,0.43444664776325226,-0.43444664776325226
152,164,35,35,65,bib/bib_01n.jpg,bib,0.925,0.49535395950078964,-0.49535395950078964
152,164,36,36,64,bassinet/bassinet_01b.jpg,bassinet,0.804878049,0.7233932390809059,-0.7233932390809059
152,164,37,37,63,cellphone/cellphone_01b.jpg,cellphone,0.80952381,0.4098772928118706,-0.4098772928118706
152,164,38,38,62,cufflink/cufflink_01b.jpg,cufflink,0.789473684,0.3873385190963745,-0.3873385190963745
152,164,39,39,61,clothespin/clothespin_01b.jpg,clothespin,0.840909091,0.37435199320316315,-0.37435199320316315
152,164,40,40,60,beaker/beaker_01b.jpg,beaker,0.846153846,0.46681441366672516,-0.46681441366672516
152,164,41,41,59,breathalyzer/breathalyzer_01b.jpg,breathalyzer,0.8,0.3103770837187767,-0.3103770837187767
152,164,42,42,58,curtain/curtain_01b.jpg,curtain,0.8,0.4295411705970764,-0.4295411705970764
152,164,43,43,57,coconut/coconut_01b.jpg,coconut,0.833333333,0.38694628328084946,-0.38694628328084946
152,164,44,44,56,amber/amber_01b.jpg,amber,0.87804878,0.32091371715068817,-0.32091371715068817
152,164,45,45,55,cobra/cobra_01b.jpg,cobra,0.853658537,0.9498529136180878,-0.9498529136180878
152,164,46,46,54,camel/camel_01b.jpg,camel,0.85,0.4107973128557205,-0.4107973128557205
152,164,47,47,53,badger/badger_01b.jpg,badger,0.825,0.4982011765241623,-0.4982011765241623
152,164,48,48,52,cookie/cookie_01b.jpg,cookie,0.825,0.40328191965818405,-0.40328191965818405
152,164,49,49,51,chihuahua/chihuahua_01b.jpg,chihuahua,0.923076923,1.3289660811424255,-1.3289660811424255
152,164,50,50,50,chicken1/chicken1_01b.jpg,chicken1,0.8,0.31026144325733185,-0.31026144325733185
153,165,1,1,99,chalk/chalk_01b.jpg,chalk,0.88372093,0.38915644586086273,-0.38915644586086273
153,165,2,2,98,banner/banner_01b.jpg,banner,0.789473684,0.4631267488002777,-0.4631267488002777
153,165,3,3,97,bassinet/bassinet_01b.jpg,bassinet,0.804878049,1.0017525181174278,-1.0017525181174278
153,165,4,4,96,breathalyzer/breathalyzer_01b.jpg,breathalyzer,0.8,0.3981785923242569,-0.3981785923242569
153,165,5,5,95,blowtorch/blowtorch_01b.jpg,blowtorch,0.8,0.42402467131614685,-0.42402467131614685
153,165,6,6,94,coconut/coconut_01b.jpg,coconut,0.833333333,0.4065714031457901,-0.4065714031457901
153,165,7,7,93,armor/armor_01b.jpg,armor,0.804878049,0.6593939661979675,-0.6593939661979675
153,165,8,8,92,bib/bib_01n.jpg,bib,0.925,0.5541490018367767,-0.5541490018367767
153,165,9,9,91,calf2/calf2_01b.jpg,calf2,0.880952381,0.296981506049633,-0.296981506049633
153,165,10,10,90,carousel/carousel_01b.jpg,carousel,0.829268293,0.4414578527212143,-0.4414578527212143
153,165,11,11,89,badger/badger_01b.jpg,badger,0.825,0.6507698148488998,-0.6507698148488998
153,165,12,12,88,appetizer/appetizer_01b.jpg,appetizer,0.794871795,0.8267535269260406,-0.8267535269260406
153,165,13,13,87,bolo_tie/bolo_tie_01b.jpg,bolo_tie,0.833333333,0.46822041273117065,-0.46822041273117065
153,165,14,14,86,cobra/cobra_01b.jpg,cobra,0.853658537,1.0855498611927032,-1.0855498611927032
153,165,15,15,85,board/board_01b.jpg,board,0.894736842,0.47024327516555786,-0.47024327516555786
153,165,16,16,84,blinder/blinder_01b.jpg,blinder,0.825,0.38033202290534973,-0.38033202290534973
153,165,17,17,83,cornmeal/cornmeal_01b.jpg,cornmeal,0.846153846,0.6407304853200912,-0.6407304853200912
153,165,18,18,82,bonnet/bonnet_01s.jpg,bonnet,0.871794872,0.35941826552152634,-0.35941826552152634
153,165,19,19,81,battery/battery_01b.jpg,battery,0.860465116,0.3318480849266052,-0.3318480849266052
153,165,20,20,80,banana/banana_01b.jpg,banana,0.85,0.42351341992616653,-0.42351341992616653
153,165,21,21,79,cello/cello_01s.jpg,cello,0.825,0.5608555376529694,-0.5608555376529694
153,165,22,22,78,cockatoo/cockatoo_01b.jpg,cockatoo,0.829268293,0.5834050178527832,-0.5834050178527832
153,165,23,23,77,chocolate/chocolate_01b.jpg,chocolate,0.875,0.2969946339726448,-0.2969946339726448
153,165,24,24,76,cashew/cashew_01b.jpg,cashew,0.818181818,0.48898763954639435,-0.48898763954639435
153,165,25,25,75,beetle/beetle_01b.jpg,beetle,0.897435897,0.5292121320962906,-0.5292121320962906
153,165,26,26,74,chicken1/chicken1_01b.jpg,chicken1,0.8,0.43057385832071304,-0.43057385832071304
153,165,27,27,73,cape/cape_01b.jpg,cape,0.87804878,0.4039035886526108,-0.4039035886526108
153,165,28,28,72,contact_lens/contact_lens_01s.jpg,contact_lens,0.872435897,0.3492145985364914,-0.3492145985364914
153,165,29,29,71,coffee/coffee_01b.jpg,coffee,0.820512821,1.0537334084510803,-1.0537334084510803
153,165,30,30,70,cellphone/cellphone_01b.jpg,cellphone,0.80952381,0.45773957669734955,-0.45773957669734955
153,165,31,31,69,almond/almond_01b.jpg,almond,0.829268293,0.4176853224635124,-0.4176853224635124
153,165,32,32,68,amber/amber_01b.jpg,amber,0.87804878,0.328629806637764,-0.328629806637764
153,165,33,33,67,bison/bison_01b.jpg,bison,0.868421053,0.44119611382484436,-0.44119611382484436
153,165,34,34,66,curtain/curtain_01b.jpg,curtain,0.8,0.524529367685318,-0.524529367685318
153,165,35,35,65,clothespin/clothespin_01b.jpg,clothespin,0.840909091,0.48007219284772873,-0.48007219284772873
153,165,36,36,64,costume/costume_01b.jpg,costume,0.902439024,0.3944980651140213,-0.3944980651140213
153,165,37,37,63,christmas_card/christmas_card_01b.jpg,christmas_card,0.804878049,0.2940351516008377,-0.2940351516008377
153,165,38,38,62,chihuahua/chihuahua_01b.jpg,chihuahua,0.923076923,1.3260968923568726,-1.3260968923568726
153,165,39,39,61,camel/camel_01b.jpg,camel,0.85,0.4561519920825958,-0.4561519920825958
153,165,40,40,60,beard/beard_01b.jpg,beard,0.875,0.41755545884370804,-0.41755545884370804
153,165,41,41,59,cookie/cookie_01b.jpg,cookie,0.825,0.45119351148605347,-0.45119351148605347
153,165,42,42,58,bagel/bagel_01s.jpg,bagel,0.902439024,0.7612404301762581,-0.7612404301762581
153,165,43,43,57,brace/brace_01b.jpg,brace,0.804878049,0.37553340196609497,-0.37553340196609497
153,165,44,44,56,apron/apron_01b.jpg,apron,0.811522048,0.3427374064922333,-0.3427374064922333
153,165,45,45,55,ankle/ankle_01b.jpg,ankle,0.850609756,0.2996770218014717,-0.2996770218014717
153,165,46,46,54,dandelion/dandelion_01s.jpg,dandelion,0.794871795,0.592970073223114,-0.592970073223114
153,165,47,47,53,beaker/beaker_01b.jpg,beaker,0.846153846,0.4993792772293091,-0.4993792772293091
153,165,48,48,52,bazooka/bazooka_01b.jpg,bazooka,0.9,0.358613558113575,-0.358613558113575
153,165,49,49,51,bow1/bow1_01b.jpg,bow1,0.794871795,0.45501086115837097,-0.45501086115837097
153,165,50,50,50,cufflink/cufflink_01b.jpg,cufflink,0.789473684,0.388920396566391,-0.388920396566391
154,166,1,1,99,almond/almond_01b.jpg,almond,0.829268293,0.4461236894130707,-0.4461236894130707
154,166,2,2,98,curtain/curtain_01b.jpg,curtain,0.8,0.5131628662347794,-0.5131628662347794
154,166,3,3,97,bazooka/bazooka_01b.jpg,bazooka,0.9,0.3915405720472336,-0.3915405720472336
154,166,4,4,96,bolo_tie/bolo_tie_01b.jpg,bolo_tie,0.833333333,0.6768302172422409,-0.6768302172422409
154,166,5,5,95,banner/banner_01b.jpg,banner,0.789473684,0.43978336453437805,-0.43978336453437805
154,166,6,6,94,chocolate/chocolate_01b.jpg,chocolate,0.875,0.3295515924692154,-0.3295515924692154
154,166,7,7,93,calf2/calf2_01b.jpg,calf2,0.880952381,0.29510219395160675,-0.29510219395160675
154,166,8,8,92,christmas_card/christmas_card_01b.jpg,christmas_card,0.804878049,0.34108106046915054,-0.34108106046915054
154,166,9,9,91,bow1/bow1_01b.jpg,bow1,0.794871795,0.5664067715406418,-0.5664067715406418
154,166,10,10,90,cornmeal/cornmeal_01b.jpg,cornmeal,0.846153846,0.6242298781871796,-0.6242298781871796
154,166,11,11,89,coffee/coffee_01b.jpg,coffee,0.820512821,0.7470369935035706,-0.7470369935035706
154,166,12,12,88,breathalyzer/breathalyzer_01b.jpg,breathalyzer,0.8,0.3332848772406578,-0.3332848772406578
154,166,13,13,87,chihuahua/chihuahua_01b.jpg,chihuahua,0.923076923,1.338925302028656,-1.338925302028656
154,166,14,14,86,ankle/ankle_01b.jpg,ankle,0.850609756,0.32225462049245834,-0.32225462049245834
154,166,15,15,85,banana/banana_01b.jpg,banana,0.85,0.4655361995100975,-0.4655361995100975
154,166,16,16,84,chalk/chalk_01b.jpg,chalk,0.88372093,0.45064447820186615,-0.45064447820186615
154,166,17,17,83,battery/battery_01b.jpg,battery,0.860465116,0.327251136302948,-0.327251136302948
154,166,18,18,82,beetle/beetle_01b.jpg,beetle,0.897435897,0.4759780317544937,-0.4759780317544937
154,166,19,19,81,cellphone/cellphone_01b.jpg,cellphone,0.80952381,0.43936967849731445,-0.43936967849731445
154,166,20,20,80,costume/costume_01b.jpg,costume,0.902439024,0.4421077221632004,-0.4421077221632004
154,166,21,21,79,beaker/beaker_01b.jpg,beaker,0.846153846,0.503370925784111,-0.503370925784111
154,166,22,22,78,cashew/cashew_01b.jpg,cashew,0.818181818,0.4958469420671463,-0.4958469420671463
154,166,23,23,77,blinder/blinder_01b.jpg,blinder,0.825,0.3846740573644638,-0.3846740573644638
154,166,24,24,76,apron/apron_01b.jpg,apron,0.811522048,0.35920047014951706,-0.35920047014951706
154,166,25,25,75,cobra/cobra_01b.jpg,cobra,0.853658537,1.2420051395893097,-1.2420051395893097
154,166,26,26,74,cookie/cookie_01b.jpg,cookie,0.825,0.50216144323349,-0.50216144323349
154,166,27,27,73,bagel/bagel_01s.jpg,bagel,0.902439024,0.727378137409687,-0.727378137409687
154,166,28,28,72,chicken1/chicken1_01b.jpg,chicken1,0.8,0.37902458757162094,-0.37902458757162094
154,166,29,29,71,dandelion/dandelion_01s.jpg,dandelion,0.794871795,0.5620817244052887,-0.5620817244052887
154,166,30,30,70,bison/bison_01b.jpg,bison,0.868421053,0.4591631293296814,-0.4591631293296814
154,166,31,31,69,appetizer/appetizer_01b.jpg,appetizer,0.794871795,0.6712644547224045,-0.6712644547224045
154,166,32,32,68,cockatoo/cockatoo_01b.jpg,cockatoo,0.829268293,0.47183462977409363,-0.47183462977409363
154,166,33,33,67,contact_lens/contact_lens_01s.jpg,contact_lens,0.872435897,0.30172547698020935,-0.30172547698020935
154,166,34,34,66,blowtorch/blowtorch_01b.jpg,blowtorch,0.8,0.33870308101177216,-0.33870308101177216
154,166,35,35,65,cape/cape_01b.jpg,cape,0.87804878,0.3564334809780121,-0.3564334809780121
154,166,36,36,64,board/board_01b.jpg,board,0.894736842,0.4752458781003952,-0.4752458781003952
154,166,37,37,63,armor/armor_01b.jpg,armor,0.804878049,0.5035534352064133,-0.5035534352064133
154,166,38,38,62,brace/brace_01b.jpg,brace,0.804878049,0.3696542903780937,-0.3696542903780937
154,166,39,39,61,badger/badger_01b.jpg,badger,0.825,0.584169402718544,-0.584169402718544
154,166,40,40,60,carousel/carousel_01b.jpg,carousel,0.829268293,0.40811148285865784,-0.40811148285865784
154,166,41,41,59,bonnet/bonnet_01s.jpg,bonnet,0.871794872,0.3256705179810524,-0.3256705179810524
154,166,42,42,58,camel/camel_01b.jpg,camel,0.85,0.4781482666730881,-0.4781482666730881
154,166,43,43,57,cufflink/cufflink_01b.jpg,cufflink,0.789473684,0.43157273530960083,-0.43157273530960083
154,166,44,44,56,cello/cello_01s.jpg,cello,0.825,0.4745205044746399,-0.4745205044746399
154,166,45,45,55,caviar/caviar_01b.jpg,caviar,0.785714286,0.5051947832107544,-0.5051947832107544
154,166,46,46,54,clothespin/clothespin_01b.jpg,clothespin,0.840909091,0.394366092979908,-0.394366092979908
154,166,47,47,53,coconut/coconut_01b.jpg,coconut,0.833333333,0.4157097339630127,-0.4157097339630127
154,166,48,48,52,beard/beard_01b.jpg,beard,0.875,0.4688321053981781,-0.4688321053981781
154,166,49,49,51,amber/amber_01b.jpg,amber,0.87804878,0.3576119989156723,-0.3576119989156723
154,166,50,50,50,bassinet/bassinet_01b.jpg,bassinet,0.804878049,0.928815096616745,-0.928815096616745
155,167,1,1,99,breathalyzer/breathalyzer_01b.jpg,breathalyzer,0.8,0.3959563970565796,-0.3959563970565796
155,167,2,2,98,chocolate/chocolate_01b.jpg,chocolate,0.875,0.32176458090543747,-0.32176458090543747
155,167,3,3,97,appetizer/appetizer_01b.jpg,appetizer,0.794871795,0.628706231713295,-0.628706231713295
155,167,4,4,96,clothespin/clothespin_01b.jpg,clothespin,0.840909091,0.43005457520484924,-0.43005457520484924
155,167,5,5,95,caviar/caviar_01b.jpg,caviar,0.785714286,0.5335383415222168,-0.5335383415222168
155,167,6,6,94,dandelion/dandelion_01s.jpg,dandelion,0.794871795,0.5468451976776123,-0.5468451976776123
155,167,7,7,93,cashew/cashew_01b.jpg,cashew,0.818181818,0.4946288466453552,-0.4946288466453552
155,167,8,8,92,amber/amber_01b.jpg,amber,0.87804878,0.34244271367788315,-0.34244271367788315
155,167,9,9,91,bison/bison_01b.jpg,bison,0.868421053,0.5115621387958527,-0.5115621387958527
155,167,10,10,90,coffee/coffee_01b.jpg,coffee,0.820512821,0.7131523787975311,-0.7131523787975311
155,167,11,11,89,bassinet/bassinet_01b.jpg,bassinet,0.804878049,0.6884496882557869,-0.6884496882557869
155,167,12,12,88,contact_lens/contact_lens_01s.jpg,contact_lens,0.872435897,0.32418304681777954,-0.32418304681777954
155,167,13,13,87,camel/camel_01b.jpg,camel,0.85,0.49138660728931427,-0.49138660728931427
155,167,14,14,86,calf2/calf2_01b.jpg,calf2,0.880952381,0.2804066464304924,-0.2804066464304924
155,167,15,15,85,board/board_01b.jpg,board,0.894736842,0.47322656214237213,-0.47322656214237213
155,167,16,16,84,curtain/curtain_01b.jpg,curtain,0.8,0.3625950813293457,-0.3625950813293457
155,167,17,17,83,costume/costume_01b.jpg,costume,0.902439024,0.37561481446027756,-0.37561481446027756
155,167,18,18,82,armor/armor_01b.jpg,armor,0.804878049,0.4713732600212097,-0.4713732600212097
155,167,19,19,81,almond/almond_01b.jpg,almond,0.829268293,0.39975665509700775,-0.39975665509700775
155,167,20,20,80,cookie/cookie_01b.jpg,cookie,0.825,0.43645308166742325,-0.43645308166742325
155,167,21,21,79,brace/brace_01b.jpg,brace,0.804878049,0.3875860199332237,-0.3875860199332237
155,167,22,22,78,beaker/beaker_01b.jpg,beaker,0.846153846,0.43573203682899475,-0.43573203682899475
155,167,23,23,77,carousel/carousel_01b.jpg,carousel,0.829268293,0.3954262286424637,-0.3954262286424637
155,167,24,24,76,cape/cape_01b.jpg,cape,0.87804878,0.3338739424943924,-0.3338739424943924
155,167,25,25,75,cockatoo/cockatoo_01b.jpg,cockatoo,0.829268293,0.41597845405340195,-0.41597845405340195
155,167,26,26,74,banner/banner_01b.jpg,banner,0.789473684,0.44218431413173676,-0.44218431413173676
155,167,27,27,73,battery/battery_01b.jpg,battery,0.860465116,0.3038577660918236,-0.3038577660918236
155,167,28,28,72,cobra/cobra_01b.jpg,cobra,0.853658537,1.2135445177555084,-1.2135445177555084
155,167,29,29,71,bazooka/bazooka_01b.jpg,bazooka,0.9,0.32046491652727127,-0.32046491652727127
155,167,30,30,70,apron/apron_01b.jpg,apron,0.811522048,0.3267178609967232,-0.3267178609967232
155,167,31,31,69,cornmeal/cornmeal_01b.jpg,cornmeal,0.846153846,0.5832551270723343,-0.5832551270723343
155,167,32,32,68,bonnet/bonnet_01s.jpg,bonnet,0.871794872,0.31628142297267914,-0.31628142297267914
155,167,33,33,67,bolo_tie/bolo_tie_01b.jpg,bolo_tie,0.833333333,0.38246991485357285,-0.38246991485357285
155,167,34,34,66,badger/badger_01b.jpg,badger,0.825,0.5689693540334702,-0.5689693540334702
155,167,35,35,65,chicken1/chicken1_01b.jpg,chicken1,0.8,0.3273300305008888,-0.3273300305008888
155,167,36,36,64,chalk/chalk_01b.jpg,chalk,0.88372093,0.3915047273039818,-0.3915047273039818
155,167,37,37,63,blowtorch/blowtorch_01b.jpg,blowtorch,0.8,0.3271305039525032,-0.3271305039525032
155,167,38,38,62,cufflink/cufflink_01b.jpg,cufflink,0.789473684,0.3907475546002388,-0.3907475546002388
155,167,39,39,61,cellphone/cellphone_01b.jpg,cellphone,0.80952381,0.4302174523472786,-0.4302174523472786
155,167,40,40,60,banana/banana_01b.jpg,banana,0.85,0.3921494781970978,-0.3921494781970978
155,167,41,41,59,beard/beard_01b.jpg,beard,0.875,0.431008517742157,-0.431008517742157
155,167,42,42,58,beetle/beetle_01b.jpg,beetle,0.897435897,0.4074492081999779,-0.4074492081999779
155,167,43,43,57,alligator/alligator_01b.jpg,alligator,0.785714286,0.43789827078580856,-0.43789827078580856
155,167,44,44,56,ankle/ankle_01b.jpg,ankle,0.850609756,0.2879505828022957,-0.2879505828022957
155,167,45,45,55,bagel/bagel_01s.jpg,bagel,0.902439024,0.6118481010198593,-0.6118481010198593
155,167,46,46,54,blinder/blinder_01b.jpg,blinder,0.825,0.37561967968940735,-0.37561967968940735
155,167,47,47,53,coconut/coconut_01b.jpg,coconut,0.833333333,0.38412776589393616,-0.38412776589393616
155,167,48,48,52,cello/cello_01s.jpg,cello,0.825,0.4259171485900879,-0.4259171485900879
155,167,49,49,51,bow1/bow1_01b.jpg,bow1,0.794871795,0.457594633102417,-0.457594633102417
155,167,50,50,50,christmas_card/christmas_card_01b.jpg,christmas_card,0.804878049,0.2948351725935936,-0.2948351725935936
156,168,1,1,99,alligator/alligator_01b.jpg,alligator,0.785714286,2.5000698640942574,-2.5000698640942574
156,168,2,2,98,cellphone/cellphone_01b.jpg,cellphone,0.80952381,0.6615316197276115,-0.6615316197276115
156,168,3,3,97,bagel/bagel_01s.jpg,bagel,0.902439024,0.7876130789518356,-0.7876130789518356
156,168,4,4,96,christmas_card/christmas_card_01b.jpg,christmas_card,0.804878049,0.325148768723011,-0.325148768723011
156,168,5,5,95,cobra/cobra_01b.jpg,cobra,0.853658537,0.714163601398468,-0.714163601398468
156,168,6,6,94,banner/banner_01b.jpg,banner,0.789473684,0.4351770803332329,-0.4351770803332329
156,168,7,7,93,coffee/coffee_01b.jpg,coffee,0.820512821,0.9561077505350113,-0.9561077505350113
156,168,8,8,92,caviar/caviar_01b.jpg,caviar,0.785714286,0.550727367401123,-0.550727367401123
156,168,9,9,91,beaker/beaker_01b.jpg,beaker,0.846153846,0.45943425595760345,-0.45943425595760345
156,168,10,10,90,carousel/carousel_01b.jpg,carousel,0.829268293,0.40983420610427856,-0.40983420610427856
156,168,11,11,89,bolo_tie/bolo_tie_01b.jpg,bolo_tie,0.833333333,0.45434071123600006,-0.45434071123600006
156,168,12,12,88,coconut/coconut_01b.jpg,coconut,0.833333333,0.401058167219162,-0.401058167219162
156,168,13,13,87,blinder/blinder_01b.jpg,blinder,0.825,0.38878877460956573,-0.38878877460956573
156,168,14,14,86,breathalyzer/breathalyzer_01b.jpg,breathalyzer,0.8,0.31531042605638504,-0.31531042605638504
156,168,15,15,85,bonnet/bonnet_01s.jpg,bonnet,0.871794872,0.3219278007745743,-0.3219278007745743
156,168,16,16,84,board/board_01b.jpg,board,0.894736842,0.48943111300468445,-0.48943111300468445
156,168,17,17,83,battery/battery_01b.jpg,battery,0.860465116,0.3253239318728447,-0.3253239318728447
156,168,18,18,82,cufflink/cufflink_01b.jpg,cufflink,0.789473684,0.41917306184768677,-0.41917306184768677
156,168,19,19,81,badger/badger_01b.jpg,badger,0.825,0.5299385040998459,-0.5299385040998459
156,168,20,20,80,clothespin/clothespin_01b.jpg,clothespin,0.840909091,0.44619015604257584,-0.44619015604257584
156,168,21,21,79,bow1/bow1_01b.jpg,bow1,0.794871795,0.4879034161567688,-0.4879034161567688
156,168,22,22,78,bison/bison_01b.jpg,bison,0.868421053,0.4347432106733322,-0.4347432106733322
156,168,23,23,77,christmas_tree/christmas_tree_01b.jpg,christmas_tree,0.780487805,0.35799263417720795,-0.35799263417720795
156,168,24,24,76,cape/cape_01b.jpg,cape,0.87804878,0.3565647751092911,-0.3565647751092911
156,168,25,25,75,blowtorch/blowtorch_01b.jpg,blowtorch,0.8,0.3569999039173126,-0.3569999039173126
156,168,26,26,74,apron/apron_01b.jpg,apron,0.811522048,0.3475185036659241,-0.3475185036659241
156,168,27,27,73,beard/beard_01b.jpg,beard,0.875,0.4291061609983444,-0.4291061609983444
156,168,28,28,72,appetizer/appetizer_01b.jpg,appetizer,0.794871795,0.6915614455938339,-0.6915614455938339
156,168,29,29,71,cashew/cashew_01b.jpg,cashew,0.818181818,0.48795734345912933,-0.48795734345912933
156,168,30,30,70,chicken1/chicken1_01b.jpg,chicken1,0.8,0.3562081307172775,-0.3562081307172775
156,168,31,31,69,calf2/calf2_01b.jpg,calf2,0.880952381,0.2742772251367569,-0.2742772251367569
156,168,32,32,68,cello/cello_01s.jpg,cello,0.825,0.5069618225097656,-0.5069618225097656
156,168,33,33,67,cockatoo/cockatoo_01b.jpg,cockatoo,0.829268293,0.8963929638266563,-0.8963929638266563
156,168,34,34,66,contact_lens/contact_lens_01s.jpg,contact_lens,0.872435897,0.2988375127315521,-0.2988375127315521
156,168,35,35,65,bazooka/bazooka_01b.jpg,bazooka,0.9,0.33505676686763763,-0.33505676686763763
156,168,36,36,64,chalk/chalk_01b.jpg,chalk,0.88372093,0.4406507909297943,-0.4406507909297943
156,168,37,37,63,bassinet/bassinet_01b.jpg,bassinet,0.804878049,0.8351623639464378,-0.8351623639464378
156,168,38,38,62,cornmeal/cornmeal_01b.jpg,cornmeal,0.846153846,0.5440137535333633,-0.5440137535333633
156,168,39,39,61,banana/banana_01b.jpg,banana,0.85,0.43652457743883133,-0.43652457743883133
156,168,40,40,60,amber/amber_01b.jpg,amber,0.87804878,0.3051455169916153,-0.3051455169916153
156,168,41,41,59,chocolate/chocolate_01b.jpg,chocolate,0.875,0.30727455765008926,-0.30727455765008926
156,168,42,42,58,armor/armor_01b.jpg,armor,0.804878049,0.45179887115955353,-0.45179887115955353
156,168,43,43,57,ankle/ankle_01b.jpg,ankle,0.850609756,0.30758845061063766,-0.30758845061063766
156,168,44,44,56,brace/brace_01b.jpg,brace,0.804878049,0.3937327340245247,-0.3937327340245247
156,168,45,45,55,curtain/curtain_01b.jpg,curtain,0.8,0.4659753516316414,-0.4659753516316414
156,168,46,46,54,almond/almond_01b.jpg,almond,0.829268293,0.42659156024456024,-0.42659156024456024
156,168,47,47,53,cookie/cookie_01b.jpg,cookie,0.825,0.4027591049671173,-0.4027591049671173
156,168,48,48,52,camel/camel_01b.jpg,camel,0.85,0.38926346600055695,-0.38926346600055695
156,168,49,49,51,dandelion/dandelion_01s.jpg,dandelion,0.794871795,0.5445607602596283,-0.5445607602596283
156,168,50,50,50,beetle/beetle_01b.jpg,beetle,0.897435897,0.4203682467341423,-0.4203682467341423
157,169,1,1,99,cashew/cashew_01b.jpg,cashew,0.818181818,0.47375497221946716,-0.47375497221946716
157,169,2,2,98,carousel/carousel_01b.jpg,carousel,0.829268293,0.44509540498256683,-0.44509540498256683
157,169,3,3,97,contact_lens/contact_lens_01s.jpg,contact_lens,0.872435897,0.31147393584251404,-0.31147393584251404
157,169,4,4,96,chalk/chalk_01b.jpg,chalk,0.88372093,0.41747307777404785,-0.41747307777404785
157,169,5,5,95,beaker/beaker_01b.jpg,beaker,0.846153846,0.6555273532867432,-0.6555273532867432
157,169,6,6,94,brace/brace_01b.jpg,brace,0.804878049,0.43662530928850174,-0.43662530928850174
157,169,7,7,93,cello/cello_01s.jpg,cello,0.825,0.4178893268108368,-0.4178893268108368
157,169,8,8,92,beard/beard_01b.jpg,beard,0.875,0.43663258850574493,-0.43663258850574493
157,169,9,9,91,caviar/caviar_01b.jpg,caviar,0.785714286,0.5372764766216278,-0.5372764766216278
157,169,10,10,90,badger/badger_01b.jpg,badger,0.825,0.6152176558971405,-0.6152176558971405
157,169,11,11,89,bolo_tie/bolo_tie_01b.jpg,bolo_tie,0.833333333,0.43554096668958664,-0.43554096668958664
157,169,12,12,88,apron/apron_01b.jpg,apron,0.811522048,0.3426522985100746,-0.3426522985100746
157,169,13,13,87,coconut/coconut_01b.jpg,coconut,0.833333333,0.41107285022735596,-0.41107285022735596
157,169,14,14,86,chocolate/chocolate_01b.jpg,chocolate,0.875,0.31308067589998245,-0.31308067589998245
157,169,15,15,85,cape/cape_01b.jpg,cape,0.87804878,0.31931713968515396,-0.31931713968515396
157,169,16,16,84,coffee/coffee_01b.jpg,coffee,0.820512821,1.0413750559091568,-1.0413750559091568
157,169,17,17,83,curtain/curtain_01b.jpg,curtain,0.8,0.394272044301033,-0.394272044301033
157,169,18,18,82,cookie/cookie_01b.jpg,cookie,0.825,0.453002005815506,-0.453002005815506
157,169,19,19,81,cufflink/cufflink_01b.jpg,cufflink,0.789473684,0.411697156727314,-0.411697156727314
157,169,20,20,80,battery/battery_01b.jpg,battery,0.860465116,0.3245958015322685,-0.3245958015322685
157,169,21,21,79,cockatoo/cockatoo_01b.jpg,cockatoo,0.829268293,0.6813434883952141,-0.6813434883952141
157,169,22,22,78,board/board_01b.jpg,board,0.894736842,0.45947888493537903,-0.45947888493537903
157,169,23,23,77,blowtorch/blowtorch_01b.jpg,blowtorch,0.8,0.3489362671971321,-0.3489362671971321
157,169,24,24,76,breathalyzer/breathalyzer_01b.jpg,breathalyzer,0.8,0.30607888102531433,-0.30607888102531433
157,169,25,25,75,appetizer/appetizer_01b.jpg,appetizer,0.794871795,0.6516987681388855,-0.6516987681388855
157,169,26,26,74,bazooka/bazooka_01b.jpg,bazooka,0.9,0.346066415309906,-0.346066415309906
157,169,27,27,73,almond/almond_01b.jpg,almond,0.829268293,0.4107200801372528,-0.4107200801372528
157,169,28,28,72,christmas_tree/christmas_tree_01b.jpg,christmas_tree,0.780487805,0.35360175371170044,-0.35360175371170044
157,169,29,29,71,calf2/calf2_01b.jpg,calf2,0.880952381,0.2624296694993973,-0.2624296694993973
157,169,30,30,70,bassinet/bassinet_01b.jpg,bassinet,0.804878049,0.936401903629303,-0.936401903629303
157,169,31,31,69,amber/amber_01b.jpg,amber,0.87804878,0.345950111746788,-0.345950111746788
157,169,32,32,68,alligator/alligator_01b.jpg,alligator,0.785714286,0.5050684809684753,-0.5050684809684753
157,169,33,33,67,bison/bison_01b.jpg,bison,0.868421053,0.4142135977745056,-0.4142135977745056
157,169,34,34,66,dandelion/dandelion_01s.jpg,dandelion,0.794871795,0.5712520182132721,-0.5712520182132721
157,169,35,35,65,cactus/cactus_01b.jpg,cactus,0.780487805,0.5675747990608215,-0.5675747990608215
157,169,36,36,64,banner/banner_01b.jpg,banner,0.789473684,0.4376303106546402,-0.4376303106546402
157,169,37,37,63,armor/armor_01b.jpg,armor,0.804878049,0.4320136457681656,-0.4320136457681656
157,169,38,38,62,cobra/cobra_01b.jpg,cobra,0.853658537,1.04788139462471,-1.04788139462471
157,169,39,39,61,clothespin/clothespin_01b.jpg,clothespin,0.840909091,0.4630165845155716,-0.4630165845155716
157,169,40,40,60,cellphone/cellphone_01b.jpg,cellphone,0.80952381,0.39911310374736786,-0.39911310374736786
157,169,41,41,59,camel/camel_01b.jpg,camel,0.85,0.40819305181503296,-0.40819305181503296
157,169,42,42,58,blinder/blinder_01b.jpg,blinder,0.825,0.3475405350327492,-0.3475405350327492
157,169,43,43,57,beetle/beetle_01b.jpg,beetle,0.897435897,0.4425158351659775,-0.4425158351659775
157,169,44,44,56,bow1/bow1_01b.jpg,bow1,0.794871795,0.4704855978488922,-0.4704855978488922
157,169,45,45,55,cornmeal/cornmeal_01b.jpg,cornmeal,0.846153846,0.6528070420026779,-0.6528070420026779
157,169,46,46,54,ankle/ankle_01b.jpg,ankle,0.850609756,0.29286638647317886,-0.29286638647317886
157,169,47,47,53,chicken1/chicken1_01b.jpg,chicken1,0.8,0.3322278633713722,-0.3322278633713722
157,169,48,48,52,bonnet/bonnet_01s.jpg,bonnet,0.871794872,0.3362613692879677,-0.3362613692879677
157,169,49,49,51,banana/banana_01b.jpg,banana,0.85,0.3742397725582123,-0.3742397725582123
157,169,50,50,50,christmas_card/christmas_card_01b.jpg,christmas_card,0.804878049,0.3046155720949173,-0.3046155720949173
158,170,1,1,99,cufflink/cufflink_01b.jpg,cufflink,0.789473684,0.4429555982351303,-0.4429555982351303
158,170,2,2,98,camel/camel_01b.jpg,camel,0.85,0.5452867895364761,-0.5452867895364761
158,170,3,3,97,banana/banana_01b.jpg,banana,0.85,0.8490970954298973,-0.8490970954298973
158,170,4,4,96,cornmeal/cornmeal_01b.jpg,cornmeal,0.846153846,0.713838666677475,-0.713838666677475
158,170,5,5,95,christmas_tree/christmas_tree_01b.jpg,christmas_tree,0.780487805,0.44406935572624207,-0.44406935572624207
158,170,6,6,94,bison/bison_01b.jpg,bison,0.868421053,0.5344222635030746,-0.5344222635030746
158,170,7,7,93,caviar/caviar_01b.jpg,caviar,0.785714286,0.65201635658741,-0.65201635658741
158,170,8,8,92,alligator/alligator_01b.jpg,alligator,0.785714286,0.5397349894046783,-0.5397349894046783
158,170,9,9,91,beard/beard_01b.jpg,beard,0.875,0.4466889798641205,-0.4466889798641205
158,170,10,10,90,chicken1/chicken1_01b.jpg,chicken1,0.8,0.4312073513865471,-0.4312073513865471
158,170,11,11,89,chocolate/chocolate_01b.jpg,chocolate,0.875,0.3488581031560898,-0.3488581031560898
158,170,12,12,88,cactus/cactus_01b.jpg,cactus,0.780487805,0.5815195143222809,-0.5815195143222809
158,170,13,13,87,dandelion/dandelion_01s.jpg,dandelion,0.794871795,0.6091158986091614,-0.6091158986091614
158,170,14,14,86,bow1/bow1_01b.jpg,bow1,0.794871795,0.5378453880548477,-0.5378453880548477
158,170,15,15,85,breathalyzer/breathalyzer_01b.jpg,breathalyzer,0.8,0.3495144322514534,-0.3495144322514534
158,170,16,16,84,christmas_card/christmas_card_01b.jpg,christmas_card,0.804878049,0.3354262635111809,-0.3354262635111809
158,170,17,17,83,ankle/ankle_01b.jpg,ankle,0.850609756,0.3310891464352608,-0.3310891464352608
158,170,18,18,82,blinder/blinder_01b.jpg,blinder,0.825,0.4168960079550743,-0.4168960079550743
158,170,19,19,81,coconut/coconut_01b.jpg,coconut,0.833333333,0.41247324645519257,-0.41247324645519257
158,170,20,20,80,cookie/cookie_01b.jpg,cookie,0.825,0.45204268395900726,-0.45204268395900726
158,170,21,21,79,coffee/coffee_01b.jpg,coffee,0.820512821,0.6392281800508499,-0.6392281800508499
158,170,22,22,78,contact_lens/contact_lens_01s.jpg,contact_lens,0.872435897,0.32060445100069046,-0.32060445100069046
158,170,23,23,77,cellphone/cellphone_01b.jpg,cellphone,0.80952381,0.49967674165964127,-0.49967674165964127
158,170,24,24,76,cockatoo/cockatoo_01b.jpg,cockatoo,0.829268293,0.6958779245615005,-0.6958779245615005
158,170,25,25,75,bolo_tie/bolo_tie_01b.jpg,bolo_tie,0.833333333,0.3942573070526123,-0.3942573070526123
158,170,26,26,74,blowtorch/blowtorch_01b.jpg,blowtorch,0.8,0.405449315905571,-0.405449315905571
158,170,27,27,73,armor/armor_01b.jpg,armor,0.804878049,0.5542197525501251,-0.5542197525501251
158,170,28,28,72,carousel/carousel_01b.jpg,carousel,0.829268293,0.4799829572439194,-0.4799829572439194
158,170,29,29,71,almond/almond_01b.jpg,almond,0.829268293,0.5056954175233841,-0.5056954175233841
158,170,30,30,70,cape/cape_01b.jpg,cape,0.87804878,0.333999328315258,-0.333999328315258
158,170,31,31,69,battery/battery_01b.jpg,battery,0.860465116,0.33771418780088425,-0.33771418780088425
158,170,32,32,68,amber/amber_01b.jpg,amber,0.87804878,0.3390536829829216,-0.3390536829829216
158,170,33,33,67,beetle/beetle_01b.jpg,beetle,0.897435897,0.4700266718864441,-0.4700266718864441
158,170,34,34,66,bonnet/bonnet_01s.jpg,bonnet,0.871794872,0.34406810998916626,-0.34406810998916626
158,170,35,35,65,clothespin/clothespin_01b.jpg,clothespin,0.840909091,0.5638649314641953,-0.5638649314641953
158,170,36,36,64,apron/apron_01b.jpg,apron,0.811522048,0.3575752079486847,-0.3575752079486847
158,170,37,37,63,beaker/beaker_01b.jpg,beaker,0.846153846,0.5091976970434189,-0.5091976970434189
158,170,38,38,62,cello/cello_01s.jpg,cello,0.825,0.5024421364068985,-0.5024421364068985
158,170,39,39,61,crumb/crumb_01b.jpg,crumb,0.775,0.2991691902279854,-0.2991691902279854
158,170,40,40,60,curtain/curtain_01b.jpg,curtain,0.8,0.43984504789114,-0.43984504789114
158,170,41,41,59,appetizer/appetizer_01b.jpg,appetizer,0.794871795,0.765581801533699,-0.765581801533699
158,170,42,42,58,board/board_01b.jpg,board,0.894736842,0.508523553609848,-0.508523553609848
158,170,43,43,57,brace/brace_01b.jpg,brace,0.804878049,0.40307846665382385,-0.40307846665382385
158,170,44,44,56,calf2/calf2_01b.jpg,calf2,0.880952381,0.3029862120747566,-0.3029862120747566
158,170,45,45,55,bassinet/bassinet_01b.jpg,bassinet,0.804878049,0.7444351091980934,-0.7444351091980934
158,170,46,46,54,banner/banner_01b.jpg,banner,0.789473684,0.5137684345245361,-0.5137684345245361
158,170,47,47,53,chalk/chalk_01b.jpg,chalk,0.88372093,0.4466418921947479,-0.4466418921947479
158,170,48,48,52,cashew/cashew_01b.jpg,cashew,0.818181818,0.5011580884456635,-0.5011580884456635
158,170,49,49,51,cobra/cobra_01b.jpg,cobra,0.853658537,1.254425823688507,-1.254425823688507
158,170,50,50,50,badger/badger_01b.jpg,badger,0.825,0.5609012842178345,-0.5609012842178345
159,171,1,1,99,bassinet/bassinet_01b.jpg,bassinet,0.804878049,2.1217593774199486,-2.1217593774199486
159,171,2,2,98,chicken1/chicken1_01b.jpg,chicken1,0.8,0.3442605957388878,-0.3442605957388878
159,171,3,3,97,bolo_tie/bolo_tie_01b.jpg,bolo_tie,0.833333333,0.745709165930748,-0.745709165930748
159,171,4,4,96,camel/camel_01b.jpg,camel,0.85,0.5926785245537758,-0.5926785245537758
159,171,5,5,95,badger/badger_01b.jpg,badger,0.825,0.8129396438598633,-0.8129396438598633
159,171,6,6,94,almond/almond_01b.jpg,almond,0.829268293,0.45923204720020294,-0.45923204720020294
159,171,7,7,93,carousel/carousel_01b.jpg,carousel,0.829268293,0.42130424082279205,-0.42130424082279205
159,171,8,8,92,cornmeal/cornmeal_01b.jpg,cornmeal,0.846153846,0.6681871712207794,-0.6681871712207794
159,171,9,9,91,cardinal/cardinal_01b.jpg,cardinal,0.775,0.6391640901565552,-0.6391640901565552
159,171,10,10,90,banner/banner_01b.jpg,banner,0.789473684,0.4482358992099762,-0.4482358992099762
159,171,11,11,89,beaker/beaker_01b.jpg,beaker,0.846153846,0.4393029808998108,-0.4393029808998108
159,171,12,12,88,cape/cape_01b.jpg,cape,0.87804878,0.34254302084445953,-0.34254302084445953
159,171,13,13,87,board/board_01b.jpg,board,0.894736842,0.45464329421520233,-0.45464329421520233
159,171,14,14,86,cashew/cashew_01b.jpg,cashew,0.818181818,0.48133306205272675,-0.48133306205272675
159,171,15,15,85,bonnet/bonnet_01s.jpg,bonnet,0.871794872,0.331621952354908,-0.331621952354908
159,171,16,16,84,alligator/alligator_01b.jpg,alligator,0.785714286,0.5288019105792046,-0.5288019105792046
159,171,17,17,83,clothespin/clothespin_01b.jpg,clothespin,0.840909091,0.4298720508813858,-0.4298720508813858
159,171,18,18,82,chocolate/chocolate_01b.jpg,chocolate,0.875,0.28230978548526764,-0.28230978548526764
159,171,19,19,81,coconut/coconut_01b.jpg,coconut,0.833333333,0.4118535965681076,-0.4118535965681076
159,171,20,20,80,coffee/coffee_01b.jpg,coffee,0.820512821,1.0740931928157806,-1.0740931928157806
159,171,21,21,79,christmas_card/christmas_card_01b.jpg,christmas_card,0.804878049,0.30113353580236435,-0.30113353580236435
159,171,22,22,78,cactus/cactus_01b.jpg,cactus,0.780487805,0.7137059271335602,-0.7137059271335602
159,171,23,23,77,dandelion/dandelion_01s.jpg,dandelion,0.794871795,0.5446336716413498,-0.5446336716413498
159,171,24,24,76,battery/battery_01b.jpg,battery,0.860465116,0.30685722827911377,-0.30685722827911377
159,171,25,25,75,bison/bison_01b.jpg,bison,0.868421053,0.3997289016842842,-0.3997289016842842
159,171,26,26,74,brace/brace_01b.jpg,brace,0.804878049,0.39523088186979294,-0.39523088186979294
159,171,27,27,73,calf2/calf2_01b.jpg,calf2,0.880952381,0.29202544689178467,-0.29202544689178467
159,171,28,28,72,crumb/crumb_01b.jpg,crumb,0.775,0.25849633663892746,-0.25849633663892746
159,171,29,29,71,caviar/caviar_01b.jpg,caviar,0.785714286,0.5244448184967041,-0.5244448184967041
159,171,30,30,70,christmas_tree/christmas_tree_01b.jpg,christmas_tree,0.780487805,0.32632000744342804,-0.32632000744342804
159,171,31,31,69,cello/cello_01s.jpg,cello,0.825,0.469739094376564,-0.469739094376564
159,171,32,32,68,breathalyzer/breathalyzer_01b.jpg,breathalyzer,0.8,0.29920820891857147,-0.29920820891857147
159,171,33,33,67,armor/armor_01b.jpg,armor,0.804878049,0.4051252752542496,-0.4051252752542496
159,171,34,34,66,bow1/bow1_01b.jpg,bow1,0.794871795,0.46725498139858246,-0.46725498139858246
159,171,35,35,65,curtain/curtain_01b.jpg,curtain,0.8,0.4605588838458061,-0.4605588838458061
159,171,36,36,64,appetizer/appetizer_01b.jpg,appetizer,0.794871795,0.6804839372634888,-0.6804839372634888
159,171,37,37,63,amber/amber_01b.jpg,amber,0.87804878,0.33854614943265915,-0.33854614943265915
159,171,38,38,62,cobra/cobra_01b.jpg,cobra,0.853658537,1.3350495994091034,-1.3350495994091034
159,171,39,39,61,contact_lens/contact_lens_01s.jpg,contact_lens,0.872435897,0.28710298240184784,-0.28710298240184784
159,171,40,40,60,apron/apron_01b.jpg,apron,0.811522048,0.3132929801940918,-0.3132929801940918
159,171,41,41,59,cellphone/cellphone_01b.jpg,cellphone,0.80952381,0.44587186723947525,-0.44587186723947525
159,171,42,42,58,chalk/chalk_01b.jpg,chalk,0.88372093,0.4117828235030174,-0.4117828235030174
159,171,43,43,57,blowtorch/blowtorch_01b.jpg,blowtorch,0.8,0.33105580508708954,-0.33105580508708954
159,171,44,44,56,beard/beard_01b.jpg,beard,0.875,0.40221934020519257,-0.40221934020519257
159,171,45,45,55,cockatoo/cockatoo_01b.jpg,cockatoo,0.829268293,0.6862470433115959,-0.6862470433115959
159,171,46,46,54,ankle/ankle_01b.jpg,ankle,0.850609756,0.27351202070713043,-0.27351202070713043
159,171,47,47,53,cufflink/cufflink_01b.jpg,cufflink,0.789473684,0.37965887039899826,-0.37965887039899826
159,171,48,48,52,cookie/cookie_01b.jpg,cookie,0.825,0.4409351199865341,-0.4409351199865341
159,171,49,49,51,blinder/blinder_01b.jpg,blinder,0.825,0.37315377593040466,-0.37315377593040466
159,171,50,50,50,banana/banana_01b.jpg,banana,0.85,0.3764376938343048,-0.3764376938343048
160,172,1,1,99,cockatoo/cockatoo_01b.jpg,cockatoo,0.829268293,1.3551764115691185,-1.3551764115691185
160,172,2,2,98,alligator/alligator_01b.jpg,alligator,0.785714286,2.334555074572563,-2.334555074572563
160,172,3,3,97,bassinet/bassinet_01b.jpg,bassinet,0.804878049,0.807654544711113,-0.807654544711113
160,172,4,4,96,cellphone/cellphone_01b.jpg,cellphone,0.80952381,0.5945418477058411,-0.5945418477058411
160,172,5,5,95,crumb/crumb_01b.jpg,crumb,0.775,0.42745716124773026,-0.42745716124773026
160,172,6,6,94,coffee/coffee_01b.jpg,coffee,0.820512821,0.7177487313747406,-0.7177487313747406
160,172,7,7,93,contact_lens/contact_lens_01s.jpg,contact_lens,0.872435897,0.3599795252084732,-0.3599795252084732
160,172,8,8,92,appetizer/appetizer_01b.jpg,appetizer,0.794871795,0.7189957350492477,-0.7189957350492477
160,172,9,9,91,chocolate/chocolate_01b.jpg,chocolate,0.875,0.3385653495788574,-0.3385653495788574
160,172,10,10,90,ankle/ankle_01b.jpg,ankle,0.850609756,0.33956916630268097,-0.33956916630268097
160,172,11,11,89,calf2/calf2_01b.jpg,calf2,0.880952381,0.32411129027605057,-0.32411129027605057
160,172,12,12,88,brace/brace_01b.jpg,brace,0.804878049,0.4600132778286934,-0.4600132778286934
160,172,13,13,87,beaker/beaker_01b.jpg,beaker,0.846153846,0.48736733198165894,-0.48736733198165894
160,172,14,14,86,coconut/coconut_01b.jpg,coconut,0.833333333,0.40780162811279297,-0.40780162811279297
160,172,15,15,85,christmas_tree/christmas_tree_01b.jpg,christmas_tree,0.780487805,0.435956634581089,-0.435956634581089
160,172,16,16,84,badger/badger_01b.jpg,badger,0.825,0.608327329158783,-0.608327329158783
160,172,17,17,83,bison/bison_01b.jpg,bison,0.868421053,0.4973297342658043,-0.4973297342658043
160,172,18,18,82,clothespin/clothespin_01b.jpg,clothespin,0.840909091,0.5059451013803482,-0.5059451013803482
160,172,19,19,81,apron/apron_01b.jpg,apron,0.811522048,0.3866817280650139,-0.3866817280650139
160,172,20,20,80,curtain/curtain_01b.jpg,curtain,0.8,0.4555649310350418,-0.4555649310350418
160,172,21,21,79,cardinal/cardinal_01b.jpg,cardinal,0.775,0.5878416001796722,-0.5878416001796722
160,172,22,22,78,cobra/cobra_01b.jpg,cobra,0.853658537,1.294151782989502,-1.294151782989502
160,172,23,23,77,bonnet/bonnet_01s.jpg,bonnet,0.871794872,0.3408941477537155,-0.3408941477537155
160,172,24,24,76,camel/camel_01b.jpg,camel,0.85,0.4846968874335289,-0.4846968874335289
160,172,25,25,75,bow1/bow1_01b.jpg,bow1,0.794871795,0.5204323828220367,-0.5204323828220367
160,172,26,26,74,dandelion/dandelion_01s.jpg,dandelion,0.794871795,0.6318535655736923,-0.6318535655736923
160,172,27,27,73,bolo_tie/bolo_tie_01b.jpg,bolo_tie,0.833333333,0.41539406031370163,-0.41539406031370163
160,172,28,28,72,chicken1/chicken1_01b.jpg,chicken1,0.8,0.3932526931166649,-0.3932526931166649
160,172,29,29,71,armor/armor_01b.jpg,armor,0.804878049,0.47743557393550873,-0.47743557393550873
160,172,30,30,70,banner/banner_01b.jpg,banner,0.789473684,0.5156374275684357,-0.5156374275684357
160,172,31,31,69,cello/cello_01s.jpg,cello,0.825,0.5480844676494598,-0.5480844676494598
160,172,32,32,68,cufflink/cufflink_01b.jpg,cufflink,0.789473684,0.4599402993917465,-0.4599402993917465
160,172,33,33,67,barcode/barcode_01b.jpg,barcode,0.775,0.5378759652376175,-0.5378759652376175
160,172,34,34,66,cookie/cookie_01b.jpg,cookie,0.825,0.46284735202789307,-0.46284735202789307
160,172,35,35,65,caviar/caviar_01b.jpg,caviar,0.785714286,0.6097270995378494,-0.6097270995378494
160,172,36,36,64,amber/amber_01b.jpg,amber,0.87804878,0.36065737903118134,-0.36065737903118134
160,172,37,37,63,battery/battery_01b.jpg,battery,0.860465116,0.3402939811348915,-0.3402939811348915
160,172,38,38,62,beard/beard_01b.jpg,beard,0.875,0.47339801490306854,-0.47339801490306854
160,172,39,39,61,banana/banana_01b.jpg,banana,0.85,0.4625689685344696,-0.4625689685344696
160,172,40,40,60,cape/cape_01b.jpg,cape,0.87804878,0.3427332863211632,-0.3427332863211632
160,172,41,41,59,almond/almond_01b.jpg,almond,0.829268293,0.4698910713195801,-0.4698910713195801
160,172,42,42,58,cornmeal/cornmeal_01b.jpg,cornmeal,0.846153846,0.5848528444766998,-0.5848528444766998
160,172,43,43,57,carousel/carousel_01b.jpg,carousel,0.829268293,0.4771518111228943,-0.4771518111228943
160,172,44,44,56,blinder/blinder_01b.jpg,blinder,0.825,0.42514097690582275,-0.42514097690582275
160,172,45,45,55,cactus/cactus_01b.jpg,cactus,0.780487805,0.7003477960824966,-0.7003477960824966
160,172,46,46,54,chalk/chalk_01b.jpg,chalk,0.88372093,0.45165275037288666,-0.45165275037288666
160,172,47,47,53,christmas_card/christmas_card_01b.jpg,christmas_card,0.804878049,0.3325890749692917,-0.3325890749692917
160,172,48,48,52,breathalyzer/breathalyzer_01b.jpg,breathalyzer,0.8,0.3699744790792465,-0.3699744790792465
160,172,49,49,51,blowtorch/blowtorch_01b.jpg,blowtorch,0.8,0.38674715906381607,-0.38674715906381607
160,172,50,50,50,cashew/cashew_01b.jpg,cashew,0.818181818,0.4693044126033783,-0.4693044126033783
161,173,1,1,99,blowtorch/blowtorch_01b.jpg,blowtorch,0.8,0.4311792179942131,-0.4311792179942131
161,173,2,2,98,badger/badger_01b.jpg,badger,0.825,1.3734343647956848,-1.3734343647956848
161,173,3,3,97,coffee/coffee_01b.jpg,coffee,0.820512821,0.6093312203884125,-0.6093312203884125
161,173,4,4,96,christmas_tree/christmas_tree_01b.jpg,christmas_tree,0.780487805,0.4182559698820114,-0.4182559698820114
161,173,5,5,95,clothespin/clothespin_01b.jpg,clothespin,0.840909091,0.5023754090070724,-0.5023754090070724
161,173,6,6,94,calf2/calf2_01b.jpg,calf2,0.880952381,0.31231940537691116,-0.31231940537691116
161,173,7,7,93,amber/amber_01b.jpg,amber,0.87804878,0.33065634965896606,-0.33065634965896606
161,173,8,8,92,barcode/barcode_01b.jpg,barcode,0.775,0.5508295297622681,-0.5508295297622681
161,173,9,9,91,bow1/bow1_01b.jpg,bow1,0.794871795,0.5645245909690857,-0.5645245909690857
161,173,10,10,90,caviar/caviar_01b.jpg,caviar,0.785714286,0.6341612190008163,-0.6341612190008163
161,173,11,11,89,cardinal/cardinal_01b.jpg,cardinal,0.775,0.5309789478778839,-0.5309789478778839
161,173,12,12,88,battery/battery_01b.jpg,battery,0.860465116,0.3334619179368019,-0.3334619179368019
161,173,13,13,87,armor/armor_01b.jpg,armor,0.804878049,0.5842712819576263,-0.5842712819576263
161,173,14,14,86,cello/cello_01s.jpg,cello,0.825,0.5486389249563217,-0.5486389249563217
161,173,15,15,85,brace/brace_01b.jpg,brace,0.804878049,0.43147051334381104,-0.43147051334381104
161,173,16,16,84,curtain/curtain_01b.jpg,curtain,0.8,0.39342356473207474,-0.39342356473207474
161,173,17,17,83,cellphone/cellphone_01b.jpg,cellphone,0.80952381,0.43954192101955414,-0.43954192101955414
161,173,18,18,82,banner/banner_01b.jpg,banner,0.789473684,0.5042605400085449,-0.5042605400085449
161,173,19,19,81,ankle/ankle_01b.jpg,ankle,0.850609756,0.3142806142568588,-0.3142806142568588
161,173,20,20,80,beaker/beaker_01b.jpg,beaker,0.846153846,0.4575367867946625,-0.4575367867946625
161,173,21,21,79,alligator/alligator_01b.jpg,alligator,0.785714286,0.49907005578279495,-0.49907005578279495
161,173,22,22,78,cornmeal/cornmeal_01b.jpg,cornmeal,0.846153846,0.6059277951717377,-0.6059277951717377
161,173,23,23,77,crumb/crumb_01b.jpg,crumb,0.775,0.2947593256831169,-0.2947593256831169
161,173,24,24,76,beard/beard_01b.jpg,beard,0.875,0.44892579317092896,-0.44892579317092896
161,173,25,25,75,appetizer/appetizer_01b.jpg,appetizer,0.794871795,0.6540310382843018,-0.6540310382843018
161,173,26,26,74,cape/cape_01b.jpg,cape,0.87804878,0.3277779519557953,-0.3277779519557953
161,173,27,27,73,coconut/coconut_01b.jpg,coconut,0.833333333,0.37688570469617844,-0.37688570469617844
161,173,28,28,72,contact_lens/contact_lens_01s.jpg,contact_lens,0.872435897,0.28859663754701614,-0.28859663754701614
161,173,29,29,71,bonnet/bonnet_01s.jpg,bonnet,0.871794872,0.34497375041246414,-0.34497375041246414
161,173,30,30,70,carousel/carousel_01b.jpg,carousel,0.829268293,0.4588719606399536,-0.4588719606399536
161,173,31,31,69,bassinet/bassinet_01b.jpg,bassinet,0.804878049,0.7123226225376129,-0.7123226225376129
161,173,32,32,68,cactus/cactus_01b.jpg,cactus,0.780487805,0.4994436204433441,-0.4994436204433441
161,173,33,33,67,dandelion/dandelion_01s.jpg,dandelion,0.794871795,0.567181408405304,-0.567181408405304
161,173,34,34,66,breathalyzer/breathalyzer_01b.jpg,breathalyzer,0.8,0.32534920424222946,-0.32534920424222946
161,173,35,35,65,almond/almond_01b.jpg,almond,0.829268293,0.45848502218723297,-0.45848502218723297
161,173,36,36,64,banana/banana_01b.jpg,banana,0.85,0.3773662969470024,-0.3773662969470024
161,173,37,37,63,cookie/cookie_01b.jpg,cookie,0.825,0.44158677756786346,-0.44158677756786346
161,173,38,38,62,cufflink/cufflink_01b.jpg,cufflink,0.789473684,0.43284332007169724,-0.43284332007169724
161,173,39,39,61,cobra/cobra_01b.jpg,cobra,0.853658537,1.2057238519191742,-1.2057238519191742
161,173,40,40,60,apron/apron_01b.jpg,apron,0.811522048,0.33295994251966476,-0.33295994251966476
161,173,41,41,59,cream/cream_01b.jpg,cream,0.769230769,0.3556753471493721,-0.3556753471493721
161,173,42,42,58,blinder/blinder_01b.jpg,blinder,0.825,0.37671688944101334,-0.37671688944101334
161,173,43,43,57,chicken1/chicken1_01b.jpg,chicken1,0.8,0.3639543130993843,-0.3639543130993843
161,173,44,44,56,cashew/cashew_01b.jpg,cashew,0.818181818,0.4688631296157837,-0.4688631296157837
161,173,45,45,55,camel/camel_01b.jpg,camel,0.85,0.43971405923366547,-0.43971405923366547
161,173,46,46,54,bolo_tie/bolo_tie_01b.jpg,bolo_tie,0.833333333,0.39650236815214157,-0.39650236815214157
161,173,47,47,53,chocolate/chocolate_01b.jpg,chocolate,0.875,0.3397797495126724,-0.3397797495126724
161,173,48,48,52,bison/bison_01b.jpg,bison,0.868421053,0.4251703470945358,-0.4251703470945358
161,173,49,49,51,cockatoo/cockatoo_01b.jpg,cockatoo,0.829268293,0.5491706058382988,-0.5491706058382988
161,173,50,50,50,christmas_card/christmas_card_01b.jpg,christmas_card,0.804878049,0.32279060035943985,-0.32279060035943985
162,174,1,1,99,alligator/alligator_01b.jpg,alligator,0.785714286,2.485374800860882,-2.485374800860882
162,174,2,2,98,cufflink/cufflink_01b.jpg,cufflink,0.789473684,0.4325612410902977,-0.4325612410902977
162,174,3,3,97,dandelion/dandelion_01s.jpg,dandelion,0.794871795,0.5802263021469116,-0.5802263021469116
162,174,4,4,96,cobra/cobra_01b.jpg,cobra,0.853658537,0.8810129761695862,-0.8810129761695862
162,174,5,5,95,bonnet/bonnet_01s.jpg,bonnet,0.871794872,0.3134220093488693,-0.3134220093488693
162,174,6,6,94,armor/armor_01b.jpg,armor,0.804878049,0.5702030956745148,-0.5702030956745148
162,174,7,7,93,bow1/bow1_01b.jpg,bow1,0.794871795,0.5986877232789993,-0.5986877232789993
162,174,8,8,92,amber/amber_01b.jpg,amber,0.87804878,0.32480432838201523,-0.32480432838201523
162,174,9,9,91,barcode/barcode_01b.jpg,barcode,0.775,0.49544697999954224,-0.49544697999954224
162,174,10,10,90,camel/camel_01b.jpg,camel,0.85,0.4961961507797241,-0.4961961507797241
162,174,11,11,89,chicken1/chicken1_01b.jpg,chicken1,0.8,0.37744704633951187,-0.37744704633951187
162,174,12,12,88,badger/badger_01b.jpg,badger,0.825,0.6362295597791672,-0.6362295597791672
162,174,13,13,87,cockatoo/cockatoo_01b.jpg,cockatoo,0.829268293,0.587686188519001,-0.587686188519001
162,174,14,14,86,cornmeal/cornmeal_01b.jpg,cornmeal,0.846153846,0.6188938915729523,-0.6188938915729523
162,174,15,15,85,cape/cape_01b.jpg,cape,0.87804878,0.364272303879261,-0.364272303879261
162,174,16,16,84,coconut/coconut_01b.jpg,coconut,0.833333333,0.3819194659590721,-0.3819194659590721
162,174,17,17,83,appetizer/appetizer_01b.jpg,appetizer,0.794871795,0.8326227813959122,-0.8326227813959122
162,174,18,18,82,bassinet/bassinet_01b.jpg,bassinet,0.804878049,0.7293741703033447,-0.7293741703033447
162,174,19,19,81,banana/banana_01b.jpg,banana,0.85,0.47758282721042633,-0.47758282721042633
162,174,20,20,80,caviar/caviar_01b.jpg,caviar,0.785714286,0.5518235117197037,-0.5518235117197037
162,174,21,21,79,battery/battery_01b.jpg,battery,0.860465116,0.33264680951833725,-0.33264680951833725
162,174,22,22,78,bison/bison_01b.jpg,bison,0.868421053,0.452181413769722,-0.452181413769722
162,174,23,23,77,banner/banner_01b.jpg,banner,0.789473684,0.4170317053794861,-0.4170317053794861
162,174,24,24,76,beard/beard_01b.jpg,beard,0.875,0.43025364726781845,-0.43025364726781845
162,174,25,25,75,cellphone/cellphone_01b.jpg,cellphone,0.80952381,0.49408068507909775,-0.49408068507909775
162,174,26,26,74,almond/almond_01b.jpg,almond,0.829268293,0.4903299808502197,-0.4903299808502197
162,174,27,27,73,bolo_tie/bolo_tie_01b.jpg,bolo_tie,0.833333333,0.4074995815753937,-0.4074995815753937
162,174,28,28,72,cardinal/cardinal_01b.jpg,cardinal,0.775,0.6490302085876465,-0.6490302085876465
162,174,29,29,71,coffee/coffee_01b.jpg,coffee,0.820512821,1.167410969734192,-1.167410969734192
162,174,30,30,70,cashew/cashew_01b.jpg,cashew,0.818181818,0.486569419503212,-0.486569419503212
162,174,31,31,69,curtain/curtain_01b.jpg,curtain,0.8,0.4573688507080078,-0.4573688507080078
162,174,32,32,68,chocolate/chocolate_01b.jpg,chocolate,0.875,0.3190744072198868,-0.3190744072198868
162,174,33,33,67,cookie/cookie_01b.jpg,cookie,0.825,0.4304272085428238,-0.4304272085428238
162,174,34,34,66,clothespin/clothespin_01b.jpg,clothespin,0.840909091,0.4133479818701744,-0.4133479818701744
162,174,35,35,65,ankle/ankle_01b.jpg,ankle,0.850609756,0.2951345071196556,-0.2951345071196556
162,174,36,36,64,brace/brace_01b.jpg,brace,0.804878049,0.382272370159626,-0.382272370159626
162,174,37,37,63,cactus/cactus_01b.jpg,cactus,0.780487805,0.47547784447669983,-0.47547784447669983
162,174,38,38,62,beaker/beaker_01b.jpg,beaker,0.846153846,0.4192090928554535,-0.4192090928554535
162,174,39,39,61,contact_lens/contact_lens_01s.jpg,contact_lens,0.872435897,0.30284644663333893,-0.30284644663333893
162,174,40,40,60,blinder/blinder_01b.jpg,blinder,0.825,0.3804561123251915,-0.3804561123251915
162,174,41,41,59,christmas_card/christmas_card_01b.jpg,christmas_card,0.804878049,0.28887733072042465,-0.28887733072042465
162,174,42,42,58,christmas_tree/christmas_tree_01b.jpg,christmas_tree,0.780487805,0.36754005402326584,-0.36754005402326584
162,174,43,43,57,breathalyzer/breathalyzer_01b.jpg,breathalyzer,0.8,0.3578006625175476,-0.3578006625175476
162,174,44,44,56,blowtorch/blowtorch_01b.jpg,blowtorch,0.8,0.35669997334480286,-0.35669997334480286
162,174,45,45,55,crumb/crumb_01b.jpg,crumb,0.775,0.27187380194664,-0.27187380194664
162,174,46,46,54,apron/apron_01b.jpg,apron,0.811522048,0.34189622849226,-0.34189622849226
162,174,47,47,53,carousel/carousel_01b.jpg,carousel,0.829268293,0.4251559376716614,-0.4251559376716614
162,174,48,48,52,cream/cream_01b.jpg,cream,0.769230769,0.3351835459470749,-0.3351835459470749
162,174,49,49,51,cello/cello_01s.jpg,cello,0.825,0.5736966133117676,-0.5736966133117676
162,174,50,50,50,candy_cane/candy_cane_01b.jpg,candy_cane,0.76744186,0.522446483373642,-0.522446483373642
163,175,1,1,99,banner/banner_01b.jpg,banner,0.789473684,0.5037447065114975,-0.5037447065114975
163,175,2,2,98,amber/amber_01b.jpg,amber,0.87804878,0.36940669268369675,-0.36940669268369675
163,175,3,3,97,christmas_tree/christmas_tree_01b.jpg,christmas_tree,0.780487805,0.39232396334409714,-0.39232396334409714
163,175,4,4,96,banana/banana_01b.jpg,banana,0.85,0.6938097402453423,-0.6938097402453423
163,175,5,5,95,bolo_tie/bolo_tie_01b.jpg,bolo_tie,0.833333333,0.581842303276062,-0.581842303276062
163,175,6,6,94,alligator/alligator_01b.jpg,alligator,0.785714286,0.7096913382411003,-0.7096913382411003
163,175,7,7,93,caviar/caviar_01b.jpg,caviar,0.785714286,0.6073742061853409,-0.6073742061853409
163,175,8,8,92,christmas_card/christmas_card_01b.jpg,christmas_card,0.804878049,0.34532784670591354,-0.34532784670591354
163,175,9,9,91,cobra/cobra_01b.jpg,cobra,0.853658537,0.816949799656868,-0.816949799656868
163,175,10,10,90,bow1/bow1_01b.jpg,bow1,0.794871795,0.569785863161087,-0.569785863161087
163,175,11,11,89,brace/brace_01b.jpg,brace,0.804878049,0.38320817798376083,-0.38320817798376083
163,175,12,12,88,ankle/ankle_01b.jpg,ankle,0.850609756,0.31628140062093735,-0.31628140062093735
163,175,13,13,87,cookie/cookie_01b.jpg,cookie,0.825,0.4709535837173462,-0.4709535837173462
163,175,14,14,86,curtain/curtain_01b.jpg,curtain,0.8,0.4128130078315735,-0.4128130078315735
163,175,15,15,85,clipboard/clipboard_01b.jpg,clipboard,0.763157895,0.4461512118577957,-0.4461512118577957
163,175,16,16,84,candy_cane/candy_cane_01b.jpg,candy_cane,0.76744186,0.4773208796977997,-0.4773208796977997
163,175,17,17,83,beard/beard_01b.jpg,beard,0.875,0.45531541109085083,-0.45531541109085083
163,175,18,18,82,coconut/coconut_01b.jpg,coconut,0.833333333,0.3956155702471733,-0.3956155702471733
163,175,19,19,81,bassinet/bassinet_01b.jpg,bassinet,0.804878049,0.7633905559778214,-0.7633905559778214
163,175,20,20,80,cellphone/cellphone_01b.jpg,cellphone,0.80952381,0.4366804212331772,-0.4366804212331772
163,175,21,21,79,cashew/cashew_01b.jpg,cashew,0.818181818,0.45937271416187286,-0.45937271416187286
163,175,22,22,78,coffee/coffee_01b.jpg,coffee,0.820512821,0.9240357279777527,-0.9240357279777527
163,175,23,23,77,cactus/cactus_01b.jpg,cactus,0.780487805,0.5107341259717941,-0.5107341259717941
163,175,24,24,76,bonnet/bonnet_01s.jpg,bonnet,0.871794872,0.35004163533449173,-0.35004163533449173
163,175,25,25,75,beaker/beaker_01b.jpg,beaker,0.846153846,0.4880213886499405,-0.4880213886499405
163,175,26,26,74,apron/apron_01b.jpg,apron,0.811522048,0.3281674087047577,-0.3281674087047577
163,175,27,27,73,badger/badger_01b.jpg,badger,0.825,0.5665569305419922,-0.5665569305419922
163,175,28,28,72,dandelion/dandelion_01s.jpg,dandelion,0.794871795,0.628222718834877,-0.628222718834877
163,175,29,29,71,cockatoo/cockatoo_01b.jpg,cockatoo,0.829268293,0.7764172926545143,-0.7764172926545143
163,175,30,30,70,chocolate/chocolate_01b.jpg,chocolate,0.875,0.32343051582574844,-0.32343051582574844
163,175,31,31,69,crumb/crumb_01b.jpg,crumb,0.775,0.2803281769156456,-0.2803281769156456
163,175,32,32,68,armor/armor_01b.jpg,armor,0.804878049,0.43526236712932587,-0.43526236712932587
163,175,33,33,67,cufflink/cufflink_01b.jpg,cufflink,0.789473684,0.40407223254442215,-0.40407223254442215
163,175,34,34,66,chicken1/chicken1_01b.jpg,chicken1,0.8,0.34819062054157257,-0.34819062054157257
163,175,35,35,65,cream/cream_01b.jpg,cream,0.769230769,0.3466688096523285,-0.3466688096523285
163,175,36,36,64,cello/cello_01s.jpg,cello,0.825,0.45528943836688995,-0.45528943836688995
163,175,37,37,63,camel/camel_01b.jpg,camel,0.85,0.4643360674381256,-0.4643360674381256
163,175,38,38,62,battery/battery_01b.jpg,battery,0.860465116,0.3106669560074806,-0.3106669560074806
163,175,39,39,61,almond/almond_01b.jpg,almond,0.829268293,0.40944095700979233,-0.40944095700979233
163,175,40,40,60,cardinal/cardinal_01b.jpg,cardinal,0.775,0.5340706557035446,-0.5340706557035446
163,175,41,41,59,cornmeal/cornmeal_01b.jpg,cornmeal,0.846153846,0.7173996567726135,-0.7173996567726135
163,175,42,42,58,breathalyzer/breathalyzer_01b.jpg,breathalyzer,0.8,0.30358902364969254,-0.30358902364969254
163,175,43,43,57,appetizer/appetizer_01b.jpg,appetizer,0.794871795,0.6617008745670319,-0.6617008745670319
163,175,44,44,56,carousel/carousel_01b.jpg,carousel,0.829268293,0.4046696871519089,-0.4046696871519089
163,175,45,45,55,bison/bison_01b.jpg,bison,0.868421053,0.40474844723939896,-0.40474844723939896
163,175,46,46,54,clothespin/clothespin_01b.jpg,clothespin,0.840909091,0.41069209575653076,-0.41069209575653076
163,175,47,47,53,contact_lens/contact_lens_01s.jpg,contact_lens,0.872435897,0.2777138203382492,-0.2777138203382492
163,175,48,48,52,barcode/barcode_01b.jpg,barcode,0.775,0.5288849622011185,-0.5288849622011185
163,175,49,49,51,blowtorch/blowtorch_01b.jpg,blowtorch,0.8,0.33267322927713394,-0.33267322927713394
163,175,50,50,50,blinder/blinder_01b.jpg,blinder,0.825,0.3427211493253708,-0.3427211493253708
164,176,1,1,99,badger/badger_01b.jpg,badger,0.825,1.5378971248865128,-1.5378971248865128
164,176,2,2,98,blowtorch/blowtorch_01b.jpg,blowtorch,0.8,0.37249641865491867,-0.37249641865491867
164,176,3,3,97,bison/bison_01b.jpg,bison,0.868421053,0.7375990077853203,-0.7375990077853203
164,176,4,4,96,chicken1/chicken1_01b.jpg,chicken1,0.8,0.34837330132722855,-0.34837330132722855
164,176,5,5,95,beard/beard_01b.jpg,beard,0.875,0.40399354696273804,-0.40399354696273804
164,176,6,6,94,blinder/blinder_01b.jpg,blinder,0.825,0.38826408237218857,-0.38826408237218857
164,176,7,7,93,candy_cane/candy_cane_01b.jpg,candy_cane,0.76744186,0.49614425003528595,-0.49614425003528595
164,176,8,8,92,cashew/cashew_01b.jpg,cashew,0.818181818,0.4917399734258652,-0.4917399734258652
164,176,9,9,91,cufflink/cufflink_01b.jpg,cufflink,0.789473684,0.38938120752573013,-0.38938120752573013
164,176,10,10,90,almond/almond_01b.jpg,almond,0.829268293,0.4125438258051872,-0.4125438258051872
164,176,11,11,89,barcode/barcode_01b.jpg,barcode,0.775,0.5057362616062164,-0.5057362616062164
164,176,12,12,88,bassinet/bassinet_01b.jpg,bassinet,0.804878049,0.7061393335461617,-0.7061393335461617
164,176,13,13,87,banner/banner_01b.jpg,banner,0.789473684,0.43572765588760376,-0.43572765588760376
164,176,14,14,86,cookie/cookie_01b.jpg,cookie,0.825,0.5036813169717789,-0.5036813169717789
164,176,15,15,85,beaker/beaker_01b.jpg,beaker,0.846153846,0.42017630487680435,-0.42017630487680435
164,176,16,16,84,alligator/alligator_01b.jpg,alligator,0.785714286,0.49985364079475403,-0.49985364079475403
164,176,17,17,83,ankle/ankle_01b.jpg,ankle,0.850609756,0.28121597319841385,-0.28121597319841385
164,176,18,18,82,cockatoo/cockatoo_01b.jpg,cockatoo,0.829268293,0.8301126807928085,-0.8301126807928085
164,176,19,19,81,apron/apron_01b.jpg,apron,0.811522048,0.3784906640648842,-0.3784906640648842
164,176,20,20,80,bonnet/bonnet_01s.jpg,bonnet,0.871794872,0.2946718633174896,-0.2946718633174896
164,176,21,21,79,contact_lens/contact_lens_01s.jpg,contact_lens,0.872435897,0.27513957768678665,-0.27513957768678665
164,176,22,22,78,cardinal/cardinal_01b.jpg,cardinal,0.775,0.5453965961933136,-0.5453965961933136
164,176,23,23,77,clothespin/clothespin_01b.jpg,clothespin,0.840909091,0.3948802202939987,-0.3948802202939987
164,176,24,24,76,christmas_card/christmas_card_01b.jpg,christmas_card,0.804878049,0.2893085703253746,-0.2893085703253746
164,176,25,25,75,dandelion/dandelion_01s.jpg,dandelion,0.794871795,0.5662898272275925,-0.5662898272275925
164,176,26,26,74,appetizer/appetizer_01b.jpg,appetizer,0.794871795,0.7083557546138763,-0.7083557546138763
164,176,27,27,73,carousel/carousel_01b.jpg,carousel,0.829268293,0.46426212787628174,-0.46426212787628174
164,176,28,28,72,breathalyzer/breathalyzer_01b.jpg,breathalyzer,0.8,0.32276006042957306,-0.32276006042957306
164,176,29,29,71,caviar/caviar_01b.jpg,caviar,0.785714286,0.5025390982627869,-0.5025390982627869
164,176,30,30,70,coffee/coffee_01b.jpg,coffee,0.820512821,0.9038723707199097,-0.9038723707199097
164,176,31,31,69,christmas_tree/christmas_tree_01b.jpg,christmas_tree,0.780487805,0.32893048971891403,-0.32893048971891403
164,176,32,32,68,bolo_tie/bolo_tie_01b.jpg,bolo_tie,0.833333333,0.38101938366889954,-0.38101938366889954
164,176,33,33,67,cornmeal/cornmeal_01b.jpg,cornmeal,0.846153846,0.5971303433179855,-0.5971303433179855
164,176,34,34,66,cobra/cobra_01b.jpg,cobra,0.853658537,1.1965491473674774,-1.1965491473674774
164,176,35,35,65,brace/brace_01b.jpg,brace,0.804878049,0.3802248686552048,-0.3802248686552048
164,176,36,36,64,curtain/curtain_01b.jpg,curtain,0.8,0.36588534712791443,-0.36588534712791443
164,176,37,37,63,chocolate/chocolate_01b.jpg,chocolate,0.875,0.27445805072784424,-0.27445805072784424
164,176,38,38,62,boat/boat_01b.jpg,boat,0.761904762,0.6691514551639557,-0.6691514551639557
164,176,39,39,61,crumb/crumb_01b.jpg,crumb,0.775,0.2550937607884407,-0.2550937607884407
164,176,40,40,60,cello/cello_01s.jpg,cello,0.825,0.47711244225502014,-0.47711244225502014
164,176,41,41,59,coconut/coconut_01b.jpg,coconut,0.833333333,0.3936632424592972,-0.3936632424592972
164,176,42,42,58,camel/camel_01b.jpg,camel,0.85,0.4273344874382019,-0.4273344874382019
164,176,43,43,57,battery/battery_01b.jpg,battery,0.860465116,0.2866847813129425,-0.2866847813129425
164,176,44,44,56,armor/armor_01b.jpg,armor,0.804878049,0.41076911985874176,-0.41076911985874176
164,176,45,45,55,banana/banana_01b.jpg,banana,0.85,0.3608386963605881,-0.3608386963605881
164,176,46,46,54,cellphone/cellphone_01b.jpg,cellphone,0.80952381,0.3841403052210808,-0.3841403052210808
164,176,47,47,53,cactus/cactus_01b.jpg,cactus,0.780487805,0.6219316571950912,-0.6219316571950912
164,176,48,48,52,bow1/bow1_01b.jpg,bow1,0.794871795,0.4420330673456192,-0.4420330673456192
164,176,49,49,51,cream/cream_01b.jpg,cream,0.769230769,0.3123036101460457,-0.3123036101460457
164,176,50,50,50,clipboard/clipboard_01b.jpg,clipboard,0.763157895,0.3426828309893608,-0.3426828309893608
165,177,1,1,99,boat/boat_01b.jpg,boat,0.761904762,0.7158699780702591,-0.7158699780702591
165,177,2,2,98,cactus/cactus_01b.jpg,cactus,0.780487805,0.5814499109983444,-0.5814499109983444
165,177,3,3,97,appetizer/appetizer_01b.jpg,appetizer,0.794871795,0.8360254019498825,-0.8360254019498825
165,177,4,4,96,christmas_card/christmas_card_01b.jpg,christmas_card,0.804878049,0.33186592906713486,-0.33186592906713486
165,177,5,5,95,dandelion/dandelion_01s.jpg,dandelion,0.794871795,0.6993834674358368,-0.6993834674358368
165,177,6,6,94,beaker/beaker_01b.jpg,beaker,0.846153846,0.5228864848613739,-0.5228864848613739
165,177,7,7,93,carousel/carousel_01b.jpg,carousel,0.829268293,0.48708197474479675,-0.48708197474479675
165,177,8,8,92,crutch/crutch_01b.jpg,crutch,0.756097561,0.7027162909507751,-0.7027162909507751
165,177,9,9,91,armor/armor_01b.jpg,armor,0.804878049,0.5511475056409836,-0.5511475056409836
165,177,10,10,90,alligator/alligator_01b.jpg,alligator,0.785714286,0.4761626496911049,-0.4761626496911049
165,177,11,11,89,bow1/bow1_01b.jpg,bow1,0.794871795,0.537769004702568,-0.537769004702568
165,177,12,12,88,curtain/curtain_01b.jpg,curtain,0.8,0.3887675553560257,-0.3887675553560257
165,177,13,13,87,cornmeal/cornmeal_01b.jpg,cornmeal,0.846153846,0.7104641944169998,-0.7104641944169998
165,177,14,14,86,camel/camel_01b.jpg,camel,0.85,0.43804678320884705,-0.43804678320884705
165,177,15,15,85,blinder/blinder_01b.jpg,blinder,0.825,0.3817530870437622,-0.3817530870437622
165,177,16,16,84,caviar/caviar_01b.jpg,caviar,0.785714286,0.5534122586250305,-0.5534122586250305
165,177,17,17,83,cream/cream_01b.jpg,cream,0.769230769,0.38424956053495407,-0.38424956053495407
165,177,18,18,82,cockatoo/cockatoo_01b.jpg,cockatoo,0.829268293,0.61515311896801,-0.61515311896801
165,177,19,19,81,coffee/coffee_01b.jpg,coffee,0.820512821,0.7384472042322159,-0.7384472042322159
165,177,20,20,80,beard/beard_01b.jpg,beard,0.875,0.4368275851011276,-0.4368275851011276
165,177,21,21,79,bison/bison_01b.jpg,bison,0.868421053,0.38650503754615784,-0.38650503754615784
165,177,22,22,78,christmas_tree/christmas_tree_01b.jpg,christmas_tree,0.780487805,0.35644563287496567,-0.35644563287496567
165,177,23,23,77,bolo_tie/bolo_tie_01b.jpg,bolo_tie,0.833333333,0.4189837872982025,-0.4189837872982025
165,177,24,24,76,breathalyzer/breathalyzer_01b.jpg,breathalyzer,0.8,0.31939035654067993,-0.31939035654067993
165,177,25,25,75,candy_cane/candy_cane_01b.jpg,candy_cane,0.76744186,0.4881649315357208,-0.4881649315357208
165,177,26,26,74,ankle/ankle_01b.jpg,ankle,0.850609756,0.2999724969267845,-0.2999724969267845
165,177,27,27,73,cookie/cookie_01b.jpg,cookie,0.825,0.47554153203964233,-0.47554153203964233
165,177,28,28,72,battery/battery_01b.jpg,battery,0.860465116,0.3189108669757843,-0.3189108669757843
165,177,29,29,71,cobra/cobra_01b.jpg,cobra,0.853658537,1.2318602800369263,-1.2318602800369263
165,177,30,30,70,almond/almond_01b.jpg,almond,0.829268293,0.43943244218826294,-0.43943244218826294
165,177,31,31,69,contact_lens/contact_lens_01s.jpg,contact_lens,0.872435897,0.3066016733646393,-0.3066016733646393
165,177,32,32,68,badger/badger_01b.jpg,badger,0.825,0.5365902334451675,-0.5365902334451675
165,177,33,33,67,brace/brace_01b.jpg,brace,0.804878049,0.388726107776165,-0.388726107776165
165,177,34,34,66,bonnet/bonnet_01s.jpg,bonnet,0.871794872,0.36107128113508224,-0.36107128113508224
165,177,35,35,65,bassinet/bassinet_01b.jpg,bassinet,0.804878049,0.8486229404807091,-0.8486229404807091
165,177,36,36,64,cardinal/cardinal_01b.jpg,cardinal,0.775,0.585024818778038,-0.585024818778038
165,177,37,37,63,crumb/crumb_01b.jpg,crumb,0.775,0.2707745283842087,-0.2707745283842087
165,177,38,38,62,barcode/barcode_01b.jpg,barcode,0.775,0.5031189620494843,-0.5031189620494843
165,177,39,39,61,blowtorch/blowtorch_01b.jpg,blowtorch,0.8,0.3602762296795845,-0.3602762296795845
165,177,40,40,60,chicken1/chicken1_01b.jpg,chicken1,0.8,0.409484438598156,-0.409484438598156
165,177,41,41,59,clothespin/clothespin_01b.jpg,clothespin,0.840909091,0.4941944032907486,-0.4941944032907486
165,177,42,42,58,banana/banana_01b.jpg,banana,0.85,0.4218960553407669,-0.4218960553407669
165,177,43,43,57,cashew/cashew_01b.jpg,cashew,0.818181818,0.6071898937225342,-0.6071898937225342
165,177,44,44,56,clipboard/clipboard_01b.jpg,clipboard,0.763157895,0.37199071794748306,-0.37199071794748306
165,177,45,45,55,cellphone/cellphone_01b.jpg,cellphone,0.80952381,0.5098623558878899,-0.5098623558878899
165,177,46,46,54,banner/banner_01b.jpg,banner,0.789473684,0.4580051153898239,-0.4580051153898239
165,177,47,47,53,coconut/coconut_01b.jpg,coconut,0.833333333,0.4139370322227478,-0.4139370322227478
165,177,48,48,52,apron/apron_01b.jpg,apron,0.811522048,0.3204421401023865,-0.3204421401023865
165,177,49,49,51,cello/cello_01s.jpg,cello,0.825,0.5265879929065704,-0.5265879929065704
165,177,50,50,50,cufflink/cufflink_01b.jpg,cufflink,0.789473684,0.387762188911438,-0.387762188911438
166,178,1,1,99,contact_lens/contact_lens_01s.jpg,contact_lens,0.872435897,0.34559983760118484,-0.34559983760118484
166,178,2,2,98,cello/cello_01s.jpg,cello,0.825,1.4959957003593445,-1.4959957003593445
166,178,3,3,97,apron/apron_01b.jpg,apron,0.811522048,0.3316763862967491,-0.3316763862967491
166,178,4,4,96,almond/almond_01b.jpg,almond,0.829268293,0.48173898458480835,-0.48173898458480835
166,178,5,5,95,barcode/barcode_01b.jpg,barcode,0.775,0.6299358159303665,-0.6299358159303665
166,178,6,6,94,cookie/cookie_01b.jpg,cookie,0.825,0.5299461632966995,-0.5299461632966995
166,178,7,7,93,candy_cane/candy_cane_01b.jpg,candy_cane,0.76744186,0.7103639841079712,-0.7103639841079712
166,178,8,8,92,battery/battery_01b.jpg,battery,0.860465116,0.37660837918519974,-0.37660837918519974
166,178,9,9,91,blinder/blinder_01b.jpg,blinder,0.825,0.37161823362112045,-0.37161823362112045
166,178,10,10,90,breathalyzer/breathalyzer_01b.jpg,breathalyzer,0.8,0.36655691266059875,-0.36655691266059875
166,178,11,11,89,banana/banana_01b.jpg,banana,0.85,0.5485383570194244,-0.5485383570194244
166,178,12,12,88,crutch/crutch_01b.jpg,crutch,0.756097561,0.8627614825963974,-0.8627614825963974
166,178,13,13,87,cellphone/cellphone_01b.jpg,cellphone,0.80952381,0.43816670775413513,-0.43816670775413513
166,178,14,14,86,cactus/cactus_01b.jpg,cactus,0.780487805,0.6784845888614655,-0.6784845888614655
166,178,15,15,85,bow1/bow1_01b.jpg,bow1,0.794871795,0.5112452954053879,-0.5112452954053879
166,178,16,16,84,armor/armor_01b.jpg,armor,0.804878049,0.46327176690101624,-0.46327176690101624
166,178,17,17,83,banner/banner_01b.jpg,banner,0.789473684,0.4646016061306,-0.4646016061306
166,178,18,18,82,bolo_tie/bolo_tie_01b.jpg,bolo_tie,0.833333333,0.43018174171447754,-0.43018174171447754
166,178,19,19,81,closet/closet_01b.jpg,closet,0.756097561,0.2626475617289543,-0.2626475617289543
166,178,20,20,80,boat/boat_01b.jpg,boat,0.761904762,0.7256045490503311,-0.7256045490503311
166,178,21,21,79,chicken1/chicken1_01b.jpg,chicken1,0.8,0.35525842756032944,-0.35525842756032944
166,178,22,22,78,caviar/caviar_01b.jpg,caviar,0.785714286,0.6310323476791382,-0.6310323476791382
166,178,23,23,77,christmas_card/christmas_card_01b.jpg,christmas_card,0.804878049,0.3131570518016815,-0.3131570518016815
166,178,24,24,76,crumb/crumb_01b.jpg,crumb,0.775,0.26600223779678345,-0.26600223779678345
166,178,25,25,75,clothespin/clothespin_01b.jpg,clothespin,0.840909091,0.4948480427265167,-0.4948480427265167
166,178,26,26,74,bassinet/bassinet_01b.jpg,bassinet,0.804878049,0.8065546825528145,-0.8065546825528145
166,178,27,27,73,beaker/beaker_01b.jpg,beaker,0.846153846,0.6035987883806229,-0.6035987883806229
166,178,28,28,72,ankle/ankle_01b.jpg,ankle,0.850609756,0.29926103353500366,-0.29926103353500366
166,178,29,29,71,bison/bison_01b.jpg,bison,0.868421053,0.3985076993703842,-0.3985076993703842
166,178,30,30,70,clipboard/clipboard_01b.jpg,clipboard,0.763157895,0.3610178530216217,-0.3610178530216217
166,178,31,31,69,cockatoo/cockatoo_01b.jpg,cockatoo,0.829268293,0.5696565136313438,-0.5696565136313438
166,178,32,32,68,brace/brace_01b.jpg,brace,0.804878049,0.3519098311662674,-0.3519098311662674
166,178,33,33,67,christmas_tree/christmas_tree_01b.jpg,christmas_tree,0.780487805,0.3632752522826195,-0.3632752522826195
166,178,34,34,66,coconut/coconut_01b.jpg,coconut,0.833333333,0.4257657825946808,-0.4257657825946808
166,178,35,35,65,camel/camel_01b.jpg,camel,0.85,0.4318939745426178,-0.4318939745426178
166,178,36,36,64,dandelion/dandelion_01s.jpg,dandelion,0.794871795,0.5999713987112045,-0.5999713987112045
166,178,37,37,63,cufflink/cufflink_01b.jpg,cufflink,0.789473684,0.3737884983420372,-0.3737884983420372
166,178,38,38,62,bonnet/bonnet_01s.jpg,bonnet,0.871794872,0.33524738997220993,-0.33524738997220993
166,178,39,39,61,cobra/cobra_01b.jpg,cobra,0.853658537,1.172294795513153,-1.172294795513153
166,178,40,40,60,cashew/cashew_01b.jpg,cashew,0.818181818,0.5403184145689011,-0.5403184145689011
166,178,41,41,59,cream/cream_01b.jpg,cream,0.769230769,0.40100350975990295,-0.40100350975990295
166,178,42,42,58,alligator/alligator_01b.jpg,alligator,0.785714286,0.5181427150964737,-0.5181427150964737
166,178,43,43,57,blowtorch/blowtorch_01b.jpg,blowtorch,0.8,0.3491731360554695,-0.3491731360554695
166,178,44,44,56,badger/badger_01b.jpg,badger,0.825,0.5632470548152924,-0.5632470548152924
166,178,45,45,55,curtain/curtain_01b.jpg,curtain,0.8,0.5023713782429695,-0.5023713782429695
166,178,46,46,54,appetizer/appetizer_01b.jpg,appetizer,0.794871795,0.8192528337240219,-0.8192528337240219
166,178,47,47,53,cornmeal/cornmeal_01b.jpg,cornmeal,0.846153846,0.8073834329843521,-0.8073834329843521
166,178,48,48,52,coffee/coffee_01b.jpg,coffee,0.820512821,1.1918317079544067,-1.1918317079544067
166,178,49,49,51,carousel/carousel_01b.jpg,carousel,0.829268293,0.4729897379875183,-0.4729897379875183
166,178,50,50,50,cardinal/cardinal_01b.jpg,cardinal,0.775,0.7078057080507278,-0.7078057080507278
167,179,1,1,99,curtain/curtain_01b.jpg,curtain,0.8,0.5080707669258118,-0.5080707669258118
167,179,2,2,98,banana/banana_01b.jpg,banana,0.85,0.7002623528242111,-0.7002623528242111
167,179,3,3,97,bassinet/bassinet_01b.jpg,bassinet,0.804878049,0.9791707694530487,-0.9791707694530487
167,179,4,4,96,christmas_tree/christmas_tree_01b.jpg,christmas_tree,0.780487805,0.3843039348721504,-0.3843039348721504
167,179,5,5,95,brace/brace_01b.jpg,brace,0.804878049,0.4572528004646301,-0.4572528004646301
167,179,6,6,94,cookie/cookie_01b.jpg,cookie,0.825,0.5067733973264694,-0.5067733973264694
167,179,7,7,93,bison/bison_01b.jpg,bison,0.868421053,0.5051556453108788,-0.5051556453108788
167,179,8,8,92,armor/armor_01b.jpg,armor,0.804878049,0.48370759189128876,-0.48370759189128876
167,179,9,9,91,battery/battery_01b.jpg,battery,0.860465116,0.3391796946525574,-0.3391796946525574
167,179,10,10,90,bonnet/bonnet_01s.jpg,bonnet,0.871794872,0.30561741441488266,-0.30561741441488266
167,179,11,11,89,caviar/caviar_01b.jpg,caviar,0.785714286,0.621114119887352,-0.621114119887352
167,179,12,12,88,clothespin/clothespin_01b.jpg,clothespin,0.840909091,0.49048690497875214,-0.49048690497875214
167,179,13,13,87,cellphone/cellphone_01b.jpg,cellphone,0.80952381,0.46305783092975616,-0.46305783092975616
167,179,14,14,86,coconut/coconut_01b.jpg,coconut,0.833333333,0.3821311891078949,-0.3821311891078949
167,179,15,15,85,bow1/bow1_01b.jpg,bow1,0.794871795,0.506868451833725,-0.506868451833725
167,179,16,16,84,cashew/cashew_01b.jpg,cashew,0.818181818,0.4424484372138977,-0.4424484372138977
167,179,17,17,83,blinder/blinder_01b.jpg,blinder,0.825,0.3498520776629448,-0.3498520776629448
167,179,18,18,82,almond/almond_01b.jpg,almond,0.829268293,0.46020153164863586,-0.46020153164863586
167,179,19,19,81,cornmeal/cornmeal_01b.jpg,cornmeal,0.846153846,0.7145965248346329,-0.7145965248346329
167,179,20,20,80,beaker/beaker_01b.jpg,beaker,0.846153846,0.40046966075897217,-0.40046966075897217
167,179,21,21,79,closet/closet_01b.jpg,closet,0.756097561,0.2734898626804352,-0.2734898626804352
167,179,22,22,78,buckle/buckle_01b.jpg,buckle,0.756097561,0.5505048781633377,-0.5505048781633377
167,179,23,23,77,crumb/crumb_01b.jpg,crumb,0.775,0.24311712384223938,-0.24311712384223938
167,179,24,24,76,crutch/crutch_01b.jpg,crutch,0.756097561,0.5309137105941772,-0.5309137105941772
167,179,25,25,75,cream/cream_01b.jpg,cream,0.769230769,0.3497212901711464,-0.3497212901711464
167,179,26,26,74,christmas_card/christmas_card_01b.jpg,christmas_card,0.804878049,0.2875273525714874,-0.2875273525714874
167,179,27,27,73,candy_cane/candy_cane_01b.jpg,candy_cane,0.76744186,0.5187597572803497,-0.5187597572803497
167,179,28,28,72,ankle/ankle_01b.jpg,ankle,0.850609756,0.2760474607348442,-0.2760474607348442
167,179,29,29,71,dandelion/dandelion_01s.jpg,dandelion,0.794871795,0.6298499256372452,-0.6298499256372452
167,179,30,30,70,coffee/coffee_01b.jpg,coffee,0.820512821,0.8668141961097717,-0.8668141961097717
167,179,31,31,69,bolo_tie/bolo_tie_01b.jpg,bolo_tie,0.833333333,0.3642829358577728,-0.3642829358577728
167,179,32,32,68,cactus/cactus_01b.jpg,cactus,0.780487805,0.5077849924564362,-0.5077849924564362
167,179,33,33,67,chicken1/chicken1_01b.jpg,chicken1,0.8,0.3572002649307251,-0.3572002649307251
167,179,34,34,66,cardinal/cardinal_01b.jpg,cardinal,0.775,0.5933073908090591,-0.5933073908090591
167,179,35,35,65,badger/badger_01b.jpg,badger,0.825,0.5839672833681107,-0.5839672833681107
167,179,36,36,64,breathalyzer/breathalyzer_01b.jpg,breathalyzer,0.8,0.31781725585460663,-0.31781725585460663
167,179,37,37,63,camel/camel_01b.jpg,camel,0.85,0.4459053725004196,-0.4459053725004196
167,179,38,38,62,cufflink/cufflink_01b.jpg,cufflink,0.789473684,0.4016357734799385,-0.4016357734799385
167,179,39,39,61,carousel/carousel_01b.jpg,carousel,0.829268293,0.4197392463684082,-0.4197392463684082
167,179,40,40,60,banner/banner_01b.jpg,banner,0.789473684,0.44309844076633453,-0.44309844076633453
167,179,41,41,59,appetizer/appetizer_01b.jpg,appetizer,0.794871795,0.7509703934192657,-0.7509703934192657
167,179,42,42,58,cockatoo/cockatoo_01b.jpg,cockatoo,0.829268293,0.6417539417743683,-0.6417539417743683
167,179,43,43,57,cobra/cobra_01b.jpg,cobra,0.853658537,1.101591795682907,-1.101591795682907
167,179,44,44,56,apron/apron_01b.jpg,apron,0.811522048,0.2911856696009636,-0.2911856696009636
167,179,45,45,55,blowtorch/blowtorch_01b.jpg,blowtorch,0.8,0.34234392642974854,-0.34234392642974854
167,179,46,46,54,cello/cello_01s.jpg,cello,0.825,0.5691038817167282,-0.5691038817167282
167,179,47,47,53,boat/boat_01b.jpg,boat,0.761904762,0.6313829272985458,-0.6313829272985458
167,179,48,48,52,clipboard/clipboard_01b.jpg,clipboard,0.763157895,0.3736652731895447,-0.3736652731895447
167,179,49,49,51,barcode/barcode_01b.jpg,barcode,0.775,0.49020038545131683,-0.49020038545131683
167,179,50,50,50,alligator/alligator_01b.jpg,alligator,0.785714286,0.46201208233833313,-0.46201208233833313
168,180,1,1,99,appetizer/appetizer_01b.jpg,appetizer,0.794871795,0.8405574411153793,-0.8405574411153793
168,180,2,2,98,breathalyzer/breathalyzer_01b.jpg,breathalyzer,0.8,0.4123956337571144,-0.4123956337571144
168,180,3,3,97,bassinet/bassinet_01b.jpg,bassinet,0.804878049,1.081512987613678,-1.081512987613678
168,180,4,4,96,apron/apron_01b.jpg,apron,0.811522048,0.3595292866230011,-0.3595292866230011
168,180,5,5,95,armor/armor_01b.jpg,armor,0.804878049,0.5127303600311279,-0.5127303600311279
168,180,6,6,94,coffee/coffee_01b.jpg,coffee,0.820512821,0.7759404480457306,-0.7759404480457306
168,180,7,7,93,beaker/beaker_01b.jpg,beaker,0.846153846,0.5557653531432152,-0.5557653531432152
168,180,8,8,92,brace/brace_01b.jpg,brace,0.804878049,0.427884042263031,-0.427884042263031
168,180,9,9,91,caviar/caviar_01b.jpg,caviar,0.785714286,0.6022543162107468,-0.6022543162107468
168,180,10,10,90,dandelion/dandelion_01s.jpg,dandelion,0.794871795,0.6057551950216293,-0.6057551950216293
168,180,11,11,89,chicken1/chicken1_01b.jpg,chicken1,0.8,0.35176193714141846,-0.35176193714141846
168,180,12,12,88,cactus/cactus_01b.jpg,cactus,0.780487805,0.5899192541837692,-0.5899192541837692
168,180,13,13,87,boat/boat_01b.jpg,boat,0.761904762,0.6290217339992523,-0.6290217339992523
168,180,14,14,86,bison/bison_01b.jpg,bison,0.868421053,0.4708092510700226,-0.4708092510700226
168,180,15,15,85,candy_cane/candy_cane_01b.jpg,candy_cane,0.76744186,0.6595392525196075,-0.6595392525196075
168,180,16,16,84,bow1/bow1_01b.jpg,bow1,0.794871795,0.5322769731283188,-0.5322769731283188
168,180,17,17,83,blinder/blinder_01b.jpg,blinder,0.825,0.361090287566185,-0.361090287566185
168,180,18,18,82,cookie/cookie_01b.jpg,cookie,0.825,0.4900205731391907,-0.4900205731391907
168,180,19,19,81,cello/cello_01s.jpg,cello,0.825,0.5523058623075485,-0.5523058623075485
168,180,20,20,80,crumb/crumb_01b.jpg,crumb,0.775,0.2801162526011467,-0.2801162526011467
168,180,21,21,79,clothespin/clothespin_01b.jpg,clothespin,0.840909091,0.4630308300256729,-0.4630308300256729
168,180,22,22,78,cashew/cashew_01b.jpg,cashew,0.818181818,0.42613084614276886,-0.42613084614276886
168,180,23,23,77,curtain/curtain_01b.jpg,curtain,0.8,0.506514847278595,-0.506514847278595
168,180,24,24,76,blowtorch/blowtorch_01b.jpg,blowtorch,0.8,0.4172604903578758,-0.4172604903578758
168,180,25,25,75,camel/camel_01b.jpg,camel,0.85,0.4634075239300728,-0.4634075239300728
168,180,26,26,74,banana/banana_01b.jpg,banana,0.85,0.44162604212760925,-0.44162604212760925
168,180,27,27,73,alligator/alligator_01b.jpg,alligator,0.785714286,0.5168518722057343,-0.5168518722057343
168,180,28,28,72,christmas_card/christmas_card_01b.jpg,christmas_card,0.804878049,0.2968582808971405,-0.2968582808971405
168,180,29,29,71,battery/battery_01b.jpg,battery,0.860465116,0.3435945510864258,-0.3435945510864258
168,180,30,30,70,coconut/coconut_01b.jpg,coconut,0.833333333,0.37476301938295364,-0.37476301938295364
168,180,31,31,69,crutch/crutch_01b.jpg,crutch,0.756097561,0.6428035497665405,-0.6428035497665405
168,180,32,32,68,christmas_tree/christmas_tree_01b.jpg,christmas_tree,0.780487805,0.42317741364240646,-0.42317741364240646
168,180,33,33,67,almond/almond_01b.jpg,almond,0.829268293,0.49486076831817627,-0.49486076831817627
168,180,34,34,66,buckle/buckle_01b.jpg,buckle,0.756097561,0.5368920862674713,-0.5368920862674713
168,180,35,35,65,ankle/ankle_01b.jpg,ankle,0.850609756,0.3077656626701355,-0.3077656626701355
168,180,36,36,64,cobra/cobra_01b.jpg,cobra,0.853658537,1.3568152785301208,-1.3568152785301208
168,180,37,37,63,barcode/barcode_01b.jpg,barcode,0.775,0.5833431035280228,-0.5833431035280228
168,180,38,38,62,closet/closet_01b.jpg,closet,0.756097561,0.29308223724365234,-0.29308223724365234
168,180,39,39,61,cockatoo/cockatoo_01b.jpg,cockatoo,0.829268293,0.701997235417366,-0.701997235417366
168,180,40,40,60,banner/banner_01b.jpg,banner,0.789473684,0.452252596616745,-0.452252596616745
168,180,41,41,59,cellphone/cellphone_01b.jpg,cellphone,0.80952381,0.5079532861709595,-0.5079532861709595
168,180,42,42,58,badger/badger_01b.jpg,badger,0.825,0.6936542242765427,-0.6936542242765427
168,180,43,43,57,carousel/carousel_01b.jpg,carousel,0.829268293,0.4361427277326584,-0.4361427277326584
168,180,44,44,56,cream/cream_01b.jpg,cream,0.769230769,0.32795894891023636,-0.32795894891023636
168,180,45,45,55,cufflink/cufflink_01b.jpg,cufflink,0.789473684,0.4072284549474716,-0.4072284549474716
168,180,46,46,54,bolo_tie/bolo_tie_01b.jpg,bolo_tie,0.833333333,0.39027218520641327,-0.39027218520641327
168,180,47,47,53,dalmatian/dalmatian_01b.jpg,dalmatian,0.750609756,0.902834489941597,-0.902834489941597
168,180,48,48,52,cornmeal/cornmeal_01b.jpg,cornmeal,0.846153846,0.6144499480724335,-0.6144499480724335
168,180,49,49,51,clipboard/clipboard_01b.jpg,clipboard,0.763157895,0.37490469962358475,-0.37490469962358475
168,180,50,50,50,cardinal/cardinal_01b.jpg,cardinal,0.775,0.669289767742157,-0.669289767742157
169,181,1,1,99,battery/battery_01b.jpg,battery,0.860465116,0.3313957378268242,-0.3313957378268242
169,181,2,2,98,breathalyzer/breathalyzer_01b.jpg,breathalyzer,0.8,0.3829715922474861,-0.3829715922474861
169,181,3,3,97,cookie/cookie_01b.jpg,cookie,0.825,0.5497300773859024,-0.5497300773859024
169,181,4,4,96,carousel/carousel_01b.jpg,carousel,0.829268293,0.47991108894348145,-0.47991108894348145
169,181,5,5,95,cashew/cashew_01b.jpg,cashew,0.818181818,0.48159292340278625,-0.48159292340278625
169,181,6,6,94,boat/boat_01b.jpg,boat,0.761904762,0.6774584949016571,-0.6774584949016571
169,181,7,7,93,coconut/coconut_01b.jpg,coconut,0.833333333,0.40749697387218475,-0.40749697387218475
169,181,8,8,92,coffee_table/coffee_table_01b.jpg,coffee_table,0.75,0.30092180520296097,-0.30092180520296097
169,181,9,9,91,armor/armor_01b.jpg,armor,0.804878049,0.5179947763681412,-0.5179947763681412
169,181,10,10,90,candy_cane/candy_cane_01b.jpg,candy_cane,0.76744186,0.5393024533987045,-0.5393024533987045
169,181,11,11,89,buckle/buckle_01b.jpg,buckle,0.756097561,0.5811110734939575,-0.5811110734939575
169,181,12,12,88,cardinal/cardinal_01b.jpg,cardinal,0.775,0.5983526557683945,-0.5983526557683945
169,181,13,13,87,brace/brace_01b.jpg,brace,0.804878049,0.39777735620737076,-0.39777735620737076
169,181,14,14,86,appetizer/appetizer_01b.jpg,appetizer,0.794871795,0.6225268542766571,-0.6225268542766571
169,181,15,15,85,banner/banner_01b.jpg,banner,0.789473684,0.49505506455898285,-0.49505506455898285
169,181,16,16,84,christmas_tree/christmas_tree_01b.jpg,christmas_tree,0.780487805,0.3970421925187111,-0.3970421925187111
169,181,17,17,83,badger/badger_01b.jpg,badger,0.825,0.5557593703269958,-0.5557593703269958
169,181,18,18,82,curtain/curtain_01b.jpg,curtain,0.8,0.3927770182490349,-0.3927770182490349
169,181,19,19,81,cufflink/cufflink_01b.jpg,cufflink,0.789473684,0.4123237356543541,-0.4123237356543541
169,181,20,20,80,cello/cello_01s.jpg,cello,0.825,0.43348434567451477,-0.43348434567451477
169,181,21,21,79,blinder/blinder_01b.jpg,blinder,0.825,0.3537355214357376,-0.3537355214357376
169,181,22,22,78,ankle/ankle_01b.jpg,ankle,0.850609756,0.33819054067134857,-0.33819054067134857
169,181,23,23,77,cockatoo/cockatoo_01b.jpg,cockatoo,0.829268293,0.7899997532367706,-0.7899997532367706
169,181,24,24,76,dandelion/dandelion_01s.jpg,dandelion,0.794871795,0.5602625757455826,-0.5602625757455826
169,181,25,25,75,bassinet/bassinet_01b.jpg,bassinet,0.804878049,0.7822011709213257,-0.7822011709213257
169,181,26,26,74,crumb/crumb_01b.jpg,crumb,0.775,0.27717841416597366,-0.27717841416597366
169,181,27,27,73,beaker/beaker_01b.jpg,beaker,0.846153846,0.5009777396917343,-0.5009777396917343
169,181,28,28,72,coffee/coffee_01b.jpg,coffee,0.820512821,1.3134639412164688,-1.3134639412164688
169,181,29,29,71,apron/apron_01b.jpg,apron,0.811522048,0.32338619977235794,-0.32338619977235794
169,181,30,30,70,barcode/barcode_01b.jpg,barcode,0.775,0.4881601631641388,-0.4881601631641388
169,181,31,31,69,cream/cream_01b.jpg,cream,0.769230769,0.3393842577934265,-0.3393842577934265
169,181,32,32,68,chicken1/chicken1_01b.jpg,chicken1,0.8,0.33509140461683273,-0.33509140461683273
169,181,33,33,67,clothespin/clothespin_01b.jpg,clothespin,0.840909091,0.4900147318840027,-0.4900147318840027
169,181,34,34,66,camel/camel_01b.jpg,camel,0.85,0.4178263321518898,-0.4178263321518898
169,181,35,35,65,dalmatian/dalmatian_01b.jpg,dalmatian,0.750609756,0.6337601393461227,-0.6337601393461227
169,181,36,36,64,bolo_tie/bolo_tie_01b.jpg,bolo_tie,0.833333333,0.3873908966779709,-0.3873908966779709
169,181,37,37,63,crutch/crutch_01b.jpg,crutch,0.756097561,0.520138792693615,-0.520138792693615
169,181,38,38,62,caviar/caviar_01b.jpg,caviar,0.785714286,0.5553684532642365,-0.5553684532642365
169,181,39,39,61,cellphone/cellphone_01b.jpg,cellphone,0.80952381,0.39288223534822464,-0.39288223534822464
169,181,40,40,60,christmas_card/christmas_card_01b.jpg,christmas_card,0.804878049,0.310742624104023,-0.310742624104023
169,181,41,41,59,alligator/alligator_01b.jpg,alligator,0.785714286,0.4788586422801018,-0.4788586422801018
169,181,42,42,58,cobra/cobra_01b.jpg,cobra,0.853658537,1.335790753364563,-1.335790753364563
169,181,43,43,57,bow1/bow1_01b.jpg,bow1,0.794871795,0.4671226888895035,-0.4671226888895035
169,181,44,44,56,cactus/cactus_01b.jpg,cactus,0.780487805,0.5618253946304321,-0.5618253946304321
169,181,45,45,55,banana/banana_01b.jpg,banana,0.85,0.3840760514140129,-0.3840760514140129
169,181,46,46,54,blowtorch/blowtorch_01b.jpg,blowtorch,0.8,0.3849661946296692,-0.3849661946296692
169,181,47,47,53,closet/closet_01b.jpg,closet,0.756097561,0.30994390696287155,-0.30994390696287155
169,181,48,48,52,clipboard/clipboard_01b.jpg,clipboard,0.763157895,0.4016300439834595,-0.4016300439834595
169,181,49,49,51,cornmeal/cornmeal_01b.jpg,cornmeal,0.846153846,0.6831066459417343,-0.6831066459417343
169,181,50,50,50,almond/almond_01b.jpg,almond,0.829268293,0.46138453483581543,-0.46138453483581543
170,182,1,1,99,cardinal/cardinal_01b.jpg,cardinal,0.775,1.386422023177147,-1.386422023177147
170,182,2,2,98,almond/almond_01b.jpg,almond,0.829268293,0.5130897760391235,-0.5130897760391235
170,182,3,3,97,cream/cream_01b.jpg,cream,0.769230769,0.43902334570884705,-0.43902334570884705
170,182,4,4,96,badger/badger_01b.jpg,badger,0.825,1.1189068257808685,-1.1189068257808685
170,182,5,5,95,beaker/beaker_01b.jpg,beaker,0.846153846,0.718533843755722,-0.718533843755722
170,182,6,6,94,crumb/crumb_01b.jpg,crumb,0.775,0.3819824084639549,-0.3819824084639549
170,182,7,7,93,carousel/carousel_01b.jpg,carousel,0.829268293,0.5408027172088623,-0.5408027172088623
170,182,8,8,92,buckle/buckle_01b.jpg,buckle,0.756097561,0.7266661822795868,-0.7266661822795868
170,182,9,9,91,appetizer/appetizer_01b.jpg,appetizer,0.794871795,1.0073429197072983,-1.0073429197072983
170,182,10,10,90,apron/apron_01b.jpg,apron,0.811522048,0.38722749054431915,-0.38722749054431915
170,182,11,11,89,armor/armor_01b.jpg,armor,0.804878049,0.4976411461830139,-0.4976411461830139
170,182,12,12,88,cockatoo/cockatoo_01b.jpg,cockatoo,0.829268293,0.8663988634943962,-0.8663988634943962
170,182,13,13,87,candy_cane/candy_cane_01b.jpg,candy_cane,0.76744186,0.6554076820611954,-0.6554076820611954
170,182,14,14,86,bassinet/bassinet_01b.jpg,bassinet,0.804878049,0.8190392181277275,-0.8190392181277275
170,182,15,15,85,alligator/alligator_01b.jpg,alligator,0.785714286,0.6001316457986832,-0.6001316457986832
170,182,16,16,84,barcode/barcode_01b.jpg,barcode,0.775,0.7233897000551224,-0.7233897000551224
170,182,17,17,83,cellphone/cellphone_01b.jpg,cellphone,0.80952381,0.46171311289072037,-0.46171311289072037
170,182,18,18,82,banana/banana_01b.jpg,banana,0.85,0.637997955083847,-0.637997955083847
170,182,19,19,81,caviar/caviar_01b.jpg,caviar,0.785714286,0.673604354262352,-0.673604354262352
170,182,20,20,80,chicken1/chicken1_01b.jpg,chicken1,0.8,0.4199546352028847,-0.4199546352028847
170,182,21,21,79,cornmeal/cornmeal_01b.jpg,cornmeal,0.846153846,0.7145315855741501,-0.7145315855741501
170,182,22,22,78,breadbox/breadbox_01b.jpg,breadbox,0.75,0.40032392740249634,-0.40032392740249634
170,182,23,23,77,dandelion/dandelion_01s.jpg,dandelion,0.794871795,0.5919969081878662,-0.5919969081878662
170,182,24,24,76,curtain/curtain_01b.jpg,curtain,0.8,0.6694038882851601,-0.6694038882851601
170,182,25,25,75,clipboard/clipboard_01b.jpg,clipboard,0.763157895,0.37416626513004303,-0.37416626513004303
170,182,26,26,74,cookie/cookie_01b.jpg,cookie,0.825,0.4993325471878052,-0.4993325471878052
170,182,27,27,73,blinder/blinder_01b.jpg,blinder,0.825,0.39706408232450485,-0.39706408232450485
170,182,28,28,72,cobra/cobra_01b.jpg,cobra,0.853658537,1.3460671603679657,-1.3460671603679657
170,182,29,29,71,coffee/coffee_01b.jpg,coffee,0.820512821,1.0522871613502502,-1.0522871613502502
170,182,30,30,70,clothespin/clothespin_01b.jpg,clothespin,0.840909091,0.5402922630310059,-0.5402922630310059
170,182,31,31,69,coconut/coconut_01b.jpg,coconut,0.833333333,0.4751018062233925,-0.4751018062233925
170,182,32,32,68,boat/boat_01b.jpg,boat,0.761904762,0.6852859854698181,-0.6852859854698181
170,182,33,33,67,coffee_table/coffee_table_01b.jpg,coffee_table,0.75,0.3069521486759186,-0.3069521486759186
170,182,34,34,66,breathalyzer/breathalyzer_01b.jpg,breathalyzer,0.8,0.42236823588609695,-0.42236823588609695
170,182,35,35,65,cactus/cactus_01b.jpg,cactus,0.780487805,0.6887504905462265,-0.6887504905462265
170,182,36,36,64,cello/cello_01s.jpg,cello,0.825,0.6348194181919098,-0.6348194181919098
170,182,37,37,63,crutch/crutch_01b.jpg,crutch,0.756097561,0.6640512943267822,-0.6640512943267822
170,182,38,38,62,bolo_tie/bolo_tie_01b.jpg,bolo_tie,0.833333333,0.4446309357881546,-0.4446309357881546
170,182,39,39,61,christmas_card/christmas_card_01b.jpg,christmas_card,0.804878049,0.3397457227110863,-0.3397457227110863
170,182,40,40,60,cashew/cashew_01b.jpg,cashew,0.818181818,0.5495140105485916,-0.5495140105485916
170,182,41,41,59,dalmatian/dalmatian_01b.jpg,dalmatian,0.750609756,0.9531214535236359,-0.9531214535236359
170,182,42,42,58,banner/banner_01b.jpg,banner,0.789473684,0.46793901920318604,-0.46793901920318604
170,182,43,43,57,closet/closet_01b.jpg,closet,0.756097561,0.29421287029981613,-0.29421287029981613
170,182,44,44,56,cufflink/cufflink_01b.jpg,cufflink,0.789473684,0.4054023176431656,-0.4054023176431656
170,182,45,45,55,ankle/ankle_01b.jpg,ankle,0.850609756,0.29367338865995407,-0.29367338865995407
170,182,46,46,54,bow1/bow1_01b.jpg,bow1,0.794871795,0.5300267785787582,-0.5300267785787582
170,182,47,47,53,camel/camel_01b.jpg,camel,0.85,0.4362673684954643,-0.4362673684954643
170,182,48,48,52,christmas_tree/christmas_tree_01b.jpg,christmas_tree,0.780487805,0.4121467173099518,-0.4121467173099518
170,182,49,49,51,blowtorch/blowtorch_01b.jpg,blowtorch,0.8,0.37372900545597076,-0.37372900545597076
170,182,50,50,50,brace/brace_01b.jpg,brace,0.804878049,0.37844663113355637,-0.37844663113355637
171,183,1,1,99,boat/boat_01b.jpg,boat,0.761904762,0.6854182779788971,-0.6854182779788971
171,183,2,2,98,cellphone/cellphone_01b.jpg,cellphone,0.80952381,0.45219452679157257,-0.45219452679157257
171,183,3,3,97,blinder/blinder_01b.jpg,blinder,0.825,0.35966741293668747,-0.35966741293668747
171,183,4,4,96,bow1/bow1_01b.jpg,bow1,0.794871795,0.657080739736557,-0.657080739736557
171,183,5,5,95,clothespin/clothespin_01b.jpg,clothespin,0.840909091,0.519110232591629,-0.519110232591629
171,183,6,6,94,christmas_tree/christmas_tree_01b.jpg,christmas_tree,0.780487805,0.407244935631752,-0.407244935631752
171,183,7,7,93,carousel/carousel_01b.jpg,carousel,0.829268293,0.464150995016098,-0.464150995016098
171,183,8,8,92,badger/badger_01b.jpg,badger,0.825,0.6007420122623444,-0.6007420122623444
171,183,9,9,91,ankle/ankle_01b.jpg,ankle,0.850609756,0.294897623360157,-0.294897623360157
171,183,10,10,90,cockatoo/cockatoo_01b.jpg,cockatoo,0.829268293,0.6855179890990257,-0.6855179890990257
171,183,11,11,89,clipboard/clipboard_01b.jpg,clipboard,0.763157895,0.47738927602767944,-0.47738927602767944
171,183,12,12,88,chicken1/chicken1_01b.jpg,chicken1,0.8,0.33243514597415924,-0.33243514597415924
171,183,13,13,87,barcode/barcode_01b.jpg,barcode,0.775,0.5403217524290085,-0.5403217524290085
171,183,14,14,86,apron/apron_01b.jpg,apron,0.811522048,0.33822116255760193,-0.33822116255760193
171,183,15,15,85,alligator/alligator_01b.jpg,alligator,0.785714286,0.522784560918808,-0.522784560918808
171,183,16,16,84,candy_cane/candy_cane_01b.jpg,candy_cane,0.76744186,0.5266284644603729,-0.5266284644603729
171,183,17,17,83,caviar/caviar_01b.jpg,caviar,0.785714286,0.5747117549180984,-0.5747117549180984
171,183,18,18,82,christmas_card/christmas_card_01b.jpg,christmas_card,0.804878049,0.30582667142152786,-0.30582667142152786
171,183,19,19,81,cream/cream_01b.jpg,cream,0.769230769,0.3501668646931648,-0.3501668646931648
171,183,20,20,80,dalmatian/dalmatian_01b.jpg,dalmatian,0.750609756,0.6467831432819366,-0.6467831432819366
171,183,21,21,79,cello/cello_01s.jpg,cello,0.825,0.522651344537735,-0.522651344537735
171,183,22,22,78,curtain/curtain_01b.jpg,curtain,0.8,0.5344476699829102,-0.5344476699829102
171,183,23,23,77,cardinal/cardinal_01b.jpg,cardinal,0.775,0.5920549929141998,-0.5920549929141998
171,183,24,24,76,crumb/crumb_01b.jpg,crumb,0.775,0.27585528045892715,-0.27585528045892715
171,183,25,25,75,breathalyzer/breathalyzer_01b.jpg,breathalyzer,0.8,0.307761587202549,-0.307761587202549
171,183,26,26,74,blowtorch/blowtorch_01b.jpg,blowtorch,0.8,0.35767335444688797,-0.35767335444688797
171,183,27,27,73,breadbox/breadbox_01b.jpg,breadbox,0.75,0.3663836345076561,-0.3663836345076561
171,183,28,28,72,banner/banner_01b.jpg,banner,0.789473684,0.44851918518543243,-0.44851918518543243
171,183,29,29,71,brace/brace_01b.jpg,brace,0.804878049,0.354263499379158,-0.354263499379158
171,183,30,30,70,appetizer/appetizer_01b.jpg,appetizer,0.794871795,0.6653466075658798,-0.6653466075658798
171,183,31,31,69,beaker/beaker_01b.jpg,beaker,0.846153846,0.4999128729104996,-0.4999128729104996
171,183,32,32,68,cookie/cookie_01b.jpg,cookie,0.825,0.47861406207084656,-0.47861406207084656
171,183,33,33,67,bassinet/bassinet_01b.jpg,bassinet,0.804878049,0.8064603805541992,-0.8064603805541992
171,183,34,34,66,almond/almond_01b.jpg,almond,0.829268293,0.5117570906877518,-0.5117570906877518
171,183,35,35,65,coffee/coffee_01b.jpg,coffee,0.820512821,0.6320081502199173,-0.6320081502199173
171,183,36,36,64,coconut/coconut_01b.jpg,coconut,0.833333333,0.38426296412944794,-0.38426296412944794
171,183,37,37,63,armor/armor_01b.jpg,armor,0.804878049,0.37396813929080963,-0.37396813929080963
171,183,38,38,62,buckle/buckle_01b.jpg,buckle,0.756097561,0.5479709059000015,-0.5479709059000015
171,183,39,39,61,coffee_table/coffee_table_01b.jpg,coffee_table,0.75,0.2825768142938614,-0.2825768142938614
171,183,40,40,60,cornmeal/cornmeal_01b.jpg,cornmeal,0.846153846,0.6951015740633011,-0.6951015740633011
171,183,41,41,59,bolo_tie/bolo_tie_01b.jpg,bolo_tie,0.833333333,0.39391664415597916,-0.39391664415597916
171,183,42,42,58,cashew/cashew_01b.jpg,cashew,0.818181818,0.5181849598884583,-0.5181849598884583
171,183,43,43,57,camel/camel_01b.jpg,camel,0.85,0.44313590228557587,-0.44313590228557587
171,183,44,44,56,cactus/cactus_01b.jpg,cactus,0.780487805,0.6555237025022507,-0.6555237025022507
171,183,45,45,55,cufflink/cufflink_01b.jpg,cufflink,0.789473684,0.3827195540070534,-0.3827195540070534
171,183,46,46,54,dandelion/dandelion_01s.jpg,dandelion,0.794871795,0.5531078279018402,-0.5531078279018402
171,183,47,47,53,barnacle/barnacle_01s.jpg,barnacle,0.75,0.4937124252319336,-0.4937124252319336
171,183,48,48,52,banana/banana_01b.jpg,banana,0.85,0.40184423327445984,-0.40184423327445984
171,183,49,49,51,closet/closet_01b.jpg,closet,0.756097561,0.30712566524744034,-0.30712566524744034
171,183,50,50,50,crutch/crutch_01b.jpg,crutch,0.756097561,0.5854754149913788,-0.5854754149913788
172,184,1,1,99,bassinet/bassinet_01b.jpg,bassinet,0.804878049,1.6746510416269302,-1.6746510416269302
172,184,2,2,98,cornmeal/cornmeal_01b.jpg,cornmeal,0.846153846,0.7749460637569427,-0.7749460637569427
172,184,3,3,97,dandelion/dandelion_01s.jpg,dandelion,0.794871795,0.6628418415784836,-0.6628418415784836
172,184,4,4,96,crumb/crumb_01b.jpg,crumb,0.775,0.4060792401432991,-0.4060792401432991
172,184,5,5,95,bow1/bow1_01b.jpg,bow1,0.794871795,0.6169799119234085,-0.6169799119234085
172,184,6,6,94,barcode/barcode_01b.jpg,barcode,0.775,0.5001896023750305,-0.5001896023750305
172,184,7,7,93,closet/closet_01b.jpg,closet,0.756097561,0.30876752734184265,-0.30876752734184265
172,184,8,8,92,banner/banner_01b.jpg,banner,0.789473684,0.4716380536556244,-0.4716380536556244
172,184,9,9,91,buckle/buckle_01b.jpg,buckle,0.756097561,0.6317846477031708,-0.6317846477031708
172,184,10,10,90,almond/almond_01b.jpg,almond,0.829268293,0.4858090281486511,-0.4858090281486511
172,184,11,11,89,coffee/coffee_01b.jpg,coffee,0.820512821,0.6232081055641174,-0.6232081055641174
172,184,12,12,88,blowtorch/blowtorch_01b.jpg,blowtorch,0.8,0.45845459401607513,-0.45845459401607513
172,184,13,13,87,brace/brace_01b.jpg,brace,0.804878049,0.3972892537713051,-0.3972892537713051
172,184,14,14,86,barnacle/barnacle_01s.jpg,barnacle,0.75,0.49985088407993317,-0.49985088407993317
172,184,15,15,85,clipboard/clipboard_01b.jpg,clipboard,0.763157895,0.43698399513959885,-0.43698399513959885
172,184,16,16,84,carousel/carousel_01b.jpg,carousel,0.829268293,0.408014640212059,-0.408014640212059
172,184,17,17,83,caviar/caviar_01b.jpg,caviar,0.785714286,0.5729099810123444,-0.5729099810123444
172,184,18,18,82,badger/badger_01b.jpg,badger,0.825,0.5693988651037216,-0.5693988651037216
172,184,19,19,81,breathalyzer/breathalyzer_01b.jpg,breathalyzer,0.8,0.29962219297885895,-0.29962219297885895
172,184,20,20,80,christmas_tree/christmas_tree_01b.jpg,christmas_tree,0.780487805,0.37629232555627823,-0.37629232555627823
172,184,21,21,79,cello/cello_01s.jpg,cello,0.825,0.5024303942918777,-0.5024303942918777
172,184,22,22,78,apron/apron_01b.jpg,apron,0.811522048,0.3074088990688324,-0.3074088990688324
172,184,23,23,77,coffee_table/coffee_table_01b.jpg,coffee_table,0.75,0.2942175418138504,-0.2942175418138504
172,184,24,24,76,chicken1/chicken1_01b.jpg,chicken1,0.8,0.3519202172756195,-0.3519202172756195
172,184,25,25,75,dalmatian/dalmatian_01b.jpg,dalmatian,0.750609756,0.7347742468118668,-0.7347742468118668
172,184,26,26,74,candy_cane/candy_cane_01b.jpg,candy_cane,0.76744186,0.4842831790447235,-0.4842831790447235
172,184,27,27,73,clothespin/clothespin_01b.jpg,clothespin,0.840909091,0.49991458654403687,-0.49991458654403687
172,184,28,28,72,curtain/curtain_01b.jpg,curtain,0.8,0.46146173030138016,-0.46146173030138016
172,184,29,29,71,breadbox/breadbox_01b.jpg,breadbox,0.75,0.37049946933984756,-0.37049946933984756
172,184,30,30,70,crutch/crutch_01b.jpg,crutch,0.756097561,0.5168797299265862,-0.5168797299265862
172,184,31,31,69,christmas_card/christmas_card_01b.jpg,christmas_card,0.804878049,0.2867991551756859,-0.2867991551756859
172,184,32,32,68,cream/cream_01b.jpg,cream,0.769230769,0.3351416140794754,-0.3351416140794754
172,184,33,33,67,cockatoo/cockatoo_01b.jpg,cockatoo,0.829268293,0.41169168800115585,-0.41169168800115585
172,184,34,34,66,camel/camel_01b.jpg,camel,0.85,0.41933003067970276,-0.41933003067970276
172,184,35,35,65,cellphone/cellphone_01b.jpg,cellphone,0.80952381,0.427206352353096,-0.427206352353096
172,184,36,36,64,boat/boat_01b.jpg,boat,0.761904762,0.6084433495998383,-0.6084433495998383
172,184,37,37,63,banana/banana_01b.jpg,banana,0.85,0.379474975168705,-0.379474975168705
172,184,38,38,62,blinder/blinder_01b.jpg,blinder,0.825,0.3200887590646744,-0.3200887590646744
172,184,39,39,61,armor/armor_01b.jpg,armor,0.804878049,0.3665335401892662,-0.3665335401892662
172,184,40,40,60,cardinal/cardinal_01b.jpg,cardinal,0.775,0.5717569142580032,-0.5717569142580032
172,184,41,41,59,cashew/cashew_01b.jpg,cashew,0.818181818,0.45674508810043335,-0.45674508810043335
172,184,42,42,58,cookie/cookie_01b.jpg,cookie,0.825,0.4516148865222931,-0.4516148865222931
172,184,43,43,57,bolo_tie/bolo_tie_01b.jpg,bolo_tie,0.833333333,0.3694900721311569,-0.3694900721311569
172,184,44,44,56,appetizer/appetizer_01b.jpg,appetizer,0.794871795,0.6667345315217972,-0.6667345315217972
172,184,45,45,55,cufflink/cufflink_01b.jpg,cufflink,0.789473684,0.39103616029024124,-0.39103616029024124
172,184,46,46,54,beaker/beaker_01b.jpg,beaker,0.846153846,0.44647225737571716,-0.44647225737571716
172,184,47,47,53,coconut/coconut_01b.jpg,coconut,0.833333333,0.3720572292804718,-0.3720572292804718
172,184,48,48,52,cactus/cactus_01b.jpg,cactus,0.780487805,0.49400465190410614,-0.49400465190410614
172,184,49,49,51,cream_cheese/cream_cheese_01b.jpg,cream_cheese,0.744186047,0.3723340779542923,-0.3723340779542923
172,184,50,50,50,alligator/alligator_01b.jpg,alligator,0.785714286,0.449153870344162,-0.449153870344162
173,185,1,1,99,armor/armor_01b.jpg,armor,0.804878049,0.5557482242584229,-0.5557482242584229
173,185,2,2,98,clipboard/clipboard_01b.jpg,clipboard,0.763157895,0.7729025706648827,-0.7729025706648827
173,185,3,3,97,cardinal/cardinal_01b.jpg,cardinal,0.775,1.1506628841161728,-1.1506628841161728
173,185,4,4,96,cufflink/cufflink_01b.jpg,cufflink,0.789473684,0.4362575560808182,-0.4362575560808182
173,185,5,5,95,beaker/beaker_01b.jpg,beaker,0.846153846,0.6484052687883377,-0.6484052687883377
173,185,6,6,94,curtain/curtain_01b.jpg,curtain,0.8,0.49633684009313583,-0.49633684009313583
173,185,7,7,93,cellphone/cellphone_01b.jpg,cellphone,0.80952381,0.4504183456301689,-0.4504183456301689
173,185,8,8,92,coffee/coffee_01b.jpg,coffee,0.820512821,0.6671181321144104,-0.6671181321144104
173,185,9,9,91,banner/banner_01b.jpg,banner,0.789473684,0.4928879588842392,-0.4928879588842392
173,185,10,10,90,barnacle/barnacle_01s.jpg,barnacle,0.75,0.5739573389291763,-0.5739573389291763
173,185,11,11,89,cookie/cookie_01b.jpg,cookie,0.825,0.5405596792697906,-0.5405596792697906
173,185,12,12,88,cockatoo/cockatoo_01b.jpg,cockatoo,0.829268293,0.8788668364286423,-0.8788668364286423
173,185,13,13,87,banana/banana_01b.jpg,banana,0.85,0.4538035988807678,-0.4538035988807678
173,185,14,14,86,buckle/buckle_01b.jpg,buckle,0.756097561,0.5211238414049149,-0.5211238414049149
173,185,15,15,85,christmas_card/christmas_card_01b.jpg,christmas_card,0.804878049,0.32219482958316803,-0.32219482958316803
173,185,16,16,84,cashew/cashew_01b.jpg,cashew,0.818181818,0.49802981317043304,-0.49802981317043304
173,185,17,17,83,bow1/bow1_01b.jpg,bow1,0.794871795,0.48212771117687225,-0.48212771117687225
173,185,18,18,82,carousel/carousel_01b.jpg,carousel,0.829268293,0.4765124022960663,-0.4765124022960663
173,185,19,19,81,breadbox/breadbox_01b.jpg,breadbox,0.75,0.39473509043455124,-0.39473509043455124
173,185,20,20,80,coffee_table/coffee_table_01b.jpg,coffee_table,0.75,0.30049342662096024,-0.30049342662096024
173,185,21,21,79,alligator/alligator_01b.jpg,alligator,0.785714286,0.5243428647518158,-0.5243428647518158
173,185,22,22,78,almond/almond_01b.jpg,almond,0.829268293,0.528403028845787,-0.528403028845787
173,185,23,23,77,cream/cream_01b.jpg,cream,0.769230769,0.41517167538404465,-0.41517167538404465
173,185,24,24,76,christmas_tree/christmas_tree_01b.jpg,christmas_tree,0.780487805,0.42253895848989487,-0.42253895848989487
173,185,25,25,75,breathalyzer/breathalyzer_01b.jpg,breathalyzer,0.8,0.32151347398757935,-0.32151347398757935
173,185,26,26,74,dalmatian/dalmatian_01b.jpg,dalmatian,0.750609756,0.7010418921709061,-0.7010418921709061
173,185,27,27,73,appetizer/appetizer_01b.jpg,appetizer,0.794871795,0.7513024061918259,-0.7513024061918259
173,185,28,28,72,blinder/blinder_01b.jpg,blinder,0.825,0.38212215155363083,-0.38212215155363083
173,185,29,29,71,crutch/crutch_01b.jpg,crutch,0.756097561,0.4904022738337517,-0.4904022738337517
173,185,30,30,70,clothespin/clothespin_01b.jpg,clothespin,0.840909091,0.5504671931266785,-0.5504671931266785
173,185,31,31,69,bolo_tie/bolo_tie_01b.jpg,bolo_tie,0.833333333,0.38219282031059265,-0.38219282031059265
173,185,32,32,68,cello/cello_01s.jpg,cello,0.825,0.522628054022789,-0.522628054022789
173,185,33,33,67,dandelion/dandelion_01s.jpg,dandelion,0.794871795,0.6334256231784821,-0.6334256231784821
173,185,34,34,66,barcode/barcode_01b.jpg,barcode,0.775,0.5157994776964188,-0.5157994776964188
173,185,35,35,65,cream_cheese/cream_cheese_01b.jpg,cream_cheese,0.744186047,0.4096341207623482,-0.4096341207623482
173,185,36,36,64,apron/apron_01b.jpg,apron,0.811522048,0.3176080361008644,-0.3176080361008644
173,185,37,37,63,chicken1/chicken1_01b.jpg,chicken1,0.8,0.4024948552250862,-0.4024948552250862
173,185,38,38,62,cactus/cactus_01b.jpg,cactus,0.780487805,0.5515212565660477,-0.5515212565660477
173,185,39,39,61,crumb/crumb_01b.jpg,crumb,0.775,0.28035813570022583,-0.28035813570022583
173,185,40,40,60,coconut/coconut_01b.jpg,coconut,0.833333333,0.42198942601680756,-0.42198942601680756
173,185,41,41,59,casserole/casserole_01b.jpg,casserole,0.743589744,0.6143836379051208,-0.6143836379051208
173,185,42,42,58,candy_cane/candy_cane_01b.jpg,candy_cane,0.76744186,0.48605450987815857,-0.48605450987815857
173,185,43,43,57,blowtorch/blowtorch_01b.jpg,blowtorch,0.8,0.4069494158029556,-0.4069494158029556
173,185,44,44,56,bassinet/bassinet_01b.jpg,bassinet,0.804878049,0.9831780195236206,-0.9831780195236206
173,185,45,45,55,brace/brace_01b.jpg,brace,0.804878049,0.36588673293590546,-0.36588673293590546
173,185,46,46,54,badger/badger_01b.jpg,badger,0.825,0.543080672621727,-0.543080672621727
173,185,47,47,53,caviar/caviar_01b.jpg,caviar,0.785714286,0.5774215310811996,-0.5774215310811996
173,185,48,48,52,cornmeal/cornmeal_01b.jpg,cornmeal,0.846153846,0.6970189958810806,-0.6970189958810806
173,185,49,49,51,boat/boat_01b.jpg,boat,0.761904762,0.6509694159030914,-0.6509694159030914
173,185,50,50,50,closet/closet_01b.jpg,closet,0.756097561,0.31286634504795074,-0.31286634504795074
174,186,1,1,99,coffee/coffee_01b.jpg,coffee,0.820512821,0.5885695219039917,-0.5885695219039917
174,186,2,2,98,brace/brace_01b.jpg,brace,0.804878049,0.41621653735637665,-0.41621653735637665
174,186,3,3,97,curtain/curtain_01b.jpg,curtain,0.8,0.5760990306735039,-0.5760990306735039
174,186,4,4,96,cardinal/cardinal_01b.jpg,cardinal,0.775,0.6802136451005936,-0.6802136451005936
174,186,5,5,95,cockatoo/cockatoo_01b.jpg,cockatoo,0.829268293,0.8460655137896538,-0.8460655137896538
174,186,6,6,94,casserole/casserole_01b.jpg,casserole,0.743589744,0.5902192145586014,-0.5902192145586014
174,186,7,7,93,cream/cream_01b.jpg,cream,0.769230769,0.358416348695755,-0.358416348695755
174,186,8,8,92,christmas_card/christmas_card_01b.jpg,christmas_card,0.804878049,0.31465696543455124,-0.31465696543455124
174,186,9,9,91,closet/closet_01b.jpg,closet,0.756097561,0.2990949973464012,-0.2990949973464012
174,186,10,10,90,cello/cello_01s.jpg,cello,0.825,0.6820549964904785,-0.6820549964904785
174,186,11,11,89,badger/badger_01b.jpg,badger,0.825,0.6403704136610031,-0.6403704136610031
174,186,12,12,88,boat/boat_01b.jpg,boat,0.761904762,0.6896453648805618,-0.6896453648805618
174,186,13,13,87,cookie/cookie_01b.jpg,cookie,0.825,0.5551085025072098,-0.5551085025072098
174,186,14,14,86,alligator/alligator_01b.jpg,alligator,0.785714286,0.5137512609362602,-0.5137512609362602
174,186,15,15,85,appetizer/appetizer_01b.jpg,appetizer,0.794871795,0.7355523258447647,-0.7355523258447647
174,186,16,16,84,coffee_table/coffee_table_01b.jpg,coffee_table,0.75,0.29886554181575775,-0.29886554181575775
174,186,17,17,83,cactus/cactus_01b.jpg,cactus,0.780487805,0.5098327696323395,-0.5098327696323395
174,186,18,18,82,breathalyzer/breathalyzer_01b.jpg,breathalyzer,0.8,0.3548605367541313,-0.3548605367541313
174,186,19,19,81,bassinet/bassinet_01b.jpg,bassinet,0.804878049,0.8300791382789612,-0.8300791382789612
174,186,20,20,80,crutch/crutch_01b.jpg,crutch,0.756097561,0.5907116681337357,-0.5907116681337357
174,186,21,21,79,cellphone/cellphone_01b.jpg,cellphone,0.80952381,0.4685925096273422,-0.4685925096273422
174,186,22,22,78,caviar/caviar_01b.jpg,caviar,0.785714286,0.5986793339252472,-0.5986793339252472
174,186,23,23,77,clipboard/clipboard_01b.jpg,clipboard,0.763157895,0.39278601109981537,-0.39278601109981537
174,186,24,24,76,crumb/crumb_01b.jpg,crumb,0.775,0.2564440257847309,-0.2564440257847309
174,186,25,25,75,barnacle/barnacle_01s.jpg,barnacle,0.75,0.5046626031398773,-0.5046626031398773
174,186,26,26,74,christmas_tree/christmas_tree_01b.jpg,christmas_tree,0.780487805,0.40530815720558167,-0.40530815720558167
174,186,27,27,73,clothespin/clothespin_01b.jpg,clothespin,0.840909091,0.4463779032230377,-0.4463779032230377
174,186,28,28,72,bow1/bow1_01b.jpg,bow1,0.794871795,0.4932089149951935,-0.4932089149951935
174,186,29,29,71,breadbox/breadbox_01b.jpg,breadbox,0.75,0.3580126538872719,-0.3580126538872719
174,186,30,30,70,barcode/barcode_01b.jpg,barcode,0.775,0.4721362590789795,-0.4721362590789795
174,186,31,31,69,blinder/blinder_01b.jpg,blinder,0.825,0.3632790669798851,-0.3632790669798851
174,186,32,32,68,carousel/carousel_01b.jpg,carousel,0.829268293,0.43828393518924713,-0.43828393518924713
174,186,33,33,67,dandelion/dandelion_01s.jpg,dandelion,0.794871795,0.5990661233663559,-0.5990661233663559
174,186,34,34,66,cashew/cashew_01b.jpg,cashew,0.818181818,0.4652325063943863,-0.4652325063943863
174,186,35,35,65,cream_cheese/cream_cheese_01b.jpg,cream_cheese,0.744186047,0.36873283982276917,-0.36873283982276917
174,186,36,36,64,cufflink/cufflink_01b.jpg,cufflink,0.789473684,0.4044082760810852,-0.4044082760810852
174,186,37,37,63,bolo_tie/bolo_tie_01b.jpg,bolo_tie,0.833333333,0.3838212639093399,-0.3838212639093399
174,186,38,38,62,beaker/beaker_01b.jpg,beaker,0.846153846,0.4652606248855591,-0.4652606248855591
174,186,39,39,61,coconut/coconut_01b.jpg,coconut,0.833333333,0.38205234706401825,-0.38205234706401825
174,186,40,40,60,cornmeal/cornmeal_01b.jpg,cornmeal,0.846153846,0.6303891986608505,-0.6303891986608505
174,186,41,41,59,candy_cane/candy_cane_01b.jpg,candy_cane,0.76744186,0.523023784160614,-0.523023784160614
174,186,42,42,58,confetti/confetti_01b.jpg,confetti,0.738095238,0.5155673325061798,-0.5155673325061798
174,186,43,43,57,buckle/buckle_01b.jpg,buckle,0.756097561,0.5582340061664581,-0.5582340061664581
174,186,44,44,56,armor/armor_01b.jpg,armor,0.804878049,0.42199552059173584,-0.42199552059173584
174,186,45,45,55,dalmatian/dalmatian_01b.jpg,dalmatian,0.750609756,0.7839947193861008,-0.7839947193861008
174,186,46,46,54,chicken1/chicken1_01b.jpg,chicken1,0.8,0.3727773576974869,-0.3727773576974869
174,186,47,47,53,apron/apron_01b.jpg,apron,0.811522048,0.3153456002473831,-0.3153456002473831
174,186,48,48,52,blowtorch/blowtorch_01b.jpg,blowtorch,0.8,0.35946547985076904,-0.35946547985076904
174,186,49,49,51,almond/almond_01b.jpg,almond,0.829268293,0.45232468843460083,-0.45232468843460083
174,186,50,50,50,banner/banner_01b.jpg,banner,0.789473684,0.47505897283554077,-0.47505897283554077
175,187,1,1,99,carousel/carousel_01b.jpg,carousel,0.829268293,0.5308508425951004,-0.5308508425951004
175,187,2,2,98,cream_cheese/cream_cheese_01b.jpg,cream_cheese,0.744186047,0.4335191994905472,-0.4335191994905472
175,187,3,3,97,dishwashing_liquid/dishwashing_liquid_01b.jpg,dishwashing_liquid,0.731707317,0.4510015696287155,-0.4510015696287155
175,187,4,4,96,bolo_tie/bolo_tie_01b.jpg,bolo_tie,0.833333333,0.583008348941803,-0.583008348941803
175,187,5,5,95,buckle/buckle_01b.jpg,buckle,0.756097561,0.6524301022291183,-0.6524301022291183
175,187,6,6,94,barnacle/barnacle_01s.jpg,barnacle,0.75,0.6416413336992264,-0.6416413336992264
175,187,7,7,93,coffee_table/coffee_table_01b.jpg,coffee_table,0.75,0.32779978960752487,-0.32779978960752487
175,187,8,8,92,bassinet/bassinet_01b.jpg,bassinet,0.804878049,0.7099928259849548,-0.7099928259849548
175,187,9,9,91,cookie/cookie_01b.jpg,cookie,0.825,0.5923732072114944,-0.5923732072114944
175,187,10,10,90,dalmatian/dalmatian_01b.jpg,dalmatian,0.750609756,0.6600596159696579,-0.6600596159696579
175,187,11,11,89,cactus/cactus_01b.jpg,cactus,0.780487805,0.6100263446569443,-0.6100263446569443
175,187,12,12,88,clothespin/clothespin_01b.jpg,clothespin,0.840909091,0.6206262409687042,-0.6206262409687042
175,187,13,13,87,badger/badger_01b.jpg,badger,0.825,0.5938473045825958,-0.5938473045825958
175,187,14,14,86,appetizer/appetizer_01b.jpg,appetizer,0.794871795,0.8579482287168503,-0.8579482287168503
175,187,15,15,85,crumb/crumb_01b.jpg,crumb,0.775,0.31456655263900757,-0.31456655263900757
175,187,16,16,84,dandelion/dandelion_01s.jpg,dandelion,0.794871795,0.6941776722669601,-0.6941776722669601
175,187,17,17,83,breadbox/breadbox_01b.jpg,breadbox,0.75,0.4278110861778259,-0.4278110861778259
175,187,18,18,82,candy_cane/candy_cane_01b.jpg,candy_cane,0.76744186,0.49643486738204956,-0.49643486738204956
175,187,19,19,81,clipboard/clipboard_01b.jpg,clipboard,0.763157895,0.4231591001152992,-0.4231591001152992
175,187,20,20,80,alligator/alligator_01b.jpg,alligator,0.785714286,0.54585200548172,-0.54585200548172
175,187,21,21,79,blinder/blinder_01b.jpg,blinder,0.825,0.40421922504901886,-0.40421922504901886
175,187,22,22,78,boat/boat_01b.jpg,boat,0.761904762,0.6657907217741013,-0.6657907217741013
175,187,23,23,77,casserole/casserole_01b.jpg,casserole,0.743589744,0.6870735734701157,-0.6870735734701157
175,187,24,24,76,christmas_card/christmas_card_01b.jpg,christmas_card,0.804878049,0.31862419843673706,-0.31862419843673706
175,187,25,25,75,coffee/coffee_01b.jpg,coffee,0.820512821,1.0985685139894485,-1.0985685139894485
175,187,26,26,74,brace/brace_01b.jpg,brace,0.804878049,0.4018275812268257,-0.4018275812268257
175,187,27,27,73,apron/apron_01b.jpg,apron,0.811522048,0.3361409232020378,-0.3361409232020378
175,187,28,28,72,cufflink/cufflink_01b.jpg,cufflink,0.789473684,0.4683142602443695,-0.4683142602443695
175,187,29,29,71,christmas_tree/christmas_tree_01b.jpg,christmas_tree,0.780487805,0.47785259783267975,-0.47785259783267975
175,187,30,30,70,blowtorch/blowtorch_01b.jpg,blowtorch,0.8,0.4531932398676872,-0.4531932398676872
175,187,31,31,69,bow1/bow1_01b.jpg,bow1,0.794871795,0.5000054091215134,-0.5000054091215134
175,187,32,32,68,cardinal/cardinal_01b.jpg,cardinal,0.775,0.6050279587507248,-0.6050279587507248
175,187,33,33,67,cello/cello_01s.jpg,cello,0.825,0.5571860373020172,-0.5571860373020172
175,187,34,34,66,caviar/caviar_01b.jpg,caviar,0.785714286,0.6712127178907394,-0.6712127178907394
175,187,35,35,65,cream/cream_01b.jpg,cream,0.769230769,0.44467689096927643,-0.44467689096927643
175,187,36,36,64,beaker/beaker_01b.jpg,beaker,0.846153846,0.5089267790317535,-0.5089267790317535
175,187,37,37,63,breathalyzer/breathalyzer_01b.jpg,breathalyzer,0.8,0.34498848021030426,-0.34498848021030426
175,187,38,38,62,almond/almond_01b.jpg,almond,0.829268293,0.5631101280450821,-0.5631101280450821
175,187,39,39,61,crutch/crutch_01b.jpg,crutch,0.756097561,0.5147504061460495,-0.5147504061460495
175,187,40,40,60,chicken1/chicken1_01b.jpg,chicken1,0.8,0.46208932995796204,-0.46208932995796204
175,187,41,41,59,armor/armor_01b.jpg,armor,0.804878049,0.4542779326438904,-0.4542779326438904
175,187,42,42,58,barcode/barcode_01b.jpg,barcode,0.775,0.4924589693546295,-0.4924589693546295
175,187,43,43,57,cellphone/cellphone_01b.jpg,cellphone,0.80952381,0.4907059818506241,-0.4907059818506241
175,187,44,44,56,cockatoo/cockatoo_01b.jpg,cockatoo,0.829268293,0.5612247809767723,-0.5612247809767723
175,187,45,45,55,confetti/confetti_01b.jpg,confetti,0.738095238,0.5870082080364227,-0.5870082080364227
175,187,46,46,54,coconut/coconut_01b.jpg,coconut,0.833333333,0.41978639364242554,-0.41978639364242554
175,187,47,47,53,closet/closet_01b.jpg,closet,0.756097561,0.33010365813970566,-0.33010365813970566
175,187,48,48,52,cashew/cashew_01b.jpg,cashew,0.818181818,0.5171574205160141,-0.5171574205160141
175,187,49,49,51,curtain/curtain_01b.jpg,curtain,0.8,0.4640323296189308,-0.4640323296189308
175,187,50,50,50,banner/banner_01b.jpg,banner,0.789473684,0.5062976181507111,-0.5062976181507111
176,188,1,1,99,coffee/coffee_01b.jpg,coffee,0.820512821,0.7528546750545502,-0.7528546750545502
176,188,2,2,98,banner/banner_01b.jpg,banner,0.789473684,0.5701649039983749,-0.5701649039983749
176,188,3,3,97,breathalyzer/breathalyzer_01b.jpg,breathalyzer,0.8,0.47596653550863266,-0.47596653550863266
176,188,4,4,96,alligator/alligator_01b.jpg,alligator,0.785714286,1.35541133582592,-1.35541133582592
176,188,5,5,95,cockatoo/cockatoo_01b.jpg,cockatoo,0.829268293,0.8982938304543495,-0.8982938304543495
176,188,6,6,94,cashew/cashew_01b.jpg,cashew,0.818181818,0.6162956953048706,-0.6162956953048706
176,188,7,7,93,buckle/buckle_01b.jpg,buckle,0.756097561,1.0626064538955688,-1.0626064538955688
176,188,8,8,92,coconut/coconut_01b.jpg,coconut,0.833333333,0.5017879009246826,-0.5017879009246826
176,188,9,9,91,almond/almond_01b.jpg,almond,0.829268293,0.5616804212331772,-0.5616804212331772
176,188,10,10,90,cufflink/cufflink_01b.jpg,cufflink,0.789473684,0.4607922434806824,-0.4607922434806824
176,188,11,11,89,christmas_tree/christmas_tree_01b.jpg,christmas_tree,0.780487805,0.4596169665455818,-0.4596169665455818
176,188,12,12,88,crutch/crutch_01b.jpg,crutch,0.756097561,0.7441405653953552,-0.7441405653953552
176,188,13,13,87,brace/brace_01b.jpg,brace,0.804878049,0.48770906031131744,-0.48770906031131744
176,188,14,14,86,blowtorch/blowtorch_01b.jpg,blowtorch,0.8,0.49466121941804886,-0.49466121941804886
176,188,15,15,85,clipboard/clipboard_01b.jpg,clipboard,0.763157895,0.5145692825317383,-0.5145692825317383
176,188,16,16,84,barnacle/barnacle_01s.jpg,barnacle,0.75,0.8401067852973938,-0.8401067852973938
176,188,17,17,83,cello/cello_01s.jpg,cello,0.825,0.5936395823955536,-0.5936395823955536
176,188,18,18,82,bassinet/bassinet_01b.jpg,bassinet,0.804878049,0.8192464858293533,-0.8192464858293533
176,188,19,19,81,confetti/confetti_01b.jpg,confetti,0.738095238,0.8169035911560059,-0.8169035911560059
176,188,20,20,80,crumb/crumb_01b.jpg,crumb,0.775,0.3794849291443825,-0.3794849291443825
176,188,21,21,79,clothespin/clothespin_01b.jpg,clothespin,0.840909091,0.6704133152961731,-0.6704133152961731
176,188,22,22,78,blinder/blinder_01b.jpg,blinder,0.825,0.40427210181951523,-0.40427210181951523
176,188,23,23,77,cellphone/cellphone_01b.jpg,cellphone,0.80952381,0.4589708372950554,-0.4589708372950554
176,188,24,24,76,boat/boat_01b.jpg,boat,0.761904762,0.7425731867551804,-0.7425731867551804
176,188,25,25,75,closet/closet_01b.jpg,closet,0.756097561,0.3847483843564987,-0.3847483843564987
176,188,26,26,74,christmas_card/christmas_card_01b.jpg,christmas_card,0.804878049,0.3436291068792343,-0.3436291068792343
176,188,27,27,73,dandelion/dandelion_01s.jpg,dandelion,0.794871795,0.8280796855688095,-0.8280796855688095
176,188,28,28,72,bow1/bow1_01b.jpg,bow1,0.794871795,0.4831690490245819,-0.4831690490245819
176,188,29,29,71,dalmatian/dalmatian_01b.jpg,dalmatian,0.750609756,0.7196231037378311,-0.7196231037378311
176,188,30,30,70,apron/apron_01b.jpg,apron,0.811522048,0.32971323281526566,-0.32971323281526566
176,188,31,31,69,casserole/casserole_01b.jpg,casserole,0.743589744,1.0445489883422852,-1.0445489883422852
176,188,32,32,68,badger/badger_01b.jpg,badger,0.825,0.6089829653501511,-0.6089829653501511
176,188,33,33,67,chicken1/chicken1_01b.jpg,chicken1,0.8,0.4733460247516632,-0.4733460247516632
176,188,34,34,66,curtain/curtain_01b.jpg,curtain,0.8,0.5593198835849762,-0.5593198835849762
176,188,35,35,65,armor/armor_01b.jpg,armor,0.804878049,0.5944326221942902,-0.5944326221942902
176,188,36,36,64,dishwashing_liquid/dishwashing_liquid_01b.jpg,dishwashing_liquid,0.731707317,0.6538951098918915,-0.6538951098918915
176,188,37,37,63,breadbox/breadbox_01b.jpg,breadbox,0.75,0.47515836358070374,-0.47515836358070374
176,188,38,38,62,coffee_table/coffee_table_01b.jpg,coffee_table,0.75,0.37574203312397003,-0.37574203312397003
176,188,39,39,61,cookie/cookie_01b.jpg,cookie,0.825,0.5120796114206314,-0.5120796114206314
176,188,40,40,60,cactus/cactus_01b.jpg,cactus,0.780487805,0.7435692846775055,-0.7435692846775055
176,188,41,41,59,caviar/caviar_01b.jpg,caviar,0.785714286,0.7622185498476028,-0.7622185498476028
176,188,42,42,58,bolo_tie/bolo_tie_01b.jpg,bolo_tie,0.833333333,0.4928406625986099,-0.4928406625986099
176,188,43,43,57,appetizer/appetizer_01b.jpg,appetizer,0.794871795,0.873231366276741,-0.873231366276741
176,188,44,44,56,cardinal/cardinal_01b.jpg,cardinal,0.775,0.7411180287599564,-0.7411180287599564
176,188,45,45,55,cream_cheese/cream_cheese_01b.jpg,cream_cheese,0.744186047,0.5118342414498329,-0.5118342414498329
176,188,46,46,54,cream/cream_01b.jpg,cream,0.769230769,0.47238510847091675,-0.47238510847091675
176,188,47,47,53,celery/celery_01b.jpg,celery,0.731707317,0.64254529774189,-0.64254529774189
176,188,48,48,52,barcode/barcode_01b.jpg,barcode,0.775,0.6012022793292999,-0.6012022793292999
176,188,49,49,51,candy_cane/candy_cane_01b.jpg,candy_cane,0.76744186,0.6545111387968063,-0.6545111387968063
176,188,50,50,50,carousel/carousel_01b.jpg,carousel,0.829268293,0.5237371772527695,-0.5237371772527695
177,189,1,1,99,cellphone/cellphone_01b.jpg,cellphone,0.80952381,0.8227753862738609,-0.8227753862738609
177,189,2,2,98,bassinet/bassinet_01b.jpg,bassinet,0.804878049,1.2187738791108131,-1.2187738791108131
177,189,3,3,97,buckle/buckle_01b.jpg,buckle,0.756097561,0.5915676802396774,-0.5915676802396774
177,189,4,4,96,curtain/curtain_01b.jpg,curtain,0.8,0.5826906859874725,-0.5826906859874725
177,189,5,5,95,appetizer/appetizer_01b.jpg,appetizer,0.794871795,0.7871122658252716,-0.7871122658252716
177,189,6,6,94,bow1/bow1_01b.jpg,bow1,0.794871795,0.6482817828655243,-0.6482817828655243
177,189,7,7,93,candy_cane/candy_cane_01b.jpg,candy_cane,0.76744186,0.5512336790561676,-0.5512336790561676
177,189,8,8,92,celery/celery_01b.jpg,celery,0.731707317,0.45654551684856415,-0.45654551684856415
177,189,9,9,91,banner/banner_01b.jpg,banner,0.789473684,0.4402427226305008,-0.4402427226305008
177,189,10,10,90,casserole/casserole_01b.jpg,casserole,0.743589744,0.6190012991428375,-0.6190012991428375
177,189,11,11,89,closet/closet_01b.jpg,closet,0.756097561,0.284450925886631,-0.284450925886631
177,189,12,12,88,coffee_table/coffee_table_01b.jpg,coffee_table,0.75,0.2767386808991432,-0.2767386808991432
177,189,13,13,87,chicken1/chicken1_01b.jpg,chicken1,0.8,0.3647155091166496,-0.3647155091166496
177,189,14,14,86,coconut/coconut_01b.jpg,coconut,0.833333333,0.4136015623807907,-0.4136015623807907
177,189,15,15,85,christmas_tree/christmas_tree_01b.jpg,christmas_tree,0.780487805,0.4057845026254654,-0.4057845026254654
177,189,16,16,84,cream/cream_01b.jpg,cream,0.769230769,0.38416653871536255,-0.38416653871536255
177,189,17,17,83,boat/boat_01b.jpg,boat,0.761904762,0.6392103880643845,-0.6392103880643845
177,189,18,18,82,cactus/cactus_01b.jpg,cactus,0.780487805,0.6122608631849289,-0.6122608631849289
177,189,19,19,81,caviar/caviar_01b.jpg,caviar,0.785714286,0.5568053275346756,-0.5568053275346756
177,189,20,20,80,cello/cello_01s.jpg,cello,0.825,0.5009200572967529,-0.5009200572967529
177,189,21,21,79,cream_cheese/cream_cheese_01b.jpg,cream_cheese,0.744186047,0.3909667134284973,-0.3909667134284973
177,189,22,22,78,cookie/cookie_01b.jpg,cookie,0.825,0.4873499125242233,-0.4873499125242233
177,189,23,23,77,cashew/cashew_01b.jpg,cashew,0.818181818,0.5083179622888565,-0.5083179622888565
177,189,24,24,76,barnacle/barnacle_01s.jpg,barnacle,0.75,0.5339920073747635,-0.5339920073747635
177,189,25,25,75,bolo_tie/bolo_tie_01b.jpg,bolo_tie,0.833333333,0.40430767834186554,-0.40430767834186554
177,189,26,26,74,clipboard/clipboard_01b.jpg,clipboard,0.763157895,0.35925159603357315,-0.35925159603357315
177,189,27,27,73,blowtorch/blowtorch_01b.jpg,blowtorch,0.8,0.4223632663488388,-0.4223632663488388
177,189,28,28,72,coffee/coffee_01b.jpg,coffee,0.820512821,0.6044929027557373,-0.6044929027557373
177,189,29,29,71,dandelion/dandelion_01s.jpg,dandelion,0.794871795,0.6379944980144501,-0.6379944980144501
177,189,30,30,70,confetti/confetti_01b.jpg,confetti,0.738095238,0.5367820709943771,-0.5367820709943771
177,189,31,31,69,alligator/alligator_01b.jpg,alligator,0.785714286,0.4994407817721367,-0.4994407817721367
177,189,32,32,68,blinder/blinder_01b.jpg,blinder,0.825,0.38281896710395813,-0.38281896710395813
177,189,33,33,67,apron/apron_01b.jpg,apron,0.811522048,0.3164650648832321,-0.3164650648832321
177,189,34,34,66,cardinal/cardinal_01b.jpg,cardinal,0.775,0.5985190272331238,-0.5985190272331238
177,189,35,35,65,crumb/crumb_01b.jpg,crumb,0.775,0.26290303841233253,-0.26290303841233253
177,189,36,36,64,crutch/crutch_01b.jpg,crutch,0.756097561,0.5322568118572235,-0.5322568118572235
177,189,37,37,63,carousel/carousel_01b.jpg,carousel,0.829268293,0.4670586436986923,-0.4670586436986923
177,189,38,38,62,almond/almond_01b.jpg,almond,0.829268293,0.5185716450214386,-0.5185716450214386
177,189,39,39,61,dishwashing_liquid/dishwashing_liquid_01b.jpg,dishwashing_liquid,0.731707317,0.3773793652653694,-0.3773793652653694
177,189,40,40,60,badger/badger_01b.jpg,badger,0.825,0.5267769545316696,-0.5267769545316696
177,189,41,41,59,armor/armor_01b.jpg,armor,0.804878049,0.4487542361021042,-0.4487542361021042
177,189,42,42,58,blazer/blazer_01b.jpg,blazer,0.731707317,0.28908202797174454,-0.28908202797174454
177,189,43,43,57,cufflink/cufflink_01b.jpg,cufflink,0.789473684,0.43243200331926346,-0.43243200331926346
177,189,44,44,56,breadbox/breadbox_01b.jpg,breadbox,0.75,0.35609354078769684,-0.35609354078769684
177,189,45,45,55,brace/brace_01b.jpg,brace,0.804878049,0.37420952320098877,-0.37420952320098877
177,189,46,46,54,christmas_card/christmas_card_01b.jpg,christmas_card,0.804878049,0.2973192632198334,-0.2973192632198334
177,189,47,47,53,dalmatian/dalmatian_01b.jpg,dalmatian,0.750609756,0.6920939385890961,-0.6920939385890961
177,189,48,48,52,barcode/barcode_01b.jpg,barcode,0.775,0.503720112144947,-0.503720112144947
177,189,49,49,51,cockatoo/cockatoo_01b.jpg,cockatoo,0.829268293,0.6577882841229439,-0.6577882841229439
177,189,50,50,50,breathalyzer/breathalyzer_01b.jpg,breathalyzer,0.8,0.3280589357018471,-0.3280589357018471
178,190,1,1,99,carousel/carousel_01b.jpg,carousel,0.829268293,0.5087011903524399,-0.5087011903524399
178,190,2,2,98,buckle/buckle_01b.jpg,buckle,0.756097561,0.689595028758049,-0.689595028758049
178,190,3,3,97,dandelion/dandelion_01s.jpg,dandelion,0.794871795,0.7163858711719513,-0.7163858711719513
178,190,4,4,96,barnacle/barnacle_01s.jpg,barnacle,0.75,0.6117538213729858,-0.6117538213729858
178,190,5,5,95,blinder/blinder_01b.jpg,blinder,0.825,0.36479125916957855,-0.36479125916957855
178,190,6,6,94,breadbox/breadbox_01b.jpg,breadbox,0.75,0.39113686978816986,-0.39113686978816986
178,190,7,7,93,chicken1/chicken1_01b.jpg,chicken1,0.8,0.4071556553244591,-0.4071556553244591
178,190,8,8,92,bow1/bow1_01b.jpg,bow1,0.794871795,0.5600991249084473,-0.5600991249084473
178,190,9,9,91,cookie/cookie_01b.jpg,cookie,0.825,0.5439711064100266,-0.5439711064100266
178,190,10,10,90,cream/cream_01b.jpg,cream,0.769230769,0.4160298705101013,-0.4160298705101013
178,190,11,11,89,breathalyzer/breathalyzer_01b.jpg,breathalyzer,0.8,0.3437106981873512,-0.3437106981873512
178,190,12,12,88,barrel/barrel_01b.jpg,barrel,0.72972973,0.6531666070222855,-0.6531666070222855
178,190,13,13,87,caviar/caviar_01b.jpg,caviar,0.785714286,0.6276419162750244,-0.6276419162750244
178,190,14,14,86,candy_cane/candy_cane_01b.jpg,candy_cane,0.76744186,0.5289518535137177,-0.5289518535137177
178,190,15,15,85,apron/apron_01b.jpg,apron,0.811522048,0.32182782888412476,-0.32182782888412476
178,190,16,16,84,bassinet/bassinet_01b.jpg,bassinet,0.804878049,0.7241524234414101,-0.7241524234414101
178,190,17,17,83,christmas_card/christmas_card_01b.jpg,christmas_card,0.804878049,0.3157377168536186,-0.3157377168536186
178,190,18,18,82,cashew/cashew_01b.jpg,cashew,0.818181818,0.48988233506679535,-0.48988233506679535
178,190,19,19,81,barcode/barcode_01b.jpg,barcode,0.775,0.521797850728035,-0.521797850728035
178,190,20,20,80,clipboard/clipboard_01b.jpg,clipboard,0.763157895,0.4098905026912689,-0.4098905026912689
178,190,21,21,79,cello/cello_01s.jpg,cello,0.825,0.5738840252161026,-0.5738840252161026
178,190,22,22,78,celery/celery_01b.jpg,celery,0.731707317,0.4742710441350937,-0.4742710441350937
178,190,23,23,77,closet/closet_01b.jpg,closet,0.756097561,0.31576018035411835,-0.31576018035411835
178,190,24,24,76,cream_cheese/cream_cheese_01b.jpg,cream_cheese,0.744186047,0.45825327932834625,-0.45825327932834625
178,190,25,25,75,cockatoo/cockatoo_01b.jpg,cockatoo,0.829268293,0.877436026930809,-0.877436026930809
178,190,26,26,74,almond/almond_01b.jpg,almond,0.829268293,0.5106489509344101,-0.5106489509344101
178,190,27,27,73,crumb/crumb_01b.jpg,crumb,0.775,0.28214263170957565,-0.28214263170957565
178,190,28,28,72,appetizer/appetizer_01b.jpg,appetizer,0.794871795,0.893633246421814,-0.893633246421814
178,190,29,29,71,brace/brace_01b.jpg,brace,0.804878049,0.3944895789027214,-0.3944895789027214
178,190,30,30,70,blazer/blazer_01b.jpg,blazer,0.731707317,0.37740711867809296,-0.37740711867809296
178,190,31,31,69,cufflink/cufflink_01b.jpg,cufflink,0.789473684,0.39349328726530075,-0.39349328726530075
178,190,32,32,68,badger/badger_01b.jpg,badger,0.825,0.6125367134809494,-0.6125367134809494
178,190,33,33,67,cardinal/cardinal_01b.jpg,cardinal,0.775,0.7065130025148392,-0.7065130025148392
178,190,34,34,66,christmas_tree/christmas_tree_01b.jpg,christmas_tree,0.780487805,0.3842935636639595,-0.3842935636639595
178,190,35,35,65,cellphone/cellphone_01b.jpg,cellphone,0.80952381,0.493147112429142,-0.493147112429142
178,190,36,36,64,coffee/coffee_01b.jpg,coffee,0.820512821,1.051423892378807,-1.051423892378807
178,190,37,37,63,armor/armor_01b.jpg,armor,0.804878049,0.43405820429325104,-0.43405820429325104
178,190,38,38,62,dishwashing_liquid/dishwashing_liquid_01b.jpg,dishwashing_liquid,0.731707317,0.5054367184638977,-0.5054367184638977
178,190,39,39,61,curtain/curtain_01b.jpg,curtain,0.8,0.4308779090642929,-0.4308779090642929
178,190,40,40,60,casserole/casserole_01b.jpg,casserole,0.743589744,0.671344056725502,-0.671344056725502
178,190,41,41,59,coffee_table/coffee_table_01b.jpg,coffee_table,0.75,0.3030525892972946,-0.3030525892972946
178,190,42,42,58,bolo_tie/bolo_tie_01b.jpg,bolo_tie,0.833333333,0.4081096649169922,-0.4081096649169922
178,190,43,43,57,banner/banner_01b.jpg,banner,0.789473684,0.49195022881031036,-0.49195022881031036
178,190,44,44,56,blowtorch/blowtorch_01b.jpg,blowtorch,0.8,0.420031301677227,-0.420031301677227
178,190,45,45,55,boat/boat_01b.jpg,boat,0.761904762,0.6731859892606735,-0.6731859892606735
178,190,46,46,54,crutch/crutch_01b.jpg,crutch,0.756097561,0.5333755910396576,-0.5333755910396576
178,190,47,47,53,alligator/alligator_01b.jpg,alligator,0.785714286,0.49960820376873016,-0.49960820376873016
178,190,48,48,52,cactus/cactus_01b.jpg,cactus,0.780487805,0.5981421172618866,-0.5981421172618866
178,190,49,49,51,dalmatian/dalmatian_01b.jpg,dalmatian,0.750609756,0.7240331470966339,-0.7240331470966339
178,190,50,50,50,confetti/confetti_01b.jpg,confetti,0.738095238,0.571846604347229,-0.571846604347229
179,191,1,1,99,barrel/barrel_01b.jpg,barrel,0.72972973,0.6960886418819427,-0.6960886418819427
179,191,2,2,98,boat/boat_01b.jpg,boat,0.761904762,0.6507338136434555,-0.6507338136434555
179,191,3,3,97,casserole/casserole_01b.jpg,casserole,0.743589744,0.7021781653165817,-0.7021781653165817
179,191,4,4,96,cream/cream_01b.jpg,cream,0.769230769,0.3678085431456566,-0.3678085431456566
179,191,5,5,95,almond/almond_01b.jpg,almond,0.829268293,0.5705784559249878,-0.5705784559249878
179,191,6,6,94,dishwashing_liquid/dishwashing_liquid_01b.jpg,dishwashing_liquid,0.731707317,0.40887756645679474,-0.40887756645679474
179,191,7,7,93,crutch/crutch_01b.jpg,crutch,0.756097561,0.812963455915451,-0.812963455915451
179,191,8,8,92,bow1/bow1_01b.jpg,bow1,0.794871795,0.6055888682603836,-0.6055888682603836
179,191,9,9,91,blowtorch/blowtorch_01b.jpg,blowtorch,0.8,0.49893689900636673,-0.49893689900636673
179,191,10,10,90,barcode/barcode_01b.jpg,barcode,0.775,0.5752885788679123,-0.5752885788679123
179,191,11,11,89,coffee_table/coffee_table_01b.jpg,coffee_table,0.75,0.28282269835472107,-0.28282269835472107
179,191,12,12,88,cactus/cactus_01b.jpg,cactus,0.780487805,0.6479983031749725,-0.6479983031749725
179,191,13,13,87,closet/closet_01b.jpg,closet,0.756097561,0.29418236017227173,-0.29418236017227173
179,191,14,14,86,buckle/buckle_01b.jpg,buckle,0.756097561,0.6444485187530518,-0.6444485187530518
179,191,15,15,85,confetti/confetti_01b.jpg,confetti,0.738095238,0.532285138964653,-0.532285138964653
179,191,16,16,84,appetizer/appetizer_01b.jpg,appetizer,0.794871795,0.8352072089910507,-0.8352072089910507
179,191,17,17,83,cockatoo/cockatoo_01b.jpg,cockatoo,0.829268293,0.843586191534996,-0.843586191534996
179,191,18,18,82,crumb/crumb_01b.jpg,crumb,0.775,0.2776458039879799,-0.2776458039879799
179,191,19,19,81,barnacle/barnacle_01s.jpg,barnacle,0.75,0.525066152215004,-0.525066152215004
179,191,20,20,80,bassinet/bassinet_01b.jpg,bassinet,0.804878049,0.6894239261746407,-0.6894239261746407
179,191,21,21,79,alligator/alligator_01b.jpg,alligator,0.785714286,0.5331784635782242,-0.5331784635782242
179,191,22,22,78,dalmatian/dalmatian_01b.jpg,dalmatian,0.750609756,0.7406143993139267,-0.7406143993139267
179,191,23,23,77,candy_cane/candy_cane_01b.jpg,candy_cane,0.76744186,0.5482782423496246,-0.5482782423496246
179,191,24,24,76,clipboard/clipboard_01b.jpg,clipboard,0.763157895,0.35123051702976227,-0.35123051702976227
179,191,25,25,75,cannonball/cannonball_01b.jpg,cannonball,0.725,0.5607843548059464,-0.5607843548059464
179,191,26,26,74,blinder/blinder_01b.jpg,blinder,0.825,0.3499131053686142,-0.3499131053686142
179,191,27,27,73,banner/banner_01b.jpg,banner,0.789473684,0.4779476225376129,-0.4779476225376129
179,191,28,28,72,christmas_card/christmas_card_01b.jpg,christmas_card,0.804878049,0.3000161424279213,-0.3000161424279213
179,191,29,29,71,cardinal/cardinal_01b.jpg,cardinal,0.775,0.5683184564113617,-0.5683184564113617
179,191,30,30,70,blazer/blazer_01b.jpg,blazer,0.731707317,0.3168407157063484,-0.3168407157063484
179,191,31,31,69,cello/cello_01s.jpg,cello,0.825,0.5735249668359756,-0.5735249668359756
179,191,32,32,68,brace/brace_01b.jpg,brace,0.804878049,0.34866614639759064,-0.34866614639759064
179,191,33,33,67,curtain/curtain_01b.jpg,curtain,0.8,0.4724857434630394,-0.4724857434630394
179,191,34,34,66,cufflink/cufflink_01b.jpg,cufflink,0.789473684,0.39220941066741943,-0.39220941066741943
179,191,35,35,65,christmas_tree/christmas_tree_01b.jpg,christmas_tree,0.780487805,0.37877973169088364,-0.37877973169088364
179,191,36,36,64,cashew/cashew_01b.jpg,cashew,0.818181818,0.5824486613273621,-0.5824486613273621
179,191,37,37,63,badger/badger_01b.jpg,badger,0.825,0.5545304119586945,-0.5545304119586945
179,191,38,38,62,coffee/coffee_01b.jpg,coffee,0.820512821,1.2300758212804794,-1.2300758212804794
179,191,39,39,61,cream_cheese/cream_cheese_01b.jpg,cream_cheese,0.744186047,0.384872704744339,-0.384872704744339
179,191,40,40,60,cellphone/cellphone_01b.jpg,cellphone,0.80952381,0.429468035697937,-0.429468035697937
179,191,41,41,59,celery/celery_01b.jpg,celery,0.731707317,0.5632546246051788,-0.5632546246051788
179,191,42,42,58,dandelion/dandelion_01s.jpg,dandelion,0.794871795,0.6544367372989655,-0.6544367372989655
179,191,43,43,57,apron/apron_01b.jpg,apron,0.811522048,0.29365070164203644,-0.29365070164203644
179,191,44,44,56,caviar/caviar_01b.jpg,caviar,0.785714286,0.5560593754053116,-0.5560593754053116
179,191,45,45,55,breadbox/breadbox_01b.jpg,breadbox,0.75,0.3683754503726959,-0.3683754503726959
179,191,46,46,54,cookie/cookie_01b.jpg,cookie,0.825,0.4719766676425934,-0.4719766676425934
179,191,47,47,53,breathalyzer/breathalyzer_01b.jpg,breathalyzer,0.8,0.33013637363910675,-0.33013637363910675
179,191,48,48,52,armor/armor_01b.jpg,armor,0.804878049,0.40853604674339294,-0.40853604674339294
179,191,49,49,51,chicken1/chicken1_01b.jpg,chicken1,0.8,0.3728215768933296,-0.3728215768933296
179,191,50,50,50,carousel/carousel_01b.jpg,carousel,0.829268293,0.5113272070884705,-0.5113272070884705
180,192,1,1,99,breathalyzer/breathalyzer_01b.jpg,breathalyzer,0.8,0.39868302643299103,-0.39868302643299103
180,192,2,2,98,cannonball/cannonball_01b.jpg,cannonball,0.725,0.5374836176633835,-0.5374836176633835
180,192,3,3,97,candy_cane/candy_cane_01b.jpg,candy_cane,0.76744186,0.6922350376844406,-0.6922350376844406
180,192,4,4,96,basketball_hoop/basketball_hoop_01b.jpg,basketball_hoop,0.725,0.630462035536766,-0.630462035536766
180,192,5,5,95,cellphone/cellphone_01b.jpg,cellphone,0.80952381,0.4315827116370201,-0.4315827116370201
180,192,6,6,94,christmas_tree/christmas_tree_01b.jpg,christmas_tree,0.780487805,0.3984529599547386,-0.3984529599547386
180,192,7,7,93,curtain/curtain_01b.jpg,curtain,0.8,0.5282678529620171,-0.5282678529620171
180,192,8,8,92,christmas_card/christmas_card_01b.jpg,christmas_card,0.804878049,0.3065086901187897,-0.3065086901187897
180,192,9,9,91,buckle/buckle_01b.jpg,buckle,0.756097561,0.5339722782373428,-0.5339722782373428
180,192,10,10,90,cookie/cookie_01b.jpg,cookie,0.825,0.5280525535345078,-0.5280525535345078
180,192,11,11,89,caviar/caviar_01b.jpg,caviar,0.785714286,0.5368814021348953,-0.5368814021348953
180,192,12,12,88,barrel/barrel_01b.jpg,barrel,0.72972973,0.6679862886667252,-0.6679862886667252
180,192,13,13,87,celery/celery_01b.jpg,celery,0.731707317,0.513775423169136,-0.513775423169136
180,192,14,14,86,blazer/blazer_01b.jpg,blazer,0.731707317,0.32864127308130264,-0.32864127308130264
180,192,15,15,85,bow1/bow1_01b.jpg,bow1,0.794871795,0.5302993506193161,-0.5302993506193161
180,192,16,16,84,confetti/confetti_01b.jpg,confetti,0.738095238,0.5521906167268753,-0.5521906167268753
180,192,17,17,83,boat/boat_01b.jpg,boat,0.761904762,0.7180969268083572,-0.7180969268083572
180,192,18,18,82,cashew/cashew_01b.jpg,cashew,0.818181818,0.5312470048666,-0.5312470048666
180,192,19,19,81,blinder/blinder_01b.jpg,blinder,0.825,0.3474923223257065,-0.3474923223257065
180,192,20,20,80,casserole/casserole_01b.jpg,casserole,0.743589744,0.5890953838825226,-0.5890953838825226
180,192,21,21,79,blowtorch/blowtorch_01b.jpg,blowtorch,0.8,0.3849770873785019,-0.3849770873785019
180,192,22,22,78,dandelion/dandelion_01s.jpg,dandelion,0.794871795,0.6078626066446304,-0.6078626066446304
180,192,23,23,77,crumb/crumb_01b.jpg,crumb,0.775,0.2450089044868946,-0.2450089044868946
180,192,24,24,76,crutch/crutch_01b.jpg,crutch,0.756097561,0.5676016509532928,-0.5676016509532928
180,192,25,25,75,barnacle/barnacle_01s.jpg,barnacle,0.75,0.5109137296676636,-0.5109137296676636
180,192,26,26,74,coffee/coffee_01b.jpg,coffee,0.820512821,1.495599627494812,-1.495599627494812
180,192,27,27,73,chicken1/chicken1_01b.jpg,chicken1,0.8,0.35241296887397766,-0.35241296887397766
180,192,28,28,72,bassinet/bassinet_01b.jpg,bassinet,0.804878049,0.9158307984471321,-0.9158307984471321
180,192,29,29,71,cufflink/cufflink_01b.jpg,cufflink,0.789473684,0.384899266064167,-0.384899266064167
180,192,30,30,70,barcode/barcode_01b.jpg,barcode,0.775,0.581881120800972,-0.581881120800972
180,192,31,31,69,armor/armor_01b.jpg,armor,0.804878049,0.4189745783805847,-0.4189745783805847
180,192,32,32,68,dalmatian/dalmatian_01b.jpg,dalmatian,0.750609756,0.6652854681015015,-0.6652854681015015
180,192,33,33,67,cello/cello_01s.jpg,cello,0.825,0.5542005002498627,-0.5542005002498627
180,192,34,34,66,apron/apron_01b.jpg,apron,0.811522048,0.2818024381995201,-0.2818024381995201
180,192,35,35,65,breadbox/breadbox_01b.jpg,breadbox,0.75,0.36810174584388733,-0.36810174584388733
180,192,36,36,64,brace/brace_01b.jpg,brace,0.804878049,0.3595663085579872,-0.3595663085579872
180,192,37,37,63,alligator/alligator_01b.jpg,alligator,0.785714286,0.4865989685058594,-0.4865989685058594
180,192,38,38,62,cream_cheese/cream_cheese_01b.jpg,cream_cheese,0.744186047,0.4020749628543854,-0.4020749628543854
180,192,39,39,61,coffee_table/coffee_table_01b.jpg,coffee_table,0.75,0.26860860735177994,-0.26860860735177994
180,192,40,40,60,carousel/carousel_01b.jpg,carousel,0.829268293,0.44136035442352295,-0.44136035442352295
180,192,41,41,59,closet/closet_01b.jpg,closet,0.756097561,0.2715679556131363,-0.2715679556131363
180,192,42,42,58,clipboard/clipboard_01b.jpg,clipboard,0.763157895,0.3673328459262848,-0.3673328459262848
180,192,43,43,57,badger/badger_01b.jpg,badger,0.825,0.5394898951053619,-0.5394898951053619
180,192,44,44,56,cardinal/cardinal_01b.jpg,cardinal,0.775,0.6008622348308563,-0.6008622348308563
180,192,45,45,55,banner/banner_01b.jpg,banner,0.789473684,0.4428475499153137,-0.4428475499153137
180,192,46,46,54,almond/almond_01b.jpg,almond,0.829268293,0.44433553516864777,-0.44433553516864777
180,192,47,47,53,appetizer/appetizer_01b.jpg,appetizer,0.794871795,0.760699912905693,-0.760699912905693
180,192,48,48,52,dishwashing_liquid/dishwashing_liquid_01b.jpg,dishwashing_liquid,0.731707317,0.36405520141124725,-0.36405520141124725
180,192,49,49,51,cream/cream_01b.jpg,cream,0.769230769,0.3620670437812805,-0.3620670437812805
180,192,50,50,50,cactus/cactus_01b.jpg,cactus,0.780487805,0.6042207330465317,-0.6042207330465317
181,193,1,1,99,banner/banner_01b.jpg,banner,0.789473684,0.487152099609375,-0.487152099609375
181,193,2,2,98,clipboard/clipboard_01b.jpg,clipboard,0.763157895,0.7087567672133446,-0.7087567672133446
181,193,3,3,97,coffee_table/coffee_table_01b.jpg,coffee_table,0.75,0.2969546914100647,-0.2969546914100647
181,193,4,4,96,closet/closet_01b.jpg,closet,0.756097561,0.30879054963588715,-0.30879054963588715
181,193,5,5,95,airplane/airplane_01b.jpg,airplane,0.720930233,0.3549134060740471,-0.3549134060740471
181,193,6,6,94,crutch/crutch_01b.jpg,crutch,0.756097561,0.7148394733667374,-0.7148394733667374
181,193,7,7,93,cellphone/cellphone_01b.jpg,cellphone,0.80952381,0.4431028887629509,-0.4431028887629509
181,193,8,8,92,armor/armor_01b.jpg,armor,0.804878049,0.5038764774799347,-0.5038764774799347
181,193,9,9,91,barrel/barrel_01b.jpg,barrel,0.72972973,0.6431570202112198,-0.6431570202112198
181,193,10,10,90,christmas_card/christmas_card_01b.jpg,christmas_card,0.804878049,0.31744707375764847,-0.31744707375764847
181,193,11,11,89,blazer/blazer_01b.jpg,blazer,0.731707317,0.30509793013334274,-0.30509793013334274
181,193,12,12,88,cactus/cactus_01b.jpg,cactus,0.780487805,0.6150778383016586,-0.6150778383016586
181,193,13,13,87,barcode/barcode_01b.jpg,barcode,0.775,0.567841961979866,-0.567841961979866
181,193,14,14,86,apron/apron_01b.jpg,apron,0.811522048,0.30323608964681625,-0.30323608964681625
181,193,15,15,85,christmas_tree/christmas_tree_01b.jpg,christmas_tree,0.780487805,0.3977479785680771,-0.3977479785680771
181,193,16,16,84,caviar/caviar_01b.jpg,caviar,0.785714286,0.5633918642997742,-0.5633918642997742
181,193,17,17,83,barnacle/barnacle_01s.jpg,barnacle,0.75,0.5033804327249527,-0.5033804327249527
181,193,18,18,82,cannonball/cannonball_01b.jpg,cannonball,0.725,0.5616234987974167,-0.5616234987974167
181,193,19,19,81,bassinet/bassinet_01b.jpg,bassinet,0.804878049,0.6346928253769875,-0.6346928253769875
181,193,20,20,80,badger/badger_01b.jpg,badger,0.825,0.5139121264219284,-0.5139121264219284
181,193,21,21,79,brace/brace_01b.jpg,brace,0.804878049,0.3736947700381279,-0.3736947700381279
181,193,22,22,78,celery/celery_01b.jpg,celery,0.731707317,0.4904283732175827,-0.4904283732175827
181,193,23,23,77,cardinal/cardinal_01b.jpg,cardinal,0.775,0.5301330983638763,-0.5301330983638763
181,193,24,24,76,casserole/casserole_01b.jpg,casserole,0.743589744,0.572325810790062,-0.572325810790062
181,193,25,25,75,dishwashing_liquid/dishwashing_liquid_01b.jpg,dishwashing_liquid,0.731707317,0.4161914438009262,-0.4161914438009262
181,193,26,26,74,crumb/crumb_01b.jpg,crumb,0.775,0.29343103617429733,-0.29343103617429733
181,193,27,27,73,confetti/confetti_01b.jpg,confetti,0.738095238,0.5069070160388947,-0.5069070160388947
181,193,28,28,72,appetizer/appetizer_01b.jpg,appetizer,0.794871795,0.6150951832532883,-0.6150951832532883
181,193,29,29,71,alligator/alligator_01b.jpg,alligator,0.785714286,0.4781302511692047,-0.4781302511692047
181,193,30,30,70,cello/cello_01s.jpg,cello,0.825,0.45957930386066437,-0.45957930386066437
181,193,31,31,69,cashew/cashew_01b.jpg,cashew,0.818181818,0.49568212032318115,-0.49568212032318115
181,193,32,32,68,cream/cream_01b.jpg,cream,0.769230769,0.34146247059106827,-0.34146247059106827
181,193,33,33,67,coffee/coffee_01b.jpg,coffee,0.820512821,1.1368576884269714,-1.1368576884269714
181,193,34,34,66,dandelion/dandelion_01s.jpg,dandelion,0.794871795,0.5842117965221405,-0.5842117965221405
181,193,35,35,65,bow1/bow1_01b.jpg,bow1,0.794871795,0.49039776623249054,-0.49039776623249054
181,193,36,36,64,curtain/curtain_01b.jpg,curtain,0.8,0.4033235013484955,-0.4033235013484955
181,193,37,37,63,dalmatian/dalmatian_01b.jpg,dalmatian,0.750609756,0.7122933268547058,-0.7122933268547058
181,193,38,38,62,breathalyzer/breathalyzer_01b.jpg,breathalyzer,0.8,0.33649688214063644,-0.33649688214063644
181,193,39,39,61,cookie/cookie_01b.jpg,cookie,0.825,0.465451642870903,-0.465451642870903
181,193,40,40,60,cream_cheese/cream_cheese_01b.jpg,cream_cheese,0.744186047,0.344947449862957,-0.344947449862957
181,193,41,41,59,blinder/blinder_01b.jpg,blinder,0.825,0.35734836012125015,-0.35734836012125015
181,193,42,42,58,basketball_hoop/basketball_hoop_01b.jpg,basketball_hoop,0.725,0.5584064871072769,-0.5584064871072769
181,193,43,43,57,buckle/buckle_01b.jpg,buckle,0.756097561,0.5094775408506393,-0.5094775408506393
181,193,44,44,56,blowtorch/blowtorch_01b.jpg,blowtorch,0.8,0.38708630949258804,-0.38708630949258804
181,193,45,45,55,boat/boat_01b.jpg,boat,0.761904762,0.6130626946687698,-0.6130626946687698
181,193,46,46,54,almond/almond_01b.jpg,almond,0.829268293,0.4998583197593689,-0.4998583197593689
181,193,47,47,53,candy_cane/candy_cane_01b.jpg,candy_cane,0.76744186,0.4985181987285614,-0.4985181987285614
181,193,48,48,52,breadbox/breadbox_01b.jpg,breadbox,0.75,0.38336627185344696,-0.38336627185344696
181,193,49,49,51,cufflink/cufflink_01b.jpg,cufflink,0.789473684,0.41861092299222946,-0.41861092299222946
181,193,50,50,50,chicken1/chicken1_01b.jpg,chicken1,0.8,0.34127581864595413,-0.34127581864595413
182,194,1,1,99,bottle/bottle_01b.jpg,bottle,0.717948718,0.5029180198907852,-0.5029180198907852
182,194,2,2,98,boat/boat_01b.jpg,boat,0.761904762,0.7264054268598557,-0.7264054268598557
182,194,3,3,97,dandelion/dandelion_01s.jpg,dandelion,0.794871795,0.6563394218683243,-0.6563394218683243
182,194,4,4,96,brace/brace_01b.jpg,brace,0.804878049,0.38838959485292435,-0.38838959485292435
182,194,5,5,95,chicken1/chicken1_01b.jpg,chicken1,0.8,0.39145781099796295,-0.39145781099796295
182,194,6,6,94,cashew/cashew_01b.jpg,cashew,0.818181818,0.5605629980564117,-0.5605629980564117
182,194,7,7,93,cream/cream_01b.jpg,cream,0.769230769,0.44597115367650986,-0.44597115367650986
182,194,8,8,92,coffee/coffee_01b.jpg,coffee,0.820512821,0.9794521331787109,-0.9794521331787109
182,194,9,9,91,clipboard/clipboard_01b.jpg,clipboard,0.763157895,0.5679402947425842,-0.5679402947425842
182,194,10,10,90,apron/apron_01b.jpg,apron,0.811522048,0.31814177334308624,-0.31814177334308624
182,194,11,11,89,airplane/airplane_01b.jpg,airplane,0.720930233,0.3728729486465454,-0.3728729486465454
182,194,12,12,88,appetizer/appetizer_01b.jpg,appetizer,0.794871795,0.8350777924060822,-0.8350777924060822
182,194,13,13,87,bow1/bow1_01b.jpg,bow1,0.794871795,0.506264254450798,-0.506264254450798
182,194,14,14,86,banner/banner_01b.jpg,banner,0.789473684,0.47736555337905884,-0.47736555337905884
182,194,15,15,85,buckle/buckle_01b.jpg,buckle,0.756097561,0.5485317558050156,-0.5485317558050156
182,194,16,16,84,bassinet/bassinet_01b.jpg,bassinet,0.804878049,0.7603121772408485,-0.7603121772408485
182,194,17,17,83,blazer/blazer_01b.jpg,blazer,0.731707317,0.3221293166279793,-0.3221293166279793
182,194,18,18,82,blinder/blinder_01b.jpg,blinder,0.825,0.36705079674720764,-0.36705079674720764
182,194,19,19,81,breadbox/breadbox_01b.jpg,breadbox,0.75,0.3823454976081848,-0.3823454976081848
182,194,20,20,80,christmas_card/christmas_card_01b.jpg,christmas_card,0.804878049,0.3339376002550125,-0.3339376002550125
182,194,21,21,79,breathalyzer/breathalyzer_01b.jpg,breathalyzer,0.8,0.34302666783332825,-0.34302666783332825
182,194,22,22,78,basketball_hoop/basketball_hoop_01b.jpg,basketball_hoop,0.725,0.6129193305969238,-0.6129193305969238
182,194,23,23,77,confetti/confetti_01b.jpg,confetti,0.738095238,0.562361553311348,-0.562361553311348
182,194,24,24,76,dalmatian/dalmatian_01b.jpg,dalmatian,0.750609756,0.7740843743085861,-0.7740843743085861
182,194,25,25,75,barnacle/barnacle_01s.jpg,barnacle,0.75,0.5237124562263489,-0.5237124562263489
182,194,26,26,74,cactus/cactus_01b.jpg,cactus,0.780487805,0.6504393219947815,-0.6504393219947815
182,194,27,27,73,cello/cello_01s.jpg,cello,0.825,0.5380007773637772,-0.5380007773637772
182,194,28,28,72,cufflink/cufflink_01b.jpg,cufflink,0.789473684,0.38124629855155945,-0.38124629855155945
182,194,29,29,71,candy_cane/candy_cane_01b.jpg,candy_cane,0.76744186,0.5981128364801407,-0.5981128364801407
182,194,30,30,70,cannonball/cannonball_01b.jpg,cannonball,0.725,0.6235583275556564,-0.6235583275556564
182,194,31,31,69,crutch/crutch_01b.jpg,crutch,0.756097561,0.5871445536613464,-0.5871445536613464
182,194,32,32,68,coffee_table/coffee_table_01b.jpg,coffee_table,0.75,0.2950679063796997,-0.2950679063796997
182,194,33,33,67,dishwashing_liquid/dishwashing_liquid_01b.jpg,dishwashing_liquid,0.731707317,0.47393862903118134,-0.47393862903118134
182,194,34,34,66,cookie/cookie_01b.jpg,cookie,0.825,0.4552506357431412,-0.4552506357431412
182,194,35,35,65,cream_cheese/cream_cheese_01b.jpg,cream_cheese,0.744186047,0.42982207238674164,-0.42982207238674164
182,194,36,36,64,celery/celery_01b.jpg,celery,0.731707317,0.5678877532482147,-0.5678877532482147
182,194,37,37,63,badger/badger_01b.jpg,badger,0.825,0.5832940340042114,-0.5832940340042114
182,194,38,38,62,cardinal/cardinal_01b.jpg,cardinal,0.775,0.6075989753007889,-0.6075989753007889
182,194,39,39,61,christmas_tree/christmas_tree_01b.jpg,christmas_tree,0.780487805,0.3745909035205841,-0.3745909035205841
182,194,40,40,60,cellphone/cellphone_01b.jpg,cellphone,0.80952381,0.36812371760606766,-0.36812371760606766
182,194,41,41,59,blowtorch/blowtorch_01b.jpg,blowtorch,0.8,0.32121557742357254,-0.32121557742357254
182,194,42,42,58,caviar/caviar_01b.jpg,caviar,0.785714286,0.582413911819458,-0.582413911819458
182,194,43,43,57,alligator/alligator_01b.jpg,alligator,0.785714286,0.5647336021065712,-0.5647336021065712
182,194,44,44,56,closet/closet_01b.jpg,closet,0.756097561,0.29650263488292694,-0.29650263488292694
182,194,45,45,55,crumb/crumb_01b.jpg,crumb,0.775,0.3118610605597496,-0.3118610605597496
182,194,46,46,54,barcode/barcode_01b.jpg,barcode,0.775,0.5936290174722672,-0.5936290174722672
182,194,47,47,53,casserole/casserole_01b.jpg,casserole,0.743589744,0.7447748929262161,-0.7447748929262161
182,194,48,48,52,curtain/curtain_01b.jpg,curtain,0.8,0.4597598984837532,-0.4597598984837532
182,194,49,49,51,barrel/barrel_01b.jpg,barrel,0.72972973,0.6723894625902176,-0.6723894625902176
182,194,50,50,50,armor/armor_01b.jpg,armor,0.804878049,0.40824970602989197,-0.40824970602989197
183,195,1,1,99,blowtorch/blowtorch_01b.jpg,blowtorch,0.8,0.4940395876765251,-0.4940395876765251
183,195,2,2,98,apron/apron_01b.jpg,apron,0.811522048,0.30873263627290726,-0.30873263627290726
183,195,3,3,97,cardinal/cardinal_01b.jpg,cardinal,0.775,1.0600914061069489,-1.0600914061069489
183,195,4,4,96,cufflink/cufflink_01b.jpg,cufflink,0.789473684,0.38769569247961044,-0.38769569247961044
183,195,5,5,95,bow1/bow1_01b.jpg,bow1,0.794871795,0.6045675873756409,-0.6045675873756409
183,195,6,6,94,cream_cheese/cream_cheese_01b.jpg,cream_cheese,0.744186047,0.40901875495910645,-0.40901875495910645
183,195,7,7,93,coffee_table/coffee_table_01b.jpg,coffee_table,0.75,0.2681834548711777,-0.2681834548711777
183,195,8,8,92,christmas_card/christmas_card_01b.jpg,christmas_card,0.804878049,0.30531203001737595,-0.30531203001737595
183,195,9,9,91,crutch/crutch_01b.jpg,crutch,0.756097561,0.7204850763082504,-0.7204850763082504
183,195,10,10,90,cactus/cactus_01b.jpg,cactus,0.780487805,0.5317839086055756,-0.5317839086055756
183,195,11,11,89,cello/cello_01s.jpg,cello,0.825,0.6341372579336166,-0.6341372579336166
183,195,12,12,88,bassinet/bassinet_01b.jpg,bassinet,0.804878049,0.6861413270235062,-0.6861413270235062
183,195,13,13,87,barcode/barcode_01b.jpg,barcode,0.775,0.5271000415086746,-0.5271000415086746
183,195,14,14,86,dishwashing_liquid/dishwashing_liquid_01b.jpg,dishwashing_liquid,0.731707317,0.3991081342101097,-0.3991081342101097
183,195,15,15,85,blazer/blazer_01b.jpg,blazer,0.731707317,0.3220401033759117,-0.3220401033759117
183,195,16,16,84,bamboo/bamboo_01b.jpg,bamboo,0.714285714,0.47050970792770386,-0.47050970792770386
183,195,17,17,83,casserole/casserole_01b.jpg,casserole,0.743589744,0.5776956528425217,-0.5776956528425217
183,195,18,18,82,chicken1/chicken1_01b.jpg,chicken1,0.8,0.35123050957918167,-0.35123050957918167
183,195,19,19,81,coffee/coffee_01b.jpg,coffee,0.820512821,1.2555507272481918,-1.2555507272481918
183,195,20,20,80,closet/closet_01b.jpg,closet,0.756097561,0.2932918295264244,-0.2932918295264244
183,195,21,21,79,dandelion/dandelion_01s.jpg,dandelion,0.794871795,0.580112874507904,-0.580112874507904
183,195,22,22,78,cream/cream_01b.jpg,cream,0.769230769,0.344307579100132,-0.344307579100132
183,195,23,23,77,bottle/bottle_01b.jpg,bottle,0.717948718,0.40160565078258514,-0.40160565078258514
183,195,24,24,76,buckle/buckle_01b.jpg,buckle,0.756097561,0.5137855261564255,-0.5137855261564255
183,195,25,25,75,badger/badger_01b.jpg,badger,0.825,0.5591506808996201,-0.5591506808996201
183,195,26,26,74,alligator/alligator_01b.jpg,alligator,0.785714286,0.4676131308078766,-0.4676131308078766
183,195,27,27,73,banner/banner_01b.jpg,banner,0.789473684,0.48017947375774384,-0.48017947375774384
183,195,28,28,72,celery/celery_01b.jpg,celery,0.731707317,0.49049876630306244,-0.49049876630306244
183,195,29,29,71,basketball_hoop/basketball_hoop_01b.jpg,basketball_hoop,0.725,0.5180030316114426,-0.5180030316114426
183,195,30,30,70,caviar/caviar_01b.jpg,caviar,0.785714286,0.5225591212511063,-0.5225591212511063
183,195,31,31,69,armor/armor_01b.jpg,armor,0.804878049,0.3724716380238533,-0.3724716380238533
183,195,32,32,68,confetti/confetti_01b.jpg,confetti,0.738095238,0.5457280874252319,-0.5457280874252319
183,195,33,33,67,christmas_tree/christmas_tree_01b.jpg,christmas_tree,0.780487805,0.3485056832432747,-0.3485056832432747
183,195,34,34,66,appetizer/appetizer_01b.jpg,appetizer,0.794871795,0.6582192033529282,-0.6582192033529282
183,195,35,35,65,cannonball/cannonball_01b.jpg,cannonball,0.725,0.4715240150690079,-0.4715240150690079
183,195,36,36,64,dalmatian/dalmatian_01b.jpg,dalmatian,0.750609756,0.7156267464160919,-0.7156267464160919
183,195,37,37,63,candy_cane/candy_cane_01b.jpg,candy_cane,0.76744186,0.4918304532766342,-0.4918304532766342
183,195,38,38,62,clipboard/clipboard_01b.jpg,clipboard,0.763157895,0.36095546185970306,-0.36095546185970306
183,195,39,39,61,cashew/cashew_01b.jpg,cashew,0.818181818,0.4198213666677475,-0.4198213666677475
183,195,40,40,60,breathalyzer/breathalyzer_01b.jpg,breathalyzer,0.8,0.3041297495365143,-0.3041297495365143
183,195,41,41,59,boat/boat_01b.jpg,boat,0.761904762,0.611603632569313,-0.611603632569313
183,195,42,42,58,barrel/barrel_01b.jpg,barrel,0.72972973,0.6342301070690155,-0.6342301070690155
183,195,43,43,57,blinder/blinder_01b.jpg,blinder,0.825,0.3148488327860832,-0.3148488327860832
183,195,44,44,56,breadbox/breadbox_01b.jpg,breadbox,0.75,0.3499467670917511,-0.3499467670917511
183,195,45,45,55,cellphone/cellphone_01b.jpg,cellphone,0.80952381,0.3772057592868805,-0.3772057592868805
183,195,46,46,54,barnacle/barnacle_01s.jpg,barnacle,0.75,0.47879545390605927,-0.47879545390605927
183,195,47,47,53,brace/brace_01b.jpg,brace,0.804878049,0.3283645138144493,-0.3283645138144493
183,195,48,48,52,airplane/airplane_01b.jpg,airplane,0.720930233,0.30730438232421875,-0.30730438232421875
183,195,49,49,51,crumb/crumb_01b.jpg,crumb,0.775,0.25752048939466476,-0.25752048939466476
183,195,50,50,50,curtain/curtain_01b.jpg,curtain,0.8,0.4529842287302017,-0.4529842287302017
184,196,1,1,99,clasp/clasp_01b.jpg,clasp,0.707317073,1.031185358762741,-1.031185358762741
184,196,2,2,98,caviar/caviar_01b.jpg,caviar,0.785714286,0.6233833134174347,-0.6233833134174347
184,196,3,3,97,blazer/blazer_01b.jpg,blazer,0.731707317,0.3190666288137436,-0.3190666288137436
184,196,4,4,96,clipboard/clipboard_01b.jpg,clipboard,0.763157895,0.7772803604602814,-0.7772803604602814
184,196,5,5,95,airplane/airplane_01b.jpg,airplane,0.720930233,0.31812500208616257,-0.31812500208616257
184,196,6,6,94,armor/armor_01b.jpg,armor,0.804878049,0.5332109183073044,-0.5332109183073044
184,196,7,7,93,cream_cheese/cream_cheese_01b.jpg,cream_cheese,0.744186047,0.36359503120183945,-0.36359503120183945
184,196,8,8,92,confetti/confetti_01b.jpg,confetti,0.738095238,0.5919307470321655,-0.5919307470321655
184,196,9,9,91,breathalyzer/breathalyzer_01b.jpg,breathalyzer,0.8,0.2982272654771805,-0.2982272654771805
184,196,10,10,90,basketball_hoop/basketball_hoop_01b.jpg,basketball_hoop,0.725,0.5600711107254028,-0.5600711107254028
184,196,11,11,89,cardinal/cardinal_01b.jpg,cardinal,0.775,0.5565871447324753,-0.5565871447324753
184,196,12,12,88,breadbox/breadbox_01b.jpg,breadbox,0.75,0.36644964665174484,-0.36644964665174484
184,196,13,13,87,dalmatian/dalmatian_01b.jpg,dalmatian,0.750609756,0.5996598079800606,-0.5996598079800606
184,196,14,14,86,christmas_tree/christmas_tree_01b.jpg,christmas_tree,0.780487805,0.3846827894449234,-0.3846827894449234
184,196,15,15,85,bow1/bow1_01b.jpg,bow1,0.794871795,0.4952968806028366,-0.4952968806028366
184,196,16,16,84,crumb/crumb_01b.jpg,crumb,0.775,0.2801971435546875,-0.2801971435546875
184,196,17,17,83,cellphone/cellphone_01b.jpg,cellphone,0.80952381,0.4396769627928734,-0.4396769627928734
184,196,18,18,82,curtain/curtain_01b.jpg,curtain,0.8,0.4201826751232147,-0.4201826751232147
184,196,19,19,81,appetizer/appetizer_01b.jpg,appetizer,0.794871795,0.5803862661123276,-0.5803862661123276
184,196,20,20,80,blowtorch/blowtorch_01b.jpg,blowtorch,0.8,0.3799026384949684,-0.3799026384949684
184,196,21,21,79,banner/banner_01b.jpg,banner,0.789473684,0.4749186933040619,-0.4749186933040619
184,196,22,22,78,coffee_table/coffee_table_01b.jpg,coffee_table,0.75,0.27054463326931,-0.27054463326931
184,196,23,23,77,alligator/alligator_01b.jpg,alligator,0.785714286,0.48553821444511414,-0.48553821444511414
184,196,24,24,76,barcode/barcode_01b.jpg,barcode,0.775,0.5103491395711899,-0.5103491395711899
184,196,25,25,75,cream/cream_01b.jpg,cream,0.769230769,0.3532809838652611,-0.3532809838652611
184,196,26,26,74,bottle/bottle_01b.jpg,bottle,0.717948718,0.4074120372533798,-0.4074120372533798
184,196,27,27,73,christmas_card/christmas_card_01b.jpg,christmas_card,0.804878049,0.28594429045915604,-0.28594429045915604
184,196,28,28,72,closet/closet_01b.jpg,closet,0.756097561,0.30292701721191406,-0.30292701721191406
184,196,29,29,71,casserole/casserole_01b.jpg,casserole,0.743589744,0.5314668118953705,-0.5314668118953705
184,196,30,30,70,brace/brace_01b.jpg,brace,0.804878049,0.3545379713177681,-0.3545379713177681
184,196,31,31,69,candy_cane/candy_cane_01b.jpg,candy_cane,0.76744186,0.478562593460083,-0.478562593460083
184,196,32,32,68,dandelion/dandelion_01s.jpg,dandelion,0.794871795,0.5424295961856842,-0.5424295961856842
184,196,33,33,67,chicken1/chicken1_01b.jpg,chicken1,0.8,0.33256929367780685,-0.33256929367780685
184,196,34,34,66,celery/celery_01b.jpg,celery,0.731707317,0.4536702334880829,-0.4536702334880829
184,196,35,35,65,barrel/barrel_01b.jpg,barrel,0.72972973,0.6301764696836472,-0.6301764696836472
184,196,36,36,64,buckle/buckle_01b.jpg,buckle,0.756097561,0.49737484753131866,-0.49737484753131866
184,196,37,37,63,badger/badger_01b.jpg,badger,0.825,0.5379204750061035,-0.5379204750061035
184,196,38,38,62,dishwashing_liquid/dishwashing_liquid_01b.jpg,dishwashing_liquid,0.731707317,0.4124922901391983,-0.4124922901391983
184,196,39,39,61,crutch/crutch_01b.jpg,crutch,0.756097561,0.5053543299436569,-0.5053543299436569
184,196,40,40,60,cannonball/cannonball_01b.jpg,cannonball,0.725,0.4898858070373535,-0.4898858070373535
184,196,41,41,59,boat/boat_01b.jpg,boat,0.761904762,0.5925162434577942,-0.5925162434577942
184,196,42,42,58,cashew/cashew_01b.jpg,cashew,0.818181818,0.46544909477233887,-0.46544909477233887
184,196,43,43,57,cactus/cactus_01b.jpg,cactus,0.780487805,0.5196897685527802,-0.5196897685527802
184,196,44,44,56,barnacle/barnacle_01s.jpg,barnacle,0.75,0.5002392828464508,-0.5002392828464508
184,196,45,45,55,bamboo/bamboo_01b.jpg,bamboo,0.714285714,0.47055982053279877,-0.47055982053279877
184,196,46,46,54,coffee/coffee_01b.jpg,coffee,0.820512821,1.3848758935928345,-1.3848758935928345
184,196,47,47,53,blinder/blinder_01b.jpg,blinder,0.825,0.333147294819355,-0.333147294819355
184,196,48,48,52,apron/apron_01b.jpg,apron,0.811522048,0.27477242052555084,-0.27477242052555084
184,196,49,49,51,cufflink/cufflink_01b.jpg,cufflink,0.789473684,0.3870408907532692,-0.3870408907532692
184,196,50,50,50,bassinet/bassinet_01b.jpg,bassinet,0.804878049,0.9064392521977425,-0.9064392521977425
185,197,1,1,99,cellphone/cellphone_01b.jpg,cellphone,0.80952381,0.4951266497373581,-0.4951266497373581
185,197,2,2,98,coffee/coffee_01b.jpg,coffee,0.820512821,0.7739129662513733,-0.7739129662513733
185,197,3,3,97,cufflink/cufflink_01b.jpg,cufflink,0.789473684,0.39912401884794235,-0.39912401884794235
185,197,4,4,96,brace/brace_01b.jpg,brace,0.804878049,0.3745871037244797,-0.3745871037244797
185,197,5,5,95,crutch/crutch_01b.jpg,crutch,0.756097561,0.6965899467468262,-0.6965899467468262
185,197,6,6,94,dandelion/dandelion_01s.jpg,dandelion,0.794871795,0.6647108793258667,-0.6647108793258667
185,197,7,7,93,chicken1/chicken1_01b.jpg,chicken1,0.8,0.3707054927945137,-0.3707054927945137
185,197,8,8,92,confetti/confetti_01b.jpg,confetti,0.738095238,0.5653178095817566,-0.5653178095817566
185,197,9,9,91,cashew/cashew_01b.jpg,cashew,0.818181818,0.43668699264526367,-0.43668699264526367
185,197,10,10,90,airplane/airplane_01b.jpg,airplane,0.720930233,0.31168385595083237,-0.31168385595083237
185,197,11,11,89,bottle/bottle_01b.jpg,bottle,0.717948718,0.4235600382089615,-0.4235600382089615
185,197,12,12,88,basketball_hoop/basketball_hoop_01b.jpg,basketball_hoop,0.725,0.5994164943695068,-0.5994164943695068
185,197,13,13,87,banner/banner_01b.jpg,banner,0.789473684,0.4742860049009323,-0.4742860049009323
185,197,14,14,86,coffee_table/coffee_table_01b.jpg,coffee_table,0.75,0.28754397481679916,-0.28754397481679916
185,197,15,15,85,cream/cream_01b.jpg,cream,0.769230769,0.35655563324689865,-0.35655563324689865
185,197,16,16,84,boat/boat_01b.jpg,boat,0.761904762,0.6207171231508255,-0.6207171231508255
185,197,17,17,83,alligator/alligator_01b.jpg,alligator,0.785714286,0.5105465203523636,-0.5105465203523636
185,197,18,18,82,crumb/crumb_01b.jpg,crumb,0.775,0.29777661710977554,-0.29777661710977554
185,197,19,19,81,armor/armor_01b.jpg,armor,0.804878049,0.4846797287464142,-0.4846797287464142
185,197,20,20,80,curtain/curtain_01b.jpg,curtain,0.8,0.49571964889764786,-0.49571964889764786
185,197,21,21,79,candy_cane/candy_cane_01b.jpg,candy_cane,0.76744186,0.5821482390165329,-0.5821482390165329
185,197,22,22,78,badger/badger_01b.jpg,badger,0.825,0.6179793328046799,-0.6179793328046799
185,197,23,23,77,closet/closet_01b.jpg,closet,0.756097561,0.32674799859523773,-0.32674799859523773
185,197,24,24,76,breathalyzer/breathalyzer_01b.jpg,breathalyzer,0.8,0.34592460840940475,-0.34592460840940475
185,197,25,25,75,barcode/barcode_01b.jpg,barcode,0.775,0.48773784935474396,-0.48773784935474396
185,197,26,26,74,dalmatian/dalmatian_01b.jpg,dalmatian,0.750609756,0.7024255469441414,-0.7024255469441414
185,197,27,27,73,cactus/cactus_01b.jpg,cactus,0.780487805,0.49355100095272064,-0.49355100095272064
185,197,28,28,72,bow1/bow1_01b.jpg,bow1,0.794871795,0.5016518533229828,-0.5016518533229828
185,197,29,29,71,breadbox/breadbox_01b.jpg,breadbox,0.75,0.38666974008083344,-0.38666974008083344
185,197,30,30,70,clipboard/clipboard_01b.jpg,clipboard,0.763157895,0.3622286319732666,-0.3622286319732666
185,197,31,31,69,buckle/buckle_01b.jpg,buckle,0.756097561,0.6144905537366867,-0.6144905537366867
185,197,32,32,68,celery/celery_01b.jpg,celery,0.731707317,0.48706838488578796,-0.48706838488578796
185,197,33,33,67,apron/apron_01b.jpg,apron,0.811522048,0.2953243851661682,-0.2953243851661682
185,197,34,34,66,barnacle/barnacle_01s.jpg,barnacle,0.75,0.5140765607357025,-0.5140765607357025
185,197,35,35,65,cardinal/cardinal_01b.jpg,cardinal,0.775,0.624306321144104,-0.624306321144104
185,197,36,36,64,cream_cheese/cream_cheese_01b.jpg,cream_cheese,0.744186047,0.3719363883137703,-0.3719363883137703
185,197,37,37,63,cannonball/cannonball_01b.jpg,cannonball,0.725,0.4616421163082123,-0.4616421163082123
185,197,38,38,62,christmas_tree/christmas_tree_01b.jpg,christmas_tree,0.780487805,0.42969492077827454,-0.42969492077827454
185,197,39,39,61,caviar/caviar_01b.jpg,caviar,0.785714286,0.6143736094236374,-0.6143736094236374
185,197,40,40,60,bassinet/bassinet_01b.jpg,bassinet,0.804878049,0.8052385374903679,-0.8052385374903679
185,197,41,41,59,bamboo/bamboo_01b.jpg,bamboo,0.714285714,0.4609786868095398,-0.4609786868095398
185,197,42,42,58,barrel/barrel_01b.jpg,barrel,0.72972973,0.5989820212125778,-0.5989820212125778
185,197,43,43,57,blowtorch/blowtorch_01b.jpg,blowtorch,0.8,0.36911237984895706,-0.36911237984895706
185,197,44,44,56,casserole/casserole_01b.jpg,casserole,0.743589744,0.6041318625211716,-0.6041318625211716
185,197,45,45,55,christmas_card/christmas_card_01b.jpg,christmas_card,0.804878049,0.2753915712237358,-0.2753915712237358
185,197,46,46,54,clasp/clasp_01b.jpg,clasp,0.707317073,1.1989994943141937,-1.1989994943141937
185,197,47,47,53,dishwashing_liquid/dishwashing_liquid_01b.jpg,dishwashing_liquid,0.731707317,0.4488004744052887,-0.4488004744052887
185,197,48,48,52,blazer/blazer_01b.jpg,blazer,0.731707317,0.3015829101204872,-0.3015829101204872
185,197,49,49,51,baklava/baklava_01s.jpg,baklava,0.702702703,0.5631800293922424,-0.5631800293922424
185,197,50,50,50,appetizer/appetizer_01b.jpg,appetizer,0.794871795,0.6851159483194351,-0.6851159483194351
186,198,1,1,99,barrel/barrel_01b.jpg,barrel,0.72972973,0.6278427094221115,-0.6278427094221115
186,198,2,2,98,closet/closet_01b.jpg,closet,0.756097561,0.29827098548412323,-0.29827098548412323
186,198,3,3,97,barcode/barcode_01b.jpg,barcode,0.775,0.6515180319547653,-0.6515180319547653
186,198,4,4,96,cashew/cashew_01b.jpg,cashew,0.818181818,0.8371483981609344,-0.8371483981609344
186,198,5,5,95,blazer/blazer_01b.jpg,blazer,0.731707317,0.38347553461790085,-0.38347553461790085
186,198,6,6,94,cream_cheese/cream_cheese_01b.jpg,cream_cheese,0.744186047,0.3730463758111,-0.3730463758111
186,198,7,7,93,barnacle/barnacle_01s.jpg,barnacle,0.75,0.5761851519346237,-0.5761851519346237
186,198,8,8,92,brussels_sprouts/brussels_sprouts_01b.jpg,brussels_sprouts,0.7,1.093157798051834,-1.093157798051834
186,198,9,9,91,bassinet/bassinet_01b.jpg,bassinet,0.804878049,0.7575842812657356,-0.7575842812657356
186,198,10,10,90,breathalyzer/breathalyzer_01b.jpg,breathalyzer,0.8,0.3760732039809227,-0.3760732039809227
186,198,11,11,89,airplane/airplane_01b.jpg,airplane,0.720930233,0.35313233733177185,-0.35313233733177185
186,198,12,12,88,boat/boat_01b.jpg,boat,0.761904762,0.6677441000938416,-0.6677441000938416
186,198,13,13,87,bottle/bottle_01b.jpg,bottle,0.717948718,0.45035941898822784,-0.45035941898822784
186,198,14,14,86,appetizer/appetizer_01b.jpg,appetizer,0.794871795,0.9691608101129532,-0.9691608101129532
186,198,15,15,85,clasp/clasp_01b.jpg,clasp,0.707317073,1.1762326657772064,-1.1762326657772064
186,198,16,16,84,clipboard/clipboard_01b.jpg,clipboard,0.763157895,0.4385528862476349,-0.4385528862476349
186,198,17,17,83,casserole/casserole_01b.jpg,casserole,0.743589744,0.7550986707210541,-0.7550986707210541
186,198,18,18,82,chicken1/chicken1_01b.jpg,chicken1,0.8,0.45246850699186325,-0.45246850699186325
186,198,19,19,81,apron/apron_01b.jpg,apron,0.811522048,0.3041823133826256,-0.3041823133826256
186,198,20,20,80,coffee_table/coffee_table_01b.jpg,coffee_table,0.75,0.2673262730240822,-0.2673262730240822
186,198,21,21,79,blowtorch/blowtorch_01b.jpg,blowtorch,0.8,0.41768842935562134,-0.41768842935562134
186,198,22,22,78,brace/brace_01b.jpg,brace,0.804878049,0.34996840357780457,-0.34996840357780457
186,198,23,23,77,cream/cream_01b.jpg,cream,0.769230769,0.3750652000308037,-0.3750652000308037
186,198,24,24,76,dandelion/dandelion_01s.jpg,dandelion,0.794871795,0.7058264464139938,-0.7058264464139938
186,198,25,25,75,cufflink/cufflink_01b.jpg,cufflink,0.789473684,0.3947036638855934,-0.3947036638855934
186,198,26,26,74,caviar/caviar_01b.jpg,caviar,0.785714286,0.626817911863327,-0.626817911863327
186,198,27,27,73,curtain/curtain_01b.jpg,curtain,0.8,0.5305444002151489,-0.5305444002151489
186,198,28,28,72,crumb/crumb_01b.jpg,crumb,0.775,0.2549707069993019,-0.2549707069993019
186,198,29,29,71,buckle/buckle_01b.jpg,buckle,0.756097561,0.67766073346138,-0.67766073346138
186,198,30,30,70,cannonball/cannonball_01b.jpg,cannonball,0.725,0.47567908465862274,-0.47567908465862274
186,198,31,31,69,celery/celery_01b.jpg,celery,0.731707317,0.6672831624746323,-0.6672831624746323
186,198,32,32,68,breadbox/breadbox_01b.jpg,breadbox,0.75,0.3643592670559883,-0.3643592670559883
186,198,33,33,67,crutch/crutch_01b.jpg,crutch,0.756097561,0.5895754992961884,-0.5895754992961884
186,198,34,34,66,alligator/alligator_01b.jpg,alligator,0.785714286,0.5418687462806702,-0.5418687462806702
186,198,35,35,65,baklava/baklava_01s.jpg,baklava,0.702702703,0.7075166255235672,-0.7075166255235672
186,198,36,36,64,candy_cane/candy_cane_01b.jpg,candy_cane,0.76744186,0.6112882345914841,-0.6112882345914841
186,198,37,37,63,dishwashing_liquid/dishwashing_liquid_01b.jpg,dishwashing_liquid,0.731707317,0.4848899394273758,-0.4848899394273758
186,198,38,38,62,cardinal/cardinal_01b.jpg,cardinal,0.775,0.7064250111579895,-0.7064250111579895
186,198,39,39,61,confetti/confetti_01b.jpg,confetti,0.738095238,0.5789583623409271,-0.5789583623409271
186,198,40,40,60,dalmatian/dalmatian_01b.jpg,dalmatian,0.750609756,0.7667035758495331,-0.7667035758495331
186,198,41,41,59,banner/banner_01b.jpg,banner,0.789473684,0.4970476031303406,-0.4970476031303406
186,198,42,42,58,coffee/coffee_01b.jpg,coffee,0.820512821,1.1110663712024689,-1.1110663712024689
186,198,43,43,57,cactus/cactus_01b.jpg,cactus,0.780487805,0.5830648392438889,-0.5830648392438889
186,198,44,44,56,cellphone/cellphone_01b.jpg,cellphone,0.80952381,0.5170029625296593,-0.5170029625296593
186,198,45,45,55,armor/armor_01b.jpg,armor,0.804878049,0.4131513983011246,-0.4131513983011246
186,198,46,46,54,basketball_hoop/basketball_hoop_01b.jpg,basketball_hoop,0.725,0.6801211088895798,-0.6801211088895798
186,198,47,47,53,christmas_tree/christmas_tree_01b.jpg,christmas_tree,0.780487805,0.42423124611377716,-0.42423124611377716
186,198,48,48,52,christmas_card/christmas_card_01b.jpg,christmas_card,0.804878049,0.3039873391389847,-0.3039873391389847
186,198,49,49,51,bow1/bow1_01b.jpg,bow1,0.794871795,0.5304218083620071,-0.5304218083620071
186,198,50,50,50,bamboo/bamboo_01b.jpg,bamboo,0.714285714,0.45007531344890594,-0.45007531344890594
187,199,1,1,99,crumb/crumb_01b.jpg,crumb,0.775,0.4536483734846115,-0.4536483734846115
187,199,2,2,98,cufflink/cufflink_01b.jpg,cufflink,0.789473684,0.42861589789390564,-0.42861589789390564
187,199,3,3,97,bottle/bottle_01b.jpg,bottle,0.717948718,0.4509265720844269,-0.4509265720844269
187,199,4,4,96,christmas_card/christmas_card_01b.jpg,christmas_card,0.804878049,0.31737592816352844,-0.31737592816352844
187,199,5,5,95,cardinal/cardinal_01b.jpg,cardinal,0.775,0.7246065139770508,-0.7246065139770508
187,199,6,6,94,clasp/clasp_01b.jpg,clasp,0.707317073,1.0065773725509644,-1.0065773725509644
187,199,7,7,93,cream/cream_01b.jpg,cream,0.769230769,0.4355948865413666,-0.4355948865413666
187,199,8,8,92,baklava/baklava_01s.jpg,baklava,0.702702703,0.7010547667741776,-0.7010547667741776
187,199,9,9,91,cannonball/cannonball_01b.jpg,cannonball,0.725,0.5367899686098099,-0.5367899686098099
187,199,10,10,90,bow1/bow1_01b.jpg,bow1,0.794871795,0.5797906070947647,-0.5797906070947647
187,199,11,11,89,coffee_table/coffee_table_01b.jpg,coffee_table,0.75,0.31206411123275757,-0.31206411123275757
187,199,12,12,88,caviar/caviar_01b.jpg,caviar,0.785714286,0.6500330120325089,-0.6500330120325089
187,199,13,13,87,casserole/casserole_01b.jpg,casserole,0.743589744,0.7139845043420792,-0.7139845043420792
187,199,14,14,86,barcode/barcode_01b.jpg,barcode,0.775,0.5984056890010834,-0.5984056890010834
187,199,15,15,85,buckle/buckle_01b.jpg,buckle,0.756097561,0.614555612206459,-0.614555612206459
187,199,16,16,84,barrel/barrel_01b.jpg,barrel,0.72972973,0.7388666272163391,-0.7388666272163391
187,199,17,17,83,airplane/airplane_01b.jpg,airplane,0.720930233,0.405289851129055,-0.405289851129055
187,199,18,18,82,chicken1/chicken1_01b.jpg,chicken1,0.8,0.4155975431203842,-0.4155975431203842
187,199,19,19,81,armor/armor_01b.jpg,armor,0.804878049,0.5026850700378418,-0.5026850700378418
187,199,20,20,80,celery/celery_01b.jpg,celery,0.731707317,0.49512144923210144,-0.49512144923210144
187,199,21,21,79,confetti/confetti_01b.jpg,confetti,0.738095238,0.6373948901891708,-0.6373948901891708
187,199,22,22,78,boat/boat_01b.jpg,boat,0.761904762,0.6610987633466721,-0.6610987633466721
187,199,23,23,77,dishwashing_liquid/dishwashing_liquid_01b.jpg,dishwashing_liquid,0.731707317,0.42977605760097504,-0.42977605760097504
187,199,24,24,76,blazer/blazer_01b.jpg,blazer,0.731707317,0.29330889880657196,-0.29330889880657196
187,199,25,25,75,brace/brace_01b.jpg,brace,0.804878049,0.3919571712613106,-0.3919571712613106
187,199,26,26,74,breathalyzer/breathalyzer_01b.jpg,breathalyzer,0.8,0.3128383979201317,-0.3128383979201317
187,199,27,27,73,bassinet/bassinet_01b.jpg,bassinet,0.804878049,0.7628625482320786,-0.7628625482320786
187,199,28,28,72,bamboo/bamboo_01b.jpg,bamboo,0.714285714,0.48473307490348816,-0.48473307490348816
187,199,29,29,71,dandelion/dandelion_01s.jpg,dandelion,0.794871795,0.6230953335762024,-0.6230953335762024
187,199,30,30,70,basketball_hoop/basketball_hoop_01b.jpg,basketball_hoop,0.725,0.5652185827493668,-0.5652185827493668
187,199,31,31,69,blowtorch/blowtorch_01b.jpg,blowtorch,0.8,0.4318728372454643,-0.4318728372454643
187,199,32,32,68,christmas_tree/christmas_tree_01b.jpg,christmas_tree,0.780487805,0.3965633437037468,-0.3965633437037468
187,199,33,33,67,apron/apron_01b.jpg,apron,0.811522048,0.2945201024413109,-0.2945201024413109
187,199,34,34,66,brussels_sprouts/brussels_sprouts_01b.jpg,brussels_sprouts,0.7,0.9668283015489578,-0.9668283015489578
187,199,35,35,65,clipboard/clipboard_01b.jpg,clipboard,0.763157895,0.37033265084028244,-0.37033265084028244
187,199,36,36,64,banner/banner_01b.jpg,banner,0.789473684,0.5026167929172516,-0.5026167929172516
187,199,37,37,63,closet/closet_01b.jpg,closet,0.756097561,0.30769944936037064,-0.30769944936037064
187,199,38,38,62,appetizer/appetizer_01b.jpg,appetizer,0.794871795,0.7909526526927948,-0.7909526526927948
187,199,39,39,61,cream_cheese/cream_cheese_01b.jpg,cream_cheese,0.744186047,0.4382087290287018,-0.4382087290287018
187,199,40,40,60,barnacle/barnacle_01s.jpg,barnacle,0.75,0.6567424833774567,-0.6567424833774567
187,199,41,41,59,cashew/cashew_01b.jpg,cashew,0.818181818,0.539310872554779,-0.539310872554779
187,199,42,42,58,alligator/alligator_01b.jpg,alligator,0.785714286,0.5385337993502617,-0.5385337993502617
187,199,43,43,57,cactus/cactus_01b.jpg,cactus,0.780487805,0.5730619579553604,-0.5730619579553604
187,199,44,44,56,dishrag/dishrag_01b.jpg,dishrag,0.697674419,0.35472431778907776,-0.35472431778907776
187,199,45,45,55,dalmatian/dalmatian_01b.jpg,dalmatian,0.750609756,0.6854269430041313,-0.6854269430041313
187,199,46,46,54,curtain/curtain_01b.jpg,curtain,0.8,0.42540379613637924,-0.42540379613637924
187,199,47,47,53,breadbox/breadbox_01b.jpg,breadbox,0.75,0.41604427993297577,-0.41604427993297577
187,199,48,48,52,candy_cane/candy_cane_01b.jpg,candy_cane,0.76744186,0.5020507574081421,-0.5020507574081421
187,199,49,49,51,cellphone/cellphone_01b.jpg,cellphone,0.80952381,0.43245571106672287,-0.43245571106672287
187,199,50,50,50,crutch/crutch_01b.jpg,crutch,0.756097561,0.5119038224220276,-0.5119038224220276
188,200,1,1,99,basketball_hoop/basketball_hoop_01b.jpg,basketball_hoop,0.725,0.5954791307449341,-0.5954791307449341
188,200,2,2,98,curtain/curtain_01b.jpg,curtain,0.8,0.4533173143863678,-0.4533173143863678
188,200,3,3,97,banner/banner_01b.jpg,banner,0.789473684,0.507598951458931,-0.507598951458931
188,200,4,4,96,cream_cheese/cream_cheese_01b.jpg,cream_cheese,0.744186047,0.3959563449025154,-0.3959563449025154
188,200,5,5,95,coffee_table/coffee_table_01b.jpg,coffee_table,0.75,0.2938893437385559,-0.2938893437385559
188,200,6,6,94,breathalyzer/breathalyzer_01b.jpg,breathalyzer,0.8,0.32669276744127274,-0.32669276744127274
188,200,7,7,93,candy_cane/candy_cane_01b.jpg,candy_cane,0.76744186,0.5218497961759567,-0.5218497961759567
188,200,8,8,92,bamboo/bamboo_01b.jpg,bamboo,0.714285714,0.49276305735111237,-0.49276305735111237
188,200,9,9,91,cream/cream_01b.jpg,cream,0.769230769,0.3638083040714264,-0.3638083040714264
188,200,10,10,90,bow1/bow1_01b.jpg,bow1,0.794871795,0.5358541756868362,-0.5358541756868362
188,200,11,11,89,crutch/crutch_01b.jpg,crutch,0.756097561,0.5815868675708771,-0.5815868675708771
188,200,12,12,88,bottle/bottle_01b.jpg,bottle,0.717948718,0.3943054527044296,-0.3943054527044296
188,200,13,13,87,breadbox/breadbox_01b.jpg,breadbox,0.75,0.38907094299793243,-0.38907094299793243
188,200,14,14,86,apron/apron_01b.jpg,apron,0.811522048,0.31601714342832565,-0.31601714342832565
188,200,15,15,85,buckle/buckle_01b.jpg,buckle,0.756097561,0.6148012727499008,-0.6148012727499008
188,200,16,16,84,clipboard/clipboard_01b.jpg,clipboard,0.763157895,0.45421822369098663,-0.45421822369098663
188,200,17,17,83,cufflink/cufflink_01b.jpg,cufflink,0.789473684,0.3887300118803978,-0.3887300118803978
188,200,18,18,82,clasp/clasp_01b.jpg,clasp,0.707317073,1.132434993982315,-1.132434993982315
188,200,19,19,81,boat/boat_01b.jpg,boat,0.761904762,0.6256711483001709,-0.6256711483001709
188,200,20,20,80,crumb/crumb_01b.jpg,crumb,0.775,0.28524672985076904,-0.28524672985076904
188,200,21,21,79,casserole/casserole_01b.jpg,casserole,0.743589744,0.5927219539880753,-0.5927219539880753
188,200,22,22,78,cactus/cactus_01b.jpg,cactus,0.780487805,0.4750393331050873,-0.4750393331050873
188,200,23,23,77,cellphone/cellphone_01b.jpg,cellphone,0.80952381,0.45529912412166595,-0.45529912412166595
188,200,24,24,76,alligator/alligator_01b.jpg,alligator,0.785714286,0.43848930299282074,-0.43848930299282074
188,200,25,25,75,baklava/baklava_01s.jpg,baklava,0.702702703,0.779030829668045,-0.779030829668045
188,200,26,26,74,dalmatian/dalmatian_01b.jpg,dalmatian,0.750609756,0.6433306336402893,-0.6433306336402893
188,200,27,27,73,blazer/blazer_01b.jpg,blazer,0.731707317,0.31105779111385345,-0.31105779111385345
188,200,28,28,72,christmas_tree/christmas_tree_01b.jpg,christmas_tree,0.780487805,0.3983992040157318,-0.3983992040157318
188,200,29,29,71,caviar/caviar_01b.jpg,caviar,0.785714286,0.5321379899978638,-0.5321379899978638
188,200,30,30,70,closet/closet_01b.jpg,closet,0.756097561,0.322232648730278,-0.322232648730278
188,200,31,31,69,armor/armor_01b.jpg,armor,0.804878049,0.4506756663322449,-0.4506756663322449
188,200,32,32,68,airplane/airplane_01b.jpg,airplane,0.720930233,0.30744200199842453,-0.30744200199842453
188,200,33,33,67,celery/celery_01b.jpg,celery,0.731707317,0.6713966131210327,-0.6713966131210327
188,200,34,34,66,confetti/confetti_01b.jpg,confetti,0.738095238,0.5594696551561356,-0.5594696551561356
188,200,35,35,65,cardinal/cardinal_01b.jpg,cardinal,0.775,0.5185176730155945,-0.5185176730155945
188,200,36,36,64,appetizer/appetizer_01b.jpg,appetizer,0.794871795,0.703202486038208,-0.703202486038208
188,200,37,37,63,chicken1/chicken1_01b.jpg,chicken1,0.8,0.38016045838594437,-0.38016045838594437
188,200,38,38,62,blowtorch/blowtorch_01b.jpg,blowtorch,0.8,0.4223279058933258,-0.4223279058933258
188,200,39,39,61,brace/brace_01b.jpg,brace,0.804878049,0.3444061651825905,-0.3444061651825905
188,200,40,40,60,barrel/barrel_01b.jpg,barrel,0.72972973,0.5902176797389984,-0.5902176797389984
188,200,41,41,59,barcode/barcode_01b.jpg,barcode,0.775,0.5024750530719757,-0.5024750530719757
188,200,42,42,58,clover/clover_01b.jpg,clover,0.69047619,0.45753687620162964,-0.45753687620162964
188,200,43,43,57,barnacle/barnacle_01s.jpg,barnacle,0.75,0.5144643187522888,-0.5144643187522888
188,200,44,44,56,dandelion/dandelion_01s.jpg,dandelion,0.794871795,0.6040258556604385,-0.6040258556604385
188,200,45,45,55,cannonball/cannonball_01b.jpg,cannonball,0.725,0.45927029848098755,-0.45927029848098755
188,200,46,46,54,dishrag/dishrag_01b.jpg,dishrag,0.697674419,0.33474207669496536,-0.33474207669496536
188,200,47,47,53,bassinet/bassinet_01b.jpg,bassinet,0.804878049,0.9400302320718765,-0.9400302320718765
188,200,48,48,52,christmas_card/christmas_card_01b.jpg,christmas_card,0.804878049,0.2991350442171097,-0.2991350442171097
188,200,49,49,51,dishwashing_liquid/dishwashing_liquid_01b.jpg,dishwashing_liquid,0.731707317,0.4189011827111244,-0.4189011827111244
188,200,50,50,50,brussels_sprouts/brussels_sprouts_01b.jpg,brussels_sprouts,0.7,1.902633711695671,-1.902633711695671
189,201,1,1,99,cactus/cactus_01b.jpg,cactus,0.780487805,0.7619331032037735,-0.7619331032037735
189,201,2,2,98,barrel/barrel_01b.jpg,barrel,0.72972973,0.6701628863811493,-0.6701628863811493
189,201,3,3,97,closet/closet_01b.jpg,closet,0.756097561,0.32969991862773895,-0.32969991862773895
189,201,4,4,96,cannonball/cannonball_01b.jpg,cannonball,0.725,0.5740027725696564,-0.5740027725696564
189,201,5,5,95,boat/boat_01b.jpg,boat,0.761904762,0.5939818620681763,-0.5939818620681763
189,201,6,6,94,curtain/curtain_01b.jpg,curtain,0.8,0.48522911965847015,-0.48522911965847015
189,201,7,7,93,casserole/casserole_01b.jpg,casserole,0.743589744,0.5481047481298447,-0.5481047481298447
189,201,8,8,92,alligator/alligator_01b.jpg,alligator,0.785714286,0.5156848207116127,-0.5156848207116127
189,201,9,9,91,dalmatian/dalmatian_01b.jpg,dalmatian,0.750609756,0.6562124937772751,-0.6562124937772751
189,201,10,10,90,barcode/barcode_01b.jpg,barcode,0.775,0.5724710077047348,-0.5724710077047348
189,201,11,11,89,cellphone/cellphone_01b.jpg,cellphone,0.80952381,0.45251625031232834,-0.45251625031232834
189,201,12,12,88,breadbox/breadbox_01b.jpg,breadbox,0.75,0.3724726513028145,-0.3724726513028145
189,201,13,13,87,blazer/blazer_01b.jpg,blazer,0.731707317,0.3186675235629082,-0.3186675235629082
189,201,14,14,86,clover/clover_01b.jpg,clover,0.69047619,0.44810719788074493,-0.44810719788074493
189,201,15,15,85,crutch/crutch_01b.jpg,crutch,0.756097561,0.5029013007879257,-0.5029013007879257
189,201,16,16,84,bassinet/bassinet_01b.jpg,bassinet,0.804878049,0.6455190256237984,-0.6455190256237984
189,201,17,17,83,crumb/crumb_01b.jpg,crumb,0.775,0.2999512851238251,-0.2999512851238251
189,201,18,18,82,dishrag/dishrag_01b.jpg,dishrag,0.697674419,0.36449189484119415,-0.36449189484119415
189,201,19,19,81,candy_cane/candy_cane_01b.jpg,candy_cane,0.76744186,0.527925431728363,-0.527925431728363
189,201,20,20,80,confetti/confetti_01b.jpg,confetti,0.738095238,0.5210032016038895,-0.5210032016038895
189,201,21,21,79,chicken1/chicken1_01b.jpg,chicken1,0.8,0.3696645125746727,-0.3696645125746727
189,201,22,22,78,clasp/clasp_01b.jpg,clasp,0.707317073,1.152169108390808,-1.152169108390808
189,201,23,23,77,cufflink/cufflink_01b.jpg,cufflink,0.789473684,0.42920997738838196,-0.42920997738838196
189,201,24,24,76,dandelion/dandelion_01s.jpg,dandelion,0.794871795,0.5863302201032639,-0.5863302201032639
189,201,25,25,75,bottle/bottle_01b.jpg,bottle,0.717948718,0.4196195602416992,-0.4196195602416992
189,201,26,26,74,christmas_tree/christmas_tree_01b.jpg,christmas_tree,0.780487805,0.40179726481437683,-0.40179726481437683
189,201,27,27,73,basketball_hoop/basketball_hoop_01b.jpg,basketball_hoop,0.725,0.5450760424137115,-0.5450760424137115
189,201,28,28,72,christmas_card/christmas_card_01b.jpg,christmas_card,0.804878049,0.31367887556552887,-0.31367887556552887
189,201,29,29,71,bamboo/bamboo_01b.jpg,bamboo,0.714285714,0.5035094320774078,-0.5035094320774078
189,201,30,30,70,buckle/buckle_01b.jpg,buckle,0.756097561,0.6181164979934692,-0.6181164979934692
189,201,31,31,69,blowtorch/blowtorch_01b.jpg,blowtorch,0.8,0.4029955491423607,-0.4029955491423607
189,201,32,32,68,celery/celery_01b.jpg,celery,0.731707317,0.48746395856142044,-0.48746395856142044
189,201,33,33,67,dishwashing_liquid/dishwashing_liquid_01b.jpg,dishwashing_liquid,0.731707317,0.4383428543806076,-0.4383428543806076
189,201,34,34,66,brussels_sprouts/brussels_sprouts_01b.jpg,brussels_sprouts,0.7,0.7915576845407486,-0.7915576845407486
189,201,35,35,65,banner/banner_01b.jpg,banner,0.789473684,0.4937148839235306,-0.4937148839235306
189,201,36,36,64,airplane/airplane_01b.jpg,airplane,0.720930233,0.2662688195705414,-0.2662688195705414
189,201,37,37,63,appetizer/appetizer_01b.jpg,appetizer,0.794871795,0.5726028978824615,-0.5726028978824615
189,201,38,38,62,caviar/caviar_01b.jpg,caviar,0.785714286,0.587081715464592,-0.587081715464592
189,201,39,39,61,breathalyzer/breathalyzer_01b.jpg,breathalyzer,0.8,0.3479405418038368,-0.3479405418038368
189,201,40,40,60,cream/cream_01b.jpg,cream,0.769230769,0.34701088070869446,-0.34701088070869446
189,201,41,41,59,cream_cheese/cream_cheese_01b.jpg,cream_cheese,0.744186047,0.34856682270765305,-0.34856682270765305
189,201,42,42,58,bow1/bow1_01b.jpg,bow1,0.794871795,0.464274063706398,-0.464274063706398
189,201,43,43,57,cardinal/cardinal_01b.jpg,cardinal,0.775,0.46670520305633545,-0.46670520305633545
189,201,44,44,56,brace/brace_01b.jpg,brace,0.804878049,0.3688598647713661,-0.3688598647713661
189,201,45,45,55,barnacle/barnacle_01s.jpg,barnacle,0.75,0.5140894502401352,-0.5140894502401352
189,201,46,46,54,cabbage/cabbage_01b.jpg,cabbage,0.682926829,0.7089100554585457,-0.7089100554585457
189,201,47,47,53,clipboard/clipboard_01b.jpg,clipboard,0.763157895,0.4039550870656967,-0.4039550870656967
189,201,48,48,52,coffee_table/coffee_table_01b.jpg,coffee_table,0.75,0.31100621819496155,-0.31100621819496155
189,201,49,49,51,armor/armor_01b.jpg,armor,0.804878049,0.4362288862466812,-0.4362288862466812
189,201,50,50,50,baklava/baklava_01s.jpg,baklava,0.702702703,0.5130866318941116,-0.5130866318941116
190,202,1,1,99,clasp/clasp_01b.jpg,clasp,0.707317073,1.0736159086227417,-1.0736159086227417
190,202,2,2,98,baklava/baklava_01s.jpg,baklava,0.702702703,0.48064547777175903,-0.48064547777175903
190,202,3,3,97,cannonball/cannonball_01b.jpg,cannonball,0.725,0.5654783397912979,-0.5654783397912979
190,202,4,4,96,casserole/casserole_01b.jpg,casserole,0.743589744,0.60539211332798,-0.60539211332798
190,202,5,5,95,cream/cream_01b.jpg,cream,0.769230769,0.34870655834674835,-0.34870655834674835
190,202,6,6,94,airplane/airplane_01b.jpg,airplane,0.720930233,0.3143693096935749,-0.3143693096935749
190,202,7,7,93,bassinet/bassinet_01b.jpg,bassinet,0.804878049,0.7271094098687172,-0.7271094098687172
190,202,8,8,92,cufflink/cufflink_01b.jpg,cufflink,0.789473684,0.4235459119081497,-0.4235459119081497
190,202,9,9,91,alligator/alligator_01b.jpg,alligator,0.785714286,0.5622107461094856,-0.5622107461094856
190,202,10,10,90,banner/banner_01b.jpg,banner,0.789473684,0.4722852557897568,-0.4722852557897568
190,202,11,11,89,curry/curry_01b.jpg,curry,0.675,0.4484691098332405,-0.4484691098332405
190,202,12,12,88,curtain/curtain_01b.jpg,curtain,0.8,0.435880184173584,-0.435880184173584
190,202,13,13,87,cream_cheese/cream_cheese_01b.jpg,cream_cheese,0.744186047,0.3334769159555435,-0.3334769159555435
190,202,14,14,86,barnacle/barnacle_01s.jpg,barnacle,0.75,0.48259539902210236,-0.48259539902210236
190,202,15,15,85,blowtorch/blowtorch_01b.jpg,blowtorch,0.8,0.3674016669392586,-0.3674016669392586
190,202,16,16,84,armor/armor_01b.jpg,armor,0.804878049,0.49263060092926025,-0.49263060092926025
190,202,17,17,83,christmas_card/christmas_card_01b.jpg,christmas_card,0.804878049,0.29998886585235596,-0.29998886585235596
190,202,18,18,82,bottle/bottle_01b.jpg,bottle,0.717948718,0.42142729461193085,-0.42142729461193085
190,202,19,19,81,bamboo/bamboo_01b.jpg,bamboo,0.714285714,0.4664478749036789,-0.4664478749036789
190,202,20,20,80,confetti/confetti_01b.jpg,confetti,0.738095238,0.5260093361139297,-0.5260093361139297
190,202,21,21,79,cabbage/cabbage_01b.jpg,cabbage,0.682926829,0.6979362890124321,-0.6979362890124321
190,202,22,22,78,coffee_table/coffee_table_01b.jpg,coffee_table,0.75,0.2833173871040344,-0.2833173871040344
190,202,23,23,77,dalmatian/dalmatian_01b.jpg,dalmatian,0.750609756,0.6374070644378662,-0.6374070644378662
190,202,24,24,76,buckle/buckle_01b.jpg,buckle,0.756097561,0.5293023884296417,-0.5293023884296417
190,202,25,25,75,celery/celery_01b.jpg,celery,0.731707317,0.49558907747268677,-0.49558907747268677
190,202,26,26,74,blazer/blazer_01b.jpg,blazer,0.731707317,0.3053501099348068,-0.3053501099348068
190,202,27,27,73,brussels_sprouts/brussels_sprouts_01b.jpg,brussels_sprouts,0.7,0.7928980588912964,-0.7928980588912964
190,202,28,28,72,caviar/caviar_01b.jpg,caviar,0.785714286,0.5512332022190094,-0.5512332022190094
190,202,29,29,71,basketball_hoop/basketball_hoop_01b.jpg,basketball_hoop,0.725,0.5472213923931122,-0.5472213923931122
190,202,30,30,70,crumb/crumb_01b.jpg,crumb,0.775,0.2516886442899704,-0.2516886442899704
190,202,31,31,69,bow1/bow1_01b.jpg,bow1,0.794871795,0.48604004085063934,-0.48604004085063934
190,202,32,32,68,christmas_tree/christmas_tree_01b.jpg,christmas_tree,0.780487805,0.37676984816789627,-0.37676984816789627
190,202,33,33,67,cardinal/cardinal_01b.jpg,cardinal,0.775,0.4776775687932968,-0.4776775687932968
190,202,34,34,66,dishwashing_liquid/dishwashing_liquid_01b.jpg,dishwashing_liquid,0.731707317,0.3999665454030037,-0.3999665454030037
190,202,35,35,65,breathalyzer/breathalyzer_01b.jpg,breathalyzer,0.8,0.3114714249968529,-0.3114714249968529
190,202,36,36,64,breadbox/breadbox_01b.jpg,breadbox,0.75,0.3564807176589966,-0.3564807176589966
190,202,37,37,63,cactus/cactus_01b.jpg,cactus,0.780487805,0.8549139052629471,-0.8549139052629471
190,202,38,38,62,clover/clover_01b.jpg,clover,0.69047619,0.425717830657959,-0.425717830657959
190,202,39,39,61,appetizer/appetizer_01b.jpg,appetizer,0.794871795,0.6056756526231766,-0.6056756526231766
190,202,40,40,60,candy_cane/candy_cane_01b.jpg,candy_cane,0.76744186,0.5288608372211456,-0.5288608372211456
190,202,41,41,59,clipboard/clipboard_01b.jpg,clipboard,0.763157895,0.36257215589284897,-0.36257215589284897
190,202,42,42,58,dishrag/dishrag_01b.jpg,dishrag,0.697674419,0.32665812969207764,-0.32665812969207764
190,202,43,43,57,crutch/crutch_01b.jpg,crutch,0.756097561,0.4893597811460495,-0.4893597811460495
190,202,44,44,56,chicken1/chicken1_01b.jpg,chicken1,0.8,0.3375066816806793,-0.3375066816806793
190,202,45,45,55,barrel/barrel_01b.jpg,barrel,0.72972973,0.6471530646085739,-0.6471530646085739
190,202,46,46,54,boat/boat_01b.jpg,boat,0.761904762,0.6256317049264908,-0.6256317049264908
190,202,47,47,53,barcode/barcode_01b.jpg,barcode,0.775,0.5065997689962387,-0.5065997689962387
190,202,48,48,52,dandelion/dandelion_01s.jpg,dandelion,0.794871795,0.5768375396728516,-0.5768375396728516
190,202,49,49,51,closet/closet_01b.jpg,closet,0.756097561,0.30136432498693466,-0.30136432498693466
190,202,50,50,50,brace/brace_01b.jpg,brace,0.804878049,0.3510332852602005,-0.3510332852602005
191,203,1,1,99,candy_cane/candy_cane_01b.jpg,candy_cane,0.76744186,0.6137564182281494,-0.6137564182281494
191,203,2,2,98,bow1/bow1_01b.jpg,bow1,0.794871795,0.6574536263942719,-0.6574536263942719
191,203,3,3,97,dishrag/dishrag_01b.jpg,dishrag,0.697674419,0.42866436392068863,-0.42866436392068863
191,203,4,4,96,airplane/airplane_01b.jpg,airplane,0.720930233,0.3302578181028366,-0.3302578181028366
191,203,5,5,95,armor/armor_01b.jpg,armor,0.804878049,0.5410708487033844,-0.5410708487033844
191,203,6,6,94,basketball_hoop/basketball_hoop_01b.jpg,basketball_hoop,0.725,0.5570978671312332,-0.5570978671312332
191,203,7,7,93,crutch/crutch_01b.jpg,crutch,0.756097561,0.6764682531356812,-0.6764682531356812
191,203,8,8,92,confetti/confetti_01b.jpg,confetti,0.738095238,0.5984159260988235,-0.5984159260988235
191,203,9,9,91,cream/cream_01b.jpg,cream,0.769230769,0.3873082101345062,-0.3873082101345062
191,203,10,10,90,cactus/cactus_01b.jpg,cactus,0.780487805,0.4493245333433151,-0.4493245333433151
191,203,11,11,89,cardinal/cardinal_01b.jpg,cardinal,0.775,0.607767790555954,-0.607767790555954
191,203,12,12,88,closet/closet_01b.jpg,closet,0.756097561,0.2938356250524521,-0.2938356250524521
191,203,13,13,87,boat/boat_01b.jpg,boat,0.761904762,0.6324327737092972,-0.6324327737092972
191,203,14,14,86,chicken1/chicken1_01b.jpg,chicken1,0.8,0.37570517510175705,-0.37570517510175705
191,203,15,15,85,barnacle/barnacle_01s.jpg,barnacle,0.75,0.5448041707277298,-0.5448041707277298
191,203,16,16,84,cord/cord_01b.jpg,cord,0.674418605,0.4635438472032547,-0.4635438472032547
191,203,17,17,83,buckle/buckle_01b.jpg,buckle,0.756097561,0.5283060073852539,-0.5283060073852539
191,203,18,18,82,brace/brace_01b.jpg,brace,0.804878049,0.37560534477233887,-0.37560534477233887
191,203,19,19,81,christmas_tree/christmas_tree_01b.jpg,christmas_tree,0.780487805,0.4040803164243698,-0.4040803164243698
191,203,20,20,80,breadbox/breadbox_01b.jpg,breadbox,0.75,0.36912068724632263,-0.36912068724632263
191,203,21,21,79,cream_cheese/cream_cheese_01b.jpg,cream_cheese,0.744186047,0.40924596786499023,-0.40924596786499023
191,203,22,22,78,clipboard/clipboard_01b.jpg,clipboard,0.763157895,0.40692056715488434,-0.40692056715488434
191,203,23,23,77,bassinet/bassinet_01b.jpg,bassinet,0.804878049,0.8738759011030197,-0.8738759011030197
191,203,24,24,76,bottle/bottle_01b.jpg,bottle,0.717948718,0.36371780931949615,-0.36371780931949615
191,203,25,25,75,clover/clover_01b.jpg,clover,0.69047619,0.43407613039016724,-0.43407613039016724
191,203,26,26,74,dalmatian/dalmatian_01b.jpg,dalmatian,0.750609756,0.6327618062496185,-0.6327618062496185
191,203,27,27,73,blowtorch/blowtorch_01b.jpg,blowtorch,0.8,0.39996444433927536,-0.39996444433927536
191,203,28,28,72,crumb/crumb_01b.jpg,crumb,0.775,0.26344237476587296,-0.26344237476587296
191,203,29,29,71,blazer/blazer_01b.jpg,blazer,0.731707317,0.30983424186706543,-0.30983424186706543
191,203,30,30,70,cannonball/cannonball_01b.jpg,cannonball,0.725,0.4875783324241638,-0.4875783324241638
191,203,31,31,69,casserole/casserole_01b.jpg,casserole,0.743589744,0.6043639779090881,-0.6043639779090881
191,203,32,32,68,dandelion/dandelion_01s.jpg,dandelion,0.794871795,0.6698427945375443,-0.6698427945375443
191,203,33,33,67,caviar/caviar_01b.jpg,caviar,0.785714286,0.6018098592758179,-0.6018098592758179
191,203,34,34,66,alligator/alligator_01b.jpg,alligator,0.785714286,0.4374602288007736,-0.4374602288007736
191,203,35,35,65,clasp/clasp_01b.jpg,clasp,0.707317073,0.9800773561000824,-0.9800773561000824
191,203,36,36,64,bamboo/bamboo_01b.jpg,bamboo,0.714285714,0.4543948397040367,-0.4543948397040367
191,203,37,37,63,baklava/baklava_01s.jpg,baklava,0.702702703,0.5553438067436218,-0.5553438067436218
191,203,38,38,62,coffee_table/coffee_table_01b.jpg,coffee_table,0.75,0.28721120208501816,-0.28721120208501816
191,203,39,39,61,appetizer/appetizer_01b.jpg,appetizer,0.794871795,0.6432604938745499,-0.6432604938745499
191,203,40,40,60,breathalyzer/breathalyzer_01b.jpg,breathalyzer,0.8,0.2875233516097069,-0.2875233516097069
191,203,41,41,59,celery/celery_01b.jpg,celery,0.731707317,0.46442076563835144,-0.46442076563835144
191,203,42,42,58,cufflink/cufflink_01b.jpg,cufflink,0.789473684,0.3794218599796295,-0.3794218599796295
191,203,43,43,57,dishwashing_liquid/dishwashing_liquid_01b.jpg,dishwashing_liquid,0.731707317,0.36618946492671967,-0.36618946492671967
191,203,44,44,56,curtain/curtain_01b.jpg,curtain,0.8,0.4284091740846634,-0.4284091740846634
191,203,45,45,55,curry/curry_01b.jpg,curry,0.675,0.40144433081150055,-0.40144433081150055
191,203,46,46,54,barrel/barrel_01b.jpg,barrel,0.72972973,0.6037949323654175,-0.6037949323654175
191,203,47,47,53,banner/banner_01b.jpg,banner,0.789473684,0.4746682494878769,-0.4746682494878769
191,203,48,48,52,barcode/barcode_01b.jpg,barcode,0.775,0.49363352358341217,-0.49363352358341217
191,203,49,49,51,cabbage/cabbage_01b.jpg,cabbage,0.682926829,0.7017083168029785,-0.7017083168029785
191,203,50,50,50,brussels_sprouts/brussels_sprouts_01b.jpg,brussels_sprouts,0.7,0.792025551199913,-0.792025551199913
192,204,1,1,99,chicken1/chicken1_01b.jpg,chicken1,0.8,0.5228224992752075,-0.5228224992752075
192,204,2,2,98,barcode/barcode_01b.jpg,barcode,0.775,0.6412594169378281,-0.6412594169378281
192,204,3,3,97,blazer/blazer_01b.jpg,blazer,0.731707317,0.3630025237798691,-0.3630025237798691
192,204,4,4,96,airplane/airplane_01b.jpg,airplane,0.720930233,0.3742119148373604,-0.3742119148373604
192,204,5,5,95,cabbage/cabbage_01b.jpg,cabbage,0.682926829,1.5836374759674072,-1.5836374759674072
192,204,6,6,94,artichoke/artichoke_01b.jpg,artichoke,0.658536585,0.9472994059324265,-0.9472994059324265
192,204,7,7,93,dishwashing_liquid/dishwashing_liquid_01b.jpg,dishwashing_liquid,0.731707317,0.41609708964824677,-0.41609708964824677
192,204,8,8,92,dalmatian/dalmatian_01b.jpg,dalmatian,0.750609756,0.7920133247971535,-0.7920133247971535
192,204,9,9,91,caviar/caviar_01b.jpg,caviar,0.785714286,0.6018689423799515,-0.6018689423799515
192,204,10,10,90,casserole/casserole_01b.jpg,casserole,0.743589744,0.6332651078701019,-0.6332651078701019
192,204,11,11,89,curtain/curtain_01b.jpg,curtain,0.8,0.5436493828892708,-0.5436493828892708
192,204,12,12,88,confetti/confetti_01b.jpg,confetti,0.738095238,0.4883393794298172,-0.4883393794298172
192,204,13,13,87,coffee_table/coffee_table_01b.jpg,coffee_table,0.75,0.2879142314195633,-0.2879142314195633
192,204,14,14,86,curry/curry_01b.jpg,curry,0.675,0.6533176600933075,-0.6533176600933075
192,204,15,15,85,celery/celery_01b.jpg,celery,0.731707317,0.8459777384996414,-0.8459777384996414
192,204,16,16,84,cord/cord_01b.jpg,cord,0.674418605,0.49133826792240143,-0.49133826792240143
192,204,17,17,83,bow1/bow1_01b.jpg,bow1,0.794871795,0.5529014021158218,-0.5529014021158218
192,204,18,18,82,crumb/crumb_01b.jpg,crumb,0.775,0.3072587698698044,-0.3072587698698044
192,204,19,19,81,breathalyzer/breathalyzer_01b.jpg,breathalyzer,0.8,0.34122025966644287,-0.34122025966644287
192,204,20,20,80,banner/banner_01b.jpg,banner,0.789473684,0.48132163286209106,-0.48132163286209106
192,204,21,21,79,bassinet/bassinet_01b.jpg,bassinet,0.804878049,0.803657665848732,-0.803657665848732
192,204,22,22,78,basketball_hoop/basketball_hoop_01b.jpg,basketball_hoop,0.725,0.610549584031105,-0.610549584031105
192,204,23,23,77,barrel/barrel_01b.jpg,barrel,0.72972973,0.7696743309497833,-0.7696743309497833
192,204,24,24,76,crutch/crutch_01b.jpg,crutch,0.756097561,0.541784405708313,-0.541784405708313
192,204,25,25,75,armor/armor_01b.jpg,armor,0.804878049,0.41920530796051025,-0.41920530796051025
192,204,26,26,74,cardinal/cardinal_01b.jpg,cardinal,0.775,0.6044613867998123,-0.6044613867998123
192,204,27,27,73,cactus/cactus_01b.jpg,cactus,0.780487805,1.4511843472719193,-1.4511843472719193
192,204,28,28,72,cream/cream_01b.jpg,cream,0.769230769,0.405426524579525,-0.405426524579525
192,204,29,29,71,baklava/baklava_01s.jpg,baklava,0.702702703,0.5131604075431824,-0.5131604075431824
192,204,30,30,70,appetizer/appetizer_01b.jpg,appetizer,0.794871795,0.8135871142148972,-0.8135871142148972
192,204,31,31,69,dandelion/dandelion_01s.jpg,dandelion,0.794871795,0.7478435784578323,-0.7478435784578323
192,204,32,32,68,bamboo/bamboo_01b.jpg,bamboo,0.714285714,0.434802770614624,-0.434802770614624
192,204,33,33,67,breadbox/breadbox_01b.jpg,breadbox,0.75,0.38060303032398224,-0.38060303032398224
192,204,34,34,66,clipboard/clipboard_01b.jpg,clipboard,0.763157895,0.3723161146044731,-0.3723161146044731
192,204,35,35,65,cufflink/cufflink_01b.jpg,cufflink,0.789473684,0.36419498920440674,-0.36419498920440674
192,204,36,36,64,boat/boat_01b.jpg,boat,0.761904762,0.6658391952514648,-0.6658391952514648
192,204,37,37,63,clover/clover_01b.jpg,clover,0.69047619,0.4652275890111923,-0.4652275890111923
192,204,38,38,62,blowtorch/blowtorch_01b.jpg,blowtorch,0.8,0.37495699524879456,-0.37495699524879456
192,204,39,39,61,cream_cheese/cream_cheese_01b.jpg,cream_cheese,0.744186047,0.39255619049072266,-0.39255619049072266
192,204,40,40,60,bottle/bottle_01b.jpg,bottle,0.717948718,0.3872290328145027,-0.3872290328145027
192,204,41,41,59,christmas_tree/christmas_tree_01b.jpg,christmas_tree,0.780487805,0.3621324598789215,-0.3621324598789215
192,204,42,42,58,brussels_sprouts/brussels_sprouts_01b.jpg,brussels_sprouts,0.7,1.096931055188179,-1.096931055188179
192,204,43,43,57,barnacle/barnacle_01s.jpg,barnacle,0.75,0.4545833170413971,-0.4545833170413971
192,204,44,44,56,candy_cane/candy_cane_01b.jpg,candy_cane,0.76744186,0.5530039072036743,-0.5530039072036743
192,204,45,45,55,closet/closet_01b.jpg,closet,0.756097561,0.2829984575510025,-0.2829984575510025
192,204,46,46,54,clasp/clasp_01b.jpg,clasp,0.707317073,1.0564650297164917,-1.0564650297164917
192,204,47,47,53,cannonball/cannonball_01b.jpg,cannonball,0.725,0.4620029777288437,-0.4620029777288437
192,204,48,48,52,alligator/alligator_01b.jpg,alligator,0.785714286,0.47362881898880005,-0.47362881898880005
192,204,49,49,51,dishrag/dishrag_01b.jpg,dishrag,0.697674419,0.3156764283776283,-0.3156764283776283
192,204,50,50,50,buckle/buckle_01b.jpg,buckle,0.756097561,0.6126694232225418,-0.6126694232225418
193,205,1,1,99,christmas_tree/christmas_tree_01b.jpg,christmas_tree,0.780487805,0.3983161002397537,-0.3983161002397537
193,205,2,2,98,crutch/crutch_01b.jpg,crutch,0.756097561,0.654309093952179,-0.654309093952179
193,205,3,3,97,breadbox/breadbox_01b.jpg,breadbox,0.75,0.4217812716960907,-0.4217812716960907
193,205,4,4,96,crumb/crumb_01b.jpg,crumb,0.775,0.4318145588040352,-0.4318145588040352
193,205,5,5,95,buckle/buckle_01b.jpg,buckle,0.756097561,0.6625879555940628,-0.6625879555940628
193,205,6,6,94,dishwashing_liquid/dishwashing_liquid_01b.jpg,dishwashing_liquid,0.731707317,0.42256487905979156,-0.42256487905979156
193,205,7,7,93,caviar/caviar_01b.jpg,caviar,0.785714286,0.6103443652391434,-0.6103443652391434
193,205,8,8,92,banner/banner_01b.jpg,banner,0.789473684,0.4818662256002426,-0.4818662256002426
193,205,9,9,91,basketball_hoop/basketball_hoop_01b.jpg,basketball_hoop,0.725,0.5807995349168777,-0.5807995349168777
193,205,10,10,90,blazer/blazer_01b.jpg,blazer,0.731707317,0.3141956552863121,-0.3141956552863121
193,205,11,11,89,bow1/bow1_01b.jpg,bow1,0.794871795,0.5462069064378738,-0.5462069064378738
193,205,12,12,88,artichoke/artichoke_01b.jpg,artichoke,0.658536585,0.5989219546318054,-0.5989219546318054
193,205,13,13,87,clover/clover_01b.jpg,clover,0.69047619,0.4750034213066101,-0.4750034213066101
193,205,14,14,86,barrel/barrel_01b.jpg,barrel,0.72972973,0.6909297555685043,-0.6909297555685043
193,205,15,15,85,armor/armor_01b.jpg,armor,0.804878049,0.5019978880882263,-0.5019978880882263
193,205,16,16,84,barnacle/barnacle_01s.jpg,barnacle,0.75,0.5246741771697998,-0.5246741771697998
193,205,17,17,83,cabbage/cabbage_01b.jpg,cabbage,0.682926829,0.8212140426039696,-0.8212140426039696
193,205,18,18,82,celery/celery_01b.jpg,celery,0.731707317,0.6331447958946228,-0.6331447958946228
193,205,19,19,81,cufflink/cufflink_01b.jpg,cufflink,0.789473684,0.3694589138031006,-0.3694589138031006
193,205,20,20,80,cream_cheese/cream_cheese_01b.jpg,cream_cheese,0.744186047,0.3942719176411629,-0.3942719176411629
193,205,21,21,79,brussels_sprouts/brussels_sprouts_01b.jpg,brussels_sprouts,0.7,0.8170631229877472,-0.8170631229877472
193,205,22,22,78,clasp/clasp_01b.jpg,clasp,0.707317073,1.2475454211235046,-1.2475454211235046
193,205,23,23,77,dandelion/dandelion_01s.jpg,dandelion,0.794871795,0.5964436084032059,-0.5964436084032059
193,205,24,24,76,dalmatian/dalmatian_01b.jpg,dalmatian,0.750609756,0.6310975179076195,-0.6310975179076195
193,205,25,25,75,curry/curry_01b.jpg,curry,0.675,0.8278554677963257,-0.8278554677963257
193,205,26,26,74,cord/cord_01b.jpg,cord,0.674418605,0.49629829823970795,-0.49629829823970795
193,205,27,27,73,curtain/curtain_01b.jpg,curtain,0.8,0.5199709460139275,-0.5199709460139275
193,205,28,28,72,cactus/cactus_01b.jpg,cactus,0.780487805,1.3261170238256454,-1.3261170238256454
193,205,29,29,71,coffee_table/coffee_table_01b.jpg,coffee_table,0.75,0.27384471893310547,-0.27384471893310547
193,205,30,30,70,blowtorch/blowtorch_01b.jpg,blowtorch,0.8,0.39281870424747467,-0.39281870424747467
193,205,31,31,69,bamboo/bamboo_01b.jpg,bamboo,0.714285714,0.46680663526058197,-0.46680663526058197
193,205,32,32,68,confetti/confetti_01b.jpg,confetti,0.738095238,0.5564655661582947,-0.5564655661582947
193,205,33,33,67,cream/cream_01b.jpg,cream,0.769230769,0.370522677898407,-0.370522677898407
193,205,34,34,66,deer/deer_01b.jpg,deer,0.65,0.4347010403871536,-0.4347010403871536
193,205,35,35,65,casserole/casserole_01b.jpg,casserole,0.743589744,0.6043538302183151,-0.6043538302183151
193,205,36,36,64,alligator/alligator_01b.jpg,alligator,0.785714286,0.438348688185215,-0.438348688185215
193,205,37,37,63,baklava/baklava_01s.jpg,baklava,0.702702703,0.4771166741847992,-0.4771166741847992
193,205,38,38,62,appetizer/appetizer_01b.jpg,appetizer,0.794871795,0.694236159324646,-0.694236159324646
193,205,39,39,61,airplane/airplane_01b.jpg,airplane,0.720930233,0.3452012538909912,-0.3452012538909912
193,205,40,40,60,chicken1/chicken1_01b.jpg,chicken1,0.8,0.39006513357162476,-0.39006513357162476
193,205,41,41,59,bottle/bottle_01b.jpg,bottle,0.717948718,0.4010401517152786,-0.4010401517152786
193,205,42,42,58,barcode/barcode_01b.jpg,barcode,0.775,0.5369697064161301,-0.5369697064161301
193,205,43,43,57,cannonball/cannonball_01b.jpg,cannonball,0.725,0.4484025537967682,-0.4484025537967682
193,205,44,44,56,boat/boat_01b.jpg,boat,0.761904762,0.5989031195640564,-0.5989031195640564
193,205,45,45,55,candy_cane/candy_cane_01b.jpg,candy_cane,0.76744186,0.4747047871351242,-0.4747047871351242
193,205,46,46,54,cardinal/cardinal_01b.jpg,cardinal,0.775,0.5758058577775955,-0.5758058577775955
193,205,47,47,53,dishrag/dishrag_01b.jpg,dishrag,0.697674419,0.31041958183050156,-0.31041958183050156
193,205,48,48,52,breathalyzer/breathalyzer_01b.jpg,breathalyzer,0.8,0.3147325813770294,-0.3147325813770294
193,205,49,49,51,clipboard/clipboard_01b.jpg,clipboard,0.763157895,0.3798883408308029,-0.3798883408308029
193,205,50,50,50,closet/closet_01b.jpg,closet,0.756097561,0.30172964930534363,-0.30172964930534363
194,206,1,1,99,chicken1/chicken1_01b.jpg,chicken1,0.8,0.46289681643247604,-0.46289681643247604
194,206,2,2,98,clipboard/clipboard_01b.jpg,clipboard,0.763157895,0.7319136634469032,-0.7319136634469032
194,206,3,3,97,curry/curry_01b.jpg,curry,0.675,0.42597295343875885,-0.42597295343875885
194,206,4,4,96,barnacle/barnacle_01s.jpg,barnacle,0.75,0.5448125302791595,-0.5448125302791595
194,206,5,5,95,crumb/crumb_01b.jpg,crumb,0.775,0.45541927963495255,-0.45541927963495255
194,206,6,6,94,boat/boat_01b.jpg,boat,0.761904762,0.7396990358829498,-0.7396990358829498
194,206,7,7,93,crutch/crutch_01b.jpg,crutch,0.756097561,0.7273973971605301,-0.7273973971605301
194,206,8,8,92,breadbox/breadbox_01b.jpg,breadbox,0.75,0.42296022921800613,-0.42296022921800613
194,206,9,9,91,confetti/confetti_01b.jpg,confetti,0.738095238,0.538710355758667,-0.538710355758667
194,206,10,10,90,coffee_table/coffee_table_01b.jpg,coffee_table,0.75,0.25763436406850815,-0.25763436406850815
194,206,11,11,89,dalmatian/dalmatian_01b.jpg,dalmatian,0.750609756,0.8599462509155273,-0.8599462509155273
194,206,12,12,88,cardinal/cardinal_01b.jpg,cardinal,0.775,0.6865068674087524,-0.6865068674087524
194,206,13,13,87,dishrag/dishrag_01b.jpg,dishrag,0.697674419,0.32965731620788574,-0.32965731620788574
194,206,14,14,86,curtain/curtain_01b.jpg,curtain,0.8,0.5629046112298965,-0.5629046112298965
194,206,15,15,85,deer/deer_01b.jpg,deer,0.65,0.49907661974430084,-0.49907661974430084
194,206,16,16,84,celery/celery_01b.jpg,celery,0.731707317,0.4738650470972061,-0.4738650470972061
194,206,17,17,83,bow1/bow1_01b.jpg,bow1,0.794871795,0.4823160916566849,-0.4823160916566849
194,206,18,18,82,caviar/caviar_01b.jpg,caviar,0.785714286,0.582779660820961,-0.582779660820961
194,206,19,19,81,clover/clover_01b.jpg,clover,0.69047619,0.5007731169462204,-0.5007731169462204
194,206,20,20,80,closet/closet_01b.jpg,closet,0.756097561,0.26724399626255035,-0.26724399626255035
194,206,21,21,79,clasp/clasp_01b.jpg,clasp,0.707317073,0.8927642703056335,-0.8927642703056335
194,206,22,22,78,cream_cheese/cream_cheese_01b.jpg,cream_cheese,0.744186047,0.3958975821733475,-0.3958975821733475
194,206,23,23,77,cufflink/cufflink_01b.jpg,cufflink,0.789473684,0.36887748539447784,-0.36887748539447784
194,206,24,24,76,artichoke/artichoke_01b.jpg,artichoke,0.658536585,0.9276934564113617,-0.9276934564113617
194,206,25,25,75,baklava/baklava_01s.jpg,baklava,0.702702703,0.595103532075882,-0.595103532075882
194,206,26,26,74,alligator/alligator_01b.jpg,alligator,0.785714286,0.4668682664632797,-0.4668682664632797
194,206,27,27,73,cactus/cactus_01b.jpg,cactus,0.780487805,0.5300633013248444,-0.5300633013248444
194,206,28,28,72,banner/banner_01b.jpg,banner,0.789473684,0.41962282359600067,-0.41962282359600067
194,206,29,29,71,cord/cord_01b.jpg,cord,0.674418605,0.4858465939760208,-0.4858465939760208
194,206,30,30,70,airplane/airplane_01b.jpg,airplane,0.720930233,0.35743559896945953,-0.35743559896945953
194,206,31,31,69,barcode/barcode_01b.jpg,barcode,0.775,0.4454422816634178,-0.4454422816634178
194,206,32,32,68,breathalyzer/breathalyzer_01b.jpg,breathalyzer,0.8,0.3243280276656151,-0.3243280276656151
194,206,33,33,67,buckle/buckle_01b.jpg,buckle,0.756097561,0.5133783519268036,-0.5133783519268036
194,206,34,34,66,blazer/blazer_01b.jpg,blazer,0.731707317,0.33713216334581375,-0.33713216334581375
194,206,35,35,65,appetizer/appetizer_01b.jpg,appetizer,0.794871795,0.8011093735694885,-0.8011093735694885
194,206,36,36,64,christmas_tree/christmas_tree_01b.jpg,christmas_tree,0.780487805,0.38396503031253815,-0.38396503031253815
194,206,37,37,63,bottle/bottle_01b.jpg,bottle,0.717948718,0.36702730506658554,-0.36702730506658554
194,206,38,38,62,candy_cane/candy_cane_01b.jpg,candy_cane,0.76744186,0.5324161201715469,-0.5324161201715469
194,206,39,39,61,dandelion/dandelion_01s.jpg,dandelion,0.794871795,0.6774835288524628,-0.6774835288524628
194,206,40,40,60,cream/cream_01b.jpg,cream,0.769230769,0.4028080180287361,-0.4028080180287361
194,206,41,41,59,barrel/barrel_01b.jpg,barrel,0.72972973,0.7257535308599472,-0.7257535308599472
194,206,42,42,58,casserole/casserole_01b.jpg,casserole,0.743589744,0.7126631885766983,-0.7126631885766983
194,206,43,43,57,bamboo/bamboo_01b.jpg,bamboo,0.714285714,0.40371207892894745,-0.40371207892894745
194,206,44,44,56,cannonball/cannonball_01b.jpg,cannonball,0.725,0.45326535403728485,-0.45326535403728485
194,206,45,45,55,blowtorch/blowtorch_01b.jpg,blowtorch,0.8,0.32808917760849,-0.32808917760849
194,206,46,46,54,brussels_sprouts/brussels_sprouts_01b.jpg,brussels_sprouts,0.7,1.2380420565605164,-1.2380420565605164
194,206,47,47,53,basketball_hoop/basketball_hoop_01b.jpg,basketball_hoop,0.725,0.5778048783540726,-0.5778048783540726
194,206,48,48,52,dishwashing_liquid/dishwashing_liquid_01b.jpg,dishwashing_liquid,0.731707317,0.4202118515968323,-0.4202118515968323
194,206,49,49,51,cabbage/cabbage_01b.jpg,cabbage,0.682926829,3.3819629848003387,-3.3819629848003387
194,206,50,50,50,abacus/abacus_01b.jpg,abacus,0.648648649,0.7449121326208115,-0.7449121326208115
195,207,1,1,99,caviar/caviar_01b.jpg,caviar,0.785714286,0.5986172705888748,-0.5986172705888748
195,207,2,2,98,confetti/confetti_01b.jpg,confetti,0.738095238,0.5706658363342285,-0.5706658363342285
195,207,3,3,97,blazer/blazer_01b.jpg,blazer,0.731707317,0.336753711104393,-0.336753711104393
195,207,4,4,96,bow1/bow1_01b.jpg,bow1,0.794871795,0.703733965754509,-0.703733965754509
195,207,5,5,95,cream/cream_01b.jpg,cream,0.769230769,0.3372430130839348,-0.3372430130839348
195,207,6,6,94,chicken1/chicken1_01b.jpg,chicken1,0.8,0.34375132620334625,-0.34375132620334625
195,207,7,7,93,bottle/bottle_01b.jpg,bottle,0.717948718,0.40194274485111237,-0.40194274485111237
195,207,8,8,92,clover/clover_01b.jpg,clover,0.69047619,0.4544572979211807,-0.4544572979211807
195,207,9,9,91,celery/celery_01b.jpg,celery,0.731707317,0.41757379472255707,-0.41757379472255707
195,207,10,10,90,antenna/antenna_01b.jpg,antenna,0.641025641,0.35356785356998444,-0.35356785356998444
195,207,11,11,89,barnacle/barnacle_01s.jpg,barnacle,0.75,0.4935690611600876,-0.4935690611600876
195,207,12,12,88,dalmatian/dalmatian_01b.jpg,dalmatian,0.750609756,0.6146043986082077,-0.6146043986082077
195,207,13,13,87,deer/deer_01b.jpg,deer,0.65,0.48088325560092926,-0.48088325560092926
195,207,14,14,86,buckle/buckle_01b.jpg,buckle,0.756097561,0.686115950345993,-0.686115950345993
195,207,15,15,85,breadbox/breadbox_01b.jpg,breadbox,0.75,0.40515483170747757,-0.40515483170747757
195,207,16,16,84,basketball_hoop/basketball_hoop_01b.jpg,basketball_hoop,0.725,0.5384033024311066,-0.5384033024311066
195,207,17,17,83,barcode/barcode_01b.jpg,barcode,0.775,0.4643321558833122,-0.4643321558833122
195,207,18,18,82,blowtorch/blowtorch_01b.jpg,blowtorch,0.8,0.4592655822634697,-0.4592655822634697
195,207,19,19,81,cardinal/cardinal_01b.jpg,cardinal,0.775,0.4945128709077835,-0.4945128709077835
195,207,20,20,80,christmas_tree/christmas_tree_01b.jpg,christmas_tree,0.780487805,0.4148896336555481,-0.4148896336555481
195,207,21,21,79,cannonball/cannonball_01b.jpg,cannonball,0.725,0.4768250733613968,-0.4768250733613968
195,207,22,22,78,cufflink/cufflink_01b.jpg,cufflink,0.789473684,0.4017741531133652,-0.4017741531133652
195,207,23,23,77,appetizer/appetizer_01b.jpg,appetizer,0.794871795,0.6020867377519608,-0.6020867377519608
195,207,24,24,76,dandelion/dandelion_01s.jpg,dandelion,0.794871795,0.6363850235939026,-0.6363850235939026
195,207,25,25,75,candy_cane/candy_cane_01b.jpg,candy_cane,0.76744186,0.5158589333295822,-0.5158589333295822
195,207,26,26,74,barrel/barrel_01b.jpg,barrel,0.72972973,0.6226233839988708,-0.6226233839988708
195,207,27,27,73,crutch/crutch_01b.jpg,crutch,0.756097561,0.4712572991847992,-0.4712572991847992
195,207,28,28,72,coffee_table/coffee_table_01b.jpg,coffee_table,0.75,0.3068162500858307,-0.3068162500858307
195,207,29,29,71,alligator/alligator_01b.jpg,alligator,0.785714286,0.45213809609413147,-0.45213809609413147
195,207,30,30,70,bamboo/bamboo_01b.jpg,bamboo,0.714285714,0.4557803124189377,-0.4557803124189377
195,207,31,31,69,cabbage/cabbage_01b.jpg,cabbage,0.682926829,0.5865263491868973,-0.5865263491868973
195,207,32,32,68,closet/closet_01b.jpg,closet,0.756097561,0.3191606029868126,-0.3191606029868126
195,207,33,33,67,crumb/crumb_01b.jpg,crumb,0.775,0.26323597878217697,-0.26323597878217697
195,207,34,34,66,cord/cord_01b.jpg,cord,0.674418605,0.41742078214883804,-0.41742078214883804
195,207,35,35,65,clasp/clasp_01b.jpg,clasp,0.707317073,1.5093518793582916,-1.5093518793582916
195,207,36,36,64,dishrag/dishrag_01b.jpg,dishrag,0.697674419,0.3488154783844948,-0.3488154783844948
195,207,37,37,63,cream_cheese/cream_cheese_01b.jpg,cream_cheese,0.744186047,0.3474629446864128,-0.3474629446864128
195,207,38,38,62,dishwashing_liquid/dishwashing_liquid_01b.jpg,dishwashing_liquid,0.731707317,0.40311623364686966,-0.40311623364686966
195,207,39,39,61,artichoke/artichoke_01b.jpg,artichoke,0.658536585,0.7447726875543594,-0.7447726875543594
195,207,40,40,60,curry/curry_01b.jpg,curry,0.675,0.40788159519433975,-0.40788159519433975
195,207,41,41,59,boat/boat_01b.jpg,boat,0.761904762,0.6339653879404068,-0.6339653879404068
195,207,42,42,58,brussels_sprouts/brussels_sprouts_01b.jpg,brussels_sprouts,0.7,0.8450440913438797,-0.8450440913438797
195,207,43,43,57,casserole/casserole_01b.jpg,casserole,0.743589744,0.5540061593055725,-0.5540061593055725
195,207,44,44,56,abacus/abacus_01b.jpg,abacus,0.648648649,0.573905274271965,-0.573905274271965
195,207,45,45,55,baklava/baklava_01s.jpg,baklava,0.702702703,0.4168253690004349,-0.4168253690004349
195,207,46,46,54,airplane/airplane_01b.jpg,airplane,0.720930233,0.31514690071344376,-0.31514690071344376
195,207,47,47,53,cactus/cactus_01b.jpg,cactus,0.780487805,0.5319871604442596,-0.5319871604442596
195,207,48,48,52,breathalyzer/breathalyzer_01b.jpg,breathalyzer,0.8,0.31128228455781937,-0.31128228455781937
195,207,49,49,51,banner/banner_01b.jpg,banner,0.789473684,0.4556362181901932,-0.4556362181901932
195,207,50,50,50,clipboard/clipboard_01b.jpg,clipboard,0.763157895,0.3816855177283287,-0.3816855177283287
196,208,1,1,99,celery/celery_01b.jpg,celery,0.731707317,0.47524046897888184,-0.47524046897888184
196,208,2,2,98,alligator/alligator_01b.jpg,alligator,0.785714286,2.052450604736805,-2.052450604736805
196,208,3,3,97,cream/cream_01b.jpg,cream,0.769230769,0.3644397631287575,-0.3644397631287575
196,208,4,4,96,cream_cheese/cream_cheese_01b.jpg,cream_cheese,0.744186047,0.3483125641942024,-0.3483125641942024
196,208,5,5,95,dalmatian/dalmatian_01b.jpg,dalmatian,0.750609756,0.7881855517625809,-0.7881855517625809
196,208,6,6,94,cardinal/cardinal_01b.jpg,cardinal,0.775,0.6493198275566101,-0.6493198275566101
196,208,7,7,93,blowtorch/blowtorch_01b.jpg,blowtorch,0.8,0.39142192155122757,-0.39142192155122757
196,208,8,8,92,compass/compass_01b.jpg,compass,0.625,1.0576724708080292,-1.0576724708080292
196,208,9,9,91,barrel/barrel_01b.jpg,barrel,0.72972973,0.6867584437131882,-0.6867584437131882
196,208,10,10,90,abacus/abacus_01b.jpg,abacus,0.648648649,0.6427482068538666,-0.6427482068538666
196,208,11,11,89,brussels_sprouts/brussels_sprouts_01b.jpg,brussels_sprouts,0.7,0.729554146528244,-0.729554146528244
196,208,12,12,88,caviar/caviar_01b.jpg,caviar,0.785714286,0.5801715552806854,-0.5801715552806854
196,208,13,13,87,bow1/bow1_01b.jpg,bow1,0.794871795,0.5559046268463135,-0.5559046268463135
196,208,14,14,86,bamboo/bamboo_01b.jpg,bamboo,0.714285714,0.47705233097076416,-0.47705233097076416
196,208,15,15,85,cord/cord_01b.jpg,cord,0.674418605,0.46935372054576874,-0.46935372054576874
196,208,16,16,84,airplane/airplane_01b.jpg,airplane,0.720930233,0.3152117282152176,-0.3152117282152176
196,208,17,17,83,antenna/antenna_01b.jpg,antenna,0.641025641,0.361935630440712,-0.361935630440712
196,208,18,18,82,casserole/casserole_01b.jpg,casserole,0.743589744,0.6212441027164459,-0.6212441027164459
196,208,19,19,81,coffee_table/coffee_table_01b.jpg,coffee_table,0.75,0.2685070186853409,-0.2685070186853409
196,208,20,20,80,dishwashing_liquid/dishwashing_liquid_01b.jpg,dishwashing_liquid,0.731707317,0.4126788228750229,-0.4126788228750229
196,208,21,21,79,artichoke/artichoke_01b.jpg,artichoke,0.658536585,0.9142842888832092,-0.9142842888832092
196,208,22,22,78,breathalyzer/breathalyzer_01b.jpg,breathalyzer,0.8,0.33580438047647476,-0.33580438047647476
196,208,23,23,77,barnacle/barnacle_01s.jpg,barnacle,0.75,0.4758502393960953,-0.4758502393960953
196,208,24,24,76,cabbage/cabbage_01b.jpg,cabbage,0.682926829,0.9461680203676224,-0.9461680203676224
196,208,25,25,75,curry/curry_01b.jpg,curry,0.675,0.475910484790802,-0.475910484790802
196,208,26,26,74,boat/boat_01b.jpg,boat,0.761904762,0.6477313190698624,-0.6477313190698624
196,208,27,27,73,candy_cane/candy_cane_01b.jpg,candy_cane,0.76744186,0.551228329539299,-0.551228329539299
196,208,28,28,72,crumb/crumb_01b.jpg,crumb,0.775,0.24926531314849854,-0.24926531314849854
196,208,29,29,71,crutch/crutch_01b.jpg,crutch,0.756097561,0.5536831468343735,-0.5536831468343735
196,208,30,30,70,dandelion/dandelion_01s.jpg,dandelion,0.794871795,0.6146602630615234,-0.6146602630615234
196,208,31,31,69,closet/closet_01b.jpg,closet,0.756097561,0.3114832416176796,-0.3114832416176796
196,208,32,32,68,dishrag/dishrag_01b.jpg,dishrag,0.697674419,0.3271500691771507,-0.3271500691771507
196,208,33,33,67,blazer/blazer_01b.jpg,blazer,0.731707317,0.30828605592250824,-0.30828605592250824
196,208,34,34,66,bottle/bottle_01b.jpg,bottle,0.717948718,0.4090927317738533,-0.4090927317738533
196,208,35,35,65,clover/clover_01b.jpg,clover,0.69047619,0.43988123536109924,-0.43988123536109924
196,208,36,36,64,baklava/baklava_01s.jpg,baklava,0.702702703,0.46171602606773376,-0.46171602606773376
196,208,37,37,63,breadbox/breadbox_01b.jpg,breadbox,0.75,0.37604478001594543,-0.37604478001594543
196,208,38,38,62,confetti/confetti_01b.jpg,confetti,0.738095238,0.5300946533679962,-0.5300946533679962
196,208,39,39,61,christmas_tree/christmas_tree_01b.jpg,christmas_tree,0.780487805,0.4129636585712433,-0.4129636585712433
196,208,40,40,60,banner/banner_01b.jpg,banner,0.789473684,0.451923206448555,-0.451923206448555
196,208,41,41,59,buckle/buckle_01b.jpg,buckle,0.756097561,0.5875720828771591,-0.5875720828771591
196,208,42,42,58,cactus/cactus_01b.jpg,cactus,0.780487805,0.6064058691263199,-0.6064058691263199
196,208,43,43,57,cufflink/cufflink_01b.jpg,cufflink,0.789473684,0.3824005573987961,-0.3824005573987961
196,208,44,44,56,basketball_hoop/basketball_hoop_01b.jpg,basketball_hoop,0.725,0.5929695963859558,-0.5929695963859558
196,208,45,45,55,appetizer/appetizer_01b.jpg,appetizer,0.794871795,0.6476668864488602,-0.6476668864488602
196,208,46,46,54,barcode/barcode_01b.jpg,barcode,0.775,0.5468636751174927,-0.5468636751174927
196,208,47,47,53,deer/deer_01b.jpg,deer,0.65,0.5108111351728439,-0.5108111351728439
196,208,48,48,52,clasp/clasp_01b.jpg,clasp,0.707317073,1.1310315132141113,-1.1310315132141113
196,208,49,49,51,clipboard/clipboard_01b.jpg,clipboard,0.763157895,0.35289593040943146,-0.35289593040943146
196,208,50,50,50,cannonball/cannonball_01b.jpg,cannonball,0.725,0.510357990860939,-0.510357990860939
197,209,1,1,99,clipboard/clipboard_01b.jpg,clipboard,0.763157895,0.7202449664473534,-0.7202449664473534
197,209,2,2,98,basketball_hoop/basketball_hoop_01b.jpg,basketball_hoop,0.725,0.5904071778059006,-0.5904071778059006
197,209,3,3,97,crumb/crumb_01b.jpg,crumb,0.775,0.5003087371587753,-0.5003087371587753
197,209,4,4,96,cream_cheese/cream_cheese_01b.jpg,cream_cheese,0.744186047,0.4080192744731903,-0.4080192744731903
197,209,5,5,95,cabbage/cabbage_01b.jpg,cabbage,0.682926829,1.3171726167201996,-1.3171726167201996
197,209,6,6,94,buckle/buckle_01b.jpg,buckle,0.756097561,0.5060194581747055,-0.5060194581747055
197,209,7,7,93,celery/celery_01b.jpg,celery,0.731707317,0.500296950340271,-0.500296950340271
197,209,8,8,92,caviar/caviar_01b.jpg,caviar,0.785714286,0.5954023003578186,-0.5954023003578186
197,209,9,9,91,dishwashing_liquid/dishwashing_liquid_01b.jpg,dishwashing_liquid,0.731707317,0.39038458466529846,-0.39038458466529846
197,209,10,10,90,cord/cord_01b.jpg,cord,0.674418605,0.4525786489248276,-0.4525786489248276
197,209,11,11,89,cufflink/cufflink_01b.jpg,cufflink,0.789473684,0.3912610486149788,-0.3912610486149788
197,209,12,12,88,barrel/barrel_01b.jpg,barrel,0.72972973,0.7177937477827072,-0.7177937477827072
197,209,13,13,87,boat/boat_01b.jpg,boat,0.761904762,0.6478768438100815,-0.6478768438100815
197,209,14,14,86,dalmatian/dalmatian_01b.jpg,dalmatian,0.750609756,0.5791673362255096,-0.5791673362255096
197,209,15,15,85,airplane/airplane_01b.jpg,airplane,0.720930233,0.31189654767513275,-0.31189654767513275
197,209,16,16,84,bow1/bow1_01b.jpg,bow1,0.794871795,0.5272423923015594,-0.5272423923015594
197,209,17,17,83,casserole/casserole_01b.jpg,casserole,0.743589744,0.616507425904274,-0.616507425904274
197,209,18,18,82,clover/clover_01b.jpg,clover,0.69047619,0.4680800586938858,-0.4680800586938858
197,209,19,19,81,abacus/abacus_01b.jpg,abacus,0.648648649,0.5751169621944427,-0.5751169621944427
197,209,20,20,80,coffee_table/coffee_table_01b.jpg,coffee_table,0.75,0.27818458527326584,-0.27818458527326584
197,209,21,21,79,blowtorch/blowtorch_01b.jpg,blowtorch,0.8,0.36057788878679276,-0.36057788878679276
197,209,22,22,78,barcode/barcode_01b.jpg,barcode,0.775,0.5047072917222977,-0.5047072917222977
197,209,23,23,77,crutch/crutch_01b.jpg,crutch,0.756097561,0.45638442039489746,-0.45638442039489746
197,209,24,24,76,curry/curry_01b.jpg,curry,0.675,0.4208645671606064,-0.4208645671606064
197,209,25,25,75,closet/closet_01b.jpg,closet,0.756097561,0.3136882036924362,-0.3136882036924362
197,209,26,26,74,bulldozer/bulldozer_01b.jpg,bulldozer,0.619047619,0.5159388929605484,-0.5159388929605484
197,209,27,27,73,antenna/antenna_01b.jpg,antenna,0.641025641,0.3415064737200737,-0.3415064737200737
197,209,28,28,72,cardinal/cardinal_01b.jpg,cardinal,0.775,0.5320576578378677,-0.5320576578378677
197,209,29,29,71,breadbox/breadbox_01b.jpg,breadbox,0.75,0.4229038804769516,-0.4229038804769516
197,209,30,30,70,bottle/bottle_01b.jpg,bottle,0.717948718,0.4208262115716934,-0.4208262115716934
197,209,31,31,69,clasp/clasp_01b.jpg,clasp,0.707317073,0.8198741674423218,-0.8198741674423218
197,209,32,32,68,cactus/cactus_01b.jpg,cactus,0.780487805,0.6307482421398163,-0.6307482421398163
197,209,33,33,67,banner/banner_01b.jpg,banner,0.789473684,0.4825553596019745,-0.4825553596019745
197,209,34,34,66,baklava/baklava_01s.jpg,baklava,0.702702703,0.47915785014629364,-0.47915785014629364
197,209,35,35,65,dandelion/dandelion_01s.jpg,dandelion,0.794871795,0.6534192711114883,-0.6534192711114883
197,209,36,36,64,blazer/blazer_01b.jpg,blazer,0.731707317,0.2878868579864502,-0.2878868579864502
197,209,37,37,63,barnacle/barnacle_01s.jpg,barnacle,0.75,0.5155822336673737,-0.5155822336673737
197,209,38,38,62,bamboo/bamboo_01b.jpg,bamboo,0.714285714,0.467753529548645,-0.467753529548645
197,209,39,39,61,appetizer/appetizer_01b.jpg,appetizer,0.794871795,0.5896349847316742,-0.5896349847316742
197,209,40,40,60,confetti/confetti_01b.jpg,confetti,0.738095238,0.5691698044538498,-0.5691698044538498
197,209,41,41,59,deer/deer_01b.jpg,deer,0.65,0.4918181151151657,-0.4918181151151657
197,209,42,42,58,brussels_sprouts/brussels_sprouts_01b.jpg,brussels_sprouts,0.7,0.8991501331329346,-0.8991501331329346
197,209,43,43,57,christmas_tree/christmas_tree_01b.jpg,christmas_tree,0.780487805,0.358924001455307,-0.358924001455307
197,209,44,44,56,artichoke/artichoke_01b.jpg,artichoke,0.658536585,0.7415683045983315,-0.7415683045983315
197,209,45,45,55,cannonball/cannonball_01b.jpg,cannonball,0.725,0.5286945253610611,-0.5286945253610611
197,209,46,46,54,cream/cream_01b.jpg,cream,0.769230769,0.3266604617238045,-0.3266604617238045
197,209,47,47,53,dishrag/dishrag_01b.jpg,dishrag,0.697674419,0.3177618309855461,-0.3177618309855461
197,209,48,48,52,compass/compass_01b.jpg,compass,0.625,0.8051072210073471,-0.8051072210073471
197,209,49,49,51,alligator/alligator_01b.jpg,alligator,0.785714286,0.4463109076023102,-0.4463109076023102
197,209,50,50,50,candy_cane/candy_cane_01b.jpg,candy_cane,0.76744186,0.48625247180461884,-0.48625247180461884
198,210,1,1,99,crumb/crumb_01b.jpg,crumb,0.775,0.5937512218952179,-0.5937512218952179
198,210,2,2,98,airplane/airplane_01b.jpg,airplane,0.720930233,0.3026624247431755,-0.3026624247431755
198,210,3,3,97,candy_cane/candy_cane_01b.jpg,candy_cane,0.76744186,0.6345421522855759,-0.6345421522855759
198,210,4,4,96,bottle/bottle_01b.jpg,bottle,0.717948718,0.46986256539821625,-0.46986256539821625
198,210,5,5,95,bamboo/bamboo_01b.jpg,bamboo,0.714285714,0.5055984407663345,-0.5055984407663345
198,210,6,6,94,artichoke/artichoke_01b.jpg,artichoke,0.658536585,0.85061976313591,-0.85061976313591
198,210,7,7,93,brussels_sprouts/brussels_sprouts_01b.jpg,brussels_sprouts,0.7,0.7155843675136566,-0.7155843675136566
198,210,8,8,92,antenna/antenna_01b.jpg,antenna,0.641025641,0.3155127689242363,-0.3155127689242363
198,210,9,9,91,closet/closet_01b.jpg,closet,0.756097561,0.3309980034828186,-0.3309980034828186
198,210,10,10,90,coffee_table/coffee_table_01b.jpg,coffee_table,0.75,0.29379625618457794,-0.29379625618457794
198,210,11,11,89,dishrag/dishrag_01b.jpg,dishrag,0.697674419,0.34502875059843063,-0.34502875059843063
198,210,12,12,88,banner/banner_01b.jpg,banner,0.789473684,0.48165689408779144,-0.48165689408779144
198,210,13,13,87,bow1/bow1_01b.jpg,bow1,0.794871795,0.5548004508018494,-0.5548004508018494
198,210,14,14,86,clipboard/clipboard_01b.jpg,clipboard,0.763157895,0.4352116286754608,-0.4352116286754608
198,210,15,15,85,deer/deer_01b.jpg,deer,0.65,0.567326083779335,-0.567326083779335
198,210,16,16,84,appetizer/appetizer_01b.jpg,appetizer,0.794871795,0.6682460308074951,-0.6682460308074951
198,210,17,17,83,blazer/blazer_01b.jpg,blazer,0.731707317,0.32855600118637085,-0.32855600118637085
198,210,18,18,82,celery/celery_01b.jpg,celery,0.731707317,0.5750292092561722,-0.5750292092561722
198,210,19,19,81,barnacle/barnacle_01s.jpg,barnacle,0.75,0.5165119022130966,-0.5165119022130966
198,210,20,20,80,buckle/buckle_01b.jpg,buckle,0.756097561,0.5025120228528976,-0.5025120228528976
198,210,21,21,79,cannonball/cannonball_01b.jpg,cannonball,0.725,0.550862267613411,-0.550862267613411
198,210,22,22,78,cabbage/cabbage_01b.jpg,cabbage,0.682926829,0.7122598588466644,-0.7122598588466644
198,210,23,23,77,dishwashing_liquid/dishwashing_liquid_01b.jpg,dishwashing_liquid,0.731707317,0.4328477829694748,-0.4328477829694748
198,210,24,24,76,cardinal/cardinal_01b.jpg,cardinal,0.775,0.5325736999511719,-0.5325736999511719
198,210,25,25,75,christmas_tree/christmas_tree_01b.jpg,christmas_tree,0.780487805,0.4087676554918289,-0.4087676554918289
198,210,26,26,74,cream_cheese/cream_cheese_01b.jpg,cream_cheese,0.744186047,0.4029345065355301,-0.4029345065355301
198,210,27,27,73,dandelion/dandelion_01s.jpg,dandelion,0.794871795,0.7443122416734695,-0.7443122416734695
198,210,28,28,72,caviar/caviar_01b.jpg,caviar,0.785714286,0.6156156361103058,-0.6156156361103058
198,210,29,29,71,crutch/crutch_01b.jpg,crutch,0.756097561,0.46288780122995377,-0.46288780122995377
198,210,30,30,70,baklava/baklava_01s.jpg,baklava,0.702702703,0.49817733466625214,-0.49817733466625214
198,210,31,31,69,barrel/barrel_01b.jpg,barrel,0.72972973,0.5683343559503555,-0.5683343559503555
198,210,32,32,68,barcode/barcode_01b.jpg,barcode,0.775,0.546499714255333,-0.546499714255333
198,210,33,33,67,breadbox/breadbox_01b.jpg,breadbox,0.75,0.4267069920897484,-0.4267069920897484
198,210,34,34,66,abacus/abacus_01b.jpg,abacus,0.648648649,0.5917573422193527,-0.5917573422193527
198,210,35,35,65,cream/cream_01b.jpg,cream,0.769230769,0.3622164875268936,-0.3622164875268936
198,210,36,36,64,dalmatian/dalmatian_01b.jpg,dalmatian,0.750609756,0.6241443157196045,-0.6241443157196045
198,210,37,37,63,boat/boat_01b.jpg,boat,0.761904762,0.6110430508852005,-0.6110430508852005
198,210,38,38,62,cord/cord_01b.jpg,cord,0.674418605,0.4592563509941101,-0.4592563509941101
198,210,39,39,61,curry/curry_01b.jpg,curry,0.675,0.5966659039258957,-0.5966659039258957
198,210,40,40,60,compass/compass_01b.jpg,compass,0.625,0.8472270518541336,-0.8472270518541336
198,210,41,41,59,clasp/clasp_01b.jpg,clasp,0.707317073,1.0187752544879913,-1.0187752544879913
198,210,42,42,58,basketball_hoop/basketball_hoop_01b.jpg,basketball_hoop,0.725,0.5379234403371811,-0.5379234403371811
198,210,43,43,57,cactus/cactus_01b.jpg,cactus,0.780487805,1.1254178136587143,-1.1254178136587143
198,210,44,44,56,bulldozer/bulldozer_01b.jpg,bulldozer,0.619047619,0.5535839349031448,-0.5535839349031448
198,210,45,45,55,clover/clover_01b.jpg,clover,0.69047619,0.4499971270561218,-0.4499971270561218
198,210,46,46,54,casserole/casserole_01b.jpg,casserole,0.743589744,0.5689073503017426,-0.5689073503017426
198,210,47,47,53,cufflink/cufflink_01b.jpg,cufflink,0.789473684,0.3981333374977112,-0.3981333374977112
198,210,48,48,52,alligator/alligator_01b.jpg,alligator,0.785714286,0.45511317253112793,-0.45511317253112793
198,210,49,49,51,cabinet/cabinet_01s.jpg,cabinet,0.6,0.388235904276371,-0.388235904276371
198,210,50,50,50,confetti/confetti_01b.jpg,confetti,0.738095238,0.5130311548709869,-0.5130311548709869
199,211,1,1,99,basketball_hoop/basketball_hoop_01b.jpg,basketball_hoop,0.725,0.6366585493087769,-0.6366585493087769
199,211,2,2,98,cream/cream_01b.jpg,cream,0.769230769,0.40626195073127747,-0.40626195073127747
199,211,3,3,97,dishrag/dishrag_01b.jpg,dishrag,0.697674419,0.42381979525089264,-0.42381979525089264
199,211,4,4,96,breadbox/breadbox_01b.jpg,breadbox,0.75,0.3718108981847763,-0.3718108981847763
199,211,5,5,95,barnacle/barnacle_01s.jpg,barnacle,0.75,0.5471068322658539,-0.5471068322658539
199,211,6,6,94,binoculars/binoculars_01s.jpg,binoculars,0.595238095,0.5613548308610916,-0.5613548308610916
199,211,7,7,93,curry/curry_01b.jpg,curry,0.675,0.4491620361804962,-0.4491620361804962
199,211,8,8,92,airplane/airplane_01b.jpg,airplane,0.720930233,0.3713265061378479,-0.3713265061378479
199,211,9,9,91,brussels_sprouts/brussels_sprouts_01b.jpg,brussels_sprouts,0.7,0.6975197196006775,-0.6975197196006775
199,211,10,10,90,buckle/buckle_01b.jpg,buckle,0.756097561,0.49876734614372253,-0.49876734614372253
199,211,11,11,89,caviar/caviar_01b.jpg,caviar,0.785714286,0.6021652519702911,-0.6021652519702911
199,211,12,12,88,compass/compass_01b.jpg,compass,0.625,0.858223557472229,-0.858223557472229
199,211,13,13,87,confetti/confetti_01b.jpg,confetti,0.738095238,0.6088697016239166,-0.6088697016239166
199,211,14,14,86,cactus/cactus_01b.jpg,cactus,0.780487805,0.9266757965087891,-0.9266757965087891
199,211,15,15,85,dalmatian/dalmatian_01b.jpg,dalmatian,0.750609756,0.5740688294172287,-0.5740688294172287
199,211,16,16,84,bulldozer/bulldozer_01b.jpg,bulldozer,0.619047619,0.5713424980640411,-0.5713424980640411
199,211,17,17,83,banner/banner_01b.jpg,banner,0.789473684,0.47683846950531006,-0.47683846950531006
199,211,18,18,82,abacus/abacus_01b.jpg,abacus,0.648648649,0.6245789080858231,-0.6245789080858231
199,211,19,19,81,crutch/crutch_01b.jpg,crutch,0.756097561,0.4644640237092972,-0.4644640237092972
199,211,20,20,80,antenna/antenna_01b.jpg,antenna,0.641025641,0.3218868598341942,-0.3218868598341942
199,211,21,21,79,baklava/baklava_01s.jpg,baklava,0.702702703,0.4602268189191818,-0.4602268189191818
199,211,22,22,78,artichoke/artichoke_01b.jpg,artichoke,0.658536585,0.8506283238530159,-0.8506283238530159
199,211,23,23,77,bottle/bottle_01b.jpg,bottle,0.717948718,0.3850146681070328,-0.3850146681070328
199,211,24,24,76,closet/closet_01b.jpg,closet,0.756097561,0.29951225966215134,-0.29951225966215134
199,211,25,25,75,coffee_table/coffee_table_01b.jpg,coffee_table,0.75,0.27979426085948944,-0.27979426085948944
199,211,26,26,74,dishwashing_liquid/dishwashing_liquid_01b.jpg,dishwashing_liquid,0.731707317,0.393875390291214,-0.393875390291214
199,211,27,27,73,deer/deer_01b.jpg,deer,0.65,0.48662517964839935,-0.48662517964839935
199,211,28,28,72,christmas_tree/christmas_tree_01b.jpg,christmas_tree,0.780487805,0.3786111921072006,-0.3786111921072006
199,211,29,29,71,bamboo/bamboo_01b.jpg,bamboo,0.714285714,0.4577523469924927,-0.4577523469924927
199,211,30,30,70,alligator/alligator_01b.jpg,alligator,0.785714286,0.458673894405365,-0.458673894405365
199,211,31,31,69,appetizer/appetizer_01b.jpg,appetizer,0.794871795,0.6605017632246017,-0.6605017632246017
199,211,32,32,68,cabbage/cabbage_01b.jpg,cabbage,0.682926829,0.7701384127140045,-0.7701384127140045
199,211,33,33,67,celery/celery_01b.jpg,celery,0.731707317,0.4960981532931328,-0.4960981532931328
199,211,34,34,66,clover/clover_01b.jpg,clover,0.69047619,0.44151367247104645,-0.44151367247104645
199,211,35,35,65,cream_cheese/cream_cheese_01b.jpg,cream_cheese,0.744186047,0.3943527191877365,-0.3943527191877365
199,211,36,36,64,casserole/casserole_01b.jpg,casserole,0.743589744,0.6062001436948776,-0.6062001436948776
199,211,37,37,63,cord/cord_01b.jpg,cord,0.674418605,0.47381772100925446,-0.47381772100925446
199,211,38,38,62,candy_cane/candy_cane_01b.jpg,candy_cane,0.76744186,0.49009720981121063,-0.49009720981121063
199,211,39,39,61,bow1/bow1_01b.jpg,bow1,0.794871795,0.4599567800760269,-0.4599567800760269
199,211,40,40,60,barrel/barrel_01b.jpg,barrel,0.72972973,0.6490443050861359,-0.6490443050861359
199,211,41,41,59,barcode/barcode_01b.jpg,barcode,0.775,0.493305504322052,-0.493305504322052
199,211,42,42,58,crumb/crumb_01b.jpg,crumb,0.775,0.2565365433692932,-0.2565365433692932
199,211,43,43,57,boat/boat_01b.jpg,boat,0.761904762,0.6628617942333221,-0.6628617942333221
199,211,44,44,56,cardinal/cardinal_01b.jpg,cardinal,0.775,0.5798766613006592,-0.5798766613006592
199,211,45,45,55,cannonball/cannonball_01b.jpg,cannonball,0.725,0.463678777217865,-0.463678777217865
199,211,46,46,54,cabinet/cabinet_01s.jpg,cabinet,0.6,0.345920093357563,-0.345920093357563
199,211,47,47,53,clasp/clasp_01b.jpg,clasp,0.707317073,0.7753828465938568,-0.7753828465938568
199,211,48,48,52,cufflink/cufflink_01b.jpg,cufflink,0.789473684,0.3712012246251106,-0.3712012246251106
199,211,49,49,51,blazer/blazer_01b.jpg,blazer,0.731707317,0.29931677132844925,-0.29931677132844925
199,211,50,50,50,clipboard/clipboard_01b.jpg,clipboard,0.763157895,0.36921338737010956,-0.36921338737010956
200,212,1,1,99,christmas_tree/christmas_tree_01b.jpg,christmas_tree,0.780487805,0.4326479583978653,-0.4326479583978653
200,212,2,2,98,cactus/cactus_01b.jpg,cactus,0.780487805,1.0903219878673553,-1.0903219878673553
200,212,3,3,97,caviar/caviar_01b.jpg,caviar,0.785714286,0.6548750698566437,-0.6548750698566437
200,212,4,4,96,cannonball/cannonball_01b.jpg,cannonball,0.725,0.6825664192438126,-0.6825664192438126
200,212,5,5,95,appetizer/appetizer_01b.jpg,appetizer,0.794871795,0.7667513489723206,-0.7667513489723206
200,212,6,6,94,dishrag/dishrag_01b.jpg,dishrag,0.697674419,0.39257438480854034,-0.39257438480854034
200,212,7,7,93,deer/deer_01b.jpg,deer,0.65,0.60847507417202,-0.60847507417202
200,212,8,8,92,baklava/baklava_01s.jpg,baklava,0.702702703,0.529782623052597,-0.529782623052597
200,212,9,9,91,barnacle/barnacle_01s.jpg,barnacle,0.75,0.5931365489959717,-0.5931365489959717
200,212,10,10,90,bamboo/bamboo_01b.jpg,bamboo,0.714285714,0.5710061937570572,-0.5710061937570572
200,212,11,11,89,barrel/barrel_01b.jpg,barrel,0.72972973,0.7415543496608734,-0.7415543496608734
200,212,12,12,88,breadbox/breadbox_01b.jpg,breadbox,0.75,0.4221194386482239,-0.4221194386482239
200,212,13,13,87,crumb/crumb_01b.jpg,crumb,0.775,0.3272697553038597,-0.3272697553038597
200,212,14,14,86,defibrillator/defibrillator_01b.jpg,defibrillator,0.55,0.6593713164329529,-0.6593713164329529
200,212,15,15,85,compass/compass_01b.jpg,compass,0.625,0.9462554007768631,-0.9462554007768631
200,212,16,16,84,blazer/blazer_01b.jpg,blazer,0.731707317,0.32045866549015045,-0.32045866549015045
200,212,17,17,83,clasp/clasp_01b.jpg,clasp,0.707317073,1.0024449229240417,-1.0024449229240417
200,212,18,18,82,coffee_table/coffee_table_01b.jpg,coffee_table,0.75,0.3269556984305382,-0.3269556984305382
200,212,19,19,81,curry/curry_01b.jpg,curry,0.675,0.5683627277612686,-0.5683627277612686
200,212,20,20,80,abacus/abacus_01b.jpg,abacus,0.648648649,0.7383162826299667,-0.7383162826299667
200,212,21,21,79,closet/closet_01b.jpg,closet,0.756097561,0.3054826185107231,-0.3054826185107231
200,212,22,22,78,dalmatian/dalmatian_01b.jpg,dalmatian,0.750609756,0.6277249455451965,-0.6277249455451965
200,212,23,23,77,cream_cheese/cream_cheese_01b.jpg,cream_cheese,0.744186047,0.4357103183865547,-0.4357103183865547
200,212,24,24,76,brussels_sprouts/brussels_sprouts_01b.jpg,brussels_sprouts,0.7,0.8332116305828094,-0.8332116305828094
200,212,25,25,75,confetti/confetti_01b.jpg,confetti,0.738095238,0.5623943954706192,-0.5623943954706192
200,212,26,26,74,boat/boat_01b.jpg,boat,0.761904762,0.6367991715669632,-0.6367991715669632
200,212,27,27,73,binoculars/binoculars_01s.jpg,binoculars,0.595238095,0.447019599378109,-0.447019599378109
200,212,28,28,72,celery/celery_01b.jpg,celery,0.731707317,0.5861562937498093,-0.5861562937498093
200,212,29,29,71,barcode/barcode_01b.jpg,barcode,0.775,0.6365092247724533,-0.6365092247724533
200,212,30,30,70,cream/cream_01b.jpg,cream,0.769230769,0.4251757562160492,-0.4251757562160492
200,212,31,31,69,clover/clover_01b.jpg,clover,0.69047619,0.49479861557483673,-0.49479861557483673
200,212,32,32,68,cufflink/cufflink_01b.jpg,cufflink,0.789473684,0.4145900085568428,-0.4145900085568428
200,212,33,33,67,casserole/casserole_01b.jpg,casserole,0.743589744,0.7229623347520828,-0.7229623347520828
200,212,34,34,66,antenna/antenna_01b.jpg,antenna,0.641025641,0.418468214571476,-0.418468214571476
200,212,35,35,65,cardinal/cardinal_01b.jpg,cardinal,0.775,0.5888436585664749,-0.5888436585664749
200,212,36,36,64,basketball_hoop/basketball_hoop_01b.jpg,basketball_hoop,0.725,0.6341888755559921,-0.6341888755559921
200,212,37,37,63,buckle/buckle_01b.jpg,buckle,0.756097561,0.5688245594501495,-0.5688245594501495
200,212,38,38,62,cabbage/cabbage_01b.jpg,cabbage,0.682926829,0.8110285773873329,-0.8110285773873329
200,212,39,39,61,bottle/bottle_01b.jpg,bottle,0.717948718,0.45021307468414307,-0.45021307468414307
200,212,40,40,60,banner/banner_01b.jpg,banner,0.789473684,0.4575716406106949,-0.4575716406106949
200,212,41,41,59,cord/cord_01b.jpg,cord,0.674418605,0.5371125191450119,-0.5371125191450119
200,212,42,42,58,artichoke/artichoke_01b.jpg,artichoke,0.658536585,0.7955326214432716,-0.7955326214432716
200,212,43,43,57,crutch/crutch_01b.jpg,crutch,0.756097561,0.5563825815916061,-0.5563825815916061
200,212,44,44,56,airplane/airplane_01b.jpg,airplane,0.720930233,0.3970674052834511,-0.3970674052834511
200,212,45,45,55,bulldozer/bulldozer_01b.jpg,bulldozer,0.619047619,0.6399663835763931,-0.6399663835763931
200,212,46,46,54,clipboard/clipboard_01b.jpg,clipboard,0.763157895,0.36883263289928436,-0.36883263289928436
200,212,47,47,53,alligator/alligator_01b.jpg,alligator,0.785714286,0.560701996088028,-0.560701996088028
200,212,48,48,52,cabinet/cabinet_01s.jpg,cabinet,0.6,0.35512831807136536,-0.35512831807136536
200,212,49,49,51,candy_cane/candy_cane_01b.jpg,candy_cane,0.76744186,0.5702527910470963,-0.5702527910470963
200,212,50,50,50,dishwashing_liquid/dishwashing_liquid_01b.jpg,dishwashing_liquid,0.731707317,0.43485112488269806,-0.43485112488269806
